image,candidate_num,rating,vessel_ok,class,centre,radius,blob_score,blob_contrast,blob_brightness,blob_response,final_score,vessel_centre
normal_0001_EDD,0,1,9,normal,"[475.0, 205.0]",57.01751796098172,0.7981038630008697,0.1055207848548889,0.95254248380661,-0.1290166974067688,0.464573763701203,"[501.0, 221.0]"
normal_0002_EDD,0,1,9,normal,"[120.0, 191.0]",45.254833995939045,0.8068802237510682,0.0933312177658081,0.9831911325454712,-0.1265760660171508,0.6090626249000999,"[107.0, 179.0]"
normal_0003_EDD,0,1,9,normal,"[468.0, 216.0]",57.01751796098172,0.8117210149765014,0.1047307252883911,0.9725174903869628,-0.1311402320861816,0.4273750138164228,"[493.0, 237.0]"
normal_0004_EDD,0,4,9,normal,"[361.0, 281.0]",45.254833995939045,0.7470295965671538,0.0410305857658386,0.9763960242271424,-0.1126089692115783,-2.598637980194729,"[512.0, 220.0]"
normal_0004_EDD,1,4,9,normal,"[225.0, 272.0]",35.918785545899944,0.7390765726566314,0.0322098731994628,0.9804289937019348,-0.102832019329071,-7.120340301270794,"[512.0, 220.0]"
normal_0005_EDD,0,1,9,normal,"[123.0, 188.0]",45.254833995939045,0.9545757412910462,0.2847442030906677,0.9137779474258424,-0.1509348750114441,0.7423058983988962,"[117.0, 198.0]"
normal_0005_EDD,1,4,9,normal,"[247.0, 149.0]",35.918785545899944,0.499263909459114,0.0313283801078796,0.6654320359230042,-0.0106655210256576,-2.8678378685465096,"[117.0, 198.0]"
normal_0006_EDD,0,1,9,normal,"[345.0, 202.0]",45.254833995939045,0.7824283182621001,0.0920711159706115,0.9510911107063292,-0.1229671239852905,0.6678079433520423,"[360.0, 201.0]"
normal_0006_EDD,1,4,9,normal,"[224.0, 289.0]",35.918785545899944,0.6252746194601059,0.0352782607078552,0.8396366238594055,-0.011253610253334,-3.5098310365625167,"[360.0, 201.0]"
normal_0006_EDD,2,4,9,normal,"[262.0, 201.0]",45.254833995939045,0.7288967072963713,0.0716826319694519,0.916622519493103,-0.0778915584087371,-1.1655145173838015,"[360.0, 201.0]"
normal_0007_EDD,0,1,9,normal,"[322.0, 198.0]",57.01751796098172,0.7901777863502502,0.0938690304756164,0.9573296308517456,-0.1308900713920593,0.5426526696820528,"[300.0, 184.0]"
normal_0008_EDD,0,1,9,normal,"[114.0, 184.0]",35.918785545899944,0.8373738288879394,0.1165119409561157,0.9905526638031006,-0.1373751163482666,0.559801700961275,"[101.0, 193.0]"
normal_0008_EDD,1,4,9,normal,"[229.0, 272.0]",45.254833995939045,0.7199611961841583,0.0504090785980224,0.9394323825836182,-0.0597472488880157,-2.323757404091038,"[101.0, 193.0]"
normal_0008_EDD,2,4,9,normal,"[219.0, 264.0]",57.01751796098172,0.7234248518943787,0.057653784751892,0.93408465385437,-0.0595590472221374,-1.4152835054973978,"[101.0, 193.0]"
normal_0009_EDD,0,1,9,normal,"[112.0, 181.0]",35.918785545899944,0.7989298045635224,0.0814206600189209,0.990494668483734,-0.1208143830299377,0.3645268325718176,"[101.0, 201.0]"
normal_0009_EDD,1,4,9,normal,"[203.0, 213.0]",35.918785545899944,0.7323434710502624,0.0284711718559265,0.9868613481521606,-0.0653467774391174,-1.859324307624469,"[101.0, 201.0]"
normal_0009_EDD,2,4,9,normal,"[223.0, 274.0]",57.01751796098172,0.7687788903713226,0.0645094513893127,0.9774062037467957,-0.1004254817962646,-1.4934868371053502,"[101.0, 201.0]"
normal_0009_EDD,3,3,9,normal,"[178.0, 236.0]",90.50966799187808,0.7977239489555359,0.096982717514038,0.9700055718421936,-0.1086866557598114,0.0654995903558951,"[101.0, 201.0]"
normal_0010_EDD,0,3,9,normal,"[256.0, 240.0]",114.03503592196344,0.8571806550025939,0.1962349414825439,0.9173105359077454,-0.0941416919231414,0.5767992384280938,"[283.0, 200.0]"
normal_0010_EDD,1,1,9,normal,"[297.0, 196.0]",45.254833995939045,0.7964749991893768,0.089638352394104,0.9719565510749816,-0.1323353052139282,0.6782615580941562,"[283.0, 200.0]"
normal_0010_EDD,2,4,9,normal,"[227.0, 286.0]",57.01751796098172,0.7519944667816162,0.0688663125038147,0.950773537158966,-0.0879333913326263,-0.7998947789268693,"[283.0, 200.0]"
normal_0010_EDD,3,3,9,normal,"[270.0, 230.0]",90.50966799187808,0.797446471452713,0.1256725192070007,0.9331653714179992,-0.0927909612655639,0.6387616243219721,"[283.0, 200.0]"
normal_0011_EDD,0,1,9,normal,"[140.0, 186.0]",45.254833995939045,0.8923809587955475,0.1831188201904297,0.9723209738731384,-0.1431872844696045,0.5848334295129243,"[123.0, 178.0]"
normal_0011_EDD,1,4,9,normal,"[255.0, 193.0]",35.918785545899944,0.648344075679779,0.0399166941642761,0.8588418960571289,-0.0361902713775634,-2.698608873708752,"[123.0, 178.0]"
normal_0012_EDD,0,2,9,normal,"[332.0, 204.0]",71.83757109179989,0.8381584703922271,0.1551316380500793,0.9361669421195984,-0.1385498642921447,0.8500738617609189,"[342.0, 208.0]"
normal_0013_EDD,0,1,9,normal,"[475.0, 197.0]",35.918785545899944,0.9703651905059816,0.2708573341369629,0.9553581476211548,-0.153785765171051,0.3590616019847431,"[498.0, 198.0]"
normal_0013_EDD,1,4,9,normal,"[375.0, 272.0]",35.918785545899944,0.536263033747673,0.0250608921051025,0.7272347807884216,-0.0106889754533767,-2.9963605681820407,"[498.0, 198.0]"
normal_0013_EDD,2,4,9,normal,"[420.0, 281.0]",35.918785545899944,0.5509942978620529,0.0329417586326599,0.736629843711853,-0.0120582431554794,-2.1710169596195854,"[498.0, 198.0]"
normal_0013_EDD,3,4,9,normal,"[400.0, 285.0]",45.254833995939045,0.5589782923460006,0.0441104173660278,0.7317403554916382,-0.0132481306791305,-1.895730288934036,"[498.0, 198.0]"
normal_0014_EDD,0,3,9,normal,"[184.0, 168.0]",90.50966799187808,0.8112399518489837,0.0983172059059143,0.9796553254127502,-0.1358200907707214,0.3565231161883125,"[128.0, 184.0]"
normal_0015_EDD,0,1,9,normal,"[313.0, 218.0]",45.254833995939045,0.8221842944622039,0.1547310948371887,0.9144782423973083,-0.136592149734497,0.5658611253296937,"[294.0, 213.0]"
normal_0016_EDD,0,1,9,normal,"[139.0, 194.0]",57.01751796098172,0.847087961435318,0.1580784916877746,0.9446712136268616,-0.1386981010437011,0.5261366482016645,"[118.0, 211.0]"
normal_0017_EDD,0,1,9,normal,"[136.0, 177.0]",35.918785545899944,0.8739383697509765,0.1542038321495056,0.9879382848739624,-0.1408886909484863,0.1284518335122147,"[122.0, 205.0]"
normal_0017_EDD,1,4,9,normal,"[220.0, 223.0]",35.918785545899944,0.6781491756439209,0.0307852625846862,0.9150182008743286,-0.0342558622360229,-1.7740177776701818,"[122.0, 205.0]"
normal_0018_EDD,0,1,9,normal,"[472.0, 177.0]",35.918785545899944,0.8636228501796721,0.1483548283576965,0.9830288290977478,-0.1357392072677612,0.6887327976829338,"[483.0, 179.0]"
normal_0018_EDD,1,4,9,normal,"[400.0, 257.0]",45.254833995939045,0.6866068482398987,0.0436114072799682,0.905434787273407,-0.0459554493427276,-1.516837828754566,"[483.0, 179.0]"
normal_0019_EDD,0,1,9,normal,"[506.0, 202.0]",45.254833995939045,0.8335843443870544,0.1322871446609497,0.963010549545288,-0.1359490752220153,0.6656103975151142,"[521.0, 204.0]"
normal_0020_EDD,0,2,9,normal,"[170.0, 192.0]",71.83757109179989,0.7970684587955474,0.1080324649810791,0.9480791091918944,-0.126903086900711,0.5330991965244009,"[137.0, 186.0]"
normal_0021_EDD,0,2,9,normal,"[304.0, 174.0]",71.83757109179989,0.8258476674556732,0.1229729056358337,0.9650081992149352,-0.1368451118469238,0.8412842461443847,"[295.0, 181.0]"
normal_0022_EDD,0,1,9,normal,"[498.0, 222.0]",45.254833995939045,0.8280534923076629,0.1327899098396301,0.9510035514831544,-0.1478054821491241,0.4116196755074147,"[513.0, 244.0]"
normal_0022_EDD,1,4,9,normal,"[406.0, 174.0]",35.918785545899944,0.7153635323047638,0.045450747013092,0.937568426132202,-0.0680744349956512,-2.5597865076151503,"[513.0, 244.0]"
normal_0022_EDD,2,4,9,normal,"[386.0, 254.0]",35.918785545899944,0.6744564116001128,0.0253793597221374,0.9186195731163024,-0.0302167534828186,-2.546698210929442,"[513.0, 244.0]"
normal_0023_EDD,0,3,9,normal,"[182.0, 210.0]",90.50966799187808,0.8116007685661315,0.1260014176368713,0.9488484859466552,-0.1070270538330078,0.4599759481629545,"[140.0, 185.0]"
normal_0023_EDD,1,4,9,normal,"[243.0, 172.0]",35.918785545899944,0.7304203450679778,0.03943932056427,0.9659153819084167,-0.0742012858390808,-1.8903300979733453,"[140.0, 185.0]"
normal_0023_EDD,2,1,9,normal,"[145.0, 183.0]",35.918785545899944,0.8106234729290008,0.0952913165092468,0.9888564944267272,-0.1156630516052246,0.8500738617609189,"[140.0, 185.0]"
normal_0024_EDD,0,2,9,normal,"[314.0, 212.0]",71.83757109179989,0.7683420777320861,0.0830070376396179,0.94381445646286,-0.1233246028423309,0.7215941505811441,"[334.0, 212.0]"
normal_0025_EDD,0,3,0,normal,"[438.0, 200.0]",90.50966799187808,0.8086178541183472,0.117130160331726,0.9598009586334229,-0.0981351137161254,0.1712855871139926,"[493.0, 251.0]"
normal_0025_EDD,1,4,0,normal,"[370.0, 273.0]",35.918785545899944,0.7170088708400726,0.0257683396339416,0.96915864944458,-0.0641473829746246,-2.4787365129810848,"[493.0, 251.0]"
normal_0025_EDD,2,4,0,normal,"[388.0, 190.0]",45.254833995939045,0.738372141122818,0.0398188233375549,0.9753664135932922,-0.0789841413497924,-1.6833179670885072,"[493.0, 251.0]"
normal_0025_EDD,3,1,0,normal,"[480.0, 195.0]",45.254833995939045,0.7870105624198913,0.0760363340377807,0.9809895753860474,-0.1214076280593872,-0.2703422890111151,"[493.0, 251.0]"
normal_0026_EDD,0,3,9,normal,"[196.0, 212.0]",114.03503592196344,0.8611251771450041,0.1633895635604858,0.9605250954627992,-0.1268402338027954,0.4389745424320842,"[138.0, 185.0]"
normal_0026_EDD,1,1,9,normal,"[142.0, 182.0]",35.918785545899944,0.7764720261096953,0.0662007927894592,0.9861395955085754,-0.0998675823211669,0.860797075290572,"[138.0, 185.0]"
normal_0026_EDD,2,4,9,normal,"[160.0, 260.0]",35.918785545899944,0.7302148640155791,0.0268126726150512,0.98487788438797,-0.0699383616447448,-1.1760226836956171,"[138.0, 185.0]"
normal_0026_EDD,3,4,9,normal,"[251.0, 170.0]",45.254833995939045,0.7559288084506988,0.0462831258773803,0.9871934056282043,-0.0930514931678772,-1.5188740664233291,"[138.0, 185.0]"
normal_0027_EDD,0,1,9,normal,"[488.0, 210.0]",45.254833995939045,0.8311423003673553,0.1238089203834533,0.9698469042778016,-0.1422027349472046,0.5647378663379963,"[506.0, 202.0]"
normal_0027_EDD,1,4,9,normal,"[382.0, 179.0]",35.918785545899944,0.6655769854784012,0.0254068374633789,0.9062897562980652,-0.0288365930318832,-2.5111161177552144,"[506.0, 202.0]"
normal_0027_EDD,2,4,9,normal,"[382.0, 306.0]",45.254833995939045,0.6745702654123306,0.0461843013763427,0.8901343941688538,-0.0264594405889511,-2.576179875229992,"[506.0, 202.0]"
normal_0028_EDD,0,3,9,normal,"[204.0, 224.0]",143.67514218359975,0.8267220199108124,0.1290607452392578,0.9790219664573668,-0.0617294907569885,0.364793701958275,"[129.0, 172.0]"
normal_0028_EDD,1,4,9,normal,"[271.0, 153.0]",35.918785545899944,0.7349193990230559,0.0225632190704345,0.996670663356781,-0.0734335780143737,-2.9885949828639875,"[129.0, 172.0]"
normal_0028_EDD,2,4,9,normal,"[113.0, 270.0]",35.918785545899944,0.7263362646102905,0.0279860496520996,0.9892144799232484,-0.0295003950595855,-1.7645013936108955,"[129.0, 172.0]"
normal_0028_EDD,3,4,9,normal,"[96.0, 219.0]",45.254833995939045,0.7329825937747955,0.0346042513847351,0.988426387310028,-0.0323993563652038,-0.2689962815154345,"[129.0, 172.0]"
normal_0028_EDD,4,2,9,normal,"[134.0, 163.0]",57.01751796098172,0.7433448255062103,0.0412269830703735,0.99229234457016,-0.0375660061836242,0.8194304047392502,"[129.0, 172.0]"
normal_0028_EDD,5,4,9,normal,"[243.0, 297.0]",57.01751796098172,0.7382301330566406,0.0316594839096069,0.9945752024650574,-0.0518400371074676,-1.9671130507149432,"[129.0, 172.0]"
normal_0028_EDD,6,2,9,normal,"[128.0, 180.0]",71.83757109179989,0.7517071545124054,0.0521532297134399,0.9885182976722716,-0.0379555821418762,0.8877710141675594,"[129.0, 172.0]"
normal_0028_EDD,7,4,9,normal,"[238.0, 290.0]",71.83757109179989,0.7546851098537444,0.0491821765899658,0.9930245280265808,-0.0519288182258605,-1.2361467010481046,"[129.0, 172.0]"
normal_0029_EDD,0,1,9,normal,"[109.0, 199.0]",45.254833995939045,0.8155364394187926,0.1037054061889648,0.977375030517578,-0.1383425593376159,0.5255554234159695,"[90.0, 209.0]"
normal_0029_EDD,1,4,9,normal,"[244.0, 162.0]",45.254833995939045,0.6970876276493072,0.0426191687583923,0.9243502616882324,-0.0371163785457611,-2.557905480229906,"[90.0, 209.0]"
normal_0029_EDD,2,4,9,normal,"[229.0, 180.0]",57.01751796098172,0.7013458758592606,0.047179639339447,0.9233533143997192,-0.0390945822000503,-1.4903391562749988,"[90.0, 209.0]"
normal_0030_EDD,0,1,9,normal,"[477.0, 181.0]",35.918785545899944,0.8396975100040436,0.1386578679084777,0.9598070979118348,-0.1458733677864074,0.4260516380281258,"[496.0, 189.0]"
normal_0030_EDD,1,3,9,normal,"[408.0, 210.0]",90.50966799187808,0.7654780685901642,0.1175559759140014,0.9035854339599608,-0.0770614445209503,0.0004273374023777,"[496.0, 189.0]"
normal_0031_EDD,0,2,9,normal,"[300.0, 198.0]",90.50966799187808,0.8227175831794739,0.1093842387199401,0.9797296524047852,-0.1376129388809204,0.6836178635731783,"[328.0, 204.0]"
normal_0032_EDD,0,3,9,normal,"[288.0, 228.0]",143.67514218359975,0.8906831562519073,0.1881529688835144,0.9853323698043824,-0.0639876425266265,0.8115611905449556,"[286.0, 201.0]"
normal_0032_EDD,1,4,9,normal,"[381.0, 248.0]",35.918785545899944,0.7296866357326507,0.0227205753326416,0.9942139387130736,-0.0550815165042877,-1.9508393451233328,"[286.0, 201.0]"
normal_0032_EDD,2,4,9,normal,"[223.0, 177.0]",45.254833995939045,0.7249405682086945,0.0204942226409912,0.99382883310318,-0.0438308119773864,-0.4897108045691283,"[286.0, 201.0]"
normal_0032_EDD,3,4,9,normal,"[220.0, 297.0]",45.254833995939045,0.7271218478679656,0.0232230424880981,0.9928085207939148,-0.0446642041206359,-1.5742869158273711,"[286.0, 201.0]"
normal_0032_EDD,4,4,9,normal,"[228.0, 293.0]",57.01751796098172,0.7372133314609527,0.0335041880607605,0.9922600388526917,-0.0456355810165405,-0.9074244703005944,"[286.0, 201.0]"
normal_0032_EDD,5,4,9,normal,"[234.0, 288.0]",71.83757109179989,0.7502440989017486,0.0478990674018859,0.9901655912399292,-0.0461455881595611,-0.4109025036698943,"[286.0, 201.0]"
normal_0033_EDD,0,3,9,normal,"[192.0, 216.0]",143.67514218359975,0.7917122721672057,0.0932343006134033,0.9800731539726256,-0.0621338188648223,0.3382368505295221,"[100.0, 192.0]"
normal_0033_EDD,1,4,9,normal,"[187.0, 122.0]",35.918785545899944,0.7227513015270233,0.0178473591804504,0.995081901550293,-0.0417330563068389,-2.108809913867723,"[100.0, 192.0]"
normal_0033_EDD,2,4,9,normal,"[377.0, 165.0]",35.918785545899944,0.7245980992913246,0.0309979319572448,0.985412061214447,-0.0190586224198341,-6.748390416377187,"[100.0, 192.0]"
normal_0033_EDD,3,1,9,normal,"[114.0, 201.0]",45.254833995939045,0.716782784461975,0.0163540840148925,0.993147611618042,-0.0261268615722656,0.6322311782518806,"[100.0, 192.0]"
normal_0033_EDD,4,4,9,normal,"[250.0, 155.0]",57.01751796098172,0.7327374219894409,0.0251052975654602,0.9948745965957642,-0.056099534034729,-1.7096225890667576,"[100.0, 192.0]"
normal_0033_EDD,5,4,9,normal,"[235.0, 316.0]",57.01751796098172,0.7467544078826903,0.040520429611206,0.99354487657547,-0.0537628233432769,-2.2149024029247686,"[100.0, 192.0]"
normal_0033_EDD,6,4,9,normal,"[238.0, 156.0]",71.83757109179989,0.7419003725051879,0.0357663035392761,0.9928219318389891,-0.0557935833930969,-0.9852894484114336,"[100.0, 192.0]"
normal_0034_EDD,0,2,9,normal,"[134.0, 206.0]",90.50966799187808,0.7986359119415283,0.1024304628372192,0.957671880722046,-0.1291756629943847,0.4366326132087517,"[96.0, 172.0]"
normal_0035_EDD,0,1,9,normal,"[128.0, 217.0]",35.918785545899944,0.8309688448905945,0.1176750659942627,0.9826582670211792,-0.1271649599075317,0.5074497719209882,"[116.0, 230.0]"
normal_0035_EDD,1,4,9,normal,"[238.0, 190.0]",45.254833995939045,0.7007285296916961,0.0532283186912536,0.9139955639839172,-0.0385165810585022,-1.8370456684727512,"[116.0, 230.0]"
normal_0035_EDD,2,4,9,normal,"[208.0, 289.0]",45.254833995939045,0.6976071476936341,0.0417873859405517,0.9234699606895448,-0.046953946352005,-1.4150609787850077,"[116.0, 230.0]"
normal_0036_EDD,0,1,9,normal,"[474.0, 215.0]",35.918785545899944,0.8129965722560881,0.113062560558319,0.9546170830726624,-0.1585102677345276,0.4048362715628576,"[478.0, 194.0]"
normal_0036_EDD,1,4,9,normal,"[359.0, 303.0]",35.918785545899944,0.7109660029411315,0.0446811318397522,0.935716450214386,-0.056416779756546,-3.492783829731972,"[478.0, 194.0]"
normal_0036_EDD,2,4,9,normal,"[361.0, 176.0]",45.254833995939045,0.7420044004917145,0.0578038692474365,0.9520793557167052,-0.0887249112129211,-1.6157762053069449,"[478.0, 194.0]"
normal_0036_EDD,3,4,9,normal,"[365.0, 297.0]",45.254833995939045,0.7164753854274749,0.0543197989463806,0.9302304983139038,-0.0549711883068084,-2.3786149621553503,"[478.0, 194.0]"
normal_0036_EDD,4,4,9,normal,"[384.0, 206.0]",114.03503592196344,0.7339031815528869,0.0924532413482666,0.9023961424827576,-0.0488632023334503,0.1690022179788212,"[478.0, 194.0]"
normal_0037_EDD,0,3,9,normal,"[260.0, 200.0]",71.83757109179989,0.7703905105590819,0.0623901486396789,0.9754009246826172,-0.1260985732078552,0.8318004661077157,"[265.0, 211.0]"
normal_0038_EDD,0,3,9,normal,"[304.0, 204.0]",114.03503592196344,0.8332729995250701,0.1192647218704223,0.9869609475135804,-0.115678071975708,0.5764359759049249,"[347.0, 182.0]"
normal_0038_EDD,1,4,9,normal,"[374.0, 242.0]",35.918785545899944,0.7233639121055602,0.0174365639686584,0.9911884069442748,-0.0604773163795471,-0.8317750892302733,"[347.0, 182.0]"
normal_0039_EDD,0,1,9,normal,"[137.0, 207.0]",45.254833995939045,0.8299996018409729,0.1449857950210571,0.938043475151062,-0.1419168710708618,0.6016391005005637,"[119.0, 208.0]"
normal_0039_EDD,1,4,9,normal,"[272.0, 181.0]",35.918785545899944,0.6510374039411544,0.0466229915618896,0.8537873029708862,-0.0338165014982223,-3.3254271032118217,"[119.0, 208.0]"
normal_0039_EDD,2,4,9,normal,"[265.0, 182.0]",45.254833995939045,0.6541063904762268,0.0525504946708679,0.8495759963989258,-0.0342634916305542,-2.2769316822295824,"[119.0, 208.0]"
normal_0040_EDD,0,1,9,normal,"[278.0, 210.0]",57.01751796098172,0.7726074218749999,0.0936846137046814,0.93388032913208,-0.1260328888893127,0.6663078599201646,"[259.0, 209.0]"
normal_0041_EDD,0,2,9,normal,"[278.0, 200.0]",71.83757109179989,0.7895717799663543,0.109057605266571,0.936270236968994,-0.1256250441074371,0.7181355602148427,"[259.0, 207.0]"
normal_0042_EDD,0,1,9,normal,"[132.0, 211.0]",57.01751796098172,0.8103898048400878,0.1261780261993408,0.9384018778800964,-0.1366523206233978,0.6137552749908222,"[110.0, 212.0]"
normal_0043_EDD,0,1,0,normal,"[474.0, 250.0]",45.254833995939045,0.8281242668628692,0.1312214732170105,0.9542377591133118,-0.1446818113327026,-0.8855173776048844,"[459.0, 334.0]"
normal_0043_EDD,1,4,0,normal,"[368.0, 163.0]",35.918785545899944,0.6425529003143311,0.0274872779846191,0.8714348077774048,-0.0253062844276428,-4.392887309338658,"[459.0, 334.0]"
normal_0044_EDD,0,3,9,normal,"[278.0, 230.0]",114.03503592196344,0.8553280770778656,0.1473334431648254,0.9764008522033693,-0.1225701868534088,0.7268837357484771,"[309.0, 227.0]"
normal_0044_EDD,1,4,9,normal,"[266.0, 316.0]",57.01751796098172,0.7822635412216187,0.0768584012985229,0.9820252656936646,-0.0899372696876525,-0.7335603842463485,"[309.0, 227.0]"
normal_0044_EDD,2,3,9,normal,"[278.0, 218.0]",90.50966799187808,0.7977421879768372,0.0835314393043518,0.9851924180984496,-0.1228802800178527,0.6433527434214585,"[309.0, 227.0]"
normal_0045_EDD,0,3,0,normal,"[422.0, 208.0]",90.50966799187808,0.8135277390480041,0.1040259599685669,0.977828860282898,-0.1251078844070434,0.2236874773568959,"[486.0, 237.0]"
normal_0045_EDD,1,1,0,normal,"[473.0, 196.0]",45.254833995939045,0.7790222346782684,0.0688682198524475,0.9869123101234436,-0.096576988697052,0.0495683546409031,"[486.0, 237.0]"
normal_0046_EDD,0,3,9,normal,"[298.0, 230.0]",114.03503592196344,0.8501801013946533,0.140896737575531,0.9887024164199828,-0.0859583616256713,0.6788735448615922,"[319.0, 200.0]"
normal_0046_EDD,1,4,9,normal,"[376.0, 213.0]",57.01751796098172,0.7406388938426971,0.036051332950592,0.9909738302230836,-0.0545293986797332,-0.0253631869591688,"[319.0, 200.0]"
normal_0047_EDD,0,2,9,normal,"[314.0, 210.0]",90.50966799187808,0.8594108402729034,0.1427006721496582,0.9814066290855408,-0.1486276388168335,0.9752947057799344,"[316.0, 209.0]"
normal_0048_EDD,0,2,9,normal,"[456.0, 212.0]",71.83757109179989,0.8271915137767791,0.1460930109024047,0.9352017641067504,-0.1322863399982452,0.7202055841147985,"[476.0, 214.0]"
normal_0048_EDD,1,4,9,normal,"[373.0, 170.0]",35.918785545899944,0.6533525884151459,0.0296064615249633,0.8847070336341858,-0.0222560167312622,-2.118269799339872,"[476.0, 214.0]"
normal_0049_EDD,0,1,9,normal,"[130.0, 192.0]",45.254833995939045,0.7510055124759674,0.0390874147415161,0.9818088412284852,-0.1232595443725586,0.8023576462394764,"[122.0, 188.0]"
normal_0049_EDD,1,4,9,normal,"[228.0, 190.0]",35.918785545899944,0.7354983389377593,0.03761887550354,0.975955843925476,-0.0735518634319305,-1.951627251152716,"[122.0, 188.0]"
normal_0049_EDD,2,4,9,normal,"[177.0, 297.0]",45.254833995939045,0.727370822429657,0.02386075258255,0.9810999035835266,-0.0837006866931915,-1.6978362278870818,"[122.0, 188.0]"
normal_0050_EDD,0,2,0,normal,"[282.0, 216.0]",90.50966799187808,0.8517423152923583,0.1428713202476501,0.970163106918335,-0.1487841010093689,0.3481359360936515,"[282.0, 275.0]"
normal_0051_EDD,0,1,9,normal,"[145.0, 182.0]",45.254833995939045,0.8035923898220062,0.1099176406860351,0.951332151889801,-0.1387112140655517,0.5133621405500801,"[131.0, 165.0]"
normal_0051_EDD,1,4,9,normal,"[283.0, 168.0]",35.918785545899944,0.6860725820064544,0.0434349775314331,0.9060546159744264,-0.0419968664646148,-3.232593058757881,"[131.0, 165.0]"
normal_0051_EDD,2,4,9,normal,"[238.0, 184.0]",35.918785545899944,0.6778859257698059,0.0271140933036804,0.9187375903129578,-0.0382775962352752,-2.0255428251132,"[131.0, 165.0]"
normal_0051_EDD,3,4,9,normal,"[244.0, 307.0]",35.918785545899944,0.6530074685811996,0.0267229080200195,0.8883489966392517,-0.0222013145685195,-4.05235668075065,"[131.0, 165.0]"
normal_0051_EDD,4,4,9,normal,"[270.0, 171.0]",45.254833995939045,0.6908598750829696,0.0485311150550842,0.90594220161438,-0.0408460944890975,-2.0743552423638354,"[131.0, 165.0]"
normal_0051_EDD,5,4,9,normal,"[104.0, 112.0]",362.0386719675124,0.6901554979383946,0.1707962751388549,0.7391254305839539,-0.0098571069538593,0.8357051496498977,"[131.0, 165.0]"
normal_0052_EDD,0,1,9,normal,"[308.0, 209.0]",45.254833995939045,0.7933219969272612,0.0911122560501098,0.9667550921440125,-0.1274058818817138,0.2980913298369937,"[293.0, 181.0]"
normal_0053_EDD,0,1,9,normal,"[495.0, 202.0]",35.918785545899944,0.8793722987174988,0.1635575890541076,0.9795832633972168,-0.1505321264266967,0.6434665515486087,"[505.0, 194.0]"
normal_0053_EDD,1,4,9,normal,"[373.0, 171.0]",57.01751796098172,0.7120528161525725,0.0577725172042846,0.9189645051956176,-0.0550257265567779,-1.3499585792955893,"[505.0, 194.0]"
normal_0054_EDD,0,3,9,normal,"[396.0, 220.0]",143.67514218359975,0.8014348745346068,0.1150239706039428,0.9674252271652222,-0.0460662245750427,0.21523000845712,"[508.0, 207.0]"
normal_0054_EDD,1,4,9,normal,"[381.0, 128.0]",35.918785545899944,0.7221296310424804,0.019865334033966,0.990830421447754,-0.0434150099754333,-3.164006011139392,"[508.0, 207.0]"
normal_0054_EDD,2,4,9,normal,"[238.0, 183.0]",35.918785545899944,0.7306296050548553,0.0226954817771911,0.994780957698822,-0.0579372644424438,-6.546596128854302,"[508.0, 207.0]"
normal_0054_EDD,3,4,9,normal,"[393.0, 256.0]",35.918785545899944,0.7110623896121978,0.0107300877571105,0.9924288392066956,-0.0281605720520019,-2.480184478293727,"[508.0, 207.0]"
normal_0054_EDD,4,4,9,normal,"[442.0, 344.0]",35.918785545899944,0.7252430111169815,0.0379586815834045,0.976049780845642,-0.0202474147081375,-3.233691672652164,"[508.0, 207.0]"
normal_0054_EDD,5,1,9,normal,"[496.0, 234.0]",45.254833995939045,0.7707598984241486,0.0700127482414245,0.9891223907470704,-0.0418073832988739,0.3471067995069944,"[508.0, 207.0]"
normal_0054_EDD,6,4,9,normal,"[401.0, 249.0]",45.254833995939045,0.711478579044342,0.0109446048736572,0.993031084537506,-0.0270610749721527,-1.5400118417538922,"[508.0, 207.0]"
normal_0054_EDD,7,4,9,normal,"[340.0, 156.0]",57.01751796098172,0.7429919064044952,0.0355036854743957,0.9935874938964844,-0.0598848760128021,-2.0792378367108326,"[508.0, 207.0]"
normal_0055_EDD,0,3,9,normal,"[204.0, 220.0]",143.67514218359975,0.8097126632928847,0.1156140565872192,0.9743521809577942,-0.0602604001760482,0.3880610297292679,"[121.0, 191.0]"
normal_0055_EDD,1,4,9,normal,"[272.0, 158.0]",45.254833995939045,0.7365579783916473,0.027649700641632,0.9947512149810792,-0.0629121363162994,-2.4154119901558,"[121.0, 191.0]"
normal_0055_EDD,2,2,9,normal,"[140.0, 175.0]",45.254833995939045,0.7311920940876007,0.0287815332412719,0.9941038489341736,-0.0326893329620361,0.4511197478046782,"[121.0, 191.0]"
normal_0056_EDD,0,3,9,normal,"[292.0, 240.0]",143.67514218359975,0.8578289628028869,0.154859721660614,0.9869832396507264,-0.0604048669338226,0.6947041517949544,"[322.0, 208.0]"
normal_0056_EDD,1,4,9,normal,"[383.0, 228.0]",57.01751796098172,0.7334055423736572,0.0301766395568847,0.9926303029060364,-0.0419384539127349,-0.1258823196538672,"[322.0, 208.0]"
normal_0056_EDD,2,3,9,normal,"[376.0, 228.0]",71.83757109179989,0.7462360858917236,0.0442903041839599,0.990769624710083,-0.0420352220535278,0.1984038530205115,"[322.0, 208.0]"
normal_0057_EDD,0,2,9,normal,"[294.0, 214.0]",90.50966799187808,0.8227069973945618,0.1094456315040588,0.9836676716804504,-0.1234699785709381,0.8429706934199861,"[303.0, 203.0]"
normal_0058_EDD,0,3,9,normal,"[278.0, 206.0]",90.50966799187808,0.7914653360843659,0.0943425893783569,0.962620973587036,-0.116440325975418,0.91092379491413,"[286.0, 207.0]"
normal_0059_EDD,0,1,9,normal,"[317.0, 218.0]",45.254833995939045,0.7640282869338989,0.050611138343811,0.9854875802993774,-0.1178792119026184,0.6436951796565195,"[325.0, 204.0]"
normal_0059_EDD,1,4,9,normal,"[268.0, 325.0]",35.918785545899944,0.7319340050220489,0.0382292866706848,0.967753767967224,-0.0813854038715362,-2.723775806842371,"[325.0, 204.0]"
normal_0059_EDD,2,2,9,normal,"[314.0, 209.0]",57.01751796098172,0.7514970481395722,0.0476513504981994,0.9716114401817322,-0.1185884475708007,0.788081866666605,"[325.0, 204.0]"
normal_0060_EDD,0,1,9,normal,"[276.0, 261.0]",45.254833995939045,0.7739353418350219,0.0621612071990966,0.9831448793411256,-0.1178635954856872,0.5848334295129243,"[268.0, 278.0]"
normal_0060_EDD,1,4,9,normal,"[300.0, 167.0]",35.918785545899944,0.7130544424057007,0.0278836488723754,0.9627601504325868,-0.0561934411525726,-2.216159989397325,"[268.0, 278.0]"
normal_0060_EDD,2,2,9,normal,"[272.0, 254.0]",57.01751796098172,0.7560120940208435,0.0548736453056335,0.9682379961013794,-0.1168592572212219,0.5732706194288724,"[268.0, 278.0]"
normal_0060_EDD,3,2,9,normal,"[268.0, 240.0]",71.83757109179989,0.7591477632522583,0.0641316771507263,0.9603292346000672,-0.1139281094074249,0.4710288861041737,"[268.0, 278.0]"
normal_0061_EDD,0,1,9,normal,"[465.0, 214.0]",35.918785545899944,0.80966756939888,0.0897259712219238,0.9905264973640442,-0.1328652501106262,0.6825684922887694,"[476.0, 211.0]"
normal_0061_EDD,1,4,9,normal,"[354.0, 165.0]",45.254833995939045,0.7280988752841949,0.0507320165634155,0.9503641724586488,-0.0605596899986267,-1.881107642904027,"[476.0, 211.0]"
normal_0062_EDD,0,3,9,normal,"[180.0, 224.0]",90.50966799187808,0.7965224921703338,0.0985827445983886,0.968412697315216,-0.1002542972564697,0.2797230892739932,"[131.0, 181.0]"
normal_0062_EDD,1,4,9,normal,"[240.0, 176.0]",35.918785545899944,0.730024915933609,0.0327597856521606,0.9753560423851012,-0.0725795030593872,-2.037814808526841,"[131.0, 181.0]"
normal_0062_EDD,2,1,9,normal,"[140.0, 181.0]",35.918785545899944,0.7760384738445282,0.0601203441619873,0.989752471446991,-0.115456998348236,0.7494347355230296,"[131.0, 181.0]"
normal_0062_EDD,3,4,9,normal,"[219.0, 257.0]",35.918785545899944,0.7303506851196289,0.0258494019508361,0.9837942123413086,-0.0792266726493835,-2.237178904097488,"[131.0, 181.0]"
normal_0062_EDD,4,4,9,normal,"[215.0, 260.0]",45.254833995939045,0.7276049017906188,0.02662855386734,0.978756070137024,-0.0792354941368103,-1.548072954459899,"[131.0, 181.0]"
normal_0063_EDD,0,1,9,normal,"[474.0, 214.0]",45.254833995939045,0.8542263627052307,0.147096037864685,0.9687834978103638,-0.144909381866455,0.6355655065721688,"[490.0, 210.0]"
normal_0063_EDD,1,4,9,normal,"[363.0, 171.0]",35.918785545899944,0.6469265282154083,0.0285165309906005,0.8773622512817383,-0.0212821066379547,-2.6987136546165647,"[490.0, 210.0]"
normal_0064_EDD,0,1,9,normal,"[279.0, 191.0]",57.01751796098172,0.7778231859207153,0.0841274261474609,0.9547420740127563,-0.1268815398216247,0.7488873319060585,"[265.0, 194.0]"
normal_0064_EDD,1,4,9,normal,"[306.0, 311.0]",35.918785545899944,0.6960965454578399,0.0503799319267272,0.9080023169517516,-0.0505749583244323,-2.451558904532929,"[265.0, 194.0]"
normal_0065_EDD,0,1,9,normal,"[136.0, 195.0]",45.254833995939045,0.8242600798606872,0.120900809764862,0.9646472930908204,-0.1405308246612548,0.6875,"[122.0, 193.0]"
normal_0065_EDD,1,4,9,normal,"[261.0, 171.0]",35.918785545899944,0.6710143417119979,0.0396614074707031,0.8948113322257996,-0.0249250084161758,-2.918012156055058,"[122.0, 193.0]"
normal_0066_EDD,0,1,9,normal,"[475.0, 213.0]",45.254833995939045,0.8395570039749145,0.1286960244178772,0.9764120578765868,-0.1368626952171325,0.6656103975151142,"[490.0, 215.0]"
normal_0066_EDD,1,4,9,normal,"[401.0, 315.0]",35.918785545899944,0.6608587801456451,0.0246896743774414,0.9039239883422852,-0.0171115696430206,-2.7270007114155,"[490.0, 215.0]"
normal_0067_EDD,0,1,9,normal,"[135.0, 195.0]",45.254833995939045,0.8079608559608459,0.100401222705841,0.973857879638672,-0.1292955875396728,0.7339158380324,"[123.0, 194.0]"
normal_0067_EDD,1,4,9,normal,"[260.0, 172.0]",35.918785545899944,0.7092005431652069,0.0462331771850585,0.9349095225334167,-0.0426535010337829,-2.8630253772408616,"[123.0, 194.0]"
normal_0067_EDD,2,4,9,normal,"[251.0, 181.0]",45.254833995939045,0.7156619071960448,0.0548728704452514,0.9318907260894777,-0.0423276424407959,-1.8429772301673464,"[123.0, 194.0]"
normal_0068_EDD,0,2,9,normal,"[274.0, 216.0]",90.50966799187808,0.817597097158432,0.1302064657211303,0.9469050168991088,-0.122785598039627,0.734375,"[267.0, 193.0]"
normal_0068_EDD,1,4,9,normal,"[306.0, 311.0]",35.918785545899944,0.737243741750717,0.0566175580024719,0.9499117136001588,-0.0784399211406707,-2.459969831400778,"[267.0, 193.0]"
normal_0068_EDD,2,2,9,normal,"[276.0, 200.0]",71.83757109179989,0.7832763671874999,0.0861626267433166,0.9608664512634276,-0.1225361227989196,0.8412842461443847,"[267.0, 193.0]"
normal_0069_EDD,0,1,9,normal,"[128.0, 201.0]",57.01751796098172,0.7864697456359863,0.0887702107429504,0.9622730016708374,-0.1205421686172485,0.5894349551052224,"[106.0, 209.0]"
normal_0070_EDD,0,1,9,normal,"[485.0, 189.0]",45.254833995939045,0.8103809833526611,0.0954461097717285,0.9835375547409058,-0.1322929263114929,0.3352485191817923,"[514.0, 181.0]"
normal_0070_EDD,1,4,9,normal,"[358.0, 159.0]",35.918785545899944,0.7083304822444916,0.0366507172584533,0.9454724788665771,-0.049245148897171,-3.3861072236181746,"[514.0, 181.0]"
normal_0070_EDD,2,4,9,normal,"[392.0, 268.0]",35.918785545899944,0.7128289103507995,0.02996826171875,0.9572333097457886,-0.0639866590499877,-3.1717237694875253,"[514.0, 181.0]"
normal_0070_EDD,3,4,9,normal,"[366.0, 162.0]",45.254833995939045,0.7131550252437591,0.0434548258781433,0.9429075717926024,-0.0483244955539703,-2.297208217757865,"[514.0, 181.0]"
normal_0070_EDD,4,4,9,normal,"[388.0, 267.0]",45.254833995939045,0.7150909185409545,0.0363256931304931,0.9513795971870422,-0.0639975368976593,-2.37094664004045,"[514.0, 181.0]"
normal_0071_EDD,0,1,0,normal,"[139.0, 194.0]",45.254833995939045,0.8097016394138337,0.0986284613609314,0.9738776087760924,-0.1467942595481872,-4.296160534410753,"[268.0, 396.0]"
normal_0071_EDD,1,4,0,normal,"[244.0, 204.0]",35.918785545899944,0.7451708555221557,0.0427377223968505,0.9733153581619264,-0.1055619120597839,-4.386991319957145,"[268.0, 396.0]"
normal_0071_EDD,2,4,0,normal,"[279.0, 290.0]",45.254833995939045,0.7086213409900665,0.0334557294845581,0.9507575035095216,-0.0481767952442169,-1.354869456307504,"[268.0, 396.0]"
normal_0072_EDD,0,2,9,normal,"[294.0, 208.0]",90.50966799187808,0.8234103858470916,0.1107686161994934,0.9772050976753236,-0.1429910063743591,0.8449263028025062,"[293.0, 194.0]"
normal_0073_EDD,0,3,9,normal,"[304.0, 222.0]",114.03503592196344,0.8650837123394012,0.152653157711029,0.9804368615150452,-0.1306237578392028,0.7805938165923383,"[329.0, 221.0]"
normal_0073_EDD,1,4,9,normal,"[282.0, 305.0]",45.254833995939045,0.7401448130607605,0.0322166085243225,0.9881860017776488,-0.0809900164604187,-1.1269522282482036,"[329.0, 221.0]"
normal_0073_EDD,2,4,9,normal,"[292.0, 293.0]",57.01751796098172,0.7527519702911376,0.0442981123924255,0.988677978515625,-0.0818963646888732,-0.4197496684571733,"[329.0, 221.0]"
normal_0074_EDD,0,3,9,normal,"[162.0, 204.0]",90.50966799187808,0.8093293964862823,0.1117235422134399,0.964196801185608,-0.1133404672145843,0.3632932324747129,"[117.0, 168.0]"
normal_0074_EDD,1,4,9,normal,"[221.0, 269.0]",35.918785545899944,0.7109170138835907,0.0244884490966796,0.9666478633880616,-0.0488753020763397,-3.0361167273657603,"[117.0, 168.0]"
normal_0074_EDD,2,1,9,normal,"[131.0, 177.0]",45.254833995939045,0.7721029281616211,0.0613309144973754,0.984005570411682,-0.1098405718803405,0.6322311782518806,"[117.0, 168.0]"
normal_0074_EDD,3,4,9,normal,"[231.0, 177.0]",45.254833995939045,0.7319251537322997,0.0368512272834777,0.9725379347801208,-0.0714868605136871,-1.5269059947394164,"[117.0, 168.0]"
normal_0074_EDD,4,4,9,normal,"[217.0, 265.0]",45.254833995939045,0.7149153470993042,0.0292345285415649,0.965509831905365,-0.0491196811199188,-2.078481895553391,"[117.0, 168.0]"
normal_0074_EDD,5,2,9,normal,"[134.0, 187.0]",57.01751796098172,0.7637658357620238,0.0627648830413818,0.9700807332992554,-0.1097221970558166,0.5528550087814985,"[117.0, 168.0]"
normal_0074_EDD,6,2,9,normal,"[142.0, 196.0]",71.83757109179989,0.779037606716156,0.0809659361839294,0.9660086035728456,-0.1093282401561737,0.477478870906151,"[117.0, 168.0]"
normal_0075_EDD,0,2,9,normal,"[164.0, 198.0]",71.83757109179989,0.8410343825817107,0.1365976333618164,0.9658376574516296,-0.1417519450187683,0.4881570734802078,"[138.0, 224.0]"
normal_0076_EDD,0,1,9,normal,"[509.0, 229.0]",45.254833995939045,0.8527794420719146,0.1709375977516174,0.9307021498680116,-0.151751697063446,0.8218475898282598,"[517.0, 228.0]"
normal_0076_EDD,1,4,9,normal,"[382.0, 187.0]",45.254833995939045,0.6510667473077774,0.0436772108078002,0.8580127954483032,-0.0339028984308242,-2.117647600756057,"[517.0, 228.0]"
normal_0077_EDD,0,2,9,normal,"[308.0, 212.0]",71.83757109179989,0.7942237615585327,0.1020013093948364,0.9517415761947632,-0.1300167441368103,0.8255792352704985,"[319.0, 218.0]"
normal_0078_EDD,0,2,9,normal,"[298.0, 214.0]",71.83757109179989,0.7990865230560302,0.1094629764556884,0.947396993637085,-0.1322282552719116,0.7838989478580509,"[283.0, 210.0]"
normal_0079_EDD,0,1,9,normal,"[108.0, 197.0]",45.254833995939045,0.8469424605369568,0.1453415751457214,0.962827444076538,-0.1381083726882934,0.6464466094067263,"[92.0, 197.0]"
normal_0079_EDD,1,4,9,normal,"[214.0, 177.0]",35.918785545899944,0.6451813101768493,0.0292046666145324,0.8738335371017456,-0.0214658379554748,-2.44188907852194,"[92.0, 197.0]"
normal_0080_EDD,0,1,9,normal,"[278.0, 222.0]",57.01751796098172,0.8066699624061584,0.1486049890518188,0.9017961025238036,-0.134038507938385,0.693703798041084,"[295.0, 226.0]"
normal_0081_EDD,0,1,9,normal,"[507.0, 256.0]",45.254833995939045,0.8534885942935942,0.1444298028945922,0.9745637774467468,-0.1343207359313964,0.6922231936938718,"[520.0, 251.0]"
normal_0081_EDD,1,4,9,normal,"[407.0, 221.0]",45.254833995939045,0.7271188914775848,0.0436852574348449,0.9546840190887452,-0.0757741034030914,-1.5834698384633792,"[520.0, 251.0]"
normal_0082_EDD,0,1,9,normal,"[463.0, 208.0]",57.01751796098172,0.8104019701480865,0.1172000765800476,0.9520582556724548,-0.1338055729866027,0.6838207445357983,"[481.0, 209.0]"
normal_0082_EDD,1,4,9,normal,"[361.0, 162.0]",35.918785545899944,0.6688432216644287,0.0323626995086669,0.9006333351135254,-0.0301859378814697,-2.587980700056024,"[481.0, 209.0]"
normal_0083_EDD,0,2,9,normal,"[272.0, 222.0]",90.50966799187808,0.8190884232521056,0.108852744102478,0.974549412727356,-0.1402554512023925,0.5788490008767639,"[310.0, 225.0]"
normal_0084_EDD,0,2,9,normal,"[442.0, 208.0]",71.83757109179989,0.8254031360149383,0.1196643710136413,0.9691528677940368,-0.1366587877273559,0.5941572211987767,"[471.0, 205.0]"
normal_0085_EDD,0,3,9,normal,"[328.0, 202.0]",90.50966799187808,0.8223446071147918,0.1020134687423706,0.9871620535850524,-0.1465885043144226,0.7790291308792039,"[348.0, 202.0]"
normal_0085_EDD,1,4,9,normal,"[369.0, 254.0]",35.918785545899944,0.7381439685821533,0.0311065316200256,0.9887374639511108,-0.0746060609817504,-0.5613083437794923,"[348.0, 202.0]"
normal_0085_EDD,2,4,9,normal,"[309.0, 265.0]",35.918785545899944,0.7244228959083556,0.0202932357788085,0.9872270822525024,-0.065353512763977,-1.0628351734411177,"[348.0, 202.0]"
normal_0086_EDD,0,3,9,normal,"[168.0, 208.0]",90.50966799187808,0.8367526471614838,0.124382734298706,0.9774269461631776,-0.1408552527427673,0.4119309604200372,"[120.0, 185.0]"
normal_0086_EDD,1,4,9,normal,"[48.0, 160.0]",362.0386719675124,0.7064884841442108,0.1331580877304077,0.8138230443000793,-0.0182713270187377,0.7894788541926696,"[120.0, 185.0]"
normal_0087_EDD,0,3,9,normal,"[296.0, 220.0]",143.67514218359975,0.8542941927909851,0.152985394001007,0.9840365648269652,-0.0624160170555114,0.7112587717340119,"[336.0, 209.0]"
normal_0087_EDD,1,4,9,normal,"[289.0, 328.0]",35.918785545899944,0.7316438913345336,0.0313345193862915,0.990996778011322,-0.0330581367015838,-2.562072015185389,"[336.0, 209.0]"
normal_0087_EDD,2,4,9,normal,"[223.0, 277.0]",45.254833995939045,0.7318132817745208,0.0222616791725158,0.9956758618354796,-0.0628924965858459,-1.914219583567785,"[336.0, 209.0]"
normal_0087_EDD,3,4,9,normal,"[398.0, 186.0]",71.83757109179989,0.7580515265464782,0.0533044934272766,0.9911514520645142,-0.0547050833702087,0.0794696777128338,"[336.0, 209.0]"
normal_0088_EDD,0,1,9,normal,"[483.0, 214.0]",35.918785545899944,0.8212996006011962,0.1002483367919921,0.9909416437149048,-0.1369605660438537,0.5137850867965528,"[500.0, 210.0]"
normal_0088_EDD,1,4,9,normal,"[375.0, 176.0]",57.01751796098172,0.7561629235744476,0.0501435995101928,0.9805904030799866,-0.0980302095413208,-1.2719596323153657,"[500.0, 210.0]"
normal_0088_EDD,2,4,9,normal,"[386.0, 275.0]",57.01751796098172,0.7567799985408783,0.051844298839569,0.9783411622047424,-0.1004844307899475,-1.3015524439825934,"[500.0, 210.0]"
normal_0088_EDD,3,3,9,normal,"[400.0, 218.0]",114.03503592196344,0.8186222076416014,0.1274716854095459,0.9575374126434326,-0.1043716669082641,0.1202748451754217,"[500.0, 210.0]"
normal_0089_EDD,0,3,9,normal,"[444.0, 214.0]",90.50966799187808,0.8021730780601501,0.1029479503631591,0.9633559584617616,-0.1243797838687896,0.3996054357237234,"[497.0, 226.0]"
normal_0089_EDD,1,2,9,normal,"[456.0, 218.0]",71.83757109179989,0.789741724729538,0.0827726125717163,0.974891483783722,-0.1227253675460815,0.4185048782477674,"[497.0, 226.0]"
normal_0090_EDD,0,2,9,normal,"[292.0, 186.0]",90.50966799187808,0.8164795458316803,0.0940405130386352,0.9902326464653016,-0.1463809013366699,0.5978269476176954,"[279.0, 220.0]"
normal_0090_EDD,1,4,9,normal,"[353.0, 196.0]",35.918785545899944,0.7305473983287811,0.0227560400962829,0.9909436106681824,-0.0706541538238525,-1.1658472070469816,"[279.0, 220.0]"
normal_0090_EDD,2,3,9,normal,"[298.0, 254.0]",35.918785545899944,0.7375115036964416,0.0287979245185852,0.9891148805618286,-0.081665813922882,-0.0843541505190674,"[279.0, 220.0]"
normal_0091_EDD,0,3,9,normal,"[166.0, 204.0]",90.50966799187808,0.8103967249393463,0.1015074849128723,0.9752787947654724,-0.1309704184532165,0.4898491338339217,"[120.0, 200.0]"
normal_0091_EDD,1,4,9,normal,"[211.0, 302.0]",45.254833995939045,0.7362227439880371,0.0353426933288574,0.9782110452651978,-0.0806615948677063,-2.0205190210045023,"[120.0, 200.0]"
normal_0092_EDD,0,1,9,normal,"[286.0, 234.0]",57.01751796098172,0.7720392882823944,0.0953354239463806,0.931037962436676,-0.1248864531517028,0.5229020485232903,"[308.0, 218.0]"
normal_0093_EDD,0,2,9,normal,"[286.0, 196.0]",90.50966799187808,0.820627099275589,0.1174882054328918,0.9661457538604736,-0.134184330701828,0.9601639100500564,"[288.0, 199.0]"
normal_0094_EDD,0,1,9,normal,"[124.0, 194.0]",45.254833995939045,0.8830445051193238,0.1920645833015442,0.9451454877853394,-0.1468904018402099,0.2977435920548678,"[111.0, 223.0]"
normal_0095_EDD,0,1,9,normal,"[469.0, 217.0]",45.254833995939045,0.8794531047344207,0.1910868883132934,0.9410722851753236,-0.1480780839920044,0.5034297318102905,"[490.0, 209.0]"
normal_0095_EDD,1,4,9,normal,"[338.0, 162.0]",35.918785545899944,0.6067490071058274,0.0351163148880004,0.8102117776870728,-0.0224222391843795,-3.429453688079305,"[490.0, 209.0]"
normal_0096_EDD,0,3,9,normal,"[328.0, 218.0]",114.03503592196344,0.8653196156024932,0.1476795673370361,0.9873325824737548,-0.1325362026691436,0.7718313196277601,"[354.0, 217.0]"
normal_0096_EDD,1,4,9,normal,"[335.0, 295.0]",35.918785545899944,0.7313984751701355,0.0237491726875305,0.9932541847229004,-0.0618568658828735,-1.2350632440820115,"[354.0, 217.0]"
normal_0097_EDD,0,1,9,normal,"[454.0, 225.0]",57.01751796098172,0.8548808753490447,0.1767784357070922,0.9282706379890442,-0.1415649652481079,0.5507960033044834,"[474.0, 209.0]"
normal_0097_EDD,1,4,9,normal,"[310.0, 177.0]",35.918785545899944,0.6107805386185645,0.0403007268905639,0.809572160243988,-0.018896497786045,-3.651960974017861,"[474.0, 209.0]"
normal_0098_EDD,0,1,9,normal,"[313.0, 197.0]",45.254833995939045,0.778040212392807,0.1025892496109008,0.9291854500770568,-0.1251057386398315,0.7118892357095973,"[300.0, 196.0]"
normal_0099_EDD,0,1,9,normal,"[123.0, 186.0]",35.918785545899944,0.8291620910167694,0.1196535229682922,0.9786476492881776,-0.1222760677337646,0.7478927808801967,"[114.0, 187.0]"
normal_0099_EDD,1,4,9,normal,"[216.0, 172.0]",35.918785545899944,0.6504713833332061,0.0280616879463195,0.8815392255783081,-0.0266611874103546,-1.8702819457214588,"[114.0, 187.0]"
normal_0100_EDD,0,2,9,normal,"[302.0, 222.0]",90.50966799187808,0.8142210066318512,0.1152251362800598,0.9581573009490968,-0.1414287984371185,0.8559446178547987,"[315.0, 221.0]"
normal_0100_EDD,1,4,9,normal,"[265.0, 296.0]",35.918785545899944,0.7113238930702209,0.0312217473983764,0.9540616869926452,-0.0612948238849639,-1.5095164136719783,"[315.0, 221.0]"
normal_0101_EDD,0,1,9,normal,"[108.0, 205.0]",45.254833995939045,0.7918954372406005,0.0972883105278015,0.9545164108276368,-0.1322281956672668,0.3888247745122517,"[90.0, 184.0]"
normal_0101_EDD,1,4,9,normal,"[195.0, 183.0]",35.918785545899944,0.6929196298122405,0.0338855981826782,0.9295888543128968,-0.0416091680526733,-1.923393990105915,"[90.0, 184.0]"
normal_0102_EDD,0,3,9,normal,"[300.0, 228.0]",114.03503592196344,0.8557611525058746,0.1392738223075866,0.9892296195030212,-0.1201329827308654,0.9332154978135356,"[303.0, 235.0]"
normal_0102_EDD,1,4,9,normal,"[388.0, 199.0]",35.918785545899944,0.7463079214096069,0.0356112718582153,0.9924259185791016,-0.0799925327301025,-1.569943872105378,"[303.0, 235.0]"
normal_0102_EDD,2,4,9,normal,"[380.0, 201.0]",45.254833995939045,0.7528856456279754,0.0433449149131774,0.9917067885398864,-0.0767298936843872,-0.8599657674941221,"[303.0, 235.0]"
normal_0102_EDD,3,4,9,normal,"[365.0, 202.0]",57.01751796098172,0.760131973028183,0.0504656434059143,0.9922507405281068,-0.0754540562629699,-0.2318199960698919,"[303.0, 235.0]"
normal_0102_EDD,4,4,9,normal,"[284.0, 305.0]",57.01751796098172,0.7614935994148254,0.0497446060180664,0.9932688474655152,-0.0823040008544921,-0.2721134454290002,"[303.0, 235.0]"
normal_0103_EDD,0,1,9,normal,"[452.0, 232.0]",45.254833995939045,0.8128294169902801,0.0992240905761718,0.9819716811180116,-0.1311257481575012,0.5967660031073769,"[470.0, 235.0]"
normal_0103_EDD,1,4,9,normal,"[385.0, 146.0]",35.918785545899944,0.7238166093826294,0.0424786806106567,0.9559532403945924,-0.0608533024787902,-2.426315350548097,"[470.0, 235.0]"
normal_0104_EDD,0,2,9,normal,"[298.0, 206.0]",90.50966799187808,0.815670359134674,0.1122460961341857,0.96479332447052,-0.1403446793556213,0.7231242945832914,"[320.0, 194.0]"
normal_0105_EDD,0,2,9,normal,"[298.0, 208.0]",90.50966799187808,0.8149980723857879,0.1193093061447143,0.959660530090332,-0.1196319758892059,0.8342718481594029,"[307.0, 220.0]"
normal_0105_EDD,1,4,9,normal,"[321.0, 148.0]",35.918785545899944,0.7323002457618712,0.0381974577903747,0.9704513549804688,-0.0739341974258422,-1.0420646792146786,"[307.0, 220.0]"
normal_0106_EDD,0,1,9,normal,"[115.0, 209.0]",45.254833995939045,0.7932655751705169,0.0852807164192199,0.9770476222038268,-0.1202576160430908,0.6402854864618333,"[103.0, 198.0]"
normal_0106_EDD,1,4,9,normal,"[209.0, 203.0]",35.918785545899944,0.7090911269187927,0.0302864909172058,0.9544785618782043,-0.0533482134342193,-1.9543832675053128,"[103.0, 198.0]"
normal_0106_EDD,2,3,9,normal,"[142.0, 222.0]",90.50966799187808,0.7781878769397735,0.1018524765968322,0.9374517798423768,-0.1005957722663879,0.4940539106658694,"[103.0, 198.0]"
normal_0107_EDD,0,2,9,normal,"[272.0, 216.0]",90.50966799187808,0.8093946158885955,0.1006812453269958,0.9769276976585388,-0.1243199110031127,0.91092379491413,"[265.0, 212.0]"
normal_0107_EDD,1,4,9,normal,"[221.0, 218.0]",35.918785545899944,0.7173051834106445,0.020300269126892,0.9811846017837524,-0.0508784651756286,-0.2363226080013729,"[265.0, 212.0]"
normal_0108_EDD,0,1,9,normal,"[487.0, 215.0]",45.254833995939045,0.8480947852134705,0.1353813409805297,0.9744237661361694,-0.1530840396881103,0.5749540466020174,"[506.0, 218.0]"
normal_0108_EDD,1,4,9,normal,"[355.0, 177.0]",35.918785545899944,0.732245934009552,0.0482087135314941,0.95533686876297,-0.0765070617198944,-3.356139735551098,"[506.0, 218.0]"
normal_0109_EDD,0,2,9,normal,"[280.0, 230.0]",90.50966799187808,0.813138210773468,0.1113839745521545,0.9645149111747742,-0.1329689919948578,0.8779648488139585,"[279.0, 219.0]"
normal_0110_EDD,0,2,9,normal,"[320.0, 214.0]",90.50966799187808,0.8191091537475585,0.1182359457015991,0.9635398387908936,-0.1319766044616699,0.7999023675802235,"[338.0, 212.0]"
normal_0111_EDD,0,1,9,normal,"[455.0, 218.0]",57.01751796098172,0.8401874125003814,0.1544713973999023,0.9407727122306824,-0.1358755826950073,0.575801015024064,"[479.0, 215.0]"
normal_0111_EDD,1,4,9,normal,"[343.0, 182.0]",35.918785545899944,0.6559906661510467,0.0441403985023498,0.864693820476532,-0.0328229665756225,-2.8961901464912883,"[479.0, 215.0]"
normal_0112_EDD,0,2,9,normal,"[298.0, 226.0]",71.83757109179989,0.8229060530662535,0.147756278514862,0.9254170656204224,-0.1367891430854797,0.6795308009923715,"[321.0, 225.0]"
normal_0113_EDD,0,1,9,normal,"[110.0, 219.0]",45.254833995939045,0.8798101246356963,0.1988033056259155,0.9324782490730286,-0.1413602232933044,0.5807372542187894,"[92.0, 213.0]"
normal_0114_EDD,0,3,9,normal,"[148.0, 154.0]",90.50966799187808,0.7651168227195739,0.0679249167442321,0.9683152437210084,-0.0968561768531799,0.1451825395881294,"[79.0, 189.0]"
normal_0114_EDD,1,4,9,normal,"[191.0, 172.0]",35.918785545899944,0.7331662774085997,0.0343156456947326,0.9801019430160522,-0.063896358013153,-2.1538603035657986,"[79.0, 189.0]"
normal_0114_EDD,2,1,9,normal,"[100.0, 188.0]",45.254833995939045,0.7488831758499145,0.0376203656196594,0.9813834428787231,-0.1214720010757446,0.5354353516462967,"[79.0, 189.0]"
normal_0114_EDD,3,4,9,normal,"[199.0, 130.0]",57.01751796098172,0.7456320643424987,0.0441770553588867,0.9766576886177064,-0.0889731347560882,-1.3452416239483216,"[79.0, 189.0]"
normal_0115_EDD,0,1,9,normal,"[456.0, 191.0]",45.254833995939045,0.7892437458038329,0.0875091552734375,0.968052864074707,-0.1204879283905029,0.6430106356626293,"[471.0, 197.0]"
normal_0115_EDD,1,4,9,normal,"[365.0, 183.0]",35.918785545899944,0.6792280673980713,0.027128517627716,0.922940731048584,-0.0302051901817321,-1.976730131934932,"[471.0, 197.0]"
normal_0116_EDD,0,4,9,normal,"[210.0, 214.0]",71.83757109179989,0.7148490130901336,0.053682267665863,0.923124134540558,-0.0748992562294006,-3.597828562052494,"[540.0, 228.0]"
normal_0116_EDD,1,4,9,normal,"[269.0, 176.0]",35.918785545899944,0.6978440880775452,0.0355803966522216,0.9281859397888184,-0.0626676678657531,-6.682437773748564,"[540.0, 228.0]"
normal_0117_EDD,0,3,9,normal,"[284.0, 208.0]",90.50966799187808,0.8091119527816772,0.0959260463714599,0.9840508103370668,-0.1217516958713531,0.2677890928837512,"[350.0, 202.0]"
normal_0117_EDD,1,4,9,normal,"[256.0, 267.0]",35.918785545899944,0.7299053490161895,0.0202621817588806,0.9905101656913756,-0.0814302563667297,-2.181753792666365,"[350.0, 202.0]"
normal_0117_EDD,2,4,9,normal,"[257.0, 262.0]",45.254833995939045,0.7378982424736023,0.0299195051193237,0.9883592128753662,-0.080636441707611,-1.4455995238897963,"[350.0, 202.0]"
normal_0118_EDD,0,1,9,normal,"[301.0, 220.0]",57.01751796098172,0.7692113637924194,0.0798889994621276,0.9492186307907104,-0.1243466138839721,0.6932020840243058,"[286.0, 229.0]"
normal_0119_EDD,0,1,9,normal,"[498.0, 222.0]",45.254833995939045,0.8541346311569213,0.1864237189292907,0.9105061292648317,-0.1517831087112426,0.59375,"[515.0, 215.0]"
normal_0120_EDD,0,1,9,normal,"[124.0, 189.0]",35.918785545899944,0.8275433540344238,0.1118366718292236,0.985454559326172,-0.1294424533843994,0.7433224894112469,"[118.0, 182.0]"
normal_0120_EDD,1,4,9,normal,"[218.0, 159.0]",35.918785545899944,0.6616120368242263,0.018656849861145,0.9124482870101928,-0.0212069302797317,-1.8567479116897816,"[118.0, 182.0]"
normal_0120_EDD,2,4,9,normal,"[194.0, 262.0]",57.01751796098172,0.7024314105510712,0.0449409484863281,0.9242920875549316,-0.0524300038814544,-0.9352809055732856,"[118.0, 182.0]"
normal_0121_EDD,0,2,9,normal,"[306.0, 200.0]",71.83757109179989,0.7641962587833404,0.0625521540641784,0.966155171394348,-0.1266774237155914,0.6918611906728925,"[299.0, 221.0]"
normal_0122_EDD,0,2,9,normal,"[466.0, 204.0]",71.83757109179989,0.798883843421936,0.106641411781311,0.951848566532135,-0.1297421753406524,0.542109123305927,"[497.0, 215.0]"
normal_0123_EDD,0,1,9,normal,"[310.0, 224.0]",35.918785545899944,0.8142830789089203,0.1035283803939819,0.9815097451210022,-0.118489384651184,0.6338142774577387,"[297.0, 226.0]"
normal_0124_EDD,0,1,9,normal,"[302.0, 232.0]",35.918785545899944,0.8122163593769074,0.0963804721832275,0.9871265292167664,-0.1242365837097168,0.3023169410819939,"[324.0, 220.0]"
normal_0125_EDD,0,1,9,normal,"[474.0, 228.0]",35.918785545899944,0.8787817120552063,0.1655914783477783,0.9761010408401488,-0.1495975255966186,0.383722381345785,"[495.0, 221.0]"
normal_0125_EDD,1,4,9,normal,"[354.0, 199.0]",45.254833995939045,0.7102560639381408,0.0543962121009826,0.9192327260971068,-0.0619847178459167,-2.153386696275926,"[495.0, 221.0]"
normal_0126_EDD,0,1,9,normal,"[141.0, 181.0]",45.254833995939045,0.8309825897216796,0.1289116144180297,0.9651085138320924,-0.1324750781059265,0.6016391005005637,"[124.0, 175.0]"
normal_0127_EDD,0,1,9,normal,"[486.0, 206.0]",57.01751796098172,0.8472101807594299,0.153620183467865,0.949120044708252,-0.1460298299789428,0.5339912809014993,"[511.0, 197.0]"
normal_0127_EDD,1,4,9,normal,"[376.0, 161.0]",35.918785545899944,0.6613305628299713,0.0356948971748352,0.8844554424285889,-0.0325842797756195,-2.8898189385550843,"[511.0, 197.0]"
normal_0127_EDD,2,4,9,normal,"[385.0, 247.0]",35.918785545899944,0.6590442419052124,0.0285492539405822,0.8913484215736389,-0.0327554643154144,-2.7740169541483297,"[511.0, 197.0]"
normal_0128_EDD,0,2,9,normal,"[316.0, 220.0]",90.50966799187808,0.843894100189209,0.1341230869293213,0.9718254804611206,-0.1474658846855163,0.7820886612346664,"[333.0, 210.0]"
normal_0129_EDD,0,1,9,normal,"[106.0, 194.0]",57.01751796098172,0.8304916322231292,0.1365661025047302,0.9488282799720764,-0.1487286686897277,0.6799529645716542,"[88.0, 191.0]"
normal_0130_EDD,0,1,9,normal,"[300.0, 214.0]",71.83757109179989,0.8063260257244109,0.1024619340896606,0.9669082760810852,-0.1351414918899536,0.5992019265102557,"[290.0, 241.0]"
normal_0131_EDD,0,2,9,normal,"[316.0, 224.0]",90.50966799187808,0.8260261416435241,0.1280521154403686,0.9611750841140748,-0.1257573366165161,0.6788311751391489,"[342.0, 237.0]"
normal_0131_EDD,1,4,9,normal,"[261.0, 310.0]",35.918785545899944,0.7134085416793823,0.0354131460189819,0.9531482458114624,-0.0539581179618835,-2.0357729230274235,"[342.0, 237.0]"
normal_0131_EDD,2,4,9,normal,"[270.0, 304.0]",45.254833995939045,0.7248688399791717,0.0466264486312866,0.9533924460411072,-0.0543383955955505,-1.1732796716598624,"[342.0, 237.0]"
normal_0132_EDD,0,1,9,normal,"[487.0, 222.0]",45.254833995939045,0.8309447526931762,0.1223697662353515,0.974750518798828,-0.1312481164932251,0.7118892357095973,"[498.0, 229.0]"
normal_0132_EDD,1,4,9,normal,"[373.0, 297.0]",45.254833995939045,0.7014845550060271,0.0466050505638122,0.9227172136306764,-0.0448872745037078,-2.144392951151303,"[498.0, 229.0]"
normal_0133_EDD,0,1,9,normal,"[152.0, 200.0]",71.83757109179989,0.805480670928955,0.1100908517837524,0.9584794044494628,-0.122271180152893,0.6887327976829338,"[130.0, 204.0]"
normal_0133_EDD,1,4,9,normal,"[231.0, 297.0]",45.254833995939045,0.7364062428474426,0.0549984574317932,0.9543079733848572,-0.0669610202312469,-2.033826224835562,"[130.0, 204.0]"
normal_0133_EDD,2,2,9,normal,"[145.0, 197.0]",57.01751796098172,0.7976747870445251,0.0923622250556945,0.97284734249115,-0.1215971112251281,0.7096866726367435,"[130.0, 204.0]"
normal_0133_EDD,3,4,9,normal,"[221.0, 286.0]",57.01751796098172,0.7509573876857757,0.0715752243995666,0.951299250125885,-0.067363440990448,-1.1483730304913804,"[130.0, 204.0]"
normal_0134_EDD,0,2,9,normal,"[296.0, 208.0]",90.50966799187808,0.8350966751575469,0.1223372220993042,0.9808457493782043,-0.1308371424674987,0.6795922397748457,"[276.0, 229.0]"
normal_0134_EDD,1,4,9,normal,"[245.0, 192.0]",35.918785545899944,0.7343821465969086,0.030295193195343,0.9857990145683287,-0.0701382160186767,-0.3438670826691861,"[276.0, 229.0]"
normal_0134_EDD,2,4,9,normal,"[304.0, 296.0]",57.01751796098172,0.7783234357833861,0.0700216293334961,0.983655571937561,-0.098714530467987,-0.2735634232310953,"[276.0, 229.0]"
normal_0135_EDD,0,1,9,normal,"[465.0, 225.0]",57.01751796098172,0.8780581057071686,0.1887152194976806,0.943504273891449,-0.1444494724273681,0.693703798041084,"[482.0, 221.0]"
normal_0135_EDD,1,4,9,normal,"[358.0, 183.0]",35.918785545899944,0.6370783418416976,0.0435481071472168,0.8404542207717896,-0.026061400771141,-2.6106995468779672,"[482.0, 221.0]"
normal_0136_EDD,0,1,9,normal,"[314.0, 222.0]",71.83757109179989,0.8405540108680725,0.1618905067443847,0.928642988204956,-0.1430670619010925,0.868676223476416,"[322.0, 217.0]"
normal_0136_EDD,1,4,9,normal,"[267.0, 312.0]",35.918785545899944,0.6516794323921202,0.0491901636123657,0.8532474637031555,-0.0260802209377288,-2.056130387822398,"[322.0, 217.0]"
normal_0137_EDD,0,2,9,normal,"[296.0, 206.0]",71.83757109179989,0.811630642414093,0.1264811158180236,0.9425436854362488,-0.1268447339534759,0.559801700961275,"[314.0, 232.0]"
normal_0137_EDD,1,4,9,normal,"[274.0, 300.0]",35.918785545899944,0.7048995971679687,0.0502846240997314,0.9220833778381348,-0.0457830429077148,-1.1964086617697318,"[314.0, 232.0]"
normal_0138_EDD,0,2,9,normal,"[310.0, 218.0]",71.83757109179989,0.7781898081302642,0.0926436781883239,0.94420325756073,-0.1230192482471466,0.6259609383124596,"[329.0, 237.0]"
normal_0139_EDD,0,3,9,normal,"[412.0, 210.0]",90.50966799187808,0.830872917175293,0.1388648748397827,0.9561526775360109,-0.1135058403015136,0.3392084233190469,"[468.0, 231.0]"
normal_0139_EDD,1,4,9,normal,"[335.0, 170.0]",45.254833995939045,0.7513967335224151,0.0525604486465454,0.973539173603058,-0.0867943167686462,-2.2332803099174683,"[468.0, 231.0]"
normal_0139_EDD,2,4,9,normal,"[341.0, 171.0]",57.01751796098172,0.7535683214664459,0.0605078935623168,0.96522319316864,-0.0870209634304046,-1.4634527024346946,"[468.0, 231.0]"
normal_0139_EDD,4,2,9,normal,"[430.0, 214.0]",71.83757109179989,0.8066597521305083,0.1080184578895568,0.9648783206939696,-0.1161323487758636,0.4205077376600056,"[468.0, 231.0]"
normal_0140_EDD,0,3,9,normal,"[308.0, 200.0]",90.50966799187808,0.8283593714237213,0.1294906735420227,0.9597516655921936,-0.1352126598358154,0.4997559189505587,"[331.0, 239.0]"
normal_0141_EDD,0,3,9,normal,"[284.0, 228.0]",114.03503592196344,0.8706625819206237,0.1564680337905883,0.984536349773407,-0.1250955164432525,0.8446087642854294,"[267.0, 233.0]"
normal_0141_EDD,1,4,9,normal,"[357.0, 264.0]",35.918785545899944,0.7264852583408355,0.0207196474075317,0.9913190007209778,-0.0592115521430969,-1.650125377698461,"[267.0, 233.0]"
normal_0141_EDD,2,4,9,normal,"[225.0, 271.0]",35.918785545899944,0.7343711614608764,0.0262678861618042,0.9913179874420166,-0.0709034204483032,-0.5768687101529923,"[267.0, 233.0]"
normal_0141_EDD,3,4,9,normal,"[226.0, 260.0]",45.254833995939045,0.7369496405124664,0.0293357372283935,0.990822732448578,-0.0701899528503418,-0.0847846848568611,"[267.0, 233.0]"
normal_0142_EDD,0,1,9,normal,"[472.0, 220.0]",57.01751796098172,0.8272637248039245,0.1412372589111328,0.9392355680465698,-0.1428078413009643,0.6384351885994768,"[491.0, 212.0]"
normal_0142_EDD,1,4,9,normal,"[359.0, 179.0]",35.918785545899944,0.6561766237020492,0.0325390696525573,0.8824854493141174,-0.0294886976480484,-2.7880591890143696,"[491.0, 212.0]"
normal_0143_EDD,0,1,9,normal,"[425.0, 207.0]",35.918785545899944,0.8682535171508788,0.167682945728302,0.9588453769683838,-0.1468940377235412,0.6043109423788899,"[436.0, 198.0]"
normal_0143_EDD,1,4,9,normal,"[363.0, 299.0]",35.918785545899944,0.656242847442627,0.0381422638893127,0.8719090223312378,-0.0388213396072387,-2.469477565663968,"[436.0, 198.0]"
normal_0143_EDD,2,4,9,normal,"[357.0, 301.0]",45.254833995939045,0.663735219836235,0.0502309799194335,0.8651716113090515,-0.0394205600023269,-1.868368711044659,"[436.0, 198.0]"
normal_0144_EDD,0,1,9,normal,"[284.0, 227.0]",35.918785545899944,0.8672988593578338,0.1593643426895141,0.971354067325592,-0.1399333477020263,0.5642259167561074,"[298.0, 220.0]"
normal_0145_EDD,0,3,9,normal,"[264.0, 200.0]",143.67514218359975,0.8479002952575683,0.1438621282577514,0.9837036728858948,-0.0772279798984527,0.7814469750369979,"[283.0, 225.0]"
normal_0145_EDD,1,4,9,normal,"[244.0, 115.0]",35.918785545899944,0.7324395775794982,0.0245848298072814,0.99561208486557,-0.0546314418315887,-2.249247939492207,"[283.0, 225.0]"
normal_0145_EDD,2,4,9,normal,"[185.0, 229.0]",45.254833995939045,0.7337375998497009,0.0254960060119628,0.993336260318756,-0.0645310580730438,-1.1673176105499627,"[283.0, 225.0]"
normal_0145_EDD,3,4,9,normal,"[340.0, 309.0]",45.254833995939045,0.7495690643787384,0.0436951518058776,0.9930286407470704,-0.0537693202495574,-1.2431536463760122,"[283.0, 225.0]"
normal_0145_EDD,4,4,9,normal,"[190.0, 219.0]",57.01751796098172,0.7386315703392028,0.0305474400520324,0.9928045272827148,-0.0656048059463501,-0.6344686814643274,"[283.0, 225.0]"
normal_0145_EDD,5,4,9,normal,"[348.0, 152.0]",71.83757109179989,0.753878140449524,0.0490930080413818,0.9927195310592652,-0.0494073033332824,-0.3606329331679834,"[283.0, 225.0]"
normal_0145_EDD,6,4,9,normal,"[198.0, 214.0]",71.83757109179989,0.7447733283042908,0.0383652448654174,0.9904637932777404,-0.0654171407222747,-0.19309169347247,"[283.0, 225.0]"
normal_0146_EDD,0,3,9,normal,"[206.0, 198.0]",114.03503592196344,0.7831426620483398,0.0750249028205871,0.9893803596496582,-0.0777575373649597,0.2533265663379118,"[121.0, 193.0]"
normal_0146_EDD,1,4,9,normal,"[181.0, 127.0]",35.918785545899944,0.7105380475521088,0.0086977481842041,0.9946396946907043,-0.0279625654220581,-1.48328029826979,"[121.0, 193.0]"
normal_0147_EDD,0,3,9,normal,"[294.0, 238.0]",114.03503592196344,0.8801381945610046,0.1787029504776001,0.9660712480545044,-0.1259268522262573,0.8419103722678991,"[293.0, 220.0]"
normal_0148_EDD,0,2,9,normal,"[306.0, 224.0]",90.50966799187808,0.8296482980251312,0.1085498929023742,0.9887499213218688,-0.1448673009872436,0.7722284416076055,"[286.0, 229.0]"
normal_0148_EDD,1,4,9,normal,"[324.0, 297.0]",35.918785545899944,0.7368113696575164,0.0304908156394958,0.987510621547699,-0.0753155946731567,-1.168708301038135,"[286.0, 229.0]"
normal_0149_EDD,0,1,9,normal,"[130.0, 193.0]",57.01751796098172,0.7831371247768402,0.0867153406143188,0.9578238129615784,-0.1297255754470825,0.7328619912541425,"[116.0, 199.0]"
normal_0149_EDD,1,4,9,normal,"[233.0, 288.0]",35.918785545899944,0.6875301063060759,0.0366302728652954,0.9190810918807985,-0.037715345621109,-3.0926606812287973,"[116.0, 199.0]"
normal_0150_EDD,0,3,9,normal,"[166.0, 208.0]",90.50966799187808,0.8282709062099457,0.1266512870788574,0.9623202681541444,-0.1399771571159362,0.4777882822791124,"[119.0, 203.0]"
normal_0150_EDD,1,4,9,normal,"[243.0, 180.0]",45.254833995939045,0.7409515082836151,0.0463077425956726,0.9693838953971864,-0.0803751945495605,-1.7867747094535646,"[119.0, 203.0]"
normal_0151_EDD,0,2,9,normal,"[294.0, 212.0]",90.50966799187808,0.8434609353542327,0.1407468318939209,0.9617780447006226,-0.1473473608493805,0.5792839994426169,"[329.0, 197.0]"
normal_0152_EDD,0,1,9,normal,"[433.0, 187.0]",45.254833995939045,0.7987360596656798,0.1127100586891174,0.938661813735962,-0.1448136568069458,0.4961088907313407,"[451.0, 201.0]"
normal_0152_EDD,1,4,9,normal,"[352.0, 323.0]",45.254833995939045,0.6767282962799072,0.0478677749633789,0.8848947882652283,-0.0471708476543426,-2.4717751448286505,"[451.0, 201.0]"
normal_0153_EDD,0,1,9,normal,"[158.0, 215.0]",45.254833995939045,0.7934577584266662,0.1036393642425537,0.9465413093566896,-0.1361973881721496,0.5795742485289466,"[139.0, 214.0]"
normal_0154_EDD,0,1,9,normal,"[289.0, 216.0]",57.01751796098172,0.7804621160030364,0.1070576906204223,0.92532080411911,-0.1283993124961853,0.7640440249208971,"[299.0, 207.0]"
normal_0155_EDD,0,1,9,normal,"[410.0, 203.0]",45.254833995939045,0.851121437549591,0.1630933880805969,0.9433755874633788,-0.1383256912231445,0.5889704238135655,"[421.0, 188.0]"
normal_0156_EDD,0,3,9,normal,"[232.0, 220.0]",143.67514218359975,0.8237716168165207,0.1182995438575744,0.9887880682945251,-0.0666021257638931,0.2489166911820213,"[125.0, 206.0]"
normal_0156_EDD,1,4,9,normal,"[341.0, 172.0]",35.918785545899944,0.7293774545192717,0.0227658152580261,0.9928245544433594,-0.0581722557544708,-5.087609851128953,"[125.0, 206.0]"
normal_0156_EDD,2,4,9,normal,"[305.0, 311.0]",57.01751796098172,0.7434547185897827,0.0388122797012329,0.9925668239593506,-0.0492283105850219,-2.654783078848687,"[125.0, 206.0]"
normal_0157_EDD,0,3,9,normal,"[300.0, 228.0]",143.67514218359975,0.8785591542720794,0.1748077869415283,0.9799090027809144,-0.0890753269195556,0.737629258081608,"[286.0, 193.0]"
normal_0157_EDD,1,4,9,normal,"[402.0, 184.0]",35.918785545899944,0.7311273157596588,0.0265533328056335,0.9928767681121826,-0.0478012263774871,-2.2392134733639,"[286.0, 193.0]"
normal_0157_EDD,2,4,9,normal,"[381.0, 278.0]",35.918785545899944,0.7268557488918305,0.0203657150268554,0.9934659600257874,-0.0553193092346191,-2.5489921472128025,"[286.0, 193.0]"
normal_0157_EDD,3,4,9,normal,"[285.0, 308.0]",35.918785545899944,0.7176282346248626,0.0145221948623657,0.9937660098075868,-0.0373491644859313,-2.201788312050212,"[286.0, 193.0]"
normal_0157_EDD,4,4,9,normal,"[378.0, 267.0]",45.254833995939045,0.7307980358600616,0.0251461267471313,0.9927567839622498,-0.0536108016967773,-1.608953933092725,"[286.0, 193.0]"
normal_0157_EDD,5,4,9,normal,"[272.0, 302.0]",45.254833995939045,0.7235840618610381,0.0206966400146484,0.993695080280304,-0.036504328250885,-1.428368311490248,"[286.0, 193.0]"
normal_0158_EDD,0,1,9,normal,"[153.0, 198.0]",35.918785545899944,0.8240074872970581,0.1188628673553466,0.9685056209564208,-0.1359534263610839,0.4022372909533198,"[143.0, 217.0]"
normal_0158_EDD,1,4,9,normal,"[252.0, 185.0]",35.918785545899944,0.7350126147270202,0.0607221722602844,0.9395355582237244,-0.0830777585506439,-2.16269535090584,"[143.0, 217.0]"
normal_0158_EDD,2,4,9,normal,"[227.0, 269.0]",35.918785545899944,0.6695098340511322,0.0234149694442749,0.9149359464645386,-0.0281985104084014,-1.7504468979214898,"[143.0, 217.0]"
normal_0159_EDD,0,1,9,normal,"[414.0, 180.0]",35.918785545899944,0.8483487129211426,0.1420753598213195,0.967442274093628,-0.1453188061714172,0.2761447915109745,"[424.0, 204.0]"
normal_0159_EDD,1,4,9,normal,"[316.0, 292.0]",71.83757109179989,0.7081923574209213,0.0720230937004089,0.8962734341621399,-0.0438892990350723,-0.9392721109698854,"[424.0, 204.0]"
normal_0160_EDD,0,2,9,normal,"[294.0, 198.0]",71.83757109179989,0.7839836478233337,0.0815472602844238,0.9669070243835448,-0.1280073523521423,0.9498096717265604,"[291.0, 200.0]"
normal_0161_EDD,0,1,9,normal,"[291.0, 195.0]",45.254833995939045,0.7925873219966888,0.1094746589660644,0.9363536238670348,-0.1383256316184997,0.6715031868495525,"[281.0, 206.0]"
normal_0162_EDD,0,1,9,normal,"[294.0, 205.0]",45.254833995939045,0.7959733784198761,0.1153246760368347,0.9332957863807678,-0.1367082595825195,0.1194373247746644,"[306.0, 243.0]"
normal_0163_EDD,0,1,9,normal,"[160.0, 192.0]",45.254833995939045,0.8276092112064362,0.1193368434906005,0.9746069312095642,-0.1302375793457031,0.3192805965377512,"[142.0, 217.0]"
normal_0163_EDD,1,4,9,normal,"[260.0, 175.0]",35.918785545899944,0.6666729390621184,0.0384657382965087,0.8888153433799744,-0.0301823019981384,-2.4870818874082627,"[142.0, 217.0]"
normal_0163_EDD,2,4,9,normal,"[232.0, 279.0]",35.918785545899944,0.6804440617561339,0.0363337397575378,0.9074498414993286,-0.0444771647453308,-2.0426587947651,"[142.0, 217.0]"
normal_0163_EDD,3,2,9,normal,"[161.0, 198.0]",57.01751796098172,0.7914681136608123,0.1064541339874267,0.9413897395133972,-0.1302058100700378,0.5287403126969408,"[142.0, 217.0]"
normal_0164_EDD,0,2,9,normal,"[308.0, 218.0]",71.83757109179989,0.7904699742794036,0.096570074558258,0.954140841960907,-0.1300065517425537,0.5062709503831619,"[295.0, 251.0]"
normal_0165_EDD,0,2,9,normal,"[318.0, 220.0]",71.83757109179989,0.779487907886505,0.0968625545501709,0.9381949305534364,-0.1294445097446441,0.7716902281412339,"[328.0, 233.0]"
normal_0166_EDD,0,1,9,normal,"[116.0, 178.0]",57.01751796098172,0.7613988578319549,0.0559877157211303,0.9730874300003052,-0.1212497055530548,0.6799529645716542,"[98.0, 181.0]"
normal_0166_EDD,1,4,9,normal,"[199.0, 287.0]",57.01751796098172,0.7429548025131225,0.0535427331924438,0.9654656648635864,-0.067930519580841,-1.5678739166488995,"[98.0, 181.0]"
normal_0167_EDD,0,1,9,normal,"[458.0, 224.0]",57.01751796098172,0.8128445506095886,0.1164557933807373,0.9545068740844728,-0.1411697268486023,0.6594645201456383,"[477.0, 220.0]"
normal_0167_EDD,1,4,9,normal,"[332.0, 182.0]",45.254833995939045,0.6756697833538056,0.0340498089790344,0.9061579704284668,-0.0365469753742218,-2.3122788841294746,"[477.0, 220.0]"
normal_0168_EDD,0,3,9,normal,"[282.0, 202.0]",114.03503592196344,0.863042014837265,0.1481671333312988,0.9870750904083252,-0.1196115911006927,0.6754198326208043,"[281.0, 165.0]"
normal_0168_EDD,1,4,9,normal,"[351.0, 181.0]",45.254833995939045,0.7399861514568329,0.0308720469474792,0.9930779337882996,-0.0697977542877197,-0.5866877843482627,"[281.0, 165.0]"
normal_0168_EDD,2,4,9,normal,"[317.0, 275.0]",45.254833995939045,0.7360018849372864,0.0288268327713012,0.9930077791213988,-0.0603480339050293,-1.5575409332012655,"[281.0, 165.0]"
normal_0169_EDD,0,1,9,normal,"[280.0, 214.0]",57.01751796098172,0.8122878491878509,0.151426076889038,0.9030439257621764,-0.1436551213264465,0.6766066013746157,"[292.0, 200.0]"
normal_0170_EDD,0,1,9,normal,"[414.0, 191.0]",45.254833995939045,0.8867488861083984,0.189566969871521,0.9531841278076172,-0.149765133857727,0.7093581994103395,"[427.0, 189.0]"
normal_0171_EDD,0,3,0,normal,"[300.0, 208.0]",90.50966799187808,0.8047317266464232,0.0988849401473999,0.9731390476226808,-0.1232472658157348,0.7229039398286219,"[323.0, 198.0]"
normal_0171_EDD,1,4,0,normal,"[371.0, 205.0]",35.918785545899944,0.728626823425293,0.0285830497741699,0.9786719083786012,-0.0748671889305114,-0.3504836147801404,"[323.0, 198.0]"
normal_0172_EDD,0,1,9,normal,"[138.0, 200.0]",45.254833995939045,0.8611390650272369,0.1701995134353637,0.9430673718452454,-0.153961956501007,0.7093581994103395,"[125.0, 198.0]"
normal_0173_EDD,0,1,9,normal,"[266.0, 193.0]",57.01751796098172,0.8058123946189879,0.141781210899353,0.9081943035125732,-0.1414758563041687,0.7081016927379651,"[257.0, 179.0]"
normal_0173_EDD,1,4,9,normal,"[310.0, 310.0]",35.918785545899944,0.6016742050647735,0.0368956327438354,0.8003008961677551,-0.0228397250175476,-2.934299232777007,"[257.0, 179.0]"
normal_0174_EDD,0,3,9,normal,"[318.0, 218.0]",114.03503592196344,0.8792006492614746,0.1661654114723205,0.9861211180686952,-0.1137522757053375,0.8491283806333103,"[308.0, 232.0]"
normal_0174_EDD,1,4,9,normal,"[251.0, 185.0]",35.918785545899944,0.7289980113506317,0.0222464203834533,0.9933093190193176,-0.05717533826828,-1.056814481509901,"[308.0, 232.0]"
normal_0174_EDD,2,4,9,normal,"[245.0, 256.0]",35.918785545899944,0.7274354100227355,0.0222012400627136,0.9909822940826416,-0.0577328205108642,-0.8769180009324722,"[308.0, 232.0]"
normal_0174_EDD,3,4,9,normal,"[255.0, 192.0]",45.254833995939045,0.7345003485679625,0.0285953879356384,0.9921599626541138,-0.0569649338722229,-0.46725322669606,"[308.0, 232.0]"
normal_0174_EDD,4,4,9,normal,"[252.0, 244.0]",45.254833995939045,0.7263962805271149,0.022584855556488,0.990009605884552,-0.0540235042572021,-0.2655285457072867,"[308.0, 232.0]"
normal_0175_EDD,0,3,9,normal,"[280.0, 212.0]",114.03503592196344,0.8778126120567321,0.165843665599823,0.9829756021499634,-0.119430124759674,0.8419103722678991,"[298.0, 211.0]"
normal_0175_EDD,1,4,9,normal,"[267.0, 291.0]",35.918785545899944,0.7271592199802398,0.0244548320770263,0.9895928502082824,-0.0499469637870788,-1.3886183514074872,"[298.0, 211.0]"
normal_0175_EDD,2,4,9,normal,"[223.0, 191.0]",57.01751796098172,0.7625483274459838,0.0530450344085693,0.98927104473114,-0.0850678086280822,-0.3613513224903566,"[298.0, 211.0]"
normal_0176_EDD,0,1,9,normal,"[454.0, 206.0]",45.254833995939045,0.8376270830631256,0.1258576512336731,0.9779711365699768,-0.1359481811523437,0.6016391005005637,"[471.0, 200.0]"
normal_0176_EDD,1,4,9,normal,"[382.0, 263.0]",35.918785545899944,0.6930808424949646,0.0293691158294677,0.9351339936256408,-0.045589655637741,-2.0357729230274235,"[471.0, 200.0]"
normal_0176_EDD,2,1,9,normal,"[449.0, 208.0]",57.01751796098172,0.8055066764354706,0.1157856583595275,0.9467592835426332,-0.1349475979804992,0.5894349551052224,"[471.0, 200.0]"
normal_0177_EDD,0,1,9,normal,"[144.0, 193.0]",45.254833995939045,0.795015001296997,0.0884150266647338,0.97071373462677,-0.1355018019676208,0.5778357473091783,"[125.0, 191.0]"
normal_0177_EDD,1,4,9,normal,"[247.0, 296.0]",57.01751796098172,0.7203070282936096,0.0603298544883728,0.9278929829597472,-0.0522604286670684,-1.82303990705546,"[125.0, 191.0]"
normal_0178_EDD,0,2,9,normal,"[278.0, 210.0]",90.50966799187808,0.8125054419040679,0.113423466682434,0.9619784951210022,-0.1284851431846618,0.9601639100500564,"[276.0, 207.0]"
normal_0179_EDD,0,3,9,normal,"[294.0, 232.0]",114.03503592196344,0.8268845200538635,0.1136591434478759,0.9910104274749756,-0.0975903868675232,0.3502476356294985,"[357.0, 193.0]"
normal_0179_EDD,1,4,9,normal,"[227.0, 285.0]",35.918785545899944,0.7303285121917724,0.022553265094757,0.994318425655365,-0.0587617456912994,-3.433913619084678,"[357.0, 193.0]"
normal_0179_EDD,2,4,9,normal,"[236.0, 287.0]",45.254833995939045,0.7359700441360473,0.0283881425857543,0.9941075444221495,-0.058533102273941,-2.385761200417124,"[357.0, 193.0]"
normal_0179_EDD,3,4,9,normal,"[245.0, 285.0]",57.01751796098172,0.7492602407932282,0.0420633554458618,0.9933215379714966,-0.0593590438365936,-1.5420497531150672,"[357.0, 193.0]"
normal_0180_EDD,0,3,9,normal,"[304.0, 230.0]",114.03503592196344,0.8628877460956573,0.1497119665145874,0.9830731749534608,-0.1251227855682373,0.7332941371430451,"[299.0, 200.0]"
normal_0181_EDD,0,4,9,normal,"[186.0, 228.0]",90.50966799187808,0.8087891817092895,0.0940732359886169,0.9858871102333068,-0.1229748427867889,-0.1033617840774165,"[104.0, 171.0]"
normal_0181_EDD,1,4,9,normal,"[268.0, 169.0]",35.918785545899944,0.7476427495479583,0.0359605550765991,0.9903997778892516,-0.0920117497444152,-3.566195437175322,"[104.0, 171.0]"
normal_0181_EDD,2,4,9,normal,"[238.0, 285.0]",35.918785545899944,0.7384843230247498,0.0291209816932678,0.9888981580734252,-0.0856731534004211,-3.898044360246368,"[104.0, 171.0]"
normal_0181_EDD,3,1,9,normal,"[122.0, 192.0]",45.254833995939045,0.7695692777633667,0.0621313452720642,0.9813390970230104,-0.1025028228759765,0.3888247745122517,"[104.0, 171.0]"
normal_0182_EDD,0,1,9,normal,"[474.0, 189.0]",45.254833995939045,0.7806805074214935,0.0728841423988342,0.9737314581871032,-0.130921721458435,0.2329413932104014,"[500.0, 166.0]"
normal_0182_EDD,1,4,9,normal,"[383.0, 169.0]",35.918785545899944,0.7218004703521728,0.0256609916687011,0.9734875559806824,-0.07349094748497,-2.2584190539857123,"[500.0, 166.0]"
normal_0182_EDD,2,4,9,normal,"[385.0, 280.0]",45.254833995939045,0.7372678279876709,0.0390055179595947,0.9751408696174622,-0.0783185064792633,-2.5781591155578867,"[500.0, 166.0]"
normal_0183_EDD,0,3,9,normal,"[284.0, 236.0]",114.03503592196344,0.817023354768753,0.106852650642395,0.9915932416915894,-0.0802771747112274,0.2600511609725013,"[356.0, 192.0]"
normal_0183_EDD,1,4,9,normal,"[237.0, 209.0]",45.254833995939045,0.7307573080062866,0.0245588421821594,0.9955088496208192,-0.0467113554477691,-1.65625,"[356.0, 192.0]"
normal_0183_EDD,2,4,9,normal,"[231.0, 298.0]",45.254833995939045,0.7372000634670257,0.0291523337364196,0.9950044751167296,-0.0577229857444763,-2.621563565126256,"[356.0, 192.0]"
normal_0183_EDD,3,4,9,normal,"[239.0, 292.0]",57.01751796098172,0.752587616443634,0.0452054738998413,0.9940779209136964,-0.0576379895210266,-1.6993864026696666,"[356.0, 192.0]"
normal_0184_EDD,0,1,9,normal,"[494.0, 192.0]",35.918785545899944,0.8177553117275238,0.1007159352302551,0.9940233826637268,-0.1061150431632995,0.5889386894396608,"[507.0, 199.0]"
normal_0184_EDD,1,4,9,normal,"[408.0, 232.0]",90.50966799187808,0.7897614955902099,0.0785426497459411,0.9856634140014648,-0.106272280216217,-0.152972550898329,"[507.0, 199.0]"
normal_0185_EDD,0,4,9,normal,"[188.0, 226.0]",90.50966799187808,0.8044665157794951,0.0886365175247192,0.99010968208313,-0.1137661039829254,-0.1278176520386618,"[104.0, 168.0]"
normal_0185_EDD,1,4,9,normal,"[274.0, 164.0]",35.918785545899944,0.7427451133728027,0.0306876301765441,0.9943948984146118,-0.0799052715301513,-3.734209404009494,"[104.0, 168.0]"
normal_0185_EDD,2,4,9,normal,"[355.0, 178.0]",35.918785545899944,0.7542044878005981,0.0413217544555664,0.9911835193634032,-0.095271348953247,-5.993530554681263,"[104.0, 168.0]"
normal_0185_EDD,3,1,9,normal,"[117.0, 189.0]",35.918785545899944,0.7709879755973815,0.0602610111236572,0.990543007850647,-0.0867342948913574,0.3123882755196275,"[104.0, 168.0]"
normal_0185_EDD,4,4,9,normal,"[241.0, 289.0]",35.918785545899944,0.7378220379352569,0.0273016095161438,0.993408977985382,-0.0756707191467285,-4.088814189629157,"[104.0, 168.0]"
normal_0185_EDD,5,1,9,normal,"[121.0, 193.0]",45.254833995939045,0.7646607935428619,0.0589784383773803,0.9833397269248962,-0.086722731590271,0.3319513022990016,"[104.0, 168.0]"
normal_0185_EDD,6,4,9,normal,"[232.0, 283.0]",45.254833995939045,0.7440574884414672,0.0348651409149169,0.9921834468841552,-0.073319673538208,-2.802304502699646,"[104.0, 168.0]"
normal_0186_EDD,0,1,9,normal,"[326.0, 218.0]",71.83757109179989,0.8004694521427154,0.1064115166664123,0.9542158842086792,-0.1305340826511383,0.4183382845982379,"[341.0, 257.0]"
normal_0187_EDD,0,1,9,normal,"[129.0, 205.0]",45.254833995939045,0.8070321977138518,0.108133852481842,0.9612159132957458,-0.1302360296249389,0.5830729979960521,"[113.0, 215.0]"
normal_0187_EDD,1,4,9,normal,"[238.0, 161.0]",35.918785545899944,0.6525020539760589,0.0277366638183593,0.8848685622215271,-0.026786983013153,-2.790922733086706,"[113.0, 215.0]"
normal_0188_EDD,0,1,9,normal,"[274.0, 222.0]",45.254833995939045,0.834591519832611,0.1458069682121276,0.945813775062561,-0.1335745453834533,0.3441221293182701,"[258.0, 197.0]"
normal_0188_EDD,1,4,9,normal,"[309.0, 319.0]",35.918785545899944,0.6382304668426514,0.0535150170326232,0.8246179223060608,-0.0374145209789276,-2.681384454361223,"[258.0, 197.0]"
normal_0189_EDD,0,1,9,normal,"[408.0, 212.0]",45.254833995939045,0.8695813655853271,0.1858855485916137,0.9358092546463012,-0.1431466937065124,0.731177335404918,"[420.0, 210.0]"
normal_0189_EDD,1,4,9,normal,"[350.0, 305.0]",35.918785545899944,0.6476375699043274,0.0544818639755249,0.8344959020614624,-0.045042872428894,-2.285306989604759,"[420.0, 210.0]"
normal_0190_EDD,0,1,9,normal,"[149.0, 220.0]",45.254833995939045,0.8268320083618164,0.1512910723686218,0.9234687089920044,-0.1455641984939575,0.4511197478046782,"[133.0, 201.0]"
normal_0190_EDD,1,4,9,normal,"[216.0, 294.0]",35.918785545899944,0.6313829332590103,0.0424708127975463,0.8337838053703308,-0.0263172835111618,-2.4703710700737496,"[133.0, 201.0]"
normal_0190_EDD,2,4,9,normal,"[205.0, 305.0]",45.254833995939045,0.6447398006916045,0.0558071136474609,0.8335407972335815,-0.0272706449031829,-1.7950849718747368,"[133.0, 201.0]"
normal_0191_EDD,0,1,9,normal,"[281.0, 214.0]",57.01751796098172,0.7872630178928375,0.1246037483215332,0.908773958683014,-0.1325874924659729,0.8168930026723529,"[291.0, 211.0]"
normal_0191_EDD,1,4,9,normal,"[232.0, 303.0]",35.918785545899944,0.6490527272224426,0.0574454665184021,0.8342636227607727,-0.0381136238574981,-2.0427861639509466,"[291.0, 211.0]"
normal_0192_EDD,0,1,0,normal,"[143.0, 194.0]",57.01751796098172,0.7949167251586913,0.1058006286621093,0.9468616247177124,-0.1315647959709167,-3.4553236127239613,"[259.0, 420.0]"
normal_0193_EDD,0,3,9,normal,"[156.0, 216.0]",90.50966799187808,0.7899209976196289,0.096690833568573,0.9640786647796632,-0.0918754935264587,0.4103761792464623,"[104.0, 204.0]"
normal_0193_EDD,1,1,9,normal,"[123.0, 186.0]",45.254833995939045,0.7678585410118103,0.0589518547058105,0.9789791107177734,-0.1181065440177917,0.4216638898961954,"[104.0, 204.0]"
normal_0193_EDD,2,4,9,normal,"[212.0, 288.0]",57.01751796098172,0.7650991201400756,0.0593157410621643,0.9802005887031556,-0.0982148349285125,-1.3996318307914786,"[104.0, 204.0]"
normal_0194_EDD,0,1,9,normal,"[104.0, 185.0]",57.01751796098172,0.8076817631721496,0.1034530401229858,0.967836618423462,-0.1337154507637024,0.8194304047392502,"[95.0, 190.0]"
normal_0194_EDD,1,4,9,normal,"[223.0, 185.0]",35.918785545899944,0.710509169101715,0.0292205214500427,0.958691418170929,-0.0510232746601104,-2.5663126433325005,"[95.0, 190.0]"
normal_0195_EDD,0,2,9,normal,"[294.0, 198.0]",71.83757109179989,0.7885343492031097,0.0876519680023193,0.962356984615326,-0.1361624598503112,0.4877786313386579,"[319.0, 225.0]"
normal_0196_EDD,0,1,9,normal,"[106.0, 206.0]",57.01751796098172,0.7852022945880889,0.0812565684318542,0.9685843586921692,-0.1296833753585815,0.3230059898844999,"[83.0, 237.0]"
normal_0197_EDD,0,1,9,normal,"[480.0, 210.0]",35.918785545899944,0.8344989776611327,0.1465715765953064,0.9417695999145508,-0.1434434056282043,0.3266260850053568,"[501.0, 198.0]"
normal_0197_EDD,1,4,9,normal,"[402.0, 285.0]",35.918785545899944,0.6248103618621825,0.0322127342224121,0.8408538103103638,-0.0199998021125793,-2.6692581281879373,"[501.0, 198.0]"
normal_0197_EDD,2,4,9,normal,"[380.0, 156.0]",45.254833995939045,0.6473909497261047,0.0410806536674499,0.8556214570999146,-0.036876380443573,-1.830239195942633,"[501.0, 198.0]"
normal_0198_EDD,0,1,9,normal,"[157.0, 196.0]",57.01751796098172,0.7874638497829437,0.0804336071014404,0.9711942076683044,-0.1359714865684509,0.5229020485232903,"[141.0, 174.0]"
normal_0199_EDD,0,2,9,normal,"[296.0, 212.0]",71.83757109179989,0.7952393233776092,0.1164326667785644,0.931957483291626,-0.132182091474533,0.7130258190140629,"[316.0, 217.0]"
normal_0200_EDD,0,1,9,normal,"[438.0, 207.0]",57.01751796098172,0.8058332562446594,0.1113464832305908,0.9542398452758788,-0.1325944066047668,0.5149099020619234,"[465.0, 213.0]"
normal_0201_EDD,0,2,9,normal,"[278.0, 202.0]",71.83757109179989,0.799956351518631,0.1280454397201538,0.922357738018036,-0.1313024759292602,0.787515957311979,"[270.0, 189.0]"
normal_0202_EDD,0,2,9,normal,"[300.0, 220.0]",71.83757109179989,0.7905096113681793,0.1157448887825012,0.9276168346405028,-0.1271646916866302,0.6959762233618365,"[321.0, 214.0]"
normal_0202_EDD,1,4,9,normal,"[251.0, 308.0]",35.918785545899944,0.6649198651313781,0.0423490405082702,0.8804720044136047,-0.0312021076679229,-2.2629355589458986,"[321.0, 214.0]"
normal_0203_EDD,0,1,9,normal,"[135.0, 192.0]",45.254833995939045,0.8245056271553038,0.1317219138145446,0.9510214328765868,-0.1353435516357422,0.5613853485119313,"[120.0, 179.0]"
normal_0203_EDD,1,4,9,normal,"[204.0, 286.0]",45.254833995939045,0.6526539087295532,0.0475658774375915,0.8570221066474915,-0.0258627831935882,-2.0059348847322025,"[120.0, 179.0]"
normal_0204_EDD,0,3,9,normal,"[306.0, 196.0]",90.50966799187808,0.7845743358135223,0.0844534635543823,0.9697794914245604,-0.1063761413097381,0.6151996763742266,"[333.0, 218.0]"
normal_0204_EDD,1,4,9,normal,"[264.0, 166.0]",35.918785545899944,0.731692498922348,0.0267297625541687,0.984325349330902,-0.0796749591827392,-1.40543298355013,"[333.0, 218.0]"
normal_0204_EDD,2,4,9,normal,"[258.0, 294.0]",45.254833995939045,0.7537680268287658,0.0460926294326782,0.980860710144043,-0.1053645014762878,-1.359426737843326,"[333.0, 218.0]"
normal_0204_EDD,3,3,9,normal,"[310.0, 184.0]",71.83757109179989,0.7554651618003845,0.051162838935852,0.9753512740135192,-0.1077821552753448,0.4285893735035646,"[333.0, 218.0]"
normal_0205_EDD,0,3,9,normal,"[308.0, 228.0]",143.67514218359975,0.8755566209554673,0.1759809255599975,0.9815797209739684,-0.0623494535684585,0.7776018166280382,"[319.0, 198.0]"
normal_0205_EDD,1,4,9,normal,"[222.0, 208.0]",45.254833995939045,0.7300500571727753,0.024317979812622,0.9937666654586792,-0.0504770576953887,-1.1547775769786544,"[319.0, 198.0]"
normal_0206_EDD,0,1,9,normal,"[132.0, 211.0]",45.254833995939045,0.8363885223865508,0.1309909224510193,0.9677779078483582,-0.1397653222084045,0.5153730493977868,"[112.0, 202.0]"
normal_0206_EDD,1,4,9,normal,"[227.0, 300.0]",45.254833995939045,0.6599171787500381,0.0365908741950988,0.8841161727905273,-0.0222249180078506,-2.33870823167434,"[112.0, 202.0]"
normal_0207_EDD,0,1,9,normal,"[124.0, 191.0]",35.918785545899944,0.8466128945350646,0.1244279742240905,0.9885855913162231,-0.1508750319480896,0.3034287873007001,"[99.0, 192.0]"
normal_0207_EDD,1,4,9,normal,"[219.0, 212.0]",35.918785545899944,0.7935636520385743,0.0837896466255188,0.9773075580596924,-0.1282935738563537,-2.386953338121731,"[99.0, 192.0]"
normal_0207_EDD,2,4,9,normal,"[233.0, 370.0]",35.918785545899944,0.7201769053936005,0.0378623008728027,0.9585453867912292,-0.0566641688346862,-5.202892321663424,"[99.0, 192.0]"
normal_0207_EDD,3,4,9,normal,"[198.0, 402.0]",90.50966799187808,0.727302724123001,0.0684846043586731,0.9255019426345824,-0.0548337996006011,-1.5650949132658811,"[99.0, 192.0]"
normal_0208_EDD,0,2,9,normal,"[268.0, 216.0]",90.50966799187808,0.8182239294052124,0.1024883389472961,0.9810171127319336,-0.1451180577278137,0.84375,"[278.0, 206.0]"
normal_0208_EDD,1,4,9,normal,"[271.0, 158.0]",35.918785545899944,0.7466675043106078,0.0412619709968566,0.9851236343383788,-0.0790949463844299,-0.3504836147801404,"[278.0, 206.0]"
normal_0209_EDD,0,2,9,normal,"[282.0, 192.0]",90.50966799187808,0.8081031799316406,0.1023181080818176,0.9741682410240172,-0.1193365156650543,0.6748648117705498,"[287.0, 221.0]"
normal_0209_EDD,1,4,9,normal,"[329.0, 176.0]",35.918785545899944,0.7419967174530029,0.0333633422851562,0.988278865814209,-0.0841908454895019,-0.7137231298477444,"[287.0, 221.0]"
normal_0209_EDD,2,4,9,normal,"[321.0, 177.0]",45.254833995939045,0.7455496966838836,0.0381423830986022,0.9860695004463196,-0.0857933163642883,-0.2287252032085938,"[287.0, 221.0]"
normal_0209_EDD,3,4,9,normal,"[276.0, 286.0]",57.01751796098172,0.7669213950634002,0.0575845837593078,0.984093964099884,-0.1023551821708679,-0.1562095519575466,"[287.0, 221.0]"
normal_0210_EDD,0,1,9,normal,"[466.0, 200.0]",35.918785545899944,0.7846325814723968,0.0677667260169982,0.9920988082885742,-0.111983448266983,0.4260516380281258,"[479.0, 216.0]"
normal_0210_EDD,1,4,9,normal,"[371.0, 192.0]",35.918785545899944,0.7453056454658508,0.0321471691131591,0.9916160106658936,-0.0951363444328308,-2.080130127065038,"[479.0, 216.0]"
normal_0210_EDD,2,4,9,normal,"[316.0, 306.0]",90.50966799187808,0.7838411450386047,0.0794732570648193,0.976041853427887,-0.1056929528713226,-1.057196068453977,"[479.0, 216.0]"
normal_0211_EDD,0,1,9,normal,"[318.0, 214.0]",57.01751796098172,0.7925637125968932,0.0990996956825256,0.9503240585327148,-0.1411858797073364,0.6594645201456383,"[302.0, 203.0]"
normal_0212_EDD,0,1,9,normal,"[406.0, 196.0]",35.918785545899944,0.8099921464920044,0.120873749256134,0.9502174854278564,-0.1198307871818542,0.7243922703354966,"[413.0, 189.0]"
normal_0212_EDD,1,3,9,normal,"[380.0, 208.0]",71.83757109179989,0.777155190706253,0.1295362114906311,0.8953976631164551,-0.1042030751705169,0.4699310548701699,"[413.0, 189.0]"
normal_0213_EDD,0,1,9,normal,"[279.0, 244.0]",35.918785545899944,0.7776606738567352,0.08070969581604,0.9665840268135072,-0.1017107963562011,0.601383486505136,"[285.0, 231.0]"
normal_0213_EDD,1,3,9,normal,"[268.0, 238.0]",71.83757109179989,0.766294503211975,0.1089538931846618,0.9097609519958496,-0.1025397181510925,0.7440785367401039,"[285.0, 231.0]"
normal_0214_EDD,0,1,9,normal,"[157.0, 202.0]",35.918785545899944,0.8394027233123779,0.1377804279327392,0.9676047563552856,-0.1214948296546936,0.2761447915109745,"[147.0, 226.0]"
normal_0215_EDD,0,3,9,normal,"[412.0, 226.0]",114.03503592196344,0.7960170626640319,0.1125040054321289,0.9498246908187866,-0.0931788682937622,0.3497744000501049,"[485.0, 213.0]"
normal_0215_EDD,1,4,9,normal,"[382.0, 186.0]",35.918785545899944,0.7334851264953612,0.0276739597320556,0.9866765737533568,-0.075687825679779,-1.9644667396343247,"[485.0, 213.0]"
normal_0215_EDD,2,1,9,normal,"[476.0, 215.0]",35.918785545899944,0.7934500634670257,0.0796341896057128,0.9849900603294371,-0.1216141581535339,0.7433224894112469,"[485.0, 213.0]"
normal_0215_EDD,3,4,9,normal,"[381.0, 179.0]",45.254833995939045,0.734793221950531,0.0323373079299926,0.9818915128707886,-0.0756592750549316,-1.4177888917355874,"[485.0, 213.0]"
normal_0215_EDD,4,4,9,normal,"[386.0, 277.0]",57.01751796098172,0.7554899454116821,0.0521100163459777,0.9796844720840454,-0.0880039930343627,-1.0675319081003205,"[485.0, 213.0]"
normal_0216_EDD,0,2,9,normal,"[286.0, 208.0]",71.83757109179989,0.7859848141670227,0.1211708784103393,0.9163615703582764,-0.1168041825294494,0.5364312698137041,"[261.0, 186.0]"
normal_0217_EDD,0,2,9,normal,"[292.0, 206.0]",90.50966799187808,0.8433084607124328,0.1374630331993103,0.9677807092666626,-0.1419946551322937,0.5696737701899872,"[311.0, 240.0]"
normal_0218_EDD,0,3,9,normal,"[306.0, 238.0]",114.03503592196344,0.9196679413318634,0.2054624557495117,0.9833824038505554,-0.1291890144348144,0.720895769722391,"[328.0, 215.0]"
normal_0218_EDD,1,4,9,normal,"[378.0, 223.0]",35.918785545899944,0.7386887848377228,0.0319101214408874,0.9910616278648376,-0.0651776194572448,-0.4097346231258825,"[328.0, 215.0]"
normal_0218_EDD,2,4,9,normal,"[355.0, 289.0]",35.918785545899944,0.7399321019649505,0.0345984697341918,0.9910992980003356,-0.0578206181526184,-1.1930536118090873,"[328.0, 215.0]"
normal_0219_EDD,0,1,9,normal,"[121.0, 183.0]",45.254833995939045,0.8246363937854767,0.1104241609573364,0.9811325669288636,-0.1370971798896789,0.3742192376718505,"[102.0, 162.0]"
normal_0219_EDD,1,4,9,normal,"[221.0, 260.0]",35.918785545899944,0.6811727404594421,0.0288436412811279,0.9220157265663148,-0.0345904529094696,-3.2918769795771565,"[102.0, 162.0]"
normal_0220_EDD,0,2,9,normal,"[286.0, 218.0]",90.50966799187808,0.853760403394699,0.1486331224441528,0.9665589928627014,-0.1426799297332763,0.7722284416076055,"[281.0, 198.0]"
normal_0221_EDD,0,3,9,normal,"[416.0, 236.0]",114.03503592196344,0.8892355144023895,0.1979082822799682,0.951742947101593,-0.1255358457565307,0.3751651013811736,"[487.0, 230.0]"
normal_0221_EDD,1,4,9,normal,"[340.0, 291.0]",35.918785545899944,0.7452990770339964,0.050764262676239,0.9714401960372924,-0.0726333856582641,-3.430940830537886,"[487.0, 230.0]"
normal_0221_EDD,2,3,9,normal,"[426.0, 230.0]",90.50966799187808,0.8660752475261688,0.1578755974769592,0.9756353497505188,-0.1262745261192321,0.3260388491815719,"[487.0, 230.0]"
normal_0222_EDD,0,2,9,normal,"[324.0, 218.0]",71.83757109179989,0.810367852449417,0.1297917366027832,0.9337764382362366,-0.1346630454063415,0.6576060774512272,"[346.0, 229.0]"
normal_0223_EDD,0,1,9,normal,"[457.0, 222.0]",45.254833995939045,0.8555198609828948,0.1738675832748413,0.9302638173103333,-0.1523380279541015,0.5647378663379963,"[475.0, 214.0]"
normal_0223_EDD,1,4,9,normal,"[363.0, 197.0]",35.918785545899944,0.6894657969474791,0.0547069907188415,0.8927930593490601,-0.0490183234214782,-2.1538603035657986,"[475.0, 214.0]"
normal_0224_EDD,0,1,9,normal,"[115.0, 210.0]",35.918785545899944,0.8613480269908904,0.139174222946167,0.9892367720603944,-0.1485403180122375,0.5651161609611727,"[103.0, 220.0]"
normal_0224_EDD,1,4,9,normal,"[211.0, 202.0]",35.918785545899944,0.7366340994834899,0.0546677708625793,0.954221248626709,-0.0700572729110717,-2.048258004309558,"[103.0, 220.0]"
normal_0224_EDD,2,4,9,normal,"[202.0, 255.0]",35.918785545899944,0.7312113940715789,0.0478220582008361,0.9572584629058838,-0.0665420591831207,-1.923393990105915,"[103.0, 220.0]"
normal_0224_EDD,3,3,9,normal,"[148.0, 228.0]",90.50966799187808,0.7472456455230713,0.0879207253456115,0.9207271337509156,-0.0740796327590942,0.4950199184002403,"[103.0, 220.0]"
normal_0225_EDD,0,1,9,normal,"[279.0, 218.0]",45.254833995939045,0.7470425844192505,0.0396605730056762,0.978717803955078,-0.1113977432250976,0.308251761838167,"[265.0, 190.0]"
normal_0226_EDD,0,3,9,normal,"[428.0, 192.0]",90.50966799187808,0.7896966397762298,0.1045396924018859,0.9489396214485168,-0.1044960618019104,0.4559223329224954,"[476.0, 203.0]"
normal_0226_EDD,1,4,9,normal,"[379.0, 192.0]",35.918785545899944,0.7416428685188292,0.0422173738479614,0.9757245779037476,-0.0820914506912231,-1.7178457570670722,"[476.0, 203.0]"
normal_0226_EDD,2,4,9,normal,"[380.0, 183.0]",45.254833995939045,0.7392977774143219,0.0443440079689025,0.9698099493980408,-0.0804340243339538,-1.1668669779199643,"[476.0, 203.0]"
normal_0226_EDD,3,1,9,normal,"[466.0, 203.0]",45.254833995939045,0.7540005803108214,0.0540847182273864,0.9671003818511964,-0.1147279739379882,0.7790291308792039,"[476.0, 203.0]"
normal_0226_EDD,4,2,9,normal,"[444.0, 194.0]",71.83757109179989,0.7687808632850647,0.0787071585655212,0.9562011361122132,-0.1036645472049713,0.5372680371568996,"[476.0, 203.0]"
normal_0227_EDD,0,1,9,normal,"[468.0, 195.0]",57.01751796098172,0.8336585342884063,0.1423463821411132,0.9467088580131532,-0.1430797576904297,0.6149516993159178,"[487.0, 184.0]"
normal_0227_EDD,1,4,9,normal,"[347.0, 174.0]",35.918785545899944,0.6792413651943207,0.0296235084533691,0.9160408973693848,-0.041946142911911,-2.9076123076829203,"[487.0, 184.0]"
normal_0228_EDD,0,2,9,normal,"[326.0, 214.0]",71.83757109179989,0.79019336104393,0.0970672369003295,0.9509981870651244,-0.1371369659900665,0.7930599751441841,"[340.0, 209.0]"
normal_0229_EDD,0,2,9,normal,"[292.0, 206.0]",71.83757109179989,0.7829114854335784,0.082451045513153,0.961922824382782,-0.1355723142623901,0.7893477504816566,"[277.0, 204.0]"
normal_0230_EDD,0,1,9,normal,"[468.0, 195.0]",57.01751796098172,0.8401525855064391,0.1478592157363891,0.9484484195709229,-0.1418973803520202,0.6153513344009531,"[488.0, 186.0]"
normal_0230_EDD,1,4,9,normal,"[349.0, 175.0]",35.918785545899944,0.6897572338581085,0.0327135920524597,0.9252724647521972,-0.0467645823955535,-2.881940058697352,"[488.0, 186.0]"
normal_0231_EDD,0,2,9,normal,"[326.0, 214.0]",71.83757109179989,0.795952159166336,0.0986106395721435,0.957053244113922,-0.1370212435722351,0.7870604711672318,"[341.0, 211.0]"
normal_0232_EDD,0,2,9,normal,"[266.0, 202.0]",71.83757109179989,0.7823942184448242,0.0811491012573242,0.9645602703094482,-0.1302646398544311,0.559801700961275,"[240.0, 184.0]"
normal_0233_EDD,0,3,9,normal,"[288.0, 232.0]",114.03503592196344,0.870673418045044,0.1595070958137512,0.97891366481781,-0.1296337842941284,0.7419400300863461,"[293.0, 203.0]"
normal_0233_EDD,1,4,9,normal,"[246.0, 298.0]",57.01751796098172,0.7762890934944152,0.0629263520240783,0.9900000095367432,-0.1018136739730835,-0.8589123028894452,"[293.0, 203.0]"
normal_0234_EDD,0,4,9,normal,"[404.0, 250.0]",90.50966799187808,0.806466919183731,0.1048229336738586,0.9686753153800964,-0.1178563237190246,0.0251577651678709,"[476.0, 199.0]"
normal_0234_EDD,1,4,9,normal,"[366.0, 169.0]",35.918785545899944,0.7070878624916076,0.0228359103202819,0.9633280634880066,-0.0496115386486053,-2.1743150771123068,"[476.0, 199.0]"
normal_0234_EDD,2,1,9,normal,"[466.0, 202.0]",35.918785545899944,0.7803753614425659,0.0664401054382324,0.9860882759094238,-0.118367314338684,0.7093357598193548,"[476.0, 199.0]"
normal_0234_EDD,3,4,9,normal,"[378.0, 223.0]",35.918785545899944,0.7195392072200775,0.0192505717277526,0.9830607771873474,-0.0607304573059082,-1.809003269782115,"[476.0, 199.0]"
normal_0235_EDD,0,4,9,normal,"[162.0, 226.0]",90.50966799187808,0.8045249760150909,0.1077091097831726,0.964824080467224,-0.1071950495243072,0.0312500000000001,"[100.0, 164.0]"
normal_0235_EDD,1,1,9,normal,"[116.0, 174.0]",35.918785545899944,0.7841044843196869,0.0681116580963134,0.9882286190986632,-0.1211639642715454,0.4747048939056641,"[100.0, 164.0]"
normal_0235_EDD,2,4,9,normal,"[139.0, 276.0]",35.918785545899944,0.7400328278541565,0.0405234098434448,0.9752476215362548,-0.0841804146766662,-2.3017806952813764,"[100.0, 164.0]"
normal_0235_EDD,3,4,9,normal,"[214.0, 207.0]",45.254833995939045,0.7308442890644073,0.0356429815292358,0.9709227681159972,-0.0777768492698669,-1.6923103751703663,"[100.0, 164.0]"
normal_0236_EDD,0,1,9,normal,"[420.0, 200.0]",45.254833995939045,0.8178537309169769,0.121887981891632,0.9529929757118224,-0.1443533301353454,0.4841383118994007,"[437.0, 216.0]"
normal_0236_EDD,1,4,9,normal,"[322.0, 151.0]",35.918785545899944,0.6878517150878906,0.0385035872459411,0.9113665223121644,-0.0569578111171722,-2.677698066027954,"[437.0, 216.0]"
normal_0237_EDD,0,1,9,normal,"[325.0, 226.0]",57.01751796098172,0.7701550900936126,0.0648714900016784,0.971624195575714,-0.1257333159446716,0.8630201742339719,"[331.0, 221.0]"
normal_0238_EDD,0,1,9,normal,"[286.0, 208.0]",45.254833995939045,0.8031652808189391,0.0950203537940979,0.9732456207275392,-0.1343649625778198,0.2396546837127225,"[306.0, 236.0]"
normal_0239_EDD,0,1,9,normal,"[177.0, 199.0]",45.254833995939045,0.7998087227344512,0.0928741693496704,0.9721285700798036,-0.1322227716445922,0.3012287570313158,"[159.0, 225.0]"
normal_0240_EDD,0,1,9,normal,"[267.0, 217.0]",57.01751796098172,0.7431943476200104,0.0504189729690551,0.9526186585426332,-0.1297115683555603,0.5036272288187391,"[252.0, 241.0]"
normal_0241_EDD,0,1,9,normal,"[159.0, 197.0]",35.918785545899944,0.7863233208656311,0.0876719951629638,0.9567979574203492,-0.1444637775421142,0.5759448438961359,"[145.0, 191.0]"
normal_0241_EDD,1,4,9,normal,"[173.0, 278.0]",35.918785545899944,0.734618079662323,0.0524141192436218,0.9513320922851562,-0.0813574790954589,-1.544483250726504,"[145.0, 191.0]"
normal_0242_EDD,0,1,9,normal,"[283.0, 232.0]",35.918785545899944,0.8188717603683471,0.1249136924743652,0.9490283727645874,-0.1481910347938537,0.5210124654103421,"[269.0, 222.0]"
normal_0242_EDD,1,4,9,normal,"[197.0, 225.0]",35.918785545899944,0.6620579242706299,0.0312349796295166,0.8902251720428467,-0.038326621055603,-1.0062613978052957,"[269.0, 222.0]"
normal_0242_EDD,2,4,9,normal,"[284.0, 321.0]",35.918785545899944,0.7114503622055053,0.0685714483261108,0.8992090225219727,-0.0671629905700683,-1.7876754207549048,"[269.0, 222.0]"
normal_0242_EDD,3,4,9,normal,"[191.0, 221.0]",45.254833995939045,0.6639966487884521,0.0385408997535705,0.8823468685150146,-0.0390647053718566,-0.7237144213152014,"[269.0, 222.0]"
normal_0243_EDD,0,1,9,normal,"[406.0, 207.0]",35.918785545899944,0.8806108772754669,0.168917179107666,0.974580943584442,-0.147435188293457,0.6370031833692216,"[413.0, 196.0]"
normal_0244_EDD,0,1,9,normal,"[274.0, 229.0]",45.254833995939045,0.7980015635490417,0.1125059127807617,0.9380027055740356,-0.1444687843322754,0.7035364693592144,"[280.0, 217.0]"
normal_0245_EDD,0,2,9,normal,"[282.0, 222.0]",90.50966799187808,0.8147655069828033,0.11110520362854,0.9692720174789428,-0.1258494555950164,0.671875,"[261.0, 201.0]"
normal_0245_EDD,1,4,9,normal,"[303.0, 316.0]",35.918785545899944,0.7373854994773864,0.0420495271682739,0.97212815284729,-0.0742313265800476,-2.408510887282925,"[261.0, 201.0]"
normal_0245_EDD,2,4,9,normal,"[302.0, 309.0]",45.254833995939045,0.739871460199356,0.0479316115379333,0.9673224091529846,-0.0740708112716674,-1.552667875233674,"[261.0, 201.0]"
normal_0246_EDD,0,4,9,normal,"[378.0, 288.0]",90.50966799187808,0.7632708966732025,0.0770377516746521,0.9535037279129028,-0.0939026772975921,-0.1182523334426803,"[440.0, 208.0]"
normal_0246_EDD,1,4,9,normal,"[350.0, 210.0]",35.918785545899944,0.7299270689487457,0.0351446270942688,0.9748848080635072,-0.0618153810501098,-1.5062712480737273,"[440.0, 208.0]"
normal_0246_EDD,2,4,9,normal,"[350.0, 205.0]",45.254833995939045,0.7265055358409881,0.037282645702362,0.9668685793876648,-0.0620744228363037,-0.9898423696991678,"[440.0, 208.0]"
normal_0246_EDD,3,4,9,normal,"[376.0, 310.0]",71.83757109179989,0.7579576849937438,0.0652152299880981,0.9620398879051208,-0.0965726673603057,-0.6762251835330801,"[440.0, 208.0]"
normal_0247_EDD,0,4,9,normal,"[192.0, 298.0]",71.83757109179989,0.774278676509857,0.0730359554290771,0.970300555229187,-0.1101616621017456,-0.2433556610552787,"[159.0, 215.0]"
normal_0247_EDD,1,4,9,normal,"[240.0, 176.0]",45.254833995939045,0.7335667490959167,0.040138304233551,0.9687785506248474,-0.0764172971248626,-0.9865268844141022,"[159.0, 215.0]"
normal_0248_EDD,0,3,9,normal,"[296.0, 216.0]",143.67514218359975,0.8776904582977294,0.1772383451461792,0.9849284291267396,-0.0550110638141632,0.895366058805342,"[297.0, 201.0]"
normal_0248_EDD,1,4,9,normal,"[381.0, 248.0]",35.918785545899944,0.7240613162517547,0.0210540294647216,0.9937166571617126,-0.0370281338691711,-1.6797918844907165,"[297.0, 201.0]"
normal_0248_EDD,2,4,9,normal,"[322.0, 323.0]",35.918785545899944,0.73021959066391,0.0308493971824646,0.9909358620643616,-0.028575450181961,-2.467131021042836,"[297.0, 201.0]"
normal_0248_EDD,3,4,9,normal,"[381.0, 187.0]",57.01751796098172,0.7391316771507264,0.0372926592826843,0.991080403327942,-0.0404136776924133,-0.493552831998947,"[297.0, 201.0]"
normal_0248_EDD,4,4,9,normal,"[372.0, 190.0]",71.83757109179989,0.7478994250297546,0.0477110147476196,0.9888737797737122,-0.0398838222026824,-0.0551912248831807,"[297.0, 201.0]"
normal_0249_EDD,0,1,9,normal,"[466.0, 207.0]",45.254833995939045,0.8412249267101288,0.1358751654624939,0.9660813212394714,-0.1454641819000244,0.7423058983988962,"[476.0, 201.0]"
normal_0249_EDD,1,4,9,normal,"[373.0, 254.0]",35.918785545899944,0.6610980451107025,0.0158913135528564,0.9138029217720032,-0.0277234315872192,-2.224944533446019,"[476.0, 201.0]"
normal_0249_EDD,2,4,9,normal,"[373.0, 280.0]",57.01751796098172,0.6799942135810851,0.0415292382240295,0.9035496711730956,-0.0299010276794433,-1.2766257546724795,"[476.0, 201.0]"
normal_0250_EDD,0,2,9,normal,"[160.0, 218.0]",90.50966799187808,0.7947020709514617,0.1262144446372985,0.9251558184623718,-0.1043927669525146,0.5792839994426169,"[125.0, 203.0]"
normal_0250_EDD,1,1,9,normal,"[138.0, 199.0]",45.254833995939045,0.7849232673645019,0.0849447846412658,0.9674795866012572,-0.1137138605117797,0.6994471240363853,"[125.0, 203.0]"
normal_0251_EDD,0,3,9,normal,"[294.0, 218.0]",90.50966799187808,0.8120818078517913,0.1265195608139038,0.9473700523376464,-0.1120160520076751,0.9558058261758408,"[294.0, 214.0]"
normal_0251_EDD,1,4,9,normal,"[261.0, 314.0]",35.918785545899944,0.734134829044342,0.0492350459098815,0.9553446173667908,-0.0807927548885345,-1.931733890736245,"[294.0, 214.0]"
normal_0251_EDD,2,2,9,normal,"[294.0, 208.0]",71.83757109179989,0.7806706964969635,0.085626482963562,0.9608623385429382,-0.1122028827667236,0.9164782451743432,"[294.0, 214.0]"
normal_0252_EDD,0,1,9,normal,"[424.0, 217.0]",35.918785545899944,0.7972794771194457,0.0966256856918335,0.965855360031128,-0.1227751970291137,0.6850197375262818,"[432.0, 209.0]"
normal_0252_EDD,1,4,9,normal,"[344.0, 212.0]",35.918785545899944,0.697364354133606,0.0331388711929321,0.935456156730652,-0.0470308661460876,-1.4513947277588546,"[432.0, 209.0]"
normal_0252_EDD,2,4,9,normal,"[343.0, 205.0]",45.254833995939045,0.6925651550292968,0.0339213013648986,0.9275850653648376,-0.0466715395450592,-0.9686259881577302,"[432.0, 209.0]"
normal_0253_EDD,0,2,9,normal,"[280.0, 206.0]",71.83757109179989,0.7777693569660186,0.0885615944862365,0.9494086503982544,-0.1231085360050201,0.7733940562202847,"[264.0, 209.0]"
normal_0254_EDD,0,1,9,normal,"[152.0, 207.0]",45.254833995939045,0.7841699779033661,0.0905070304870605,0.9534874558448792,-0.1311086416244506,0.6922231936938718,"[139.0, 212.0]"
normal_0255_EDD,0,1,9,normal,"[113.0, 194.0]",45.254833995939045,0.8072796821594237,0.1138660311698913,0.9517045021057128,-0.1361024975776672,0.6237001694127408,"[96.0, 195.0]"
normal_0255_EDD,1,4,9,normal,"[225.0, 197.0]",45.254833995939045,0.6872412323951721,0.0485666394233703,0.8998492956161499,-0.0439004302024841,-1.8508667815683704,"[96.0, 195.0]"
normal_0256_EDD,0,2,9,normal,"[296.0, 202.0]",71.83757109179989,0.7954592764377594,0.102541446685791,0.952164113521576,-0.1320147514343261,0.8546678799096774,"[286.0, 205.0]"
normal_0257_EDD,0,1,9,normal,"[471.0, 204.0]",45.254833995939045,0.8317384719848633,0.1389543414115905,0.9497736692428588,-0.1397128105163574,0.3279433385122948,"[498.0, 190.0]"
normal_0257_EDD,1,4,9,normal,"[370.0, 203.0]",45.254833995939045,0.6884540319442749,0.0402166247367858,0.9108211398124696,-0.0533130466938018,-1.8429772301673464,"[498.0, 190.0]"
normal_0258_EDD,0,2,0,normal,"[300.0, 208.0]",71.83757109179989,0.8061856567859649,0.1110634803771972,0.9563981890678406,-0.1282172203063964,0.2477888168661454,"[334.0, 166.0]"
normal_0259_EDD,0,1,9,normal,"[398.0, 196.0]",35.918785545899944,0.902807891368866,0.1883078813552856,0.976518988609314,-0.1546835899353027,0.4206749551681299,"[415.0, 184.0]"
normal_0259_EDD,1,4,9,normal,"[301.0, 323.0]",57.01751796098172,0.6851551622152328,0.0671690106391906,0.8680387735366821,-0.0517950505018234,-2.152878326321683,"[415.0, 184.0]"
normal_0259_EDD,2,4,9,normal,"[448.0, 72.0]",456.14014368785377,0.4977934397757053,-0.0256506204605102,0.7471062541007996,-0.0023484118282794,0.7440250762374996,"[415.0, 184.0]"
normal_0260_EDD,0,4,9,normal,"[406.0, 220.0]",90.50966799187808,0.8020366847515106,0.0944150686264038,0.9743178486824036,-0.1279956102371215,-0.1900158382611971,"[511.0, 244.0]"
normal_0260_EDD,1,1,9,normal,"[495.0, 239.0]",45.254833995939045,0.7920288562774658,0.0833543539047241,0.9771283864974976,-0.123423159122467,0.629585325277197,"[511.0, 244.0]"
normal_0261_EDD,0,1,9,normal,"[169.0, 224.0]",35.918785545899944,0.8542342543601988,0.1458171010017395,0.968481421470642,-0.15240079164505,0.4980967172656042,"[152.0, 218.0]"
normal_0261_EDD,1,4,9,normal,"[258.0, 191.0]",35.918785545899944,0.6589542299509048,0.0348700284957885,0.8829131126403809,-0.0302251130342483,-2.045332428968871,"[152.0, 218.0]"
normal_0261_EDD,2,4,9,normal,"[282.0, 325.0]",35.918785545899944,0.6453404307365417,0.0310460329055786,0.8697377443313599,-0.0273898839950561,-3.6875641882191896,"[152.0, 218.0]"
normal_0261_EDD,3,4,9,normal,"[273.0, 174.0]",45.254833995939045,0.6603228360414505,0.0399888753890991,0.8770442605018616,-0.0320148915052413,-1.8450374832768024,"[152.0, 218.0]"
normal_0261_EDD,4,4,9,normal,"[237.0, 323.0]",45.254833995939045,0.6545087426900864,0.0390770435333251,0.8710172772407532,-0.0285980254411697,-1.9851520585223128,"[152.0, 218.0]"
normal_0262_EDD,0,1,0,normal,"[270.0, 202.0]",57.01751796098172,0.7763106107711791,0.0975074172019958,0.932923436164856,-0.1287839412689209,-0.074580180254248,"[243.0, 147.0]"
normal_0263_EDD,0,2,9,normal,"[286.0, 198.0]",71.83757109179989,0.7700195670127868,0.0719355344772338,0.962158501148224,-0.1228654086589813,0.7215941505811441,"[270.0, 210.0]"
normal_0264_EDD,0,1,9,normal,"[473.0, 211.0]",35.918785545899944,0.8190681219100951,0.1395444273948669,0.9300378561019896,-0.1424859762191772,0.371887773974801,"[495.0, 216.0]"
normal_0264_EDD,1,4,9,normal,"[366.0, 264.0]",45.254833995939045,0.6518839657306671,0.0387272238731384,0.8658461570739746,-0.0353221595287323,-2.041461537032813,"[495.0, 216.0]"
normal_0265_EDD,0,2,9,normal,"[276.0, 206.0]",90.50966799187808,0.824599552154541,0.1213716268539428,0.9664633274078368,-0.1335179805755615,0.6596402982688756,"[306.0, 199.0]"
normal_0266_EDD,0,1,9,normal,"[465.0, 211.0]",45.254833995939045,0.8636130690574646,0.1481465101242065,0.9838870763778688,-0.13372802734375,0.5709521806954381,"[484.0, 215.0]"
normal_0266_EDD,1,4,9,normal,"[350.0, 186.0]",45.254833995939045,0.699878829717636,0.0369481444358825,0.931800127029419,-0.0533529818058013,-2.029558161885987,"[484.0, 215.0]"
normal_0267_EDD,0,3,9,normal,"[174.0, 206.0]",114.03503592196344,0.8193831980228423,0.1360754966735839,0.9455270171165466,-0.1071939468383789,0.4214963017591627,"[110.0, 190.0]"
normal_0267_EDD,1,4,9,normal,"[223.0, 242.0]",45.254833995939045,0.73099427819252,0.029068112373352,0.9791714549064636,-0.0825307369232177,-1.7486680012780735,"[110.0, 190.0]"
normal_0267_EDD,2,2,9,normal,"[129.0, 188.0]",57.01751796098172,0.7783861279487609,0.0786774158477783,0.9663978815078736,-0.1161509752273559,0.6649280105876104,"[110.0, 190.0]"
normal_0267_EDD,3,2,9,normal,"[156.0, 198.0]",90.50966799187808,0.7993079781532287,0.108253538608551,0.9564799070358276,-0.1075925230979919,0.4841383118994007,"[110.0, 190.0]"
normal_0268_EDD,0,2,9,normal,"[308.0, 206.0]",71.83757109179989,0.8024361014366149,0.0998495817184448,0.9659569263458252,-0.1320833563804626,0.7629459611856187,"[325.0, 205.0]"
normal_0268_EDD,1,4,9,normal,"[243.0, 296.0]",35.918785545899944,0.6710831433534622,0.0259518027305603,0.915374219417572,-0.0218469351530075,-2.410329608622125,"[325.0, 205.0]"
normal_0269_EDD,0,1,0,normal,"[117.0, 183.0]",45.254833995939045,0.7823211193084717,0.0848027467727661,0.9627312421798706,-0.1180325150489807,-3.5758046594287647,"[197.0, 374.0]"
normal_0269_EDD,1,4,0,normal,"[214.0, 278.0]",35.918785545899944,0.7085055708885193,0.0388652682304382,0.9379670023918152,-0.0653170049190521,-1.714278560678662,"[197.0, 374.0]"
normal_0270_EDD,0,1,9,normal,"[460.0, 207.0]",35.918785545899944,0.8991203069686889,0.1806973218917846,0.98419189453125,-0.1474432945251464,0.383722381345785,"[481.0, 200.0]"
normal_0270_EDD,1,4,9,normal,"[359.0, 178.0]",35.918785545899944,0.6784489095211029,0.0444852709770202,0.892619788646698,-0.0456489324569702,-2.4513343325619354,"[481.0, 200.0]"
normal_0270_EDD,2,4,9,normal,"[380.0, 286.0]",45.254833995939045,0.6702011883258819,0.0436702370643615,0.8850778937339783,-0.0348821282386779,-1.9312599946524704,"[481.0, 200.0]"
normal_0271_EDD,0,3,9,normal,"[414.0, 200.0]",90.50966799187808,0.7942603349685669,0.0784205794334411,0.9865845441818236,-0.1261528730392456,0.3576623502782979,"[472.0, 204.0]"
normal_0271_EDD,1,4,9,normal,"[347.0, 181.0]",35.918785545899944,0.7221536874771117,0.0184578299522399,0.9879151582717896,-0.0607762336730957,-2.538493441659477,"[472.0, 204.0]"
normal_0272_EDD,0,3,9,normal,"[264.0, 212.0]",143.67514218359975,0.8645515650510787,0.1599416136741638,0.9861217141151428,-0.071623757481575,0.9185335769790824,"[275.0, 208.0]"
normal_0272_EDD,1,4,9,normal,"[209.0, 132.0]",35.918785545899944,0.7263165056705474,0.0211622714996337,0.9946900010108948,-0.0443561673164367,-1.802373040387576,"[275.0, 208.0]"
normal_0272_EDD,2,4,9,normal,"[182.0, 230.0]",35.918785545899944,0.7238370537757872,0.0125340223312377,0.9975908398628236,-0.0649472177028656,-1.6606336812411189,"[275.0, 208.0]"
normal_0272_EDD,3,4,9,normal,"[374.0, 201.0]",45.254833995939045,0.7346467733383178,0.0257892608642578,0.9953670501708984,-0.0605028867721557,-1.1930732574403438,"[275.0, 208.0]"
normal_0272_EDD,4,4,9,normal,"[367.0, 205.0]",57.01751796098172,0.7457895398139953,0.0381137132644653,0.9937941431999208,-0.0600996315479278,-0.6143968264409079,"[275.0, 208.0]"
normal_0272_EDD,5,4,9,normal,"[194.0, 218.0]",71.83757109179989,0.7437347829341888,0.0372804999351501,0.9925453662872314,-0.0583626329898834,-0.1361039685858616,"[275.0, 208.0]"
normal_0273_EDD,0,1,9,normal,"[117.0, 205.0]",57.01751796098172,0.8755805909633636,0.177423357963562,0.9561954140663148,-0.1441022157669067,0.7013306265351646,"[100.0, 206.0]"
normal_0274_EDD,0,1,0,normal,"[130.0, 200.0]",57.01751796098172,0.7982231616973876,0.1160430312156677,0.9361048936843872,-0.1345335245132446,-3.3813891093798984,"[252.0, 418.0]"
normal_0274_EDD,1,4,0,normal,"[241.0, 290.0]",35.918785545899944,0.6539139807224273,0.0363698005676269,0.8742746710777283,-0.0277595520019531,-2.5767296926528087,"[252.0, 418.0]"
normal_0275_EDD,0,1,9,normal,"[310.0, 220.0]",57.01751796098172,0.8040298163890838,0.1034068465232849,0.96223646402359,-0.1352872252464294,0.7719998964371586,"[322.0, 215.0]"
normal_0276_EDD,0,1,9,normal,"[486.0, 210.0]",45.254833995939045,0.9524879097938538,0.259692907333374,0.9450727701187134,-0.1562203168869018,0.7692996396838532,"[496.0, 213.0]"
normal_0276_EDD,1,4,9,normal,"[396.0, 277.0]",35.918785545899944,0.5858502238988875,0.0326122641563415,0.7834718823432922,-0.0240382105112075,-2.305417341728555,"[496.0, 213.0]"
normal_0277_EDD,0,1,9,normal,"[494.0, 195.0]",57.01751796098172,0.8055312335491179,0.0883311629295349,0.9861069321632384,-0.1346260905265808,0.5528550087814985,"[517.0, 184.0]"
normal_0277_EDD,1,4,9,normal,"[404.0, 323.0]",57.01751796098172,0.7552714347839354,0.0471253991127014,0.983187973499298,-0.0995722711086273,-2.1417856410702454,"[517.0, 184.0]"
normal_0278_EDD,0,3,9,normal,"[168.0, 244.0]",143.67514218359975,0.8004554629325866,0.1026844978332519,0.9793139100074768,-0.0612561404705047,0.4857963796225247,"[121.0, 187.0]"
normal_0279_EDD,0,1,9,normal,"[470.0, 201.0]",35.918785545899944,0.8892768502235412,0.1729458570480346,0.98168683052063,-0.1457510590553283,0.4957855617603935,"[488.0, 199.0]"
normal_0279_EDD,1,4,9,normal,"[371.0, 227.0]",35.918785545899944,0.6794402718544006,0.042466402053833,0.8975070118904114,-0.0435948073863983,-2.349327665824077,"[488.0, 199.0]"
normal_0280_EDD,0,1,9,normal,"[474.0, 191.0]",45.254833995939045,0.8324413478374482,0.1209440231323242,0.9735915064811708,-0.1499163508415222,0.6016391005005637,"[491.0, 185.0]"
normal_0280_EDD,1,4,9,normal,"[373.0, 254.0]",35.918785545899944,0.6720367968082427,0.0267344713211059,0.912733793258667,-0.0319433510303497,-2.8056154961714266,"[491.0, 185.0]"
normal_0281_EDD,0,1,9,normal,"[396.0, 215.0]",45.254833995939045,0.8216415762901306,0.1498871445655822,0.9197912216186525,-0.1395028829574585,0.2873903593130389,"[400.0, 183.0]"
normal_0282_EDD,0,1,9,normal,"[294.0, 222.0]",57.01751796098172,0.7845499694347381,0.1113892197608947,0.9256607890129088,-0.1259909868240356,0.6545322155715061,"[312.0, 214.0]"
normal_0283_EDD,0,1,9,normal,"[289.0, 220.0]",45.254833995939045,0.8300742924213409,0.1477771401405334,0.9359084963798524,-0.1358060240745544,0.1600199965177743,"[290.0, 182.0]"
normal_0283_EDD,1,4,9,normal,"[273.0, 311.0]",35.918785545899944,0.6219159245491028,0.0395349264144897,0.8226653933525085,-0.0325761139392852,-2.6224869932843724,"[290.0, 182.0]"
normal_0284_EDD,0,2,9,normal,"[302.0, 216.0]",71.83757109179989,0.7608600437641144,0.0703815221786499,0.953734815120697,-0.1143207550048828,0.7838989478580509,"[317.0, 212.0]"
normal_0284_EDD,1,2,9,normal,"[309.0, 217.0]",57.01751796098172,0.7494887948036194,0.0513906478881835,0.964391827583313,-0.1151193380355835,0.8345424096062464,"[317.0, 212.0]"
normal_0285_EDD,0,2,9,normal,"[266.0, 210.0]",71.83757109179989,0.7702604234218597,0.0778586268424987,0.9527882933616638,-0.1272499561309814,0.7202055841147985,"[264.0, 190.0]"
normal_0286_EDD,0,4,9,normal,"[206.0, 230.0]",90.50966799187808,0.7918310761451721,0.0893100500106811,0.9718254208564758,-0.1112161576747894,-0.1364435341230112,"[114.0, 184.0]"
normal_0286_EDD,1,4,9,normal,"[240.0, 191.0]",45.254833995939045,0.7539860248565674,0.04396253824234,0.984626293182373,-0.1039254069328308,-1.788526296496054,"[114.0, 184.0]"
normal_0286_EDD,2,1,9,normal,"[125.0, 200.0]",45.254833995939045,0.7823433816432952,0.0728504657745361,0.978125274181366,-0.1240261197090148,0.5709521806954381,"[114.0, 184.0]"
normal_0287_EDD,0,1,9,normal,"[117.0, 198.0]",45.254833995939045,0.9186251401901244,0.2225100994110107,0.9532864093780518,-0.1440727710723877,0.5580582617584078,"[97.0, 198.0]"
normal_0288_EDD,0,1,9,normal,"[281.0, 216.0]",57.01751796098172,0.8132157444953918,0.1320011615753173,0.9354851245880128,-0.1318749785423278,0.7713263348410264,"[268.0, 217.0]"
normal_0289_EDD,0,2,9,normal,"[312.0, 212.0]",90.50966799187808,0.8358937203884124,0.1401744484901428,0.9546939730644226,-0.1371674537658691,0.7790291308792039,"[328.0, 224.0]"
normal_0290_EDD,0,3,9,normal,"[308.0, 226.0]",114.03503592196344,0.8916601359844207,0.1765581369400024,0.985135018825531,-0.1275374293327331,0.8084770220725204,"[329.0, 220.0]"
normal_0290_EDD,1,4,9,normal,"[361.0, 276.0]",35.918785545899944,0.7372205793857574,0.0298537015914917,0.9916741251945496,-0.0659749507904052,-0.7956637733190486,"[329.0, 220.0]"
normal_0290_EDD,2,4,9,normal,"[259.0, 179.0]",45.254833995939045,0.7414003312587737,0.0298207998275756,0.9937893748283386,-0.0796348452568054,-0.7925899994839867,"[329.0, 220.0]"
normal_0290_EDD,3,4,9,normal,"[271.0, 309.0]",45.254833995939045,0.7532701671123504,0.0416153669357299,0.9914911389350892,-0.0880550146102905,-1.3473930020876348,"[329.0, 220.0]"
normal_0290_EDD,4,4,9,normal,"[276.0, 301.0]",57.01751796098172,0.7668733537197112,0.0568416118621826,0.9892194867134094,-0.0878905057907104,-0.6977021060243609,"[329.0, 220.0]"
normal_0291_EDD,0,2,9,normal,"[290.0, 214.0]",71.83757109179989,0.7946551263332366,0.1234968304634094,0.9221824407577516,-0.1281529366970062,0.6370031833692216,"[276.0, 236.0]"
normal_0292_EDD,0,1,9,normal,"[479.0, 199.0]",45.254833995939045,0.8827663838863372,0.2146533131599426,0.9124863743782043,-0.146863043308258,0.552568091772614,"[498.0, 206.0]"
normal_0292_EDD,1,4,9,normal,"[398.0, 171.0]",35.918785545899944,0.5796802222728729,0.0270925760269165,0.7841424942016602,-0.0184395015239715,-1.9496570914597424,"[498.0, 206.0]"
normal_0292_EDD,2,4,9,normal,"[223.0, 194.0]",35.918785545899944,0.5344673298299313,0.0308893322944641,0.7170975208282471,-0.0080486647784709,-6.663446563761895,"[498.0, 206.0]"
normal_0293_EDD,0,1,9,normal,"[458.0, 219.0]",45.254833995939045,0.8407955229282379,0.1520683765411377,0.9454161524772644,-0.1346791982650756,0.4216638898961954,"[476.0, 200.0]"
normal_0293_EDD,1,4,9,normal,"[417.0, 152.0]",35.918785545899944,0.6496545791625976,0.0380225777626037,0.8650091886520386,-0.0306278467178344,-1.1175322696261838,"[476.0, 200.0]"
normal_0293_EDD,2,4,9,normal,"[387.0, 301.0]",35.918785545899944,0.6542952150106429,0.0551643967628479,0.846478283405304,-0.0329800993204116,-2.7478432511302846,"[476.0, 200.0]"
normal_0294_EDD,0,2,9,normal,"[286.0, 206.0]",71.83757109179989,0.8226544439792634,0.16192227602005,0.9075412154197692,-0.1272665858268737,0.6795308009923715,"[305.0, 219.0]"
normal_0295_EDD,0,2,9,normal,"[296.0, 198.0]",71.83757109179989,0.7909985423088074,0.101206362247467,0.946121096611023,-0.1375370621681213,0.8066131165306674,"[284.0, 191.0]"
normal_0296_EDD,0,2,9,normal,"[116.0, 186.0]",71.83757109179989,0.7813750803470612,0.0807663798332214,0.9641744494438172,-0.1284329295158386,0.5741209423344636,"[86.0, 180.0]"
normal_0296_EDD,1,4,9,normal,"[172.0, 275.0]",45.254833995939045,0.73289954662323,0.0427758693695068,0.9626388549804688,-0.0813823938369751,-1.8316190432771848,"[86.0, 180.0]"
normal_0297_EDD,0,1,9,normal,"[445.0, 214.0]",57.01751796098172,0.8471570074558258,0.1798946261405944,0.9114593267440796,-0.146204262971878,0.6000613615347536,"[467.0, 220.0]"
normal_0297_EDD,1,4,9,normal,"[339.0, 178.0]",35.918785545899944,0.6484523087739944,0.0513945817947387,0.8423051834106445,-0.0372204929590225,-2.750530840755797,"[467.0, 220.0]"
normal_0298_EDD,0,2,9,normal,"[286.0, 200.0]",71.83757109179989,0.7702691435813904,0.0834452509880065,0.9457328915596008,-0.124054342508316,0.665623100365784,"[262.0, 199.0]"
normal_0299_EDD,0,3,9,normal,"[416.0, 202.0]",90.50966799187808,0.8034379839897156,0.1097475290298461,0.9579845070838928,-0.115506500005722,0.2522004937401336,"[482.0, 217.0]"
normal_0299_EDD,1,4,9,normal,"[329.0, 183.0]",35.918785545899944,0.7175565302371978,0.0315375924110412,0.9626855850219728,-0.0606951415538787,-3.363517680008804,"[482.0, 217.0]"
normal_0299_EDD,2,1,9,normal,"[461.0, 215.0]",45.254833995939045,0.7732773780822754,0.0639288425445556,0.9795007705688475,-0.1184899806976318,0.5338614409319906,"[482.0, 217.0]"
normal_0299_EDD,3,2,9,normal,"[432.0, 204.0]",71.83757109179989,0.7824495971202851,0.0818630456924438,0.9681694507598876,-0.114339679479599,0.2808447637192579,"[482.0, 217.0]"
normal_0300_EDD,0,3,9,normal,"[276.0, 212.0]",90.50966799187808,0.8320373475551605,0.120536208152771,0.9766517281532288,-0.1392246484756469,0.8357515934247762,"[281.0, 226.0]"
normal_0300_EDD,1,4,9,normal,"[259.0, 170.0]",35.918785545899944,0.7293819129467011,0.0275737047195434,0.9840592741966248,-0.0648335814476013,-0.6750687672632956,"[281.0, 226.0]"
normal_0301_EDD,0,1,9,normal,"[473.0, 218.0]",57.01751796098172,0.7995339930057526,0.0970436930656433,0.967678725719452,-0.1255759596824646,0.5966152013888191,"[496.0, 218.0]"
normal_0301_EDD,1,2,9,normal,"[460.0, 220.0]",71.83757109179989,0.7951533377170562,0.1017557978630065,0.9552364945411682,-0.1236599683761596,0.4980967172656042,"[496.0, 218.0]"
normal_0302_EDD,0,1,9,normal,"[127.0, 187.0]",45.254833995939045,0.835774141550064,0.1346736550331115,0.9620673060417176,-0.1382668614387512,0.4898491338339217,"[105.0, 180.0]"
normal_0302_EDD,1,4,9,normal,"[250.0, 184.0]",35.918785545899944,0.6924263834953308,0.0528100728988647,0.8985133767127991,-0.0532847344875335,-3.038420556727524,"[105.0, 180.0]"
normal_0303_EDD,0,2,9,normal,"[270.0, 200.0]",71.83757109179989,0.796471244096756,0.1121661663055419,0.9396147727966307,-0.1328736841678619,0.5320627894700583,"[253.0, 171.0]"
normal_0303_EDD,1,4,9,normal,"[329.0, 285.0]",35.918785545899944,0.6666893005371093,0.0341418385505676,0.8942221999168396,-0.0329596102237701,-2.814464948781408,"[253.0, 171.0]"
normal_0304_EDD,0,3,9,normal,"[150.0, 204.0]",90.50966799187808,0.8011961042881012,0.098010778427124,0.9687989950180054,-0.125130146741867,0.588821957283101,"[118.0, 185.0]"
normal_0305_EDD,0,1,9,normal,"[485.0, 223.0]",45.254833995939045,0.8928213536739349,0.1952783465385437,0.9534425139427184,-0.1506662368774414,0.5449931319199677,"[503.0, 233.0]"
normal_0305_EDD,1,4,9,normal,"[362.0, 182.0]",35.918785545899944,0.6419605880975723,0.038524329662323,0.8542063236236572,-0.0274591594934463,-3.1744169719656057,"[503.0, 233.0]"
normal_0305_EDD,2,4,9,normal,"[372.0, 192.0]",45.254833995939045,0.651503112912178,0.0472965836524963,0.8556084632873535,-0.0264030247926712,-2.033182373761921,"[503.0, 233.0]"
normal_0306_EDD,0,2,9,normal,"[270.0, 200.0]",71.83757109179989,0.8070728838443756,0.1185360550880432,0.945251166820526,-0.1343050599098205,0.5984773738124834,"[254.0, 176.0]"
normal_0307_EDD,0,3,9,normal,"[322.0, 210.0]",90.50966799187808,0.8390030145645141,0.1507827043533325,0.9435952305793762,-0.1385182440280914,0.827416234106449,"[334.0, 220.0]"
normal_0308_EDD,0,3,9,normal,"[292.0, 218.0]",90.50966799187808,0.8400342047214507,0.1470608115196228,0.9508459568023682,-0.1369061172008514,0.9327943338512296,"[291.0, 212.0]"
normal_0309_EDD,0,1,9,normal,"[139.0, 186.0]",45.254833995939045,0.8011947095394134,0.0994625687599182,0.9678580164909364,-0.1211576461791992,0.6224048133251696,"[123.0, 192.0]"
normal_0309_EDD,1,2,9,normal,"[142.0, 193.0]",57.01751796098172,0.7928328335285186,0.1042977571487426,0.948597013950348,-0.1225858330726623,0.6663078599201646,"[123.0, 192.0]"
normal_0310_EDD,0,2,9,normal,"[302.0, 222.0]",71.83757109179989,0.8271226882934569,0.1570096015930175,0.918865442276001,-0.1345363855361938,0.7751107926413783,"[287.0, 216.0]"
normal_0311_EDD,0,3,9,normal,"[298.0, 216.0]",114.03503592196344,0.8917612731456757,0.1806687712669372,0.978025197982788,-0.1323743164539337,0.7908211218517375,"[278.0, 229.0]"
normal_0311_EDD,1,4,9,normal,"[374.0, 196.0]",35.918785545899944,0.7487572729587554,0.0393217206001281,0.9889368414878844,-0.0858988165855407,-1.8261964972175777,"[278.0, 229.0]"
normal_0312_EDD,0,2,9,normal,"[284.0, 222.0]",90.50966799187808,0.8320148110389709,0.1139999032020568,0.9869544506072998,-0.135733962059021,0.4533482598582531,"[332.0, 210.0]"
normal_0313_EDD,0,1,9,normal,"[319.0, 215.0]",57.01751796098172,0.7521951615810394,0.0630934238433837,0.9498386979103088,-0.1210732460021972,0.8111049025031329,"[329.0, 219.0]"
normal_0314_EDD,0,2,9,normal,"[278.0, 194.0]",71.83757109179989,0.8044376611709595,0.1126362085342407,0.95051109790802,-0.1322184205055236,0.911960340192255,"[272.0, 192.0]"
normal_0315_EDD,0,2,9,normal,"[470.0, 210.0]",71.83757109179989,0.8067100942134857,0.1007965803146362,0.9720376133918762,-0.1274359226226806,0.5304092959412892,"[503.0, 203.0]"
normal_0315_EDD,1,4,9,normal,"[379.0, 218.0]",35.918785545899944,0.7357398271560668,0.0404518842697143,0.9712119102478028,-0.0771980285644531,-2.477399394476988,"[503.0, 203.0]"
normal_0315_EDD,2,3,9,normal,"[460.0, 210.0]",90.50966799187808,0.8042556583881378,0.111737847328186,0.953291654586792,-0.1260682642459869,0.5186586937265825,"[503.0, 203.0]"
normal_0316_EDD,0,1,9,normal,"[132.0, 184.0]",45.254833995939045,0.812170261144638,0.1166337728500366,0.9554904103279114,-0.1334660053253173,0.650614378515658,"[117.0, 179.0]"
normal_0316_EDD,1,4,9,normal,"[226.0, 257.0]",35.918785545899944,0.6508497416973114,0.0351766943931579,0.8717396259307861,-0.0272765457630157,-2.7315732101042216,"[117.0, 179.0]"
normal_0317_EDD,0,1,9,normal,"[484.0, 223.0]",45.254833995939045,0.8244245052337646,0.1166146397590637,0.9689116477966307,-0.1478585600852966,0.4475728271980098,"[499.0, 243.0]"
normal_0318_EDD,0,2,9,normal,"[324.0, 208.0]",71.83757109179989,0.8049419462680816,0.09395432472229,0.976274073123932,-0.1379788517951965,0.750986238146347,"[340.0, 216.0]"
normal_0319_EDD,0,2,9,normal,"[310.0, 206.0]",90.50966799187808,0.8031874418258667,0.0890710949897766,0.9850322008132936,-0.1229690313339233,0.8187904139883875,"[320.0, 219.0]"
normal_0319_EDD,1,4,9,normal,"[272.0, 150.0]",35.918785545899944,0.7473035871982574,0.0358373522758483,0.991442859172821,-0.0872811675071716,-1.3401001197359783,"[320.0, 219.0]"
normal_0319_EDD,2,4,9,normal,"[274.0, 157.0]",45.254833995939045,0.7498655498027801,0.0402321219444274,0.9882729649543762,-0.0892117619514465,-0.7059180079945224,"[320.0, 219.0]"
normal_0319_EDD,3,4,9,normal,"[377.0, 208.0]",45.254833995939045,0.7388523399829865,0.0328432917594909,0.9873881936073304,-0.0741865634918212,-0.2827734844858618,"[320.0, 219.0]"
normal_0320_EDD,0,3,9,normal,"[404.0, 208.0]",114.03503592196344,0.8309306025505065,0.1520982384681701,0.9432268738746644,-0.092867761850357,0.3193243387548217,"[476.0, 237.0]"
normal_0320_EDD,1,4,9,normal,"[382.0, 258.0]",35.918785545899944,0.7162116706371306,0.0235023498535156,0.9718465209007264,-0.0620837807655334,-1.681526752098733,"[476.0, 237.0]"
normal_0320_EDD,2,4,9,normal,"[347.0, 177.0]",45.254833995939045,0.7405299305915832,0.0415365695953369,0.9730582237243652,-0.0892630219459533,-2.1437717444576023,"[476.0, 237.0]"
normal_0320_EDD,3,1,9,normal,"[474.0, 210.0]",45.254833995939045,0.8075874269008636,0.1021400690078735,0.9702685475349426,-0.1312968730926513,0.4017440712788548,"[476.0, 237.0]"
normal_0321_EDD,0,3,9,normal,"[288.0, 222.0]",114.03503592196344,0.8853731334209441,0.1709781289100647,0.9885237812995912,-0.1121417880058288,0.62712702366283,"[316.0, 254.0]"
normal_0321_EDD,1,4,9,normal,"[305.0, 307.0]",35.918785545899944,0.7330915689468384,0.028257131576538,0.9919469356536864,-0.0523579120635986,-0.5069962301962128,"[316.0, 254.0]"
normal_0322_EDD,0,3,9,normal,"[322.0, 230.0]",114.03503592196344,0.8596819937229155,0.1452138423919677,0.9849321246147156,-0.1250783205032348,0.7298563257122153,"[352.0, 223.0]"
normal_0322_EDD,1,4,9,normal,"[293.0, 158.0]",35.918785545899944,0.7307255327701568,0.021769642829895,0.9931332468986512,-0.0688130855560302,-1.4439530472777724,"[352.0, 223.0]"
normal_0323_EDD,0,3,9,normal,"[444.0, 208.0]",90.50966799187808,0.7989201486110686,0.0957381725311279,0.9773135781288148,-0.0953123569488525,0.3312207950302283,"[504.0, 200.0]"
normal_0323_EDD,1,1,9,normal,"[492.0, 196.0]",45.254833995939045,0.7815479695796966,0.0701162219047546,0.9824568629264832,-0.118559718132019,0.7204915028125263,"[504.0, 200.0]"
normal_0324_EDD,0,3,9,normal,"[424.0, 214.0]",114.03503592196344,0.8115373373031616,0.109021782875061,0.9751771688461304,-0.0994576811790466,0.279160368866809,"[505.0, 200.0]"
normal_0324_EDD,1,4,9,normal,"[365.0, 166.0]",35.918785545899944,0.737188321352005,0.0262649059295654,0.9915279746055604,-0.0842691659927368,-3.0109771396227307,"[505.0, 200.0]"
normal_0324_EDD,2,1,9,normal,"[493.0, 196.0]",45.254833995939045,0.7766399681568145,0.0677302479743957,0.9829395413398744,-0.1042602062225341,0.7204915028125263,"[505.0, 200.0]"
normal_0324_EDD,3,4,9,normal,"[379.0, 181.0]",57.01751796098172,0.7452831983566284,0.0385250449180603,0.98883455991745,-0.0728698074817657,-1.2348304871804952,"[505.0, 200.0]"
normal_0325_EDD,0,3,9,normal,"[320.0, 232.0]",114.03503592196344,0.8609185874462126,0.146396517753601,0.9903596043586732,-0.1063517332077026,0.7277297355019288,"[350.0, 224.0]"
normal_0325_EDD,1,4,9,normal,"[293.0, 151.0]",35.918785545899944,0.7290628254413604,0.0225847959518432,0.9931467175483704,-0.0563766360282897,-1.5785251795273676,"[350.0, 224.0]"
normal_0325_EDD,2,4,9,normal,"[283.0, 305.0]",45.254833995939045,0.7330241739749908,0.0306342840194702,0.9914442300796508,-0.041894644498825,-1.3228232417685164,"[350.0, 224.0]"
normal_0326_EDD,0,2,9,normal,"[312.0, 220.0]",90.50966799187808,0.8141607999801636,0.0989784002304077,0.9837565422058104,-0.1327641010284423,0.7291416277600045,"[336.0, 215.0]"
normal_0327_EDD,0,2,9,normal,"[328.0, 204.0]",90.50966799187808,0.8439369738101958,0.1439802646636963,0.9613656401634216,-0.1350038051605224,0.5732343661328856,"[342.0, 240.0]"
normal_0328_EDD,0,1,9,normal,"[296.0, 213.0]",57.01751796098172,0.7860585808753967,0.1151407361030578,0.9197150468826294,-0.1355865597724914,0.8501512508635615,"[288.0, 216.0]"
normal_0329_EDD,0,2,9,normal,"[150.0, 196.0]",71.83757109179989,0.7820800185203551,0.0924158692359924,0.9499791860580444,-0.1233935952186584,0.4260516380281258,"[112.0, 180.0]"
normal_0329_EDD,1,2,9,normal,"[144.0, 190.0]",57.01751796098172,0.7802461087703705,0.0798969864845275,0.9651407599449158,-0.1237529516220092,0.412003355680564,"[112.0, 180.0]"
normal_0330_EDD,0,1,0,normal,"[487.0, 207.0]",45.254833995939045,0.8554663062095642,0.1602712869644165,0.9494715929031372,-0.1528245210647583,-0.115629376742115,"[494.0, 257.0]"
normal_0330_EDD,1,4,0,normal,"[369.0, 183.0]",45.254833995939045,0.7447439432144164,0.0595036745071411,0.9537031650543212,-0.0882402658462524,-2.209863339185953,"[494.0, 257.0]"
normal_0330_EDD,2,4,0,normal,"[382.0, 272.0]",45.254833995939045,0.7172276079654694,0.0403860807418823,0.948415458202362,-0.0647535324096679,-1.4969708210649957,"[494.0, 257.0]"
normal_0330_EDD,3,3,0,normal,"[408.0, 222.0]",114.03503592196344,0.8036577939987182,0.1503220796585083,0.913722574710846,-0.0686495602130889,0.1857823380257695,"[494.0, 257.0]"
normal_0331_EDD,0,1,9,normal,"[293.0, 222.0]",45.254833995939045,0.7570275485515594,0.0429912805557251,0.9885411858558656,-0.1102871894836425,0.5871923495742841,"[275.0, 217.0]"
normal_0332_EDD,0,1,9,normal,"[95.0, 194.0]",35.918785545899944,0.8332004010677337,0.1093081831932067,0.9904897809028624,-0.1527468562126159,0.4957855617603935,"[77.0, 192.0]"
normal_0332_EDD,1,4,9,normal,"[194.0, 203.0]",35.918785545899944,0.7179637670516967,0.0277917981147766,0.9647842645645142,-0.0741149187088012,-2.2717129651616217,"[77.0, 192.0]"
normal_0332_EDD,2,3,9,normal,"[166.0, 214.0]",114.03503592196344,0.7680542171001433,0.1044389009475708,0.9294961094856262,-0.0648401975631713,0.1960471943006262,"[77.0, 192.0]"
normal_0333_EDD,0,2,9,normal,"[272.0, 216.0]",71.83757109179989,0.7481468260288239,0.0523598194122314,0.960993468761444,-0.1154578924179077,0.8127216184706249,"[262.0, 207.0]"
normal_0333_EDD,1,1,9,normal,"[282.0, 215.0]",57.01751796098172,0.7414914786815643,0.0399207472801208,0.9696339964866638,-0.114134669303894,0.622209805006266,"[262.0, 207.0]"
normal_0334_EDD,0,1,9,normal,"[95.0, 193.0]",35.918785545899944,0.8270914614200591,0.1033292412757873,0.992566168308258,-0.144829511642456,0.4957855617603935,"[77.0, 195.0]"
normal_0334_EDD,1,4,9,normal,"[225.0, 156.0]",35.918785545899944,0.7122169375419617,0.0249951481819152,0.9641050100326538,-0.0617414116859436,-3.261064964308357,"[77.0, 195.0]"
normal_0334_EDD,2,4,9,normal,"[193.0, 202.0]",35.918785545899944,0.7298771917819976,0.0282162427902221,0.9792136549949646,-0.0810569524765014,-2.235382633412193,"[77.0, 195.0]"
normal_0334_EDD,3,4,9,normal,"[219.0, 280.0]",35.918785545899944,0.7333724498748779,0.0364991426467895,0.9697479009628296,-0.0902488827705383,-3.607511668521843,"[77.0, 195.0]"
normal_0334_EDD,4,4,9,normal,"[184.0, 218.0]",90.50966799187808,0.7499840438365936,0.0680879950523376,0.9521427154541016,-0.0769807398319244,-0.2091973383716157,"[77.0, 195.0]"
normal_0335_EDD,0,3,9,normal,"[170.0, 200.0]",90.50966799187808,0.8390985012054443,0.1294446587562561,0.975631058216095,-0.1335605084896087,0.343006373699105,"[114.0, 180.0]"
normal_0335_EDD,1,1,9,normal,"[121.0, 183.0]",45.254833995939045,0.7637914121150969,0.0571792721748352,0.981646716594696,-0.097297191619873,0.8317135997770467,"[114.0, 180.0]"
normal_0336_EDD,0,2,9,normal,"[276.0, 198.0]",90.50966799187808,0.814180588722229,0.0985713601112365,0.9822347164154052,-0.1402246356010437,0.8215053178313146,"[270.0, 213.0]"
normal_0336_EDD,1,4,9,normal,"[254.0, 150.0]",35.918785545899944,0.7324418365955352,0.0262636542320251,0.988153040409088,-0.0723552703857421,-0.8096380212225638,"[270.0, 213.0]"
normal_0337_EDD,0,1,9,normal,"[486.0, 215.0]",45.254833995939045,0.8009218037128448,0.0838238596916198,0.9850985407829284,-0.1376448273658752,0.6685436963188058,"[501.0, 215.0]"
normal_0337_EDD,1,4,9,normal,"[358.0, 179.0]",57.01751796098172,0.7617255508899687,0.0451457500457763,0.9887699484825134,-0.1222041845321655,-1.5862553255388248,"[501.0, 215.0]"
normal_0338_EDD,0,1,9,normal,"[290.0, 206.0]",71.83757109179989,0.7902140080928802,0.0928381085395813,0.956249177455902,-0.1400073766708374,0.5628939500739958,"[321.0, 201.0]"
normal_0339_EDD,0,2,9,normal,"[134.0, 188.0]",71.83757109179989,0.813446682691574,0.1178369522094726,0.9556061625480652,-0.133427083492279,0.4919569992817404,"[98.0, 182.0]"
normal_0340_EDD,0,1,9,normal,"[482.0, 203.0]",57.01751796098172,0.8713997304439545,0.1978563070297241,0.9206337332725524,-0.145499050617218,0.6487924218622722,"[502.0, 204.0]"
normal_0341_EDD,0,2,9,normal,"[308.0, 216.0]",90.50966799187808,0.8027600169181823,0.0972679853439331,0.9688905477523804,-0.136343240737915,0.6183851643181308,"[340.0, 203.0]"
normal_0342_EDD,0,1,9,normal,"[131.0, 192.0]",57.01751796098172,0.831202608346939,0.1465251445770263,0.9376639723777772,-0.1415634155273437,0.7713263348410264,"[118.0, 191.0]"
normal_0342_EDD,1,4,9,normal,"[235.0, 190.0]",35.918785545899944,0.6527733623981475,0.0308094024658203,0.8815082311630249,-0.0245409905910491,-2.2574674128865646,"[118.0, 191.0]"
normal_0342_EDD,2,4,9,normal,"[239.0, 182.0]",45.254833995939045,0.6597972869873047,0.0427191853523254,0.8745535612106323,-0.0244530439376831,-1.6811334473502058,"[118.0, 191.0]"
normal_0343_EDD,0,2,9,normal,"[282.0, 200.0]",71.83757109179989,0.7989758014678955,0.0954959392547607,0.966998815536499,-0.1329034566879272,0.8142801341782941,"[269.0, 203.0]"
normal_0344_EDD,0,1,9,normal,"[130.0, 198.0]",45.254833995939045,0.8052107393741607,0.1117360591888427,0.9512686133384703,-0.1379332542419433,0.1356677071287919,"[109.0, 165.0]"
normal_0344_EDD,1,4,9,normal,"[227.0, 264.0]",35.918785545899944,0.6519667267799377,0.0261712074279785,0.8852469325065613,-0.0306133329868316,-3.288263527469841,"[109.0, 165.0]"
normal_0345_EDD,0,1,9,normal,"[479.0, 213.0]",45.254833995939045,0.8074495792388915,0.1213193535804748,0.9429075717926024,-0.1304746270179748,0.6678079433520423,"[494.0, 212.0]"
normal_0345_EDD,1,4,9,normal,"[370.0, 180.0]",45.254833995939045,0.6773914575576783,0.0390052795410156,0.9013018012046814,-0.0373745858669281,-1.8298078556679425,"[494.0, 212.0]"
normal_0346_EDD,0,1,9,normal,"[293.0, 217.0]",57.01751796098172,0.7748756110668181,0.0939821600914001,0.9367930293083192,-0.1256916522979736,0.5369711185436945,"[309.0, 196.0]"
normal_0346_EDD,1,4,9,normal,"[387.0, 187.0]",35.918785545899944,0.6237105160951615,0.0203572511672973,0.859115719795227,-0.0098613053560256,-1.185973517102307,"[309.0, 196.0]"
normal_0347_EDD,0,3,9,normal,"[248.0, 222.0]",90.50966799187808,0.8170002579689025,0.1287177801132202,0.945814609527588,-0.1310612559318542,0.6678079433520423,"[250.0, 192.0]"
normal_0348_EDD,0,2,9,normal,"[314.0, 204.0]",71.83757109179989,0.807298481464386,0.1219283938407898,0.9419776797294616,-0.1299285590648651,0.7325999136614565,"[326.0, 189.0]"
normal_0349_EDD,0,3,9,normal,"[166.0, 218.0]",90.50966799187808,0.7847735106945037,0.088028073310852,0.9649975299835204,-0.1062358319759368,0.4207148465026055,"[123.0, 188.0]"
normal_0349_EDD,1,1,9,normal,"[130.0, 185.0]",45.254833995939045,0.7722704470157623,0.0609802603721618,0.982839047908783,-0.1165142655372619,0.8317135997770467,"[123.0, 188.0]"
normal_0349_EDD,2,4,9,normal,"[241.0, 297.0]",45.254833995939045,0.7275552988052367,0.0349077582359313,0.9709874391555786,-0.0647816658020019,-2.549661625598981,"[123.0, 188.0]"
normal_0349_EDD,3,2,9,normal,"[146.0, 206.0]",71.83757109179989,0.7613374829292298,0.0630674362182617,0.9672759771347046,-0.105884313583374,0.5934416588821125,"[123.0, 188.0]"
normal_0350_EDD,0,3,9,normal,"[240.0, 224.0]",90.50966799187808,0.8010992765426634,0.0928660035133361,0.9758908748626708,-0.1255483031272888,0.6051787884845852,"[274.0, 213.0]"
normal_0350_EDD,1,4,9,normal,"[182.0, 184.0]",35.918785545899944,0.7348748385906219,0.0311722159385681,0.9834468960762024,-0.0764489769935607,-1.6855704181753564,"[274.0, 213.0]"
normal_0350_EDD,2,4,9,normal,"[180.0, 192.0]",45.254833995939045,0.7368623673915863,0.0340706706047058,0.9814698100090028,-0.078814148902893,-1.1283291935811994,"[274.0, 213.0]"
normal_0350_EDD,3,2,9,normal,"[277.0, 208.0]",57.01751796098172,0.7481717109680176,0.0409623980522155,0.9796404838562012,-0.1073048710823059,0.897734028008102,"[274.0, 213.0]"
normal_0351_EDD,0,1,9,normal,"[497.0, 205.0]",35.918785545899944,0.8812876343727112,0.168441891670227,0.9734246730804444,-0.1572423577308654,0.4988694710460593,"[515.0, 205.0]"
normal_0351_EDD,1,4,9,normal,"[370.0, 156.0]",45.254833995939045,0.6801038801670074,0.0427925586700439,0.8975743651390076,-0.045046329498291,-2.3820816906899216,"[515.0, 205.0]"
normal_0352_EDD,0,1,9,normal,"[310.0, 236.0]",45.254833995939045,0.7525088667869567,0.0609204173088073,0.9540237188339232,-0.1188592314720153,0.5732343661328856,"[328.0, 229.0]"
normal_0353_EDD,0,1,9,normal,"[127.0, 177.0]",35.918785545899944,0.8210519611835478,0.1045640110969543,0.9835861325263976,-0.1398882865905761,0.6887327976829338,"[116.0, 175.0]"
normal_0353_EDD,1,4,9,normal,"[224.0, 173.0]",35.918785545899944,0.6715214431285857,0.0171546339988708,0.9283310770988464,-0.0226752758026123,-2.0072986959175267,"[116.0, 175.0]"
normal_0353_EDD,2,4,9,normal,"[235.0, 289.0]",45.254833995939045,0.7164027929306029,0.0457159876823425,0.9402670860290528,-0.0624992251396179,-2.641463154591845,"[116.0, 175.0]"
normal_0353_EDD,3,4,9,normal,"[231.0, 284.0]",57.01751796098172,0.728649914264679,0.0632985234260559,0.9325339198112488,-0.0628882348537445,-1.7789482170476645,"[116.0, 175.0]"
normal_0353_EDD,4,4,9,normal,"[40.0, 160.0]",362.0386719675124,0.6839341029524804,0.1474853754043579,0.763484537601471,-0.0100477561354637,0.7860280472070433,"[116.0, 175.0]"
normal_0354_EDD,0,1,9,normal,"[303.0, 222.0]",57.01751796098172,0.7812788009643554,0.0980364084243774,0.9387967586517334,-0.1304233074188232,0.6384351885994768,"[319.0, 235.0]"
normal_0355_EDD,0,2,9,normal,"[304.0, 214.0]",71.83757109179989,0.7790959000587463,0.0875505805015564,0.9526927471160888,-0.1233019828796386,0.7617229743646275,"[287.0, 216.0]"
normal_0355_EDD,1,4,9,normal,"[299.0, 301.0]",35.918785545899944,0.7105461478233337,0.0397806167602539,0.9412722587585448,-0.0593747496604919,-1.389915984724122,"[287.0, 216.0]"
normal_0356_EDD,0,1,9,normal,"[140.0, 181.0]",45.254833995939045,0.8349575996398925,0.1476877331733703,0.9417572021484376,-0.1401991248130798,0.6217587988465562,"[123.0, 179.0]"
normal_0356_EDD,1,4,9,normal,"[249.0, 185.0]",35.918785545899944,0.6215398430824279,0.0262727737426757,0.8440410494804382,-0.0221916735172271,-2.511888676987041,"[123.0, 179.0]"
normal_0357_EDD,0,2,9,normal,"[180.0, 194.0]",90.50966799187808,0.8326503932476044,0.1123015880584716,0.98738032579422,-0.1459128856658935,0.4824845261975252,"[135.0, 181.0]"
normal_0357_EDD,1,4,9,normal,"[204.0, 126.0]",35.918785545899944,0.7488910138607024,0.0418391227722168,0.9872174859046936,-0.0799982547760009,-1.4566062669648177,"[135.0, 181.0]"
normal_0357_EDD,2,4,9,normal,"[88.0, 136.0]",362.0386719675124,0.7357667058706283,0.1537346839904785,0.8256126642227173,-0.0205157846212387,0.8202700457761354,"[135.0, 181.0]"
normal_0358_EDD,0,2,9,normal,"[296.0, 208.0]",90.50966799187808,0.8531889498233794,0.1377152204513549,0.979276955127716,-0.1498993039131164,0.7700947036005912,"[284.0, 191.0]"
normal_0358_EDD,1,4,9,normal,"[348.0, 152.0]",35.918785545899944,0.7596721053123473,0.0548970699310302,0.9825828075408936,-0.0848353505134582,-1.08655851112878,"[284.0, 191.0]"
normal_0359_EDD,0,3,9,normal,"[178.0, 222.0]",114.03503592196344,0.7956420421600341,0.0894336104393005,0.9816884398460388,-0.0951326191425323,0.2248770273490532,"[96.0, 189.0]"
normal_0359_EDD,1,1,9,normal,"[104.0, 186.0]",35.918785545899944,0.7483557701110839,0.0391163825988769,0.9897369742393494,-0.0821175277233123,0.7621299379846986,"[96.0, 189.0]"
normal_0359_EDD,2,4,9,normal,"[210.0, 277.0]",45.254833995939045,0.7294880032539367,0.0189014077186584,0.993401050567627,-0.0760293006896972,-2.182287404525242,"[96.0, 189.0]"
normal_0359_EDD,3,4,9,normal,"[218.0, 170.0]",57.01751796098172,0.740135395526886,0.0297803282737731,0.992945909500122,-0.0764646530151367,-1.1654861295238064,"[96.0, 189.0]"
normal_0359_EDD,4,4,9,normal,"[201.0, 275.0]",57.01751796098172,0.7378521680831909,0.0281298160552978,0.9920468926429749,-0.0764476358890533,-1.3803909652594122,"[96.0, 189.0]"
normal_0360_EDD,0,1,9,normal,"[464.0, 209.0]",45.254833995939045,0.8208171069622039,0.1270275712013244,0.9543738961219788,-0.1286390423774719,0.7609834603003383,"[473.0, 203.0]"
normal_0360_EDD,1,4,9,normal,"[348.0, 180.0]",35.918785545899944,0.649165865778923,0.0436532497406005,0.856775164604187,-0.0288500040769577,-2.538493441659477,"[473.0, 203.0]"
normal_0360_EDD,2,4,9,normal,"[361.0, 184.0]",45.254833995939045,0.6535866379737854,0.0454792380332946,0.8607987761497498,-0.0277412831783294,-1.5102329635414318,"[473.0, 203.0]"
normal_0361_EDD,0,2,9,normal,"[342.0, 202.0]",90.50966799187808,0.8471626102924347,0.1335325241088867,0.9760847687721252,-0.1518537402153015,0.6966173775164437,"[365.0, 217.0]"
normal_0362_EDD,0,2,9,normal,"[266.0, 224.0]",71.83757109179989,0.7773877501487731,0.0961542129516601,0.9363502264022828,-0.1289418935775756,0.7633550279939725,"[258.0, 209.0]"
normal_0363_EDD,0,1,9,normal,"[470.0, 207.0]",45.254833995939045,0.9091925084590912,0.2003553509712219,0.9692371487617492,-0.1518557667732238,0.6217587988465562,"[487.0, 205.0]"
normal_0363_EDD,1,4,9,normal,"[355.0, 162.0]",45.254833995939045,0.6390807926654815,0.0366796851158142,0.8531622290611267,-0.0259377360343933,-2.067677383828032,"[487.0, 205.0]"
normal_0364_EDD,0,1,9,normal,"[458.0, 205.0]",45.254833995939045,0.8943898916244507,0.1977923512458801,0.9523463249206544,-0.1497755646705627,0.637580827976775,"[468.0, 192.0]"
normal_0364_EDD,1,4,9,normal,"[391.0, 298.0]",35.918785545899944,0.5979891538619995,0.0221440196037292,0.8185444474220276,-0.0143201053142547,-2.6475416497200475,"[468.0, 192.0]"
normal_0365_EDD,0,1,9,normal,"[315.0, 216.0]",57.01751796098172,0.7959328591823577,0.0961988568305969,0.9603182673454284,-0.1375560760498047,0.2802813850043671,"[343.0, 186.0]"
normal_0366_EDD,0,1,9,normal,"[484.0, 207.0]",45.254833995939045,0.8313765347003936,0.1301844120025634,0.959636390209198,-0.147233247756958,0.6782615580941562,"[498.0, 203.0]"
normal_0366_EDD,1,4,9,normal,"[395.0, 279.0]",57.01751796098172,0.7171874463558197,0.0546460151672363,0.9311819076538086,-0.0535704791545867,-1.2449926052199063,"[498.0, 203.0]"
normal_0367_EDD,0,1,9,normal,"[295.0, 211.0]",57.01751796098172,0.7483686387538909,0.051546573638916,0.9594869017601012,-0.1259061694145202,0.689712799756366,"[282.0, 199.0]"
normal_0368_EDD,0,1,9,normal,"[117.0, 191.0]",45.254833995939045,0.7939607083797455,0.0909750461578369,0.9685412049293518,-0.1250340938568115,0.7118892357095973,"[106.0, 184.0]"
normal_0368_EDD,1,4,9,normal,"[190.0, 279.0]",57.01751796098172,0.7467691361904144,0.057195246219635,0.9609001278877258,-0.0847190022468566,-1.2240688011098442,"[106.0, 184.0]"
normal_0368_EDD,2,3,9,normal,"[146.0, 218.0]",90.50966799187808,0.7853644728660584,0.1086154580116272,0.9396374225616456,-0.0950140953063964,0.4199777752102942,"[106.0, 184.0]"
normal_0369_EDD,0,2,9,normal,"[294.0, 210.0]",71.83757109179989,0.8423526942729949,0.144902765750885,0.95575612783432,-0.1421031951904297,0.4225175434680237,"[283.0, 250.0]"
normal_0370_EDD,0,2,0,normal,"[316.0, 218.0]",90.50966799187808,0.8749345958232879,0.1962348222732544,0.9303357005119324,-0.1373239159584045,0.4695548376010015,"[344.0, 179.0]"
normal_0370_EDD,1,2,0,normal,"[322.0, 216.0]",71.83757109179989,0.8491050839424134,0.1496658325195312,0.960103154182434,-0.1368352174758911,0.4007803180726493,"[344.0, 179.0]"
normal_0371_EDD,0,4,9,normal,"[191.0, 112.0]",45.254833995939045,0.7078318417072296,0.0329384207725524,0.9633206725120544,-0.002844750881195,-5.998918722292037,"[502.0, 172.0]"
normal_0371_EDD,1,4,9,normal,"[391.0, 53.0]",35.918785545899944,0.6554611086845398,0.0065109133720397,0.9258637428283693,-0.004227876663208,-3.530579403946021,"[502.0, 172.0]"
normal_0371_EDD,2,4,9,normal,"[393.0, 54.0]",35.918785545899944,0.6579965889453887,0.0080095529556274,0.9273449778556824,-0.0042277574539184,-3.4722934020962093,"[502.0, 172.0]"
normal_0371_EDD,3,4,9,normal,"[320.0, 59.0]",35.918785545899944,0.6728643596172332,0.0165899395942688,0.9359932541847228,-0.0053957104682922,-4.964191505268085,"[502.0, 172.0]"
normal_0371_EDD,4,4,9,normal,"[281.0, 211.0]",35.918785545899944,0.649526298046112,-0.030271828174591,0.966500759124756,-0.0162379741668701,-5.247839149083742,"[502.0, 172.0]"
normal_0371_EDD,5,4,9,normal,"[132.0, 258.0]",35.918785545899944,0.6760751962661743,0.0009814500808715,0.9628307819366456,-0.0055609941482543,-9.575611827445552,"[502.0, 172.0]"
normal_0371_EDD,6,4,9,normal,"[521.0, 318.0]",35.918785545899944,0.6427134454250335,0.0026924014091491,0.912951409816742,-0.0047752857208251,-3.099000247506688,"[502.0, 172.0]"
normal_0371_EDD,7,4,9,normal,"[268.0, 374.0]",35.918785545899944,0.6599844753742218,0.0014455914497375,0.9389578700065612,-0.0063418745994567,-7.606298920921263,"[502.0, 172.0]"
normal_0371_EDD,8,4,9,normal,"[367.0, 382.0]",35.918785545899944,0.659010100364685,0.0027898550033569,0.935840368270874,-0.0056599378585815,-5.950395200232364,"[502.0, 172.0]"
normal_0371_EDD,9,4,9,normal,"[313.0, 54.0]",45.254833995939045,0.6381293833255768,-0.0050240755081176,0.9172833561897278,-0.005275547504425,-3.923486839248176,"[502.0, 172.0]"
normal_0371_EDD,10,4,9,normal,"[416.0, 56.0]",45.254833995939045,0.6374982416629791,-0.0054184794425964,0.917159378528595,-0.0045257806777954,-2.190868318342203,"[502.0, 172.0]"
normal_0371_EDD,11,4,9,normal,"[443.0, 254.0]",45.254833995939045,0.697148984670639,-0.0003353357315063,0.9955174326896667,-0.0031105875968933,-1.2322433013114855,"[502.0, 172.0]"
normal_0371_EDD,12,4,9,normal,"[561.0, 267.0]",45.254833995939045,0.6055285632610321,-0.0254440307617187,0.9003658890724182,-0.0035823583602905,-1.4711222779336517,"[502.0, 172.0]"
normal_0371_EDD,13,4,9,normal,"[390.0, 273.0]",45.254833995939045,0.6972767591476441,-0.0006852746009826,0.9962707757949828,-0.0028624534606933,-2.3325601316780467,"[502.0, 172.0]"
normal_0371_EDD,14,4,9,normal,"[387.0, 274.0]",45.254833995939045,0.6972735762596131,-0.0006987452507019,0.9962856769561768,-0.002861738204956,-2.396703940035104,"[502.0, 172.0]"
normal_0371_EDD,15,4,9,normal,"[259.0, 378.0]",45.254833995939045,0.6612598061561584,0.0097666978836059,0.9289155006408693,-0.0062612891197204,-6.039404993055165,"[502.0, 172.0]"
normal_0371_EDD,16,4,9,normal,"[370.0, 388.0]",45.254833995939045,0.6506766617298126,0.0035220980644226,0.9228940606117249,-0.005643606185913,-4.593662708816112,"[502.0, 172.0]"
normal_0371_EDD,17,4,9,normal,"[310.0, 44.0]",57.01751796098172,0.5976082623004912,-0.0326744318008422,0.8989458680152893,-0.0051029324531555,-3.047094469941781,"[502.0, 172.0]"
normal_0371_EDD,18,4,9,normal,"[248.0, 384.0]",57.01751796098172,0.6588071882724762,0.0174863338470459,0.9144814610481262,-0.0059191584587097,-4.802556980343242,"[502.0, 172.0]"
normal_0371_EDD,19,4,9,normal,"[373.0, 397.0]",57.01751796098172,0.6501995801925659,0.0121793150901794,0.9099297523498536,-0.005347192287445,-3.548723028176976,"[502.0, 172.0]"
normal_0371_EDD,20,4,9,normal,"[134.0, 136.0]",71.83757109179989,0.6685809791088104,0.0217474102973938,0.923073947429657,-0.0034090280532836,-4.147121083421191,"[502.0, 172.0]"
normal_0372_EDD,0,3,9,normal,"[126.0, 250.0]",114.03503592196344,0.7576627373695373,0.053849458694458,0.9847469329833984,-0.0724521279335022,0.3036874195509605,"[79.0, 186.0]"
normal_0372_EDD,1,2,9,normal,"[112.0, 183.0]",57.01751796098172,0.7339277684688568,0.0290170311927795,0.9898106455802916,-0.0602164268493652,0.4188438178905385,"[79.0, 186.0]"
normal_0373_EDD,0,2,9,normal,"[298.0, 206.0]",71.83757109179989,0.837029367685318,0.160631775856018,0.9282465577125548,-0.1331250071525573,0.6218391713202953,"[325.0, 203.0]"
normal_0374_EDD,0,1,9,normal,"[127.0, 192.0]",45.254833995939045,0.8051045298576355,0.1248301863670349,0.9325768947601318,-0.1373525857925415,0.5385992793677062,"[107.0, 186.0]"
normal_0374_EDD,1,4,9,normal,"[215.0, 188.0]",35.918785545899944,0.6215419143438339,0.0160961747169494,0.8603920340538025,-0.0158565789461135,-2.0072986959175267,"[107.0, 186.0]"
normal_0375_EDD,0,1,9,normal,"[275.0, 209.0]",57.01751796098172,0.7714163959026337,0.0953805446624755,0.929143488407135,-0.1281770467758178,0.5277622562578325,"[261.0, 186.0]"
normal_0376_EDD,0,1,9,normal,"[452.0, 202.0]",45.254833995939045,0.8374286592006682,0.1360291242599487,0.9614705443382264,-0.1418507695198059,0.5658611253296937,"[471.0, 197.0]"
normal_0377_EDD,0,1,9,normal,"[479.0, 207.0]",45.254833995939045,0.8375372469425201,0.1499668955802917,0.9423219561576844,-0.1397249102592468,0.5925498496748345,"[497.0, 211.0]"
normal_0378_EDD,0,2,9,normal,"[278.0, 208.0]",71.83757109179989,0.7913933634757996,0.0998306274414062,0.9521125555038452,-0.1254197359085083,0.7893477504816566,"[293.0, 210.0]"
normal_0379_EDD,0,1,9,normal,"[93.0, 182.0]",45.254833995939045,0.8136868655681609,0.1141191720962524,0.960120975971222,-0.1374150514602661,0.552568091772614,"[76.0, 193.0]"
normal_0380_EDD,0,2,9,normal,"[276.0, 208.0]",71.83757109179989,0.7937179565429686,0.0925614237785339,0.9643096923828124,-0.1306987404823303,0.8376628884795106,"[266.0, 202.0]"
normal_0381_EDD,0,1,9,normal,"[485.0, 200.0]",45.254833995939045,0.8300248980522156,0.1298459768295288,0.9589003324508668,-0.1447434425354004,0.5597186623873323,"[504.0, 194.0]"
normal_0381_EDD,1,4,9,normal,"[369.0, 202.0]",35.918785545899944,0.7171466767787933,0.0374874472618103,0.9507505893707277,-0.0706690847873687,-2.7650724334887875,"[504.0, 194.0]"
normal_0382_EDD,0,3,9,normal,"[286.0, 218.0]",114.03503592196344,0.8874491155147552,0.1747335791587829,0.9848864674568176,-0.1164750456809997,0.8613462242282981,"[301.0, 223.0]"
normal_0383_EDD,0,3,9,normal,"[152.0, 230.0]",90.50966799187808,0.7976304471492767,0.1113598346710205,0.9508220553398132,-0.1034758687019348,0.3772501442693864,"[101.0, 206.0]"
normal_0383_EDD,1,4,9,normal,"[157.0, 282.0]",35.918785545899944,0.7253737568855285,0.033365249633789,0.9706894159317015,-0.0626295804977417,-1.628245591683807,"[101.0, 206.0]"
normal_0383_EDD,2,1,9,normal,"[112.0, 201.0]",45.254833995939045,0.7792870044708252,0.0763733386993408,0.9703265428543092,-0.11842542886734,0.7329998829588271,"[101.0, 206.0]"
normal_0384_EDD,0,2,9,normal,"[298.0, 214.0]",90.50966799187808,0.800947904586792,0.1024720072746276,0.9639742970466614,-0.1184694468975067,0.5898623516122911,"[331.0, 197.0]"
normal_0384_EDD,1,4,9,normal,"[275.0, 290.0]",35.918785545899944,0.716956740617752,0.0265723466873168,0.9679946899414062,-0.063940554857254,-2.022338818257526,"[331.0, 197.0]"
normal_0384_EDD,2,4,9,normal,"[282.0, 284.0]",45.254833995939045,0.7141254425048827,0.0267145037651062,0.9641714096069336,-0.0624547600746154,-1.2063916385129816,"[331.0, 197.0]"
normal_0385_EDD,0,2,9,normal,"[278.0, 218.0]",90.50966799187808,0.8117236256599426,0.1026790738105773,0.975623905658722,-0.1305390894412994,0.828125,"[267.0, 207.0]"
normal_0385_EDD,1,4,9,normal,"[325.0, 293.0]",35.918785545899944,0.7347572386264801,0.0338613390922546,0.9768518805503844,-0.0854979157447815,-1.887915564588461,"[267.0, 207.0]"
normal_0386_EDD,0,2,9,normal,"[316.0, 222.0]",90.50966799187808,0.8262638449668883,0.1134706139564514,0.9803044199943542,-0.1329006850719452,0.84375,"[330.0, 220.0]"
normal_0387_EDD,0,3,9,normal,"[280.0, 228.0]",143.67514218359975,0.8654465854167938,0.1591001749038696,0.989528477191925,-0.0683823823928833,0.7652046479706446,"[273.0, 195.0]"
normal_0387_EDD,1,4,9,normal,"[396.0, 154.0]",35.918785545899944,0.7403542339801789,0.0337554812431335,0.9920030832290648,-0.0609829723834991,-2.609626052117545,"[273.0, 195.0]"
normal_0387_EDD,2,4,9,normal,"[354.0, 256.0]",35.918785545899944,0.7228636741638184,0.015855848789215,0.9966861009597778,-0.0466377735137939,-1.8230408043414923,"[273.0, 195.0]"
normal_0387_EDD,3,4,9,normal,"[307.0, 341.0]",35.918785545899944,0.7378352165222167,0.0353443026542663,0.9904733896255492,-0.0457977056503295,-3.1734884777767665,"[273.0, 195.0]"
normal_0387_EDD,4,4,9,normal,"[386.0, 163.0]",45.254833995939045,0.7473215878009796,0.0407100915908813,0.9922770857810974,-0.0600876808166503,-1.5951615135189563,"[273.0, 195.0]"
normal_0387_EDD,5,4,9,normal,"[376.0, 166.0]",57.01751796098172,0.7594084501266479,0.0544327497482299,0.9905750155448914,-0.05786594748497,-0.8766981906927098,"[273.0, 195.0]"
normal_0387_EDD,6,4,9,normal,"[202.0, 171.0]",57.01751796098172,0.7374693393707275,0.0317781567573547,0.9930043816566468,-0.0529405772686004,-0.314449495004228,"[273.0, 195.0]"
normal_0388_EDD,0,1,9,normal,"[106.0, 183.0]",45.254833995939045,0.8262670278549195,0.120820939540863,0.9703974723815918,-0.1308392882347107,0.7093581994103395,"[93.0, 181.0]"
normal_0389_EDD,0,1,9,normal,"[124.0, 222.0]",45.254833995939045,0.7809266269207,0.0788372755050659,0.9667342305183412,-0.126876950263977,0.6090626249000999,"[111.0, 210.0]"
normal_0389_EDD,1,4,9,normal,"[223.0, 190.0]",35.918785545899944,0.6638990759849548,0.0294362902641296,0.8996115326881409,-0.0236735641956329,-2.167470711982632,"[111.0, 210.0]"
normal_0389_EDD,2,4,9,normal,"[196.0, 319.0]",35.918785545899944,0.6781010866165161,0.0304248929023742,0.9130879044532776,-0.0425733029842376,-2.848249684496923,"[111.0, 210.0]"
normal_0389_EDD,3,4,9,normal,"[190.0, 314.0]",45.254833995939045,0.687126326560974,0.0408768653869628,0.9109919667243958,-0.042775422334671,-1.8859336931485449,"[111.0, 210.0]"
normal_0390_EDD,0,1,9,normal,"[122.0, 194.0]",57.01751796098172,0.8142407357692718,0.1152164340019226,0.9580601453781128,-0.1419110000133514,0.612562545260359,"[100.0, 192.0]"
normal_0391_EDD,0,1,9,normal,"[490.0, 195.0]",45.254833995939045,0.8320420324802398,0.128661036491394,0.9606450200080872,-0.154647409915924,0.629585325277197,"[506.0, 200.0]"
normal_0392_EDD,0,2,9,normal,"[330.0, 210.0]",90.50966799187808,0.8259261548519133,0.1150507926940918,0.9756922125816344,-0.1394540667533874,0.8147926626385985,"[346.0, 205.0]"
normal_0393_EDD,0,2,9,normal,"[292.0, 208.0]",71.83757109179989,0.8161462664604187,0.1336570978164672,0.9356741309165956,-0.1375863850116729,0.7073426102510798,"[313.0, 207.0]"
normal_0394_EDD,0,3,9,normal,"[256.0, 222.0]",114.03503592196344,0.8769121885299682,0.1644712686538696,0.982857346534729,-0.1222038865089416,0.7268837357484771,"[253.0, 191.0]"
normal_0394_EDD,1,4,9,normal,"[231.0, 294.0]",35.918785545899944,0.7277491629123687,0.022692859172821,0.990385353565216,-0.0589327812194824,-1.9322626074025344,"[253.0, 191.0]"
normal_0395_EDD,0,2,9,normal,"[154.0, 194.0]",71.83757109179989,0.8140138268470763,0.1200548410415649,0.954466700553894,-0.1291614770889282,0.556949651248549,"[131.0, 172.0]"
normal_0396_EDD,0,2,9,normal,"[252.0, 214.0]",71.83757109179989,0.8088229298591613,0.108139157295227,0.9616847038269044,-0.1375223994255066,0.7399474758354982,"[247.0, 196.0]"
normal_0397_EDD,0,2,9,normal,"[296.0, 214.0]",71.83757109179989,0.7944925129413605,0.1142989993095398,0.9348890781402588,-0.1288557946681976,0.6601623515323152,"[316.0, 228.0]"
normal_0397_EDD,1,4,9,normal,"[264.0, 297.0]",35.918785545899944,0.6672458946704865,0.0333245396614074,0.8970687389373779,-0.0298661887645721,-1.40543298355013,"[316.0, 228.0]"
normal_0398_EDD,0,3,0,normal,"[174.0, 232.0]",114.03503592196344,0.8571308434009551,0.1392373442649841,0.9849665760993958,-0.1420844793319702,0.5085315260902734,"[120.0, 247.0]"
normal_0399_EDD,0,1,9,normal,"[139.0, 185.0]",57.01751796098172,0.8119769632816315,0.1262956261634826,0.9428461194038392,-0.1284452676773071,0.706001677840282,"[123.0, 190.0]"
normal_0400_EDD,0,2,0,normal,"[278.0, 214.0]",71.83757109179989,0.8018081665039062,0.1067439913749694,0.9551481008529664,-0.1323025226593017,-0.2982491942848844,"[271.0, 307.0]"
normal_0400_EDD,1,4,0,normal,"[304.0, 300.0]",35.918785545899944,0.6886584281921386,0.0314165949821472,0.9262807369232178,-0.044226586818695,0.0608185918825784,"[271.0, 307.0]"
normal_0401_EDD,0,1,9,normal,"[301.0, 202.0]",57.01751796098172,0.8136042177677154,0.1251410841941833,0.9452590346336364,-0.1339090466499328,0.441791539444782,"[324.0, 180.0]"
normal_0401_EDD,1,4,9,normal,"[242.0, 285.0]",45.254833995939045,0.6533641755580901,0.0431464910507202,0.8641753792762756,-0.0264745950698852,-1.9438926451638816,"[324.0, 180.0]"
normal_0402_EDD,0,3,9,normal,"[278.0, 220.0]",114.03503592196344,0.8762007892131806,0.1592511534690857,0.984021008014679,-0.1406746506690979,0.7254795297611895,"[264.0, 192.0]"
normal_0402_EDD,1,4,9,normal,"[270.0, 151.0]",35.918785545899944,0.7307013630867004,0.023269772529602,0.9919934272766112,-0.0651809573173523,-0.1536219301526811,"[264.0, 192.0]"
normal_0402_EDD,2,4,9,normal,"[353.0, 194.0]",35.918785545899944,0.7354876995086669,0.0264081954956054,0.9917147159576416,-0.074396014213562,-1.4784376119861884,"[264.0, 192.0]"
normal_0402_EDD,3,4,9,normal,"[313.0, 284.0]",35.918785545899944,0.7297741711139678,0.0209513902664184,0.9932435154914856,-0.0677616000175476,-1.901972021924481,"[264.0, 192.0]"
normal_0403_EDD,0,4,9,normal,"[404.0, 208.0]",90.50966799187808,0.794729620218277,0.0830668807029724,0.9857156872749328,-0.1083087921142578,0.0827047018203462,"[487.0, 206.0]"
normal_0403_EDD,1,4,9,normal,"[338.0, 169.0]",45.254833995939045,0.7455304563045502,0.0320938825607299,0.9915453791618348,-0.0967740416526794,-2.3924606206262733,"[487.0, 206.0]"
normal_0403_EDD,2,1,9,normal,"[469.0, 210.0]",45.254833995939045,0.784626030921936,0.0703660249710083,0.9885164499282836,-0.1114924550056457,0.5925498496748345,"[487.0, 206.0]"
normal_0403_EDD,3,4,9,normal,"[366.0, 298.0]",45.254833995939045,0.7476539969444274,0.033610999584198,0.9914023876190186,-0.1003066301345825,-2.358829897635484,"[487.0, 206.0]"
normal_0403_EDD,4,4,9,normal,"[352.0, 178.0]",57.01751796098172,0.7421401619911194,0.031479001045227,0.9880894422531128,-0.0949927568435669,-1.4180836875676914,"[487.0, 206.0]"
normal_0404_EDD,0,1,0,normal,"[126.0, 188.0]",57.01751796098172,0.8249241590499878,0.1249111890792846,0.9588176012039183,-0.144203245639801,-2.872667223409796,"[245.0, 374.0]"
normal_0405_EDD,0,1,9,normal,"[471.0, 205.0]",45.254833995939045,0.8066207766532897,0.100431203842163,0.9694714546203612,-0.1377977728843689,0.7051880896232312,"[484.0, 208.0]"
normal_0405_EDD,1,4,9,normal,"[371.0, 179.0]",35.918785545899944,0.7020717203617095,0.0322624444961547,0.939825713634491,-0.0596563816070556,-2.2479356663002705,"[484.0, 208.0]"
normal_0406_EDD,0,1,9,normal,"[124.0, 197.0]",57.01751796098172,0.7733436584472656,0.0729125142097473,0.9670517444610596,-0.117474615573883,0.718836944939415,"[108.0, 198.0]"
normal_0406_EDD,1,4,9,normal,"[196.0, 181.0]",35.918785545899944,0.7026235878467559,0.0257444977760314,0.9543421864509584,-0.0441977977752685,-1.495268241864527,"[108.0, 198.0]"
normal_0406_EDD,2,4,9,normal,"[217.0, 269.0]",35.918785545899944,0.7112928807735442,0.0353301167488098,0.9491734504699708,-0.057706743478775,-2.621631018084974,"[108.0, 198.0]"
normal_0407_EDD,0,3,9,normal,"[280.0, 206.0]",90.50966799187808,0.821993064880371,0.1075888872146606,0.9813522696495056,-0.1372879445552826,0.9195653895235392,"[287.0, 204.0]"
normal_0408_EDD,0,1,9,normal,"[498.0, 190.0]",45.254833995939045,0.806602793931961,0.1046552658081054,0.9620062708854676,-0.1427156925201416,0.3557647459972406,"[513.0, 165.0]"
normal_0408_EDD,1,4,9,normal,"[406.0, 256.0]",35.918785545899944,0.6880118370056152,0.0274969935417175,0.930440366268158,-0.0460329353809356,-2.9105865151217696,"[513.0, 165.0]"
normal_0408_EDD,2,4,9,normal,"[406.0, 267.0]",45.254833995939045,0.7029440701007843,0.0456717014312744,0.9262121319770812,-0.0446193814277648,-2.266559375895377,"[513.0, 165.0]"
normal_0409_EDD,0,2,9,normal,"[286.0, 220.0]",90.50966799187808,0.8312809348106384,0.1398646235466003,0.94887512922287,-0.1360186040401458,0.421875,"[249.0, 183.0]"
normal_0410_EDD,0,1,9,normal,"[449.0, 217.0]",35.918785545899944,0.8638510406017303,0.1473100185394287,0.9804995656013488,-0.1509566307067871,0.4452802748659286,"[468.0, 211.0]"
normal_0410_EDD,1,4,9,normal,"[344.0, 303.0]",35.918785545899944,0.6852701842784881,0.0416878461837768,0.903865933418274,-0.0543809235095977,-3.298644015334058,"[468.0, 211.0]"
normal_0410_EDD,2,4,9,normal,"[342.0, 313.0]",45.254833995939045,0.6895731210708618,0.0499548912048339,0.8982216715812683,-0.0543152987957,-2.582182470226775,"[468.0, 211.0]"
normal_0411_EDD,0,1,9,normal,"[296.0, 198.0]",45.254833995939045,0.8127593636512757,0.1192546486854553,0.9556156396865844,-0.1228688359260559,0.7118892357095973,"[309.0, 197.0]"
normal_0411_EDD,1,2,9,normal,"[301.0, 200.0]",57.01751796098172,0.7783652424812316,0.1083589196205139,0.9221086502075196,-0.1226513385772705,0.8501512508635615,"[309.0, 197.0]"
normal_0412_EDD,0,1,9,normal,"[411.0, 204.0]",35.918785545899944,0.803665018081665,0.0960700511932373,0.9742780923843384,-0.1280015110969543,0.559801700961275,"[424.0, 213.0]"
normal_0412_EDD,1,4,9,normal,"[405.0, 308.0]",45.254833995939045,0.7045545935630798,0.0474452972412109,0.9280956387519836,-0.0372117459774017,-1.1407960698067434,"[424.0, 213.0]"
normal_0412_EDD,2,3,9,normal,"[384.0, 196.0]",71.83757109179989,0.7362772941589355,0.0657659769058227,0.9318085312843324,-0.091226726770401,0.3949875119154379,"[424.0, 213.0]"
normal_0413_EDD,0,1,9,normal,"[306.0, 230.0]",35.918785545899944,0.7915761709213256,0.0792881250381469,0.9836210012435912,-0.1187667250633239,0.5258919223712375,"[319.0, 241.0]"
normal_0413_EDD,1,4,9,normal,"[330.0, 317.0]",35.918785545899944,0.7301290690898895,0.0531269907951355,0.9450613260269164,-0.0772957503795623,-1.1379321570007144,"[319.0, 241.0]"
normal_0414_EDD,0,1,9,normal,"[160.0, 207.0]",45.254833995939045,0.7721063017845153,0.0675980448722839,0.9702796936035156,-0.1265623569488525,0.5255554234159695,"[141.0, 197.0]"
normal_0414_EDD,1,4,9,normal,"[179.0, 325.0]",45.254833995939045,0.6917428970336914,0.0313134789466857,0.932052195072174,-0.0399644076824188,-1.950436937980542,"[141.0, 197.0]"
normal_0414_EDD,2,2,9,normal,"[166.0, 206.0]",57.01751796098172,0.7610655426979065,0.0673617720603942,0.9547144174575806,-0.127018392086029,0.5339912809014993,"[141.0, 197.0]"
normal_0415_EDD,0,1,9,normal,"[487.0, 249.0]",45.254833995939045,0.8447133481502532,0.1356703639030456,0.9697347283363342,-0.1511433720588684,0.4471310620951834,"[512.0, 248.0]"
normal_0415_EDD,1,4,9,normal,"[358.0, 192.0]",45.254833995939045,0.713521260023117,0.047859251499176,0.9316422939300536,-0.0675620138645172,-2.620956796897748,"[512.0, 248.0]"
normal_0416_EDD,0,1,9,normal,"[277.0, 216.0]",45.254833995939045,0.7578848361968993,0.0546457171440124,0.9729207754135132,-0.1109728813171386,0.5354353516462967,"[258.0, 207.0]"
normal_0416_EDD,1,4,9,normal,"[278.0, 348.0]",35.918785545899944,0.7099202215671538,0.0444302558898925,0.9337561726570128,-0.0593032240867614,-2.964816008829492,"[258.0, 207.0]"
normal_0416_EDD,2,2,9,normal,"[276.0, 210.0]",57.01751796098172,0.7563128113746643,0.0632137060165405,0.9582267999649048,-0.1117017269134521,0.6799529645716542,"[258.0, 207.0]"
normal_0417_EDD,0,1,9,normal,"[329.0, 210.0]",45.254833995939045,0.832697719335556,0.1138873100280761,0.9869166016578674,-0.1398439407348632,0.6875,"[343.0, 208.0]"
normal_0417_EDD,1,4,9,normal,"[260.0, 125.0]",35.918785545899944,0.6881068110466003,0.0538111925125122,0.8939792513847351,-0.0425507128238678,-2.2679202231648263,"[343.0, 208.0]"
normal_0417_EDD,2,1,9,normal,"[330.0, 213.0]",57.01751796098172,0.7738472759723664,0.0808242559432983,0.9501084685325624,-0.139735460281372,0.7557173869491196,"[343.0, 208.0]"
normal_0418_EDD,0,1,9,normal,"[335.0, 208.0]",57.01751796098172,0.821038818359375,0.1314908862113952,0.9472641944885254,-0.1323149800300598,0.4841781369748159,"[352.0, 184.0]"
normal_0419_EDD,0,1,9,normal,"[478.0, 219.0]",45.254833995939045,0.8745016396045685,0.2003341317176818,0.92007178068161,-0.1505863070487976,0.4162018221165812,"[501.0, 206.0]"
normal_0419_EDD,1,4,9,normal,"[422.0, 308.0]",35.918785545899944,0.606795272231102,0.0507193207740783,0.7864269018173218,-0.0278856009244918,-2.5918670685440386,"[501.0, 206.0]"
normal_0419_EDD,2,4,9,normal,"[397.0, 310.0]",45.254833995939045,0.6091564774513244,0.0596222281455993,0.7766826748847961,-0.0292818844318389,-2.25,"[501.0, 206.0]"
normal_0420_EDD,0,2,0,normal,"[298.0, 208.0]",71.83757109179989,0.8143245160579681,0.127773106098175,0.9431298971176147,-0.1318024098873138,-0.0918337718334059,"[324.0, 282.0]"
normal_0421_EDD,0,2,9,normal,"[286.0, 212.0]",71.83757109179989,0.7791522026062012,0.0999602079391479,0.935843288898468,-0.120508462190628,0.6301286345383434,"[295.0, 237.0]"
normal_0422_EDD,0,1,9,normal,"[408.0, 195.0]",45.254833995939045,0.7794187486171722,0.0960830450057983,0.9382795691490172,-0.1327000260353088,0.5133621405500801,"[425.0, 209.0]"
normal_0422_EDD,1,4,9,normal,"[335.0, 266.0]",35.918785545899944,0.6708042621612549,0.0288679599761962,0.907002866268158,-0.0351714789867401,-1.965904437143438,"[425.0, 209.0]"
normal_0422_EDD,2,4,9,normal,"[334.0, 273.0]",45.254833995939045,0.6711203038692474,0.032433271408081,0.9026117920875548,-0.0342938899993896,-1.458344367913088,"[425.0, 209.0]"
normal_0422_EDD,3,4,9,normal,"[316.0, 292.0]",71.83757109179989,0.6759910434484481,0.0513198375701904,0.8838876485824585,-0.029749259352684,-0.9071308718296008,"[425.0, 209.0]"
normal_0423_EDD,0,1,9,normal,"[416.0, 204.0]",45.254833995939045,0.8006323516368865,0.1060062050819397,0.9570174813270568,-0.1235695481300354,0.5889704238135655,"[427.0, 189.0]"
normal_0423_EDD,1,4,9,normal,"[341.0, 198.0]",35.918785545899944,0.7457995891571044,0.0565888285636901,0.9606256484985352,-0.0838640332221984,-1.407365575975065,"[427.0, 189.0]"
normal_0423_EDD,2,4,9,normal,"[351.0, 276.0]",35.918785545899944,0.6839547216892242,0.0310202240943908,0.921742856502533,-0.0385724902153015,-2.216159989397325,"[427.0, 189.0]"
normal_0423_EDD,3,2,9,normal,"[388.0, 208.0]",71.83757109179989,0.7993309617042541,0.1219183206558227,0.93475604057312,-0.1154170632362365,0.3961095389551708,"[427.0, 189.0]"
normal_0424_EDD,0,1,9,normal,"[151.0, 199.0]",45.254833995939045,0.8335846960544586,0.1458998322486877,0.9390557408332824,-0.1517292261123657,0.5580582617584078,"[139.0, 215.0]"
normal_0424_EDD,1,4,9,normal,"[233.0, 278.0]",35.918785545899944,0.624365684390068,0.0249133110046386,0.8504927754402161,-0.0205371528863906,-2.15041776049634,"[139.0, 215.0]"
normal_0425_EDD,0,1,9,normal,"[467.0, 215.0]",45.254833995939045,0.800890052318573,0.0909808278083801,0.9766191244125366,-0.1313791871070861,0.5153730493977868,"[487.0, 224.0]"
normal_0425_EDD,1,4,9,normal,"[370.0, 273.0]",35.918785545899944,0.6931875944137573,0.0297644734382629,0.9341432452201844,-0.0476142466068267,-2.5314769649246083,"[487.0, 224.0]"
normal_0426_EDD,0,1,9,normal,"[297.0, 197.0]",57.01751796098172,0.794417279958725,0.1059452295303344,0.9458693861961364,-0.1318174004554748,0.7830611131596861,"[285.0, 194.0]"
normal_0427_EDD,0,1,9,normal,"[481.0, 223.0]",45.254833995939045,0.8589631080627441,0.1732726693153381,0.9385699033737184,-0.1434575319290161,0.6859413868399722,"[492.0, 214.0]"
normal_0427_EDD,1,4,9,normal,"[360.0, 196.0]",35.918785545899944,0.6149664908647536,0.0392793416976928,0.8156321048736572,-0.0237233787775039,-2.708967824004119,"[492.0, 214.0]"
normal_0427_EDD,2,4,9,normal,"[371.0, 201.0]",45.254833995939045,0.6194248229265212,0.0430108308792114,0.816733717918396,-0.0235019475221633,-1.6891346772707387,"[492.0, 214.0]"
normal_0428_EDD,0,1,9,normal,"[299.0, 224.0]",45.254833995939045,0.7881032168865203,0.081207275390625,0.973777711391449,-0.1262577176094055,0.6678079433520423,"[314.0, 225.0]"
normal_0429_EDD,0,1,9,normal,"[330.0, 212.0]",45.254833995939045,0.791048240661621,0.0761183500289917,0.9830344915390016,-0.1340287327766418,0.8177827532860844,"[338.0, 210.0]"
normal_0429_EDD,1,4,9,normal,"[229.0, 180.0]",35.918785545899944,0.7121422708034515,0.0377312302589416,0.9478324055671692,-0.0546417832374572,-2.147464012434935,"[338.0, 210.0]"
normal_0429_EDD,2,4,9,normal,"[262.0, 303.0]",35.918785545899944,0.7142850816249847,0.0415899157524108,0.9425949454307556,-0.0643935203552246,-2.34376899634216,"[338.0, 210.0]"
normal_0429_EDD,3,4,9,normal,"[230.0, 176.0]",45.254833995939045,0.7126750230789184,0.0426598787307739,0.9415753483772278,-0.0545620024204254,-1.5019523626560116,"[338.0, 210.0]"
normal_0430_EDD,0,1,9,normal,"[172.0, 208.0]",35.918785545899944,0.8052570521831512,0.1015411019325256,0.967896044254303,-0.1309435963630676,0.2027669730102719,"[160.0, 182.0]"
normal_0430_EDD,1,4,9,normal,"[268.0, 174.0]",35.918785545899944,0.6778830766677856,0.0340191721916198,0.9075175523757936,-0.0430080890655517,-2.01502095128071,"[160.0, 182.0]"
normal_0430_EDD,2,4,9,normal,"[224.0, 284.0]",35.918785545899944,0.6619848012924194,0.0292246341705322,0.8966565132141113,-0.0255030393600463,-2.3524503670661603,"[160.0, 182.0]"
normal_0431_EDD,0,1,9,normal,"[416.0, 206.0]",35.918785545899944,0.806812447309494,0.1095900535583496,0.9565773606300354,-0.1380912065505981,0.8329564903486864,"[422.0, 206.0]"
normal_0431_EDD,1,4,9,normal,"[329.0, 177.0]",35.918785545899944,0.6827404141426087,0.0403268337249755,0.9061087965965272,-0.0406871140003204,-1.7121359907665457,"[422.0, 206.0]"
normal_0431_EDD,2,4,9,normal,"[353.0, 276.0]",45.254833995939045,0.7032700598239898,0.0446423888206481,0.9248003363609314,-0.0563371777534484,-1.1719312043087369,"[422.0, 206.0]"
normal_0432_EDD,0,1,9,normal,"[306.0, 242.0]",35.918785545899944,0.7924816489219665,0.0897073745727539,0.9696444272994996,-0.1201158761978149,0.8217332757743043,"[310.0, 237.0]"
normal_0433_EDD,0,2,9,normal,"[278.0, 220.0]",71.83757109179989,0.7545236825942992,0.0758014917373657,0.9377279281616212,-0.1115632057189941,0.7130258190140629,"[265.0, 204.0]"
normal_0434_EDD,0,1,0,normal,"[506.0, 223.0]",45.254833995939045,0.8723434090614318,0.1706267595291137,0.9563997983932496,-0.1611839532852172,-5.310952780682169,"[278.0, 395.0]"
normal_0434_EDD,1,4,0,normal,"[371.0, 208.0]",35.918785545899944,0.6929876565933227,0.0330232977867126,0.9268003106117249,-0.0560207068920135,-4.814484669768684,"[278.0, 395.0]"
normal_0434_EDD,2,4,0,normal,"[317.0, 302.0]",35.918785545899944,0.6600652426481247,0.0166621208190917,0.9105934500694276,-0.0299385339021682,-1.807623263179651,"[278.0, 395.0]"
normal_0434_EDD,3,4,0,normal,"[316.0, 306.0]",45.254833995939045,0.6716686993837356,0.0306010246276855,0.907235026359558,-0.0300157815217971,-1.1383998471403798,"[278.0, 395.0]"
normal_0435_EDD,0,2,9,normal,"[298.0, 212.0]",71.83757109179989,0.8089295923709869,0.1401681303977966,0.9164031147956848,-0.1363964080810547,0.7537248859604941,"[286.0, 199.0]"
normal_0436_EDD,0,1,9,normal,"[144.0, 189.0]",57.01751796098172,0.8259729981422423,0.1402046084403991,0.9404102563858032,-0.137406051158905,0.5831153389687087,"[122.0, 180.0]"
normal_0436_EDD,1,4,9,normal,"[201.0, 286.0]",45.254833995939045,0.6403793901205063,0.039775013923645,0.8514427542686462,-0.0229722410440444,-1.921248261659731,"[122.0, 180.0]"
normal_0437_EDD,0,3,9,normal,"[290.0, 194.0]",90.50966799187808,0.8244772672653198,0.1026325821876525,0.9905790090560912,-0.1421968936920166,0.8309897839626255,"[305.0, 197.0]"
normal_0438_EDD,0,3,9,normal,"[206.0, 216.0]",114.03503592196344,0.8113622069358826,0.096875250339508,0.9900475144386292,-0.1072684824466705,0.2199323295088173,"[123.0, 184.0]"
normal_0438_EDD,1,4,9,normal,"[268.0, 305.0]",57.01751796098172,0.7565658271312713,0.0460399985313415,0.9930737018585204,-0.0768711864948272,-2.3122178596512355,"[123.0, 184.0]"
normal_0438_EDD,2,4,9,normal,"[260.0, 296.0]",71.83757109179989,0.7715424656867981,0.0628319978713989,0.9908402562141418,-0.0756114423274993,-1.4632625212448147,"[123.0, 184.0]"
normal_0439_EDD,0,3,9,normal,"[322.0, 236.0]",114.03503592196344,0.8733348488807677,0.1616953611373901,0.9798798561096193,-0.1286179423332214,0.8540508463689825,"[331.0, 222.0]"
normal_0439_EDD,1,4,9,normal,"[395.0, 221.0]",45.254833995939045,0.7432781994342803,0.036100149154663,0.9889727234840392,-0.0744857192039489,-0.4143861853291692,"[331.0, 222.0]"
normal_0440_EDD,0,1,9,normal,"[499.0, 222.0]",57.01751796098172,0.818880933523178,0.1224712133407592,0.9544026255607604,-0.1416394114494323,0.6667690794081549,"[518.0, 222.0]"
normal_0441_EDD,0,3,9,normal,"[410.0, 186.0]",114.03503592196344,0.811558586359024,0.1034227013587951,0.9802541732788086,-0.1097898185253143,0.1090699166646007,"[499.0, 235.0]"
normal_0441_EDD,1,4,9,normal,"[345.0, 136.0]",35.918785545899944,0.7309730112552643,0.0185704231262207,0.9945332407951356,-0.0811465978622436,-4.0969564801704,"[499.0, 235.0]"
normal_0441_EDD,2,4,9,normal,"[233.0, 184.0]",35.918785545899944,0.7479228556156159,0.0311275124549865,0.992673635482788,-0.109618991613388,-6.5404825077590285,"[499.0, 235.0]"
normal_0441_EDD,3,3,9,normal,"[460.0, 237.0]",35.918785545899944,0.7427944839000702,0.0351237654685974,0.9935811161994934,-0.0608196854591369,-0.0872095975970683,"[499.0, 235.0]"
normal_0441_EDD,4,4,9,normal,"[350.0, 143.0]",45.254833995939045,0.7354604184627532,0.0232974886894226,0.9940976500511168,-0.0814728736877441,-2.8695147668990746,"[499.0, 235.0]"
normal_0441_EDD,5,4,9,normal,"[360.0, 154.0]",57.01751796098172,0.7402539789676665,0.0282799005508422,0.9939897656440736,-0.0809062123298645,-1.82156856609728,"[499.0, 235.0]"
normal_0442_EDD,0,3,9,normal,"[256.0, 224.0]",114.03503592196344,0.852865582704544,0.1406237483024597,0.98176109790802,-0.1250453293323516,0.8572472007003212,"[259.0, 208.0]"
normal_0442_EDD,1,4,9,normal,"[364.0, 248.0]",35.918785545899944,0.7487338662147521,0.035395860671997,0.9914611577987672,-0.0965759754180908,-2.128196668220787,"[259.0, 208.0]"
normal_0442_EDD,2,4,9,normal,"[356.0, 237.0]",45.254833995939045,0.7474725782871247,0.0358946919441223,0.9908363223075868,-0.0899623036384582,-1.23715954113693,"[259.0, 208.0]"
normal_0442_EDD,3,4,9,normal,"[344.0, 227.0]",57.01751796098172,0.7510259091854095,0.0406293272972106,0.9898537993431092,-0.0874946117401123,-0.5275594144815183,"[259.0, 208.0]"
normal_0443_EDD,0,2,9,normal,"[310.0, 220.0]",90.50966799187808,0.8181991338729858,0.1013441085815429,0.985788106918335,-0.134016752243042,0.8342718481594029,"[319.0, 208.0]"
normal_0444_EDD,0,2,9,normal,"[272.0, 205.0]",57.01751796098172,0.7754890978336334,0.1073635816574096,0.9179099202156068,-0.1279428601264953,0.7802436069785398,"[261.0, 199.0]"
normal_0445_EDD,0,1,9,normal,"[493.0, 204.0]",45.254833995939045,0.8441750168800354,0.1582746505737304,0.9359805583953856,-0.1535698771476745,0.5302094881758466,"[509.0, 218.0]"
normal_0445_EDD,1,4,9,normal,"[218.0, 265.0]",45.254833995939045,0.6217589020729064,0.0324465036392211,0.8336721062660217,-0.0287096202373504,-5.513582563574365,"[509.0, 218.0]"
normal_0446_EDD,0,2,9,normal,"[326.0, 210.0]",71.83757109179989,0.8071550726890563,0.0994385480880737,0.9706398248672484,-0.1413432359695434,0.7930599751441841,"[337.0, 220.0]"
normal_0447_EDD,0,1,9,normal,"[112.0, 201.0]",45.254833995939045,0.8018775820732117,0.1019082069396972,0.9596240520477296,-0.1411626935005188,0.6436951796565195,"[98.0, 209.0]"
normal_0447_EDD,1,4,9,normal,"[148.0, 317.0]",45.254833995939045,0.7057623267173766,0.0485819578170776,0.9195606112480164,-0.0674397051334381,-1.6298318624961556,"[98.0, 209.0]"
normal_0448_EDD,0,2,9,normal,"[306.0, 218.0]",90.50966799187808,0.7937187433242797,0.0899576544761657,0.9742017388343812,-0.1090993583202362,0.7900776743352438,"[325.0, 218.0]"
normal_0449_EDD,0,1,9,normal,"[305.0, 218.0]",57.01751796098172,0.8028939127922058,0.1154885292053222,0.9442585706710817,-0.1321219205856323,0.6932020840243058,"[320.0, 209.0]"
normal_0450_EDD,0,1,9,normal,"[111.0, 204.0]",57.01751796098172,0.8004636347293853,0.1132261753082275,0.9434730410575868,-0.1340316534042358,0.6312747942480474,"[92.0, 195.0]"
normal_0451_EDD,0,1,9,normal,"[459.0, 197.0]",57.01751796098172,0.819479614496231,0.1313899159431457,0.9448032975196838,-0.1336369514465332,0.5894349551052224,"[481.0, 205.0]"
normal_0451_EDD,1,4,9,normal,"[415.0, 281.0]",35.918785545899944,0.690048897266388,0.0372195839881897,0.9178724884986876,-0.0515928566455841,-1.802373040387576,"[481.0, 205.0]"
normal_0451_EDD,2,4,9,normal,"[411.0, 276.0]",45.254833995939045,0.6878063261508942,0.0390166640281677,0.9124314785003662,-0.0504381358623504,-1.2031804071046928,"[481.0, 205.0]"
normal_0452_EDD,0,2,9,normal,"[300.0, 224.0]",90.50966799187808,0.834862595796585,0.1322675943374633,0.965177834033966,-0.1348525881767273,0.4921274074017185,"[332.0, 191.0]"
normal_0452_EDD,1,4,9,normal,"[266.0, 302.0]",35.918785545899944,0.7411664545536041,0.0418323278427124,0.973661720752716,-0.0888546109199523,-2.595318091564104,"[332.0, 191.0]"
normal_0453_EDD,0,1,9,normal,"[509.0, 190.0]",45.254833995939045,0.8843186676502227,0.1795638799667358,0.962280571460724,-0.1557919383049011,0.5580582617584078,"[525.0, 202.0]"
normal_0453_EDD,1,4,9,normal,"[189.0, 244.0]",35.918785545899944,0.6474328011274337,0.0284807085990905,0.8756505846977234,-0.0299834161996841,-8.427234809925006,"[525.0, 202.0]"
normal_0454_EDD,0,3,9,normal,"[278.0, 224.0]",114.03503592196344,0.8226161241531372,0.1105416417121887,0.9930412769317628,-0.084727942943573,0.591594603252893,"[323.0, 212.0]"
normal_0454_EDD,1,4,9,normal,"[368.0, 198.0]",45.254833995939045,0.7307791292667388,0.0247133374214172,0.9941820502281188,-0.0506917834281921,-0.041380168934477,"[323.0, 212.0]"
normal_0454_EDD,2,3,9,normal,"[360.0, 197.0]",57.01751796098172,0.7387743830680846,0.0337622165679931,0.9928438663482666,-0.0501073002815246,0.2997778405107756,"[323.0, 212.0]"
normal_0455_EDD,0,2,9,normal,"[90.0, 188.0]",71.83757109179989,0.7650391578674316,0.0529730916023254,0.9841983318328856,-0.1156361699104309,0.3919524467236731,"[48.0, 200.0]"
normal_0455_EDD,1,1,9,normal,"[60.0, 199.0]",45.254833995939045,0.7616018831729888,0.0458406209945678,0.9912925362586976,-0.1092824339866638,0.7339158380324,"[48.0, 200.0]"
normal_0455_EDD,2,1,9,normal,"[71.0, 194.0]",57.01751796098172,0.7568733453750609,0.0439360737800598,0.986254334449768,-0.1127961874008178,0.5831153389687087,"[48.0, 200.0]"
normal_0456_EDD,0,1,9,normal,"[460.0, 200.0]",57.01751796098172,0.8501890659332275,0.1490050554275512,0.9602651596069336,-0.1449919939041137,0.5330022269715398,"[475.0, 178.0]"
normal_0456_EDD,1,4,9,normal,"[282.0, 127.0]",35.918785545899944,0.6544266164302825,0.0281931161880493,0.8887707591056824,-0.020469844341278,-4.557666962923195,"[475.0, 178.0]"
normal_0456_EDD,2,4,9,normal,"[218.0, 155.0]",35.918785545899944,0.6701063811779022,0.0452342629432678,0.8864312171936035,-0.0218513309955596,-6.1836262400005735,"[475.0, 178.0]"
normal_0456_EDD,3,4,9,normal,"[258.0, 136.0]",57.01751796098172,0.6854526117444039,0.0668564438819885,0.8786230087280273,-0.0178003087639808,-2.8764778888676057,"[475.0, 178.0]"
normal_0457_EDD,0,1,9,normal,"[476.0, 210.0]",45.254833995939045,0.8479498267173767,0.1366917490959167,0.9721082448959352,-0.1539115309715271,0.3808871013700329,"[492.0, 187.0]"
normal_0457_EDD,1,4,9,normal,"[353.0, 171.0]",45.254833995939045,0.7236119568347931,0.0419696569442749,0.9532340168952942,-0.0718924403190612,-2.0917765170286806,"[492.0, 187.0]"
normal_0457_EDD,2,4,9,normal,"[371.0, 264.0]",45.254833995939045,0.6990218460559844,0.0254484415054321,0.949774205684662,-0.0436573028564453,-2.1692184071944296,"[492.0, 187.0]"
normal_0458_EDD,0,1,9,normal,"[257.0, 207.0]",57.01751796098172,0.7735673487186432,0.0659621953964233,0.9742375016212464,-0.128194510936737,0.8383033006873079,"[248.0, 209.0]"
normal_0459_EDD,0,1,9,normal,"[484.0, 201.0]",45.254833995939045,0.8261312961578369,0.1188594102859497,0.9715126752853394,-0.1360650658607483,0.661979567925251,"[499.0, 198.0]"
normal_0459_EDD,1,4,9,normal,"[378.0, 271.0]",45.254833995939045,0.7461603045463561,0.0570494532585144,0.9601278305053712,-0.0851068496704101,-2.122655370433951,"[499.0, 198.0]"
normal_0459_EDD,2,4,9,normal,"[416.0, 214.0]",90.50966799187808,0.8071187019348144,0.1222951412200927,0.950209617614746,-0.098384141921997,0.0660875936082121,"[499.0, 198.0]"
normal_0460_EDD,0,3,9,normal,"[178.0, 214.0]",114.03503592196344,0.8139282763004303,0.1115195155143737,0.9700988531112672,-0.1166978180408477,0.2948531885680666,"[99.0, 199.0]"
normal_0460_EDD,1,1,9,normal,"[115.0, 197.0]",45.254833995939045,0.7623306393623352,0.0497214794158935,0.9887969493865968,-0.1022564768791198,0.6436951796565195,"[99.0, 199.0]"
normal_0460_EDD,2,4,9,normal,"[235.0, 294.0]",45.254833995939045,0.7619179427623748,0.0445996522903442,0.9921852946281432,-0.1139429211616516,-2.6657861750584955,"[99.0, 199.0]"
normal_0460_EDD,3,2,9,normal,"[121.0, 193.0]",57.01751796098172,0.7601162910461425,0.0532444715499877,0.9808706045150756,-0.101311981678009,0.6000613615347536,"[99.0, 199.0]"
normal_0460_EDD,4,4,9,normal,"[229.0, 289.0]",57.01751796098172,0.7684053003787994,0.0555638670921325,0.9854599833488464,-0.1150972247123718,-1.7730755154340394,"[99.0, 199.0]"
normal_0460_EDD,5,3,9,normal,"[170.0, 198.0]",90.50966799187808,0.8051122844219207,0.0933214426040649,0.9839925169944764,-0.114980399608612,0.2154756118354255,"[99.0, 199.0]"
normal_0461_EDD,0,4,9,normal,"[404.0, 246.0]",90.50966799187808,0.7965737581253052,0.1040592789649963,0.9622197151184082,-0.0948033928871154,0.1244421421173812,"[482.0, 232.0]"
normal_0461_EDD,1,1,9,normal,"[470.0, 220.0]",45.254833995939045,0.7963205635547638,0.0883664488792419,0.974769651889801,-0.1280767917633056,0.625,"[482.0, 232.0]"
normal_0461_EDD,2,4,9,normal,"[375.0, 279.0]",57.01751796098172,0.7355388283729553,0.0393252372741699,0.9698637127876282,-0.0865449607372284,-1.049676142688948,"[482.0, 232.0]"
normal_0462_EDD,0,3,9,normal,"[272.0, 220.0]",114.03503592196344,0.8524105012416839,0.138348639011383,0.9879963994026184,-0.11232191324234,0.8661434409253008,"[264.0, 207.0]"
normal_0462_EDD,1,4,9,normal,"[339.0, 178.0]",57.01751796098172,0.7523069262504578,0.0403836965560913,0.9932076930999756,-0.0833892226219177,-0.4102936228638667,"[264.0, 207.0]"
normal_0463_EDD,0,3,9,normal,"[428.0, 228.0]",114.03503592196344,0.7928365468978882,0.0838295221328735,0.9840903282165528,-0.1007189750671386,0.3206813940895415,"[504.0, 213.0]"
normal_0463_EDD,1,1,9,normal,"[493.0, 211.0]",45.254833995939045,0.7492062211036682,0.0495194792747497,0.9879443645477296,-0.040628433227539,0.7529470577993453,"[504.0, 213.0]"
normal_0463_EDD,2,4,9,normal,"[496.0, 310.0]",45.254833995939045,0.7448774456977844,0.0426883697509765,0.9884684085845948,-0.0513059496879577,-1.150694836849245,"[504.0, 213.0]"
normal_0463_EDD,3,4,9,normal,"[486.0, 310.0]",57.01751796098172,0.7507676064968108,0.0505411624908447,0.9858090281486512,-0.050800621509552,-0.7302746842808465,"[504.0, 213.0]"
normal_0464_EDD,0,3,9,normal,"[304.0, 240.0]",181.0193359837561,0.856115299463272,0.1620228886604309,0.9715745449066162,-0.0699511468410492,0.7834231831932952,"[335.0, 216.0]"
normal_0464_EDD,1,4,9,normal,"[301.0, 103.0]",35.918785545899944,0.7264893352985382,0.0211248397827148,0.993419587612152,-0.0498539209365844,-2.285306989604759,"[335.0, 216.0]"
normal_0464_EDD,2,4,9,normal,"[292.0, 371.0]",35.918785545899944,0.7201073586940765,0.0167152881622314,0.9940940141677856,-0.0376313030719757,-3.4782686440360884,"[335.0, 216.0]"
normal_0464_EDD,3,4,9,normal,"[316.0, 109.0]",45.254833995939045,0.7321883797645568,0.0262312889099121,0.993721604347229,-0.0517598390579223,-1.401374931679766,"[335.0, 216.0]"
normal_0464_EDD,4,4,9,normal,"[234.0, 173.0]",45.254833995939045,0.7283662676811218,0.0214126110076904,0.9948695302009584,-0.0527249276638031,-1.4256522962906284,"[335.0, 216.0]"
normal_0464_EDD,5,4,9,normal,"[399.0, 240.0]",45.254833995939045,0.7296372473239898,0.0237737298011779,0.994976818561554,-0.0468987226486206,-0.5103807466993213,"[335.0, 216.0]"
normal_0464_EDD,6,4,9,normal,"[362.0, 345.0]",45.254833995939045,0.7332939207553864,0.028058648109436,0.994904637336731,-0.0440101325511932,-1.9122921063141995,"[335.0, 216.0]"
normal_0464_EDD,7,4,9,normal,"[325.0, 114.0]",57.01751796098172,0.7373709201812744,0.0333815813064575,0.9909144639968872,-0.0517460703849792,-0.7975006185412532,"[335.0, 216.0]"
normal_0465_EDD,0,1,9,normal,"[461.0, 214.0]",45.254833995939045,0.8264077484607696,0.1162004470825195,0.975373923778534,-0.1372277736663818,0.6237001694127408,"[478.0, 215.0]"
normal_0465_EDD,1,1,9,normal,"[458.0, 211.0]",57.01751796098172,0.7994065105915069,0.1109803318977356,0.9443360567092896,-0.1369546949863433,0.6422840070251988,"[478.0, 215.0]"
normal_0466_EDD,0,2,9,normal,"[304.0, 202.0]",90.50966799187808,0.8355791628360748,0.1455596089363098,0.9455946683883668,-0.1405164301395416,0.63472907101372,"[306.0, 235.0]"
normal_0467_EDD,0,4,9,normal,"[358.0, 252.0]",114.03503592196344,0.7912652015686035,0.087506353855133,0.9823161959648132,-0.0806875526905059,-0.1887408507979038,"[484.0, 202.0]"
normal_0467_EDD,1,4,9,normal,"[347.0, 171.0]",45.254833995939045,0.7336167812347412,0.0227991342544555,0.9949472546577454,-0.0717728435993194,-2.1038345739584767,"[484.0, 202.0]"
normal_0467_EDD,2,1,9,normal,"[470.0, 204.0]",45.254833995939045,0.7770468354225158,0.0739960670471191,0.9833982586860656,-0.0733599364757537,0.6875,"[484.0, 202.0]"
normal_0467_EDD,3,4,9,normal,"[352.0, 175.0]",57.01751796098172,0.7402500987052917,0.0310686230659484,0.9927765727043152,-0.0711893737316131,-1.363011829619002,"[484.0, 202.0]"
normal_0467_EDD,4,4,9,normal,"[348.0, 274.0]",90.50966799187808,0.7564144253730773,0.0495927333831787,0.986934244632721,-0.07983860373497,-0.7001838135919303,"[484.0, 202.0]"
normal_0467_EDD,5,4,9,normal,"[496.0, 104.0]",456.14014368785377,0.6277632966637611,0.0306510925292968,0.8514853119850159,-0.0053624287247657,0.7835490654706677,"[484.0, 202.0]"
normal_0468_EDD,0,1,9,normal,"[486.0, 199.0]",45.254833995939045,0.8903525114059447,0.1718893051147461,0.9828982353210448,-0.1521722078323364,0.8023576462394764,"[494.0, 195.0]"
normal_0468_EDD,1,4,9,normal,"[381.0, 260.0]",45.254833995939045,0.6941470086574554,0.0358753204345703,0.9258064031600952,-0.0510360300540924,-1.8805991672740587,"[494.0, 195.0]"
normal_0469_EDD,0,2,9,normal,"[338.0, 198.0]",71.83757109179989,0.781195193529129,0.0763670206069946,0.9695464968681335,-0.1307281255722046,0.6553497504162406,"[355.0, 180.0]"
normal_0469_EDD,1,4,9,normal,"[265.0, 258.0]",57.01751796098172,0.7186247527599334,0.0378415584564209,0.9556292295455932,-0.0592136681079864,-1.0887720775424763,"[355.0, 180.0]"
normal_0470_EDD,0,1,9,normal,"[302.0, 219.0]",45.254833995939045,0.8074199378490448,0.0968362092971801,0.9766839146614076,-0.1345249414443969,0.6859413868399722,"[311.0, 208.0]"
normal_0471_EDD,0,3,9,normal,"[168.0, 194.0]",90.50966799187808,0.8282881617546081,0.1213345527648925,0.9756314158439636,-0.1200580894947052,0.4317782329384944,"[122.0, 171.0]"
normal_0471_EDD,1,4,9,normal,"[241.0, 185.0]",35.918785545899944,0.7373409271240233,0.0328676700592041,0.9844405651092528,-0.0768243074417114,-2.3358783588952137,"[122.0, 171.0]"
normal_0471_EDD,2,4,9,normal,"[222.0, 274.0]",45.254833995939045,0.7290826201438902,0.0275770425796508,0.9803466200828552,-0.0763147175312042,-2.1722213480855967,"[122.0, 171.0]"
normal_0471_EDD,3,4,9,normal,"[48.0, 144.0]",362.0386719675124,0.7179959595203399,0.1475629210472107,0.8101035356521606,-0.0168028175830841,0.7824215243494747,"[122.0, 171.0]"
normal_0472_EDD,0,1,9,normal,"[484.0, 203.0]",45.254833995939045,0.8658588349819183,0.1603874564170837,0.9658138155937196,-0.1470085382461547,0.5466056834829092,"[499.0, 217.0]"
normal_0472_EDD,1,4,9,normal,"[371.0, 213.0]",45.254833995939045,0.6856161177158355,0.0375848412513732,0.9142662286758424,-0.0402245819568634,-1.8298078556679425,"[499.0, 217.0]"
normal_0473_EDD,0,2,9,normal,"[276.0, 224.0]",90.50966799187808,0.8424138486385345,0.1383699774742126,0.9646883010864258,-0.1438103020191192,0.828125,"[265.0, 213.0]"
normal_0474_EDD,0,1,9,normal,"[177.0, 195.0]",45.254833995939045,0.8715880513191222,0.1641997098922729,0.9704585075378418,-0.1403369307518005,0.482720457586036,"[155.0, 203.0]"
normal_0474_EDD,1,4,9,normal,"[221.0, 300.0]",35.918785545899944,0.6686607897281647,0.0468528270721435,0.8748010396957397,-0.0472361743450164,-2.266378163771132,"[155.0, 203.0]"
normal_0474_EDD,2,1,9,normal,"[179.0, 197.0]",57.01751796098172,0.8101099073886872,0.1369576454162597,0.9214982390403748,-0.1405174732208252,0.5661222263193721,"[155.0, 203.0]"
normal_0475_EDD,0,1,9,normal,"[274.0, 206.0]",57.01751796098172,0.820308369398117,0.1439504027366638,0.9251314997673036,-0.1438295841217041,0.6000613615347536,"[252.0, 200.0]"
normal_0476_EDD,0,1,9,normal,"[296.0, 207.0]",57.01751796098172,0.8319095373153685,0.1503216624259948,0.9332097768783568,-0.1417051553726196,0.6626408032206081,"[315.0, 210.0]"
normal_0477_EDD,0,1,9,normal,"[387.0, 217.0]",57.01751796098172,0.8247704446315764,0.1396334171295166,0.9393290877342224,-0.1380333304405212,0.4886701400405098,"[412.0, 202.0]"
normal_0478_EDD,0,2,9,normal,"[436.0, 222.0]",90.50966799187808,0.8384258151054381,0.1338728666305542,0.9698684215545654,-0.1282252669334411,0.4336072199877545,"[484.0, 204.0]"
normal_0478_EDD,1,4,9,normal,"[358.0, 185.0]",45.254833995939045,0.743858504295349,0.0425280928611755,0.9762356281280518,-0.0898273587226867,-1.81570997374552,"[484.0, 204.0]"
normal_0478_EDD,2,2,9,normal,"[456.0, 220.0]",71.83757109179989,0.8132374227046966,0.1045320630073547,0.9769938588142396,-0.1240482926368713,0.5510840566702379,"[484.0, 204.0]"
normal_0479_EDD,0,2,9,normal,"[320.0, 232.0]",90.50966799187808,0.8395280957221984,0.1295889019966125,0.9713038802146912,-0.1501323878765106,0.7235655310475917,"[321.0, 207.0]"
normal_0480_EDD,0,3,9,normal,"[166.0, 236.0]",114.03503592196344,0.834632259607315,0.1231612563133239,0.979938805103302,-0.1275691986083984,0.3408474747769402,"[109.0, 187.0]"
normal_0480_EDD,1,4,9,normal,"[239.0, 190.0]",35.918785545899944,0.7375414550304412,0.0272280573844909,0.991959512233734,-0.0797086954116821,-2.620239626730035,"[109.0, 187.0]"
normal_0480_EDD,2,4,9,normal,"[222.0, 278.0]",45.254833995939045,0.7317908585071563,0.0230882763862609,0.991901695728302,-0.0718569755554199,-2.205981957606748,"[109.0, 187.0]"
normal_0481_EDD,0,4,9,normal,"[196.0, 192.0]",114.03503592196344,0.7910262048244475,0.0796504616737365,0.9910617470741272,-0.0881626009941101,0.2344603714190983,"[282.0, 207.0]"
normal_0481_EDD,1,4,9,normal,"[135.0, 225.0]",35.918785545899944,0.7371859610080719,0.0262431502342224,0.9955269694328308,-0.0703696608543396,-3.123133294056343,"[282.0, 207.0]"
normal_0481_EDD,2,4,9,normal,"[368.0, 170.0]",45.254833995939045,0.735907483100891,0.0261427164077758,0.9961487054824828,-0.0623033642768859,-1.0687641615829482,"[282.0, 207.0]"
normal_0481_EDD,3,4,9,normal,"[362.0, 171.0]",57.01751796098172,0.7468978226184844,0.0385394096374511,0.9941921830177308,-0.0621194243431091,-0.5385946623961877,"[282.0, 207.0]"
normal_0482_EDD,0,2,9,normal,"[296.0, 206.0]",90.50966799187808,0.8261004328727721,0.1300466656684875,0.95468407869339,-0.1388745605945587,0.8525940448116156,"[283.0, 203.0]"
normal_0483_EDD,0,3,9,normal,"[414.0, 216.0]",114.03503592196344,0.8082808375358581,0.1164997220039367,0.962477684020996,-0.0902336835861206,0.2689907841786874,"[496.0, 231.0]"
normal_0483_EDD,1,4,9,normal,"[328.0, 162.0]",35.918785545899944,0.7450208127498626,0.0369218587875366,0.9839654564857484,-0.0966156721115112,-4.056343850487312,"[496.0, 231.0]"
normal_0483_EDD,2,4,9,normal,"[339.0, 174.0]",45.254833995939045,0.7466520011425017,0.0415442585945129,0.9804945588111876,-0.0938077569007873,-2.690808896773172,"[496.0, 231.0]"
normal_0483_EDD,3,1,9,normal,"[473.0, 212.0]",45.254833995939045,0.7828112602233886,0.0652833580970764,0.9901564121246338,-0.122092068195343,0.3407805278209692,"[496.0, 231.0]"
normal_0484_EDD,0,3,9,normal,"[262.0, 234.0]",90.50966799187808,0.800333160161972,0.0930555462837219,0.975114643573761,-0.1234868168830871,0.9137081170532244,"[268.0, 229.0]"
normal_0485_EDD,0,1,9,normal,"[480.0, 219.0]",45.254833995939045,0.8611265003681183,0.1553796529769897,0.963440239429474,-0.1566933989524841,0.1111585841670068,"[503.0, 252.0]"
normal_0485_EDD,1,4,9,normal,"[377.0, 187.0]",35.918785545899944,0.6607750415802002,0.0320023298263549,0.8890900611877441,-0.0320483446121215,-2.947182325822749,"[503.0, 252.0]"
normal_0485_EDD,2,4,9,normal,"[378.0, 273.0]",35.918785545899944,0.6540124595165253,0.0301565527915954,0.8833494782447815,-0.0275563597679138,-2.528842189403682,"[503.0, 252.0]"
normal_0486_EDD,0,3,9,normal,"[286.0, 224.0]",90.50966799187808,0.8079648911952972,0.1135841608047485,0.9550376534461976,-0.1292718648910522,0.8779648488139585,"[287.0, 213.0]"
normal_0486_EDD,1,4,9,normal,"[222.0, 226.0]",35.918785545899944,0.7148728609085082,0.0310769081115722,0.9592207670211792,-0.0617070794105529,-0.8454759165506573,"[287.0, 213.0]"
normal_0486_EDD,2,2,9,normal,"[294.0, 218.0]",71.83757109179989,0.7818550050258636,0.0779944658279419,0.9686713814735411,-0.1289528608322143,0.8802531163525855,"[287.0, 213.0]"
normal_0487_EDD,0,1,9,normal,"[490.0, 204.0]",45.254833995939045,0.803687459230423,0.0953000783920288,0.975320279598236,-0.1283159255981445,0.4951407993311403,"[511.0, 213.0]"
normal_0487_EDD,1,4,9,normal,"[392.0, 312.0]",57.01751796098172,0.7447497606277466,0.0678339600563049,0.9479892253875732,-0.0666167140007019,-1.7148961639536116,"[511.0, 213.0]"
normal_0488_EDD,0,1,9,normal,"[476.0, 200.0]",45.254833995939045,0.8130825757980347,0.1066480875015258,0.9718215465545654,-0.1307970285415649,0.6930174577439296,"[488.0, 193.0]"
normal_0488_EDD,1,4,9,normal,"[368.0, 184.0]",45.254833995939045,0.7034453272819519,0.0344814658164978,0.9404335021972656,-0.0533020496368408,-1.6590977381905314,"[488.0, 193.0]"
normal_0489_EDD,0,2,9,normal,"[332.0, 208.0]",71.83757109179989,0.7841126143932342,0.092736542224884,0.9523940682411194,-0.1235011219978332,0.54721587269403,"[355.0, 231.0]"
normal_0490_EDD,0,3,9,normal,"[264.0, 200.0]",90.50966799187808,0.7943614840507507,0.0762805938720703,0.9872822761535645,-0.1349164843559265,0.6548324682128981,"[244.0, 224.0]"
normal_0490_EDD,1,4,9,normal,"[223.0, 164.0]",35.918785545899944,0.722383439540863,0.0162711143493652,0.9894148111343384,-0.0676097869873046,-0.7697942548758452,"[244.0, 224.0]"
normal_0491_EDD,0,1,9,normal,"[155.0, 205.0]",35.918785545899944,0.7922704517841338,0.0924479365348815,0.9617499709129332,-0.1329876780509948,0.6741343079163296,"[144.0, 209.0]"
normal_0492_EDD,0,2,9,normal,"[292.0, 210.0]",71.83757109179989,0.7740415155887603,0.0858846306800842,0.9483559131622314,-0.1215387284755706,0.930398537645286,"[296.0, 207.0]"
normal_0492_EDD,1,4,9,normal,"[257.0, 313.0]",35.918785545899944,0.6836820542812347,0.0347890853881835,0.917343258857727,-0.033763438463211,-2.144507489813829,"[296.0, 207.0]"
normal_0493_EDD,0,1,9,normal,"[502.0, 198.0]",45.254833995939045,0.8638642668724059,0.1581612825393676,0.9659925699234008,-0.1475409269332885,0.2078880090227141,"[520.0, 229.0]"
normal_0493_EDD,1,4,9,normal,"[379.0, 287.0]",35.918785545899944,0.6389833480119704,0.0247136950492858,0.8697406649589539,-0.0272559374570846,-3.244662172596664,"[520.0, 229.0]"
normal_0493_EDD,2,4,9,normal,"[383.0, 286.0]",45.254833995939045,0.6395646393299103,0.0297600626945495,0.8634343147277832,-0.0270027816295623,-2.2788681831540587,"[520.0, 229.0]"
normal_0494_EDD,0,1,9,normal,"[407.0, 208.0]",35.918785545899944,0.7774955689907074,0.0818668007850647,0.9576717019081116,-0.126292884349823,0.4769228986306698,"[424.0, 200.0]"
normal_0494_EDD,1,4,9,normal,"[318.0, 184.0]",35.918785545899944,0.6927945613861083,0.0342532396316528,0.9258308410644532,-0.0522986650466918,-1.9845314822537448,"[424.0, 200.0]"
normal_0494_EDD,2,4,9,normal,"[198.0, 218.0]",35.918785545899944,0.6631433308124542,0.0340717434883117,0.8911897540092468,-0.0261937975883483,-5.311897173844504,"[424.0, 200.0]"
normal_0494_EDD,3,4,9,normal,"[356.0, 319.0]",35.918785545899944,0.7074869036674499,0.0482177734375,0.9252783060073853,-0.0578715801239013,-2.8157855183029783,"[424.0, 200.0]"
normal_0494_EDD,4,4,9,normal,"[354.0, 314.0]",45.254833995939045,0.7087703168392181,0.0543705224990844,0.9183233380317688,-0.0578672885894775,-1.9560583975963663,"[424.0, 200.0]"
normal_0495_EDD,0,2,9,normal,"[284.0, 204.0]",71.83757109179989,0.7753279566764831,0.0790306329727172,0.959926187992096,-0.1217449605464935,0.7973174822412243,"[280.0, 218.0]"
normal_0496_EDD,0,2,9,normal,"[294.0, 232.0]",90.50966799187808,0.8028953731060028,0.1126908659934997,0.9510570764541626,-0.1223227679729461,0.5309896556311364,"[283.0, 191.0]"
normal_0496_EDD,1,4,9,normal,"[314.0, 305.0]",35.918785545899944,0.728314995765686,0.041021704673767,0.9617596864700316,-0.0703075528144836,-2.2890796824313764,"[283.0, 191.0]"
normal_0496_EDD,2,1,9,normal,"[302.0, 203.0]",57.01751796098172,0.7692269504070282,0.0634759068489074,0.973304569721222,-0.1221892237663269,0.6058719169497622,"[283.0, 191.0]"
normal_0496_EDD,3,2,9,normal,"[296.0, 216.0]",71.83757109179989,0.7672881782054901,0.0701326131820678,0.960786998271942,-0.1230233311653137,0.6077539206997604,"[283.0, 191.0]"
normal_0497_EDD,0,1,9,normal,"[294.0, 216.0]",57.01751796098172,0.7607999384403228,0.0567852854728698,0.970264732837677,-0.1241466999053955,0.5287403126969408,"[313.0, 197.0]"
normal_0497_EDD,1,4,9,normal,"[258.0, 304.0]",35.918785545899944,0.7374032258987426,0.0432409644126892,0.9674866199493408,-0.0846081376075744,-2.3494433733419746,"[313.0, 197.0]"
normal_0497_EDD,2,4,9,normal,"[265.0, 304.0]",45.254833995939045,0.7429907441139221,0.0532261729240417,0.9609588384628296,-0.0854669213294982,-1.5913957689341856,"[313.0, 197.0]"
normal_0498_EDD,0,2,9,normal,"[282.0, 210.0]",90.50966799187808,0.8282582879066467,0.1161960363388061,0.975246012210846,-0.146950215101242,0.8339039716760211,"[283.0, 225.0]"
normal_0499_EDD,0,1,9,normal,"[114.0, 221.0]",57.01751796098172,0.8062879204750061,0.105239450931549,0.9631659984588624,-0.1341613531112671,0.6505484707558425,"[95.0, 215.0]"
normal_0500_EDD,0,1,9,normal,"[335.0, 216.0]",57.01751796098172,0.78384969830513,0.0904862880706787,0.9542532563209534,-0.1269306540489196,0.7096866726367435,"[350.0, 209.0]"
normal_0501_EDD,0,1,9,normal,"[160.0, 199.0]",57.01751796098172,0.7919120371341705,0.1090252995491027,0.9390034079551696,-0.1279217600822448,0.5611876331846765,"[135.0, 198.0]"
normal_0501_EDD,1,4,9,normal,"[262.0, 169.0]",35.918785545899944,0.6703853845596314,0.0391404628753662,0.8919705748558044,-0.0343275964260101,-2.626763838921789,"[135.0, 198.0]"
normal_0502_EDD,0,1,0,normal,"[131.0, 196.0]",45.254833995939045,0.8674871146678924,0.1672106981277465,0.9605303406715392,-0.1395258903503418,-0.8335256764632446,"[113.0, 277.0]"
normal_0502_EDD,1,4,0,normal,"[241.0, 168.0]",35.918785545899944,0.6029025256633758,0.037134826183319,0.8025369644165039,-0.0199591219425201,-3.680614251613018,"[113.0, 277.0]"
normal_0503_EDD,0,2,9,normal,"[334.0, 206.0]",71.83757109179989,0.8021652519702911,0.0962724089622497,0.9691367745399476,-0.1374855041503906,0.4955934434687051,"[357.0, 178.0]"
normal_0504_EDD,0,1,9,normal,"[468.0, 204.0]",45.254833995939045,0.8769170522689819,0.1664442420005798,0.9729794263839722,-0.1469360589981079,0.5058941155986907,"[488.0, 194.0]"
normal_0504_EDD,1,4,9,normal,"[358.0, 183.0]",45.254833995939045,0.7121555149555207,0.0604422092437744,0.9130141139030457,-0.0630171298980712,-1.8828866013511525,"[488.0, 194.0]"
normal_0504_EDD,2,4,9,normal,"[375.0, 261.0]",45.254833995939045,0.6603981256484984,0.0320852398872375,0.8910881876945496,-0.0227557718753814,-1.902887840151596,"[488.0, 194.0]"
normal_0504_EDD,3,4,9,normal,"[376.0, 263.0]",45.254833995939045,0.6612768948078155,0.0331302881240844,0.8908502459526062,-0.0227571725845336,-1.9068379781559888,"[488.0, 194.0]"
normal_0505_EDD,0,1,9,normal,"[516.0, 221.0]",45.254833995939045,0.880695754289627,0.1730117201805114,0.9658883213996888,-0.1578110456466674,0.5133621405500801,"[538.0, 222.0]"
normal_0505_EDD,1,4,9,normal,"[240.0, 191.0]",45.254833995939045,0.6366905182600021,0.0274901390075683,0.8660544753074646,-0.0148112326860427,-5.620465724271217,"[538.0, 222.0]"
normal_0506_EDD,0,1,9,normal,"[133.0, 204.0]",57.01751796098172,0.8074239194393158,0.1128053665161132,0.9546192288398744,-0.1319254636764526,0.4941131912572774,"[117.0, 180.0]"
normal_0507_EDD,0,2,9,normal,"[270.0, 210.0]",71.83757109179989,0.8086001515388488,0.1226513981819152,0.9417233467102052,-0.1337120532989502,0.4664694920643188,"[260.0, 173.0]"
normal_0508_EDD,0,1,9,normal,"[453.0, 213.0]",45.254833995939045,0.8667181074619292,0.1699775457382202,0.9562591910362244,-0.1367956399917602,0.741360228793018,"[464.0, 209.0]"
normal_0508_EDD,1,4,9,normal,"[357.0, 175.0]",35.918785545899944,0.6250443100929259,0.028698980808258,0.8454052209854126,-0.0228083729743957,-2.125717906604738,"[464.0, 209.0]"
normal_0509_EDD,0,1,9,normal,"[345.0, 218.0]",57.01751796098172,0.7981598734855652,0.1111697554588317,0.9436259269714355,-0.1322598457336425,0.6932020840243058,"[360.0, 209.0]"
normal_0510_EDD,0,2,9,normal,"[262.0, 198.0]",71.83757109179989,0.7923146963119507,0.091848075389862,0.9637731313705444,-0.1291271448135376,0.7410675924166714,"[251.0, 213.0]"
normal_0511_EDD,0,3,9,normal,"[244.0, 224.0]",143.67514218359975,0.8630479842424392,0.164158821105957,0.9781691431999208,-0.0708538144826889,0.7914277468453828,"[271.0, 211.0]"
normal_0511_EDD,1,3,9,normal,"[319.0, 190.0]",57.01751796098172,0.7363254070281982,0.0320526957511901,0.993434727191925,-0.0443420112133026,0.0811113941232518,"[271.0, 211.0]"
normal_0512_EDD,0,1,9,normal,"[98.0, 191.0]",57.01751796098172,0.7692249536514282,0.0514360666275024,0.9903056621551514,-0.1228746175765991,0.7003025017271229,"[82.0, 185.0]"
normal_0512_EDD,1,2,9,normal,"[98.0, 200.0]",71.83757109179989,0.7608732879161834,0.0499681234359741,0.9801726937294006,-0.1239213943481445,0.6947041517949544,"[82.0, 185.0]"
normal_0513_EDD,0,2,9,normal,"[316.0, 208.0]",90.50966799187808,0.8054818212985992,0.0870152711868286,0.986354649066925,-0.1400914788246154,0.5994998244382408,"[349.0, 193.0]"
normal_0514_EDD,0,3,9,normal,"[284.0, 216.0]",143.67514218359975,0.8727234601974487,0.1644495129585266,0.9902492761611938,-0.0754972696304321,0.7632526950283219,"[253.0, 230.0]"
normal_0514_EDD,1,4,9,normal,"[295.0, 121.0]",35.918785545899944,0.7208005011081695,0.0202776193618774,0.99326092004776,-0.0262011885643005,-2.252109242994784,"[253.0, 230.0]"
normal_0514_EDD,2,4,9,normal,"[299.0, 332.0]",35.918785545899944,0.7343949258327483,0.0277068018913269,0.9945845007896424,-0.0523948669433593,-2.1151611655301985,"[253.0, 230.0]"
normal_0514_EDD,3,4,9,normal,"[354.0, 194.0]",71.83757109179989,0.762697398662567,0.0534892678260803,0.9950515031814576,-0.0633603930473327,-0.4925903372504183,"[253.0, 230.0]"
normal_0514_EDD,4,4,9,normal,"[190.0, 196.0]",71.83757109179989,0.7461937189102172,0.0407541990280151,0.9937087893486024,-0.0492168366909027,0.0034587162628398,"[253.0, 230.0]"
normal_0514_EDD,5,4,9,normal,"[346.0, 198.0]",90.50966799187808,0.7812697052955627,0.0751428008079528,0.990602731704712,-0.0635249614715576,-0.0866398358299311,"[253.0, 230.0]"
normal_0515_EDD,0,1,9,normal,"[284.0, 203.0]",57.01751796098172,0.7930315256118774,0.1057264804840087,0.9429842233657836,-0.1360804438591003,0.6630970024783625,"[299.0, 191.0]"
normal_0516_EDD,0,1,9,normal,"[152.0, 195.0]",57.01751796098172,0.8273666620254516,0.1276854872703552,0.960400938987732,-0.1370025873184204,0.6283664940498184,"[132.0, 188.0]"
normal_0517_EDD,0,2,9,normal,"[304.0, 218.0]",71.83757109179989,0.83884260058403,0.1437554359436035,0.9537867903709412,-0.1371820569038391,0.8852103276056251,"[296.0, 216.0]"
normal_0518_EDD,0,2,9,normal,"[294.0, 204.0]",90.50966799187808,0.8639319896697998,0.1805948615074157,0.9366583228111268,-0.1383815109729766,0.7779270249445016,"[314.0, 206.0]"
normal_0518_EDD,1,4,9,normal,"[267.0, 290.0]",35.918785545899944,0.6870096564292908,0.0390049815177917,0.9143292903900146,-0.0398708581924438,-1.6797918844907165,"[314.0, 206.0]"
normal_0519_EDD,0,2,9,normal,"[300.0, 206.0]",71.83757109179989,0.7871036708354949,0.0917156338691711,0.9578653573989868,-0.1244114339351654,0.6213271049669989,"[316.0, 228.0]"
normal_0520_EDD,0,1,9,normal,"[97.0, 186.0]",45.254833995939045,0.7907700061798095,0.0996792912483215,0.9476226568222046,-0.1387742757797241,0.5133621405500801,"[80.0, 200.0]"
normal_0520_EDD,1,4,9,normal,"[229.0, 274.0]",35.918785545899944,0.6791555225849151,0.0340262651443481,0.9104657769203186,-0.0390160679817199,-3.631672705243536,"[80.0, 200.0]"
normal_0520_EDD,2,4,9,normal,"[221.0, 270.0]",45.254833995939045,0.6816368818283081,0.0386624336242675,0.9073687195777892,-0.03908172249794,-2.478519463255883,"[80.0, 200.0]"
normal_0521_EDD,0,2,9,normal,"[138.0, 186.0]",71.83757109179989,0.825665009021759,0.121825098991394,0.9658246040344238,-0.1388134360313415,0.7236900838989393,"[123.0, 173.0]"
normal_0522_EDD,0,1,9,normal,"[481.0, 206.0]",57.01751796098172,0.8245460748672485,0.1199139356613159,0.9678834676742554,-0.1355685591697693,0.5615382623791512,"[501.0, 221.0]"
normal_0523_EDD,0,3,9,normal,"[402.0, 216.0]",114.03503592196344,0.8546027719974517,0.1558887958526611,0.9628024101257324,-0.1237614452838897,0.2482458747217349,"[484.0, 191.0]"
normal_0523_EDD,1,4,9,normal,"[346.0, 179.0]",45.254833995939045,0.7529994189739228,0.0418239831924438,0.9882600903511048,-0.0969668626785278,-2.06090519699647,"[484.0, 191.0]"
normal_0523_EDD,2,1,9,normal,"[463.0, 203.0]",45.254833995939045,0.7991695940494536,0.0866461992263794,0.9873444437980652,-0.1069114208221435,0.4655427694847791,"[484.0, 191.0]"
normal_0523_EDD,3,4,9,normal,"[372.0, 291.0]",45.254833995939045,0.7353261649608612,0.0288625955581665,0.986056625843048,-0.0811196565628051,-2.317802359996749,"[484.0, 191.0]"
normal_0523_EDD,4,4,9,normal,"[358.0, 183.0]",57.01751796098172,0.7580370783805847,0.0488004684448242,0.985650897026062,-0.0964049100875854,-1.214296892107634,"[484.0, 191.0]"
normal_0523_EDD,5,1,9,normal,"[455.0, 203.0]",57.01751796098172,0.7915317714214325,0.0862119793891906,0.97649484872818,-0.1088669896125793,0.4495602268336611,"[484.0, 191.0]"
normal_0523_EDD,6,3,9,normal,"[406.0, 210.0]",90.50966799187808,0.8355799973011017,0.1228460669517517,0.9828044772148132,-0.1238539814949035,0.1130145637821894,"[484.0, 191.0]"
normal_0524_EDD,0,1,9,normal,"[514.0, 217.0]",35.918785545899944,0.849454653263092,0.1326867938041687,0.9790859222412108,-0.1570385694503784,0.7093357598193548,"[524.0, 220.0]"
normal_0524_EDD,1,4,9,normal,"[400.0, 169.0]",45.254833995939045,0.6879878014326095,0.0286620259284973,0.931322991847992,-0.0369984060525894,-1.9627406284131583,"[524.0, 220.0]"
normal_0524_EDD,2,4,9,normal,"[232.0, 173.0]",57.01751796098172,0.7121785253286361,0.0491378903388977,0.9325197339057922,-0.0513841062784194,-4.187148754991486,"[524.0, 220.0]"
normal_0525_EDD,0,3,9,normal,"[286.0, 190.0]",90.50966799187808,0.8221768796443939,0.1000872254371643,0.9903210997581482,-0.1443244218826294,0.6156758163672236,"[319.0, 179.0]"
normal_0525_EDD,1,4,9,normal,"[337.0, 228.0]",35.918785545899944,0.7305151164531708,0.0235542058944702,0.9896798729896544,-0.0709249973297119,-0.4533212009032261,"[319.0, 179.0]"
normal_0525_EDD,2,4,9,normal,"[236.0, 285.0]",35.918785545899944,0.7462353706359863,0.038901150226593,0.9845266342163086,-0.0908278822898864,-2.748153455977028,"[319.0, 179.0]"
normal_0525_EDD,3,4,9,normal,"[238.0, 271.0]",45.254833995939045,0.7441040992736816,0.0379510521888732,0.9843747615814208,-0.0854535698890686,-1.7085837223999554,"[319.0, 179.0]"
normal_0526_EDD,0,1,9,normal,"[124.0, 178.0]",45.254833995939045,0.8714890897274017,0.1631854176521301,0.9698814749717712,-0.1469331979751587,0.7999023675802235,"[115.0, 177.0]"
normal_0526_EDD,1,4,9,normal,"[214.0, 252.0]",45.254833995939045,0.6669123888015747,0.0391181707382202,0.8871111273765564,-0.034082144498825,-1.744490219057084,"[115.0, 177.0]"
normal_0527_EDD,0,1,9,normal,"[282.0, 219.0]",35.918785545899944,0.8160419702529906,0.1096119880676269,0.9738359451293944,-0.1237241029739379,0.7433224894112469,"[273.0, 217.0]"
normal_0528_EDD,0,1,9,normal,"[155.0, 220.0]",35.918785545899944,0.8302555441856384,0.1315981149673462,0.9569730758666992,-0.1438813805580139,0.7258020377885429,"[146.0, 224.0]"
normal_0528_EDD,1,4,9,normal,"[222.0, 312.0]",45.254833995939045,0.7011509001255035,0.059025764465332,0.8994411826133728,-0.0625815391540527,-1.5693505988868082,"[146.0, 224.0]"
normal_0529_EDD,0,1,9,normal,"[292.0, 226.0]",45.254833995939045,0.7742986619472504,0.0885609984397888,0.9427066445350648,-0.1292150616645813,0.5,"[308.0, 210.0]"
normal_0530_EDD,0,1,9,normal,"[408.0, 217.0]",35.918785545899944,0.848469042778015,0.1437968015670776,0.9654548168182372,-0.1442693471908569,0.450897834557567,"[425.0, 207.0]"
normal_0530_EDD,1,4,9,normal,"[294.0, 335.0]",35.918785545899944,0.6570526152849196,0.0357213020324707,0.8770632147789001,-0.0369353145360946,-4.0990850266992425,"[425.0, 207.0]"
normal_0530_EDD,2,4,9,normal,"[345.0, 306.0]",45.254833995939045,0.6622003734111785,0.0368163585662841,0.8838189840316772,-0.0335536301136016,-1.812586804216005,"[425.0, 207.0]"
normal_0530_EDD,3,4,9,normal,"[302.0, 333.0]",45.254833995939045,0.6645957469940186,0.04549241065979,0.8737540245056152,-0.0373775959014892,-2.890907369271337,"[425.0, 207.0]"
normal_0530_EDD,4,4,9,normal,"[317.0, 326.0]",57.01751796098172,0.6785726994276047,0.0619990229606628,0.8702005743980408,-0.0371663719415664,-1.818459879468156,"[425.0, 207.0]"
normal_0531_EDD,0,3,9,normal,"[228.0, 254.0]",114.03503592196344,0.8277803719043731,0.1164504289627075,0.9896039366722108,-0.0930359363555908,0.162457738606329,"[257.0, 163.0]"
normal_0531_EDD,1,4,9,normal,"[319.0, 184.0]",35.918785545899944,0.7298504948616028,0.0226770639419555,0.9932899475097656,-0.0593523383140563,-0.8224422235145608,"[257.0, 163.0]"
normal_0531_EDD,2,4,9,normal,"[302.0, 313.0]",35.918785545899944,0.7167674005031586,0.0179013013839721,0.989536702632904,-0.0309520363807678,-3.359963602709678,"[257.0, 163.0]"
normal_0532_EDD,0,2,9,normal,"[270.0, 224.0]",71.83757109179989,0.798030000925064,0.1045079231262207,0.9520004391670228,-0.1356088519096374,0.8412842461443847,"[261.0, 217.0]"
normal_0533_EDD,0,1,9,normal,"[487.0, 218.0]",45.254833995939045,0.9021245658397674,0.1966480016708374,0.9622257351875304,-0.1595927476882934,0.509365047871638,"[509.0, 215.0]"
normal_0533_EDD,1,4,9,normal,"[385.0, 242.0]",35.918785545899944,0.6601190149784087,0.0354471206665039,0.8830486536026001,-0.0326891839504241,-2.533122701851964,"[509.0, 215.0]"
normal_0533_EDD,2,4,9,normal,"[362.0, 287.0]",35.918785545899944,0.65208041369915,0.0350080728530883,0.872906506061554,-0.0301889330148696,-3.5571049215813275,"[509.0, 215.0]"
normal_0534_EDD,0,1,9,normal,"[326.0, 225.0]",57.01751796098172,0.7882951438426972,0.0864876508712768,0.964278757572174,-0.1340618133544922,0.7107481508795814,"[342.0, 221.0]"
normal_0535_EDD,0,1,9,normal,"[476.0, 217.0]",45.254833995939045,0.8870687127113341,0.1925287842750549,0.9493777751922609,-0.1498774290084839,0.59375,"[493.0, 210.0]"
normal_0535_EDD,1,4,9,normal,"[390.0, 275.0]",35.918785545899944,0.6354435741901397,0.0301069021224975,0.8567578196525574,-0.0280309915542602,-2.39084152569694,"[493.0, 210.0]"
normal_0536_EDD,0,1,9,normal,"[280.0, 216.0]",57.01751796098172,0.7976119816303253,0.11440110206604,0.9377309679985046,-0.1339960098266601,0.6545322155715061,"[298.0, 208.0]"
normal_0537_EDD,0,1,9,normal,"[158.0, 198.0]",57.01751796098172,0.7970402896404266,0.1155207157135009,0.9347090125083924,-0.1361163258552551,0.6453064051298021,"[138.0, 201.0]"
normal_0537_EDD,1,4,9,normal,"[267.0, 148.0]",35.918785545899944,0.6502691805362701,0.0508477687835693,0.8486998081207275,-0.0266577303409576,-2.8827386474856187,"[138.0, 201.0]"
normal_0538_EDD,0,1,9,normal,"[289.0, 218.0]",57.01751796098172,0.819109559059143,0.1227381825447082,0.9556092023849488,-0.1372246742248535,0.7226924484565961,"[280.0, 205.0]"
normal_0539_EDD,0,1,9,normal,"[297.0, 213.0]",57.01751796098172,0.7884602665901184,0.0997809767723083,0.947649359703064,-0.1266236901283264,0.4537674714969542,"[276.0, 190.0]"
normal_0539_EDD,1,2,9,normal,"[296.0, 218.0]",71.83757109179989,0.78826145529747,0.1163709759712219,0.9235419034957886,-0.1270557343959808,0.5210124654103421,"[276.0, 190.0]"
normal_0540_EDD,0,1,9,normal,"[486.0, 180.0]",45.254833995939045,0.8747052252292633,0.1860527992248535,0.9416857361793518,-0.1473620533943176,0.6402854864618333,"[497.0, 168.0]"
normal_0540_EDD,1,4,9,normal,"[393.0, 265.0]",57.01751796098172,0.6982705593109131,0.0675500631332397,0.8866724371910095,-0.0502489507198333,-1.4942268905952618,"[497.0, 168.0]"
normal_0540_EDD,2,4,9,normal,"[396.0, 258.0]",71.83757109179989,0.7078077733516692,0.084743320941925,0.87566739320755,-0.0504863858222961,-0.8831537116932366,"[497.0, 168.0]"
normal_0541_EDD,0,1,9,normal,"[118.0, 189.0]",45.254833995939045,0.8481719017028808,0.1465363502502441,0.9629162549972534,-0.1379708647727966,0.5795742485289466,"[99.0, 190.0]"
normal_0542_EDD,0,1,9,normal,"[490.0, 225.0]",35.918785545899944,0.8324465453624724,0.1481404900550842,0.9340135455131532,-0.1524828672409057,0.2529587144390413,"[514.0, 237.0]"
normal_0542_EDD,1,4,9,normal,"[229.0, 296.0]",57.01751796098172,0.6389311462640762,0.0460351109504699,0.8376958966255188,-0.0325445383787155,-4.104447940994503,"[514.0, 237.0]"
normal_0543_EDD,0,1,9,normal,"[285.0, 215.0]",35.918785545899944,0.7843356609344482,0.0707248449325561,0.9869049787521362,-0.1138866543769836,0.3542424484300515,"[308.0, 212.0]"
normal_0543_EDD,1,4,9,normal,"[311.0, 288.0]",35.918785545899944,0.7017840981483459,0.0356568098068237,0.9398093223571776,-0.041303813457489,-1.1175322696261838,"[308.0, 212.0]"
normal_0543_EDD,2,4,9,normal,"[235.0, 297.0]",35.918785545899944,0.7208802223205566,0.0453081727027893,0.9445030093193054,-0.0720997154712677,-2.1193881491414754,"[308.0, 212.0]"
normal_0544_EDD,0,1,9,normal,"[479.0, 227.0]",35.918785545899944,0.838172447681427,0.1372624039649963,0.956668257713318,-0.1562113165855407,-0.2540630712767113,"[481.0, 272.0]"
normal_0544_EDD,1,4,9,normal,"[386.0, 189.0]",35.918785545899944,0.7079098701477051,0.0451778769493103,0.9278374910354614,-0.0662287473678588,-2.5121093769826714,"[481.0, 272.0]"
normal_0544_EDD,2,4,9,normal,"[378.0, 306.0]",45.254833995939045,0.7127949476242065,0.0477426648139953,0.9315245747566224,-0.0649254024028778,-1.396795549530664,"[481.0, 272.0]"
normal_0544_EDD,3,3,9,normal,"[424.0, 240.0]",114.03503592196344,0.7509781807661057,0.1236372590065002,0.8826281428337097,-0.047506108880043,0.4267710142490797,"[481.0, 272.0]"
normal_0545_EDD,0,1,9,normal,"[115.0, 168.0]",45.254833995939045,0.7962222397327422,0.0846777558326721,0.9794495701789856,-0.1296489238739013,0.6237001694127408,"[98.0, 167.0]"
normal_0545_EDD,1,4,9,normal,"[205.0, 249.0]",35.918785545899944,0.694057548046112,0.0304409861564636,0.9339380860328674,-0.0492995083332061,-2.7531132465871644,"[98.0, 167.0]"
normal_0546_EDD,0,2,9,normal,"[244.0, 204.0]",90.50966799187808,0.8011962711811066,0.0984131693840026,0.9667524695396424,-0.1302818655967712,0.785476090347719,"[240.0, 185.0]"
normal_0547_EDD,0,1,9,normal,"[475.0, 199.0]",57.01751796098172,0.8409052491188048,0.1439824700355529,0.9557015895843506,-0.1396583318710327,0.6312747942480474,"[494.0, 190.0]"
normal_0548_EDD,0,1,9,normal,"[310.0, 210.0]",71.83757109179989,0.8118470847606659,0.1406783461570739,0.9216415882110596,-0.1300981342792511,0.7893477504816566,"[295.0, 212.0]"
normal_0549_EDD,0,1,9,normal,"[492.0, 216.0]",45.254833995939045,0.8783551514148711,0.1554735898971557,0.9919343590736388,-0.142637550830841,0.5967660031073769,"[510.0, 219.0]"
normal_0549_EDD,1,4,9,normal,"[356.0, 174.0]",35.918785545899944,0.7139461517333984,0.0364047884941101,0.9521622061729432,-0.0551390945911407,-3.4667440033607564,"[510.0, 219.0]"
normal_0549_EDD,2,4,9,normal,"[377.0, 268.0]",35.918785545899944,0.7077156364917755,0.022776186466217,0.9606682658195496,-0.0623583197593688,-2.946102156992202,"[510.0, 219.0]"
normal_0549_EDD,3,4,9,normal,"[367.0, 183.0]",45.254833995939045,0.7242990255355835,0.045566976070404,0.9530706405639648,-0.0579130053520202,-2.258477525049083,"[510.0, 219.0]"
normal_0550_EDD,0,2,9,normal,"[324.0, 208.0]",71.83757109179989,0.7893496870994567,0.0951631665229797,0.9533164501190186,-0.1343250274658203,0.766653377063389,"[340.0, 213.0]"
normal_0550_EDD,1,4,9,normal,"[250.0, 289.0]",35.918785545899944,0.684415090084076,0.0291544198989868,0.9253731369972228,-0.0374973714351654,-2.279521642804095,"[340.0, 213.0]"
normal_0551_EDD,0,1,9,normal,"[499.0, 197.0]",45.254833995939045,0.8490184307098388,0.149435818195343,0.9579989910125732,-0.1449165940284729,0.6084386223080729,"[516.0, 192.0]"
normal_0552_EDD,0,3,9,normal,"[156.0, 210.0]",90.50966799187808,0.7960868537425995,0.0881919860839843,0.9795079231262208,-0.1111966073513031,0.3648288554944424,"[100.0, 223.0]"
normal_0552_EDD,1,4,9,normal,"[157.0, 140.0]",35.918785545899944,0.7270666778087616,0.0259926319122314,0.9862682223320008,-0.0534314513206481,-1.803202676673691,"[100.0, 223.0]"
normal_0552_EDD,2,1,9,normal,"[109.0, 200.0]",35.918785545899944,0.7564071893692016,0.0449411869049072,0.9898414611816406,-0.0928848981857299,0.3123882755196275,"[100.0, 223.0]"
normal_0552_EDD,3,4,9,normal,"[193.0, 255.0]",35.918785545899944,0.7219233334064483,0.017098844051361,0.9909464716911316,-0.0558097958564758,-1.7381608056328788,"[100.0, 223.0]"
normal_0552_EDD,4,4,9,normal,"[205.0, 155.0]",45.254833995939045,0.7303760945796965,0.0226807594299316,0.988341987133026,-0.0792797207832336,-1.7642563703915015,"[100.0, 223.0]"
normal_0552_EDD,5,1,9,normal,"[113.0, 204.0]",45.254833995939045,0.7486898899078369,0.0412536859512329,0.9839216470718384,-0.0934552550315857,0.4912868563718842,"[100.0, 223.0]"
normal_0553_EDD,0,1,9,normal,"[405.0, 215.0]",45.254833995939045,0.7857918620109559,0.0865591764450073,0.9632521867752076,-0.1247807741165161,0.5755288216498087,"[417.0, 200.0]"
normal_0553_EDD,1,4,9,normal,"[380.0, 305.0]",45.254833995939045,0.734963434934616,0.0495293140411376,0.9583091139793396,-0.0730887055397033,-1.4600320755022684,"[417.0, 200.0]"
normal_0554_EDD,0,1,9,normal,"[160.0, 215.0]",35.918785545899944,0.8255522847175598,0.106950044631958,0.9879827499389648,-0.135071575641632,0.6132262330613347,"[148.0, 222.0]"
normal_0554_EDD,1,4,9,normal,"[193.0, 316.0]",57.01751796098172,0.7181065797805786,0.0460324883460998,0.9420136213302612,-0.0633227825164794,-0.8277912704804091,"[148.0, 222.0]"
normal_0555_EDD,0,1,9,normal,"[271.0, 233.0]",45.254833995939045,0.7557739019393921,0.0482789278030395,0.977973699569702,-0.1145669221878051,0.6875,"[257.0, 231.0]"
normal_0555_EDD,1,4,9,normal,"[273.0, 333.0]",57.01751796098172,0.7457526504993438,0.0629484057426452,0.9533534049987792,-0.0772843062877655,-0.8107992014625527,"[257.0, 231.0]"
normal_0556_EDD,0,3,9,normal,"[294.0, 254.0]",90.50966799187808,0.7846497774124145,0.1029444932937622,0.948013186454773,-0.0904802680015564,0.6007208644006051,"[303.0, 219.0]"
normal_0556_EDD,1,1,9,normal,"[293.0, 229.0]",45.254833995939045,0.7579290866851807,0.0481151938438415,0.9828274250030518,-0.1091734766960144,0.6875,"[303.0, 219.0]"
normal_0556_EDD,2,4,9,normal,"[285.0, 329.0]",45.254833995939045,0.7461685955524444,0.0525932312011718,0.967763125896454,-0.0807058811187744,-1.4630075619047536,"[303.0, 219.0]"
normal_0556_EDD,3,4,9,normal,"[290.0, 325.0]",57.01751796098172,0.7490031003952026,0.0617306232452392,0.958597719669342,-0.0812703669071197,-0.8730067252638338,"[303.0, 219.0]"
normal_0557_EDD,0,2,9,normal,"[288.0, 214.0]",71.83757109179989,0.7602373242378234,0.0667425394058227,0.956112802028656,-0.1210791170597076,0.4932937056030609,"[322.0, 201.0]"
normal_0557_EDD,1,4,9,normal,"[245.0, 285.0]",35.918785545899944,0.716568112373352,0.0368643999099731,0.950743854045868,-0.0709150731563568,-2.1724832129160143,"[322.0, 201.0]"
normal_0558_EDD,0,1,9,normal,"[461.0, 192.0]",45.254833995939045,0.8434143900871277,0.1394268274307251,0.9670202732086182,-0.1353668570518493,0.3997071027406705,"[488.0, 189.0]"
normal_0558_EDD,1,4,9,normal,"[370.0, 201.0]",35.918785545899944,0.6984647750854491,0.0339795351028442,0.9362137913703918,-0.0456779301166534,-2.302132803847006,"[488.0, 189.0]"
normal_0559_EDD,0,2,9,normal,"[294.0, 222.0]",71.83757109179989,0.8441935181617737,0.1813868284225464,0.9091766476631165,-0.1319151818752288,0.8810649689923493,"[286.0, 225.0]"
normal_0560_EDD,0,1,9,normal,"[302.0, 225.0]",57.01751796098172,0.7530408322811126,0.0565174221992492,0.9601412415504456,-0.1221227049827575,0.7947174775526111,"[291.0, 221.0]"
normal_0561_EDD,0,1,9,normal,"[119.0, 192.0]",45.254833995939045,0.8075618028640748,0.0942092537879943,0.981055498123169,-0.1330685019493103,0.6355655065721688,"[103.0, 188.0]"
normal_0561_EDD,1,4,9,normal,"[215.0, 188.0]",35.918785545899944,0.7004256784915923,0.030002474784851,0.9431328773498536,-0.0511509478092193,-2.118145513491187,"[103.0, 188.0]"
normal_0562_EDD,0,3,9,normal,"[232.0, 224.0]",90.50966799187808,0.8005700647830962,0.0882263779640197,0.9788156747817992,-0.135863572359085,0.5579201765376529,"[231.0, 184.0]"
normal_0562_EDD,1,4,9,normal,"[272.0, 302.0]",35.918785545899944,0.7325198233127593,0.0305566787719726,0.9803486466407776,-0.0785954594612121,-2.477845157764869,"[231.0, 184.0]"
normal_0563_EDD,0,1,9,normal,"[394.0, 207.0]",35.918785545899944,0.7974316239356994,0.094686210155487,0.9664688110351562,-0.1310862302780151,0.5750319146239581,"[407.0, 215.0]"
normal_0563_EDD,1,4,9,normal,"[300.0, 185.0]",35.918785545899944,0.738249272108078,0.0470194816589355,0.9622463583946228,-0.0882866978645324,-2.09381436097473,"[407.0, 215.0]"
normal_0563_EDD,2,3,9,normal,"[352.0, 220.0]",90.50966799187808,0.7746221542358398,0.1080421805381774,0.927145540714264,-0.087890475988388,0.3898242440697926,"[407.0, 215.0]"
normal_0564_EDD,0,3,9,normal,"[270.0, 224.0]",90.50966799187808,0.7920198500156402,0.1095079183578491,0.9464277625083924,-0.1000624895095825,0.7569320439671243,"[248.0, 224.0]"
normal_0564_EDD,1,1,9,normal,"[250.0, 232.0]",45.254833995939045,0.7342205345630646,0.036259114742279,0.968579351902008,-0.0997793674468994,0.8177827532860844,"[248.0, 224.0]"
normal_0565_EDD,0,1,9,normal,"[161.0, 208.0]",35.918785545899944,0.7861535131931304,0.085535705089569,0.9625124335289,-0.1342955231666565,0.8852103276056251,"[157.0, 209.0]"
normal_0565_EDD,1,4,9,normal,"[271.0, 177.0]",45.254833995939045,0.7398357808589935,0.0523501634597778,0.955617368221283,-0.0927672982215881,-1.6164294611168095,"[157.0, 209.0]"
normal_0565_EDD,2,3,9,normal,"[214.0, 224.0]",90.50966799187808,0.7631375014781951,0.0923414826393127,0.9344862699508668,-0.0832781493663787,0.3487916879945404,"[157.0, 209.0]"
normal_0566_EDD,0,1,9,normal,"[292.0, 224.0]",35.918785545899944,0.7884998738765716,0.0794747471809387,0.9763399958610536,-0.1279356479644775,0.2692177895805938,"[309.0, 244.0]"
normal_0567_EDD,0,1,9,normal,"[262.0, 200.0]",90.50966799187808,0.8264593660831451,0.1053287386894226,0.987010419368744,-0.151116669178009,0.6248372748892822,"[254.0, 167.0]"
normal_0568_EDD,0,2,9,normal,"[294.0, 226.0]",90.50966799187808,0.8231479942798614,0.1178625226020813,0.9676193594932556,-0.1397596001625061,0.8070454838245552,"[310.0, 233.0]"
normal_0569_EDD,0,3,9,normal,"[170.0, 238.0]",114.03503592196344,0.8363941252231597,0.133316695690155,0.973564624786377,-0.1079109609127044,0.137890113586399,"[99.0, 170.0]"
normal_0569_EDD,1,4,9,normal,"[214.0, 228.0]",35.918785545899944,0.7327089846134185,0.0242100358009338,0.993238627910614,-0.0661595463752746,-2.5858197864053896,"[99.0, 170.0]"
normal_0569_EDD,2,4,9,normal,"[233.0, 312.0]",35.918785545899944,0.7375970542430876,0.0281102657318115,0.988368809223175,-0.0881431102752685,-4.435691514134144,"[99.0, 170.0]"
normal_0569_EDD,3,1,9,normal,"[108.0, 174.0]",45.254833995939045,0.7729939699172974,0.0617179274559021,0.9874123334884644,-0.100437045097351,0.7823689331689981,"[99.0, 170.0]"
normal_0569_EDD,4,4,9,normal,"[230.0, 305.0]",45.254833995939045,0.7479396939277648,0.0398926734924316,0.9871058464050292,-0.0853646397590637,-3.156719898249099,"[99.0, 170.0]"
normal_0569_EDD,5,2,9,normal,"[109.0, 183.0]",57.01751796098172,0.764115959405899,0.0602542161941528,0.9769490361213684,-0.0999870896339416,0.7123477125384443,"[99.0, 170.0]"
normal_0570_EDD,0,1,9,normal,"[477.0, 208.0]",35.918785545899944,0.8731924653053283,0.156629741191864,0.9788440465927124,-0.1568594574928283,0.4594336210466906,"[496.0, 212.0]"
normal_0570_EDD,1,4,9,normal,"[390.0, 258.0]",35.918785545899944,0.6770002245903015,0.0345074534416198,0.9079539775848388,-0.0346249341964721,-2.217003382744499,"[496.0, 212.0]"
normal_0571_EDD,0,2,9,normal,"[306.0, 208.0]",71.83757109179989,0.8268777549266815,0.1300596594810485,0.9565116763114928,-0.1362996101379394,0.8190361978777436,"[318.0, 213.0]"
normal_0572_EDD,0,1,9,normal,"[469.0, 213.0]",45.254833995939045,0.808049601316452,0.1194846034049987,0.9420815110206604,-0.1455397009849548,0.7529470577993453,"[479.0, 218.0]"
normal_0573_EDD,0,3,9,normal,"[270.0, 228.0]",114.03503592196344,0.8394386827945709,0.1235359907150268,0.9883747100830078,-0.120201975107193,0.9561538262379152,"[270.0, 223.0]"
normal_0573_EDD,1,4,9,normal,"[328.0, 183.0]",35.918785545899944,0.7190415561199187,0.0139428377151489,0.9924142956733704,-0.0520435571670532,-0.9615267817226218,"[270.0, 223.0]"
normal_0573_EDD,2,4,9,normal,"[203.0, 211.0]",35.918785545899944,0.7247483015060424,0.0161088109016418,0.9941859245300292,-0.0635467171669006,-0.8950012720777012,"[270.0, 223.0]"
normal_0573_EDD,3,4,9,normal,"[318.0, 284.0]",57.01751796098172,0.7431299567222596,0.0329933762550354,0.9922081232070924,-0.0779544711112976,-0.3613513224903566,"[270.0, 223.0]"
normal_0574_EDD,0,1,9,normal,"[121.0, 185.0]",57.01751796098172,0.8076933443546295,0.1054218411445617,0.9662489295005798,-0.1294862627983093,0.5184101059207318,"[98.0, 170.0]"
normal_0574_EDD,1,4,9,normal,"[190.0, 288.0]",35.918785545899944,0.6573701083660125,0.0223126411437988,0.9022365212440492,-0.0174595117568969,-3.1656809560818857,"[98.0, 170.0]"
normal_0574_EDD,2,4,9,normal,"[201.0, 277.0]",45.254833995939045,0.6669461160898208,0.030775249004364,0.9037301540374756,-0.0177987962961196,-2.28184518411518,"[98.0, 170.0]"
normal_0575_EDD,0,2,9,normal,"[282.0, 204.0]",71.83757109179989,0.793849766254425,0.0904681086540222,0.9664533138275146,-0.1343216896057129,0.800691743252568,"[269.0, 198.0]"
normal_0576_EDD,0,3,9,normal,"[158.0, 226.0]",114.03503592196344,0.8263227462768554,0.1257640123367309,0.9657123684883118,-0.1228003799915313,0.3044056379787564,"[92.0, 182.0]"
normal_0576_EDD,1,4,9,normal,"[194.0, 269.0]",35.918785545899944,0.7265465319156647,0.0178671479225158,0.9923233389854432,-0.0702652335166931,-2.732403971668498,"[92.0, 182.0]"
normal_0577_EDD,0,1,9,normal,"[507.0, 222.0]",35.918785545899944,0.8785085678100585,0.1688548326492309,0.9724242687225342,-0.1447837352752685,0.5467881124405694,"[523.0, 225.0]"
normal_0577_EDD,1,4,9,normal,"[420.0, 205.0]",35.918785545899944,0.6562155902385711,0.0197314620018005,0.90155827999115,-0.0269666612148284,-1.921139461323094,"[523.0, 225.0]"
normal_0577_EDD,2,4,9,normal,"[377.0, 170.0]",45.254833995939045,0.6658398658037186,0.0356552600860595,0.8895382881164551,-0.0375390201807022,-2.447499660079751,"[523.0, 225.0]"
normal_0577_EDD,3,4,9,normal,"[386.0, 177.0]",57.01751796098172,0.6706126898527145,0.0431133508682251,0.8859311938285828,-0.0367375165224075,-1.54597934234148,"[523.0, 225.0]"
normal_0578_EDD,0,1,9,normal,"[101.0, 207.0]",45.254833995939045,0.8479259610176086,0.1438284516334533,0.9680800437927246,-0.1322073936462402,0.5553047040388217,"[83.0, 198.0]"
normal_0579_EDD,0,3,9,normal,"[410.0, 218.0]",114.03503592196344,0.8546998977661133,0.1418489217758178,0.9778681397438048,-0.1417163908481598,0.2445722885019471,"[496.0, 213.0]"
normal_0579_EDD,1,4,9,normal,"[450.0, 163.0]",35.918785545899944,0.7346565425395964,0.0277972221374511,0.991998255252838,-0.0623027086257934,-0.8915213856279021,"[496.0, 213.0]"
normal_0580_EDD,0,1,9,normal,"[153.0, 198.0]",45.254833995939045,0.806901490688324,0.1314409375190735,0.9228571653366088,-0.1473026871681213,0.6678079433520423,"[138.0, 199.0]"
normal_0581_EDD,0,3,0,normal,"[200.0, 220.0]",114.03503592196344,0.8149990379810333,0.1138119101524353,0.9741421341896056,-0.0964381694793701,0.4576527828992152,"[140.0, 235.0]"
normal_0581_EDD,1,4,0,normal,"[263.0, 165.0]",45.254833995939045,0.7562445044517516,0.0403910279273986,0.993277668952942,-0.1027955412864685,-2.127264804305833,"[140.0, 235.0]"
normal_0581_EDD,2,1,0,normal,"[149.0, 187.0]",45.254833995939045,0.7642353892326355,0.052783191204071,0.985636830329895,-0.1075320839881897,-0.0791435406145004,"[140.0, 235.0]"
normal_0581_EDD,3,4,0,normal,"[230.0, 285.0]",45.254833995939045,0.7365183055400848,0.0231975317001342,0.991982400417328,-0.0946654677391052,-1.275034340400162,"[140.0, 235.0]"
normal_0581_EDD,4,4,0,normal,"[222.0, 286.0]",57.01751796098172,0.745859670639038,0.0358768701553344,0.9876229763031006,-0.093233585357666,-0.6936205403613322,"[140.0, 235.0]"
normal_0582_EDD,0,3,9,normal,"[430.0, 200.0]",90.50966799187808,0.8240401208400725,0.135160744190216,0.9493799209594728,-0.1215671598911285,0.3887249174369203,"[485.0, 194.0]"
normal_0582_EDD,1,1,9,normal,"[463.0, 198.0]",57.01751796098172,0.8024503707885742,0.0982444882392883,0.9706939458847046,-0.1236006021499633,0.607827899658842,"[485.0, 194.0]"
normal_0582_EDD,2,2,9,normal,"[448.0, 198.0]",71.83757109179989,0.8043498814105987,0.1078158020973205,0.960026204586029,-0.1225786805152893,0.4819481287264058,"[485.0, 194.0]"
normal_0583_EDD,0,1,9,normal,"[291.0, 230.0]",45.254833995939045,0.8133541524410247,0.1282333731651306,0.9394318461418152,-0.1375924348831176,0.5466056834829092,"[276.0, 216.0]"
normal_0584_EDD,0,2,9,normal,"[124.0, 174.0]",71.83757109179989,0.794156390428543,0.0887800455093383,0.9703792929649352,-0.13055419921875,0.2840854346707478,"[101.0, 128.0]"
normal_0585_EDD,0,1,9,normal,"[482.0, 213.0]",57.01751796098172,0.8029928267002104,0.0935209393501281,0.9770790934562684,-0.1275826096534729,0.5061122144964623,"[510.0, 210.0]"
normal_0585_EDD,1,4,9,normal,"[368.0, 300.0]",45.254833995939045,0.6933779835700988,0.0216048955917358,0.9516102075576782,-0.0282297134399414,-2.7149402754283947,"[510.0, 210.0]"
normal_0586_EDD,0,3,9,normal,"[152.0, 220.0]",114.03503592196344,0.8003668844699859,0.0991632342338562,0.970659613609314,-0.1087096035480499,0.2666276865519633,"[89.0, 165.0]"
normal_0586_EDD,1,4,9,normal,"[98.0, 233.0]",35.918785545899944,0.7344311714172364,0.0304093360900878,0.9868603944778442,-0.0660977959632873,-0.9096693141508458,"[89.0, 165.0]"
normal_0586_EDD,2,1,9,normal,"[104.0, 168.0]",45.254833995939045,0.7681783139705657,0.0559325814247131,0.986244022846222,-0.1093745827674865,0.661979567925251,"[89.0, 165.0]"
normal_0586_EDD,3,4,9,normal,"[213.0, 203.0]",45.254833995939045,0.7325575649738311,0.0289315581321716,0.9852212071418762,-0.0698558092117309,-1.8658141295275927,"[89.0, 165.0]"
normal_0587_EDD,0,4,9,normal,"[188.0, 234.0]",114.03503592196344,0.8214908480644225,0.1417328715324401,0.9420809745788574,-0.1015064716339111,0.1111871181384607,"[101.0, 182.0]"
normal_0587_EDD,1,4,9,normal,"[207.0, 175.0]",35.918785545899944,0.7492001295089721,0.0444637537002563,0.9793103933334352,-0.0960955023765564,-1.9575298557061305,"[101.0, 182.0]"
normal_0587_EDD,2,4,9,normal,"[212.0, 225.0]",35.918785545899944,0.7429483771324157,0.0378785133361816,0.9858241081237792,-0.0749649405479431,-2.314082236090852,"[101.0, 182.0]"
normal_0587_EDD,3,1,9,normal,"[109.0, 193.0]",45.254833995939045,0.8082371950149536,0.0985513925552368,0.9755686521530152,-0.133938729763031,0.6994471240363853,"[101.0, 182.0]"
normal_0587_EDD,4,4,9,normal,"[216.0, 272.0]",71.83757109179989,0.7761283338069915,0.0804041624069213,0.9643871784210204,-0.1032657325267791,-1.0327917055894371,"[101.0, 182.0]"
normal_0587_EDD,5,4,9,normal,"[204.0, 252.0]",90.50966799187808,0.78438241481781,0.0974111557006836,0.9526375532150269,-0.1006248593330383,-0.3759318575287438,"[101.0, 182.0]"
normal_0588_EDD,0,1,9,normal,"[482.0, 206.0]",45.254833995939045,0.8460916638374327,0.1449317336082458,0.9590680599212646,-0.1490614414215088,0.3860349154878594,"[506.0, 220.0]"
normal_0588_EDD,1,4,9,normal,"[387.0, 179.0]",35.918785545899944,0.6775992035865783,0.0294401049613952,0.9154381155967712,-0.0367620885372161,-2.504155420020115,"[506.0, 220.0]"
normal_0588_EDD,2,4,9,normal,"[380.0, 256.0]",45.254833995939045,0.6846174716949462,0.0339576601982116,0.9176409244537354,-0.0415558218955993,-1.8956459771525933,"[506.0, 220.0]"
normal_0589_EDD,0,1,9,normal,"[483.0, 207.0]",45.254833995939045,0.8630534708499907,0.1522471904754638,0.9727506041526794,-0.1494042873382568,0.5709521806954381,"[502.0, 211.0]"
normal_0589_EDD,1,4,9,normal,"[228.0, 268.0]",35.918785545899944,0.6469743013381958,0.0193292498588562,0.8929429054260254,-0.0129250884056091,-6.791634241795148,"[502.0, 211.0]"
normal_0589_EDD,2,4,9,normal,"[384.0, 265.0]",45.254833995939045,0.7145968496799469,0.043492317199707,0.9396899938583374,-0.0666076838970184,-1.867517436738616,"[502.0, 211.0]"
normal_0590_EDD,0,1,9,normal,"[333.0, 218.0]",57.01751796098172,0.7721036911010742,0.0658332109451294,0.972731113433838,-0.1267935037612915,0.6300255804862507,"[354.0, 220.0]"
normal_0591_EDD,0,2,9,normal,"[266.0, 222.0]",71.83757109179989,0.7782615721225739,0.0807376503944397,0.959130585193634,-0.1306625604629516,0.5440174520035032,"[249.0, 194.0]"
normal_0592_EDD,0,1,9,normal,"[491.0, 207.0]",45.254833995939045,0.8274100363254546,0.1410977840423584,0.9392709136009216,-0.1441130638122558,0.6355655065721688,"[507.0, 211.0]"
normal_0593_EDD,0,3,9,normal,"[192.0, 200.0]",114.03503592196344,0.8190865159034728,0.1069406270980835,0.9818775653839112,-0.124157965183258,0.4647892414359871,"[157.0, 150.0]"
normal_0594_EDD,0,1,9,normal,"[119.0, 196.0]",45.254833995939045,0.7941463530063628,0.092608630657196,0.9660529494285583,-0.1265032887458801,0.602252435582567,"[101.0, 196.0]"
normal_0595_EDD,0,2,9,normal,"[274.0, 228.0]",90.50966799187808,0.8291707396507263,0.125768780708313,0.9674009084701538,-0.1311066150665283,0.6402854864618333,"[306.0, 222.0]"
normal_0596_EDD,0,2,9,normal,"[284.0, 214.0]",90.50966799187808,0.8194979727268219,0.1163265705108642,0.9676149487495422,-0.1292046904563903,0.6589237507352645,"[256.0, 201.0]"
normal_0597_EDD,0,2,9,normal,"[288.0, 206.0]",90.50966799187808,0.8242062032222748,0.1024287939071655,0.9904046654701232,-0.1424707174301147,0.8187904139883875,"[278.0, 193.0]"
normal_0597_EDD,1,4,9,normal,"[296.0, 312.0]",35.918785545899944,0.7395213365554809,0.033779501914978,0.9849997758865356,-0.0812099575996398,-2.3507158923271065,"[278.0, 193.0]"
normal_0598_EDD,0,2,9,normal,"[120.0, 188.0]",71.83757109179989,0.7999897837638854,0.1032761931419372,0.9565884470939636,-0.1355083882808685,0.6213271049669989,"[94.0, 180.0]"
normal_0599_EDD,0,2,9,normal,"[238.0, 208.0]",71.83757109179989,0.8060241043567657,0.1046816706657409,0.9636319279670716,-0.1340004205703735,0.5729849599013308,"[228.0, 237.0]"
normal_0600_EDD,0,1,9,normal,"[122.0, 182.0]",45.254833995939045,0.8729871273040771,0.1725647449493408,0.959397792816162,-0.1442196369171142,0.5219669206006764,"[110.0, 164.0]"
normal_0600_EDD,1,4,9,normal,"[174.0, 319.0]",35.918785545899944,0.6262890547513961,0.035513699054718,0.8356328010559082,-0.029161974787712,-3.6686760046009175,"[110.0, 164.0]"
normal_0600_EDD,2,4,9,normal,"[176.0, 316.0]",45.254833995939045,0.6295129269361496,0.0421743392944335,0.8307375907897949,-0.0291113704442977,-2.661721333608007,"[110.0, 164.0]"
normal_0601_EDD,0,2,9,normal,"[278.0, 202.0]",90.50966799187808,0.7967854797840118,0.0855005979537963,0.9791620373725892,-0.1293572783470153,0.791536498998026,"[262.0, 212.0]"
normal_0601_EDD,1,3,9,normal,"[255.0, 165.0]",35.918785545899944,0.7227777421474456,0.0174881815910339,0.9894796013832092,-0.0632691979408264,-0.3229405382134647,"[262.0, 212.0]"
normal_0602_EDD,0,1,9,normal,"[165.0, 196.0]",57.01751796098172,0.8371873080730438,0.1439331173896789,0.9518651366233826,-0.1347429752349853,0.3381696384249856,"[145.0, 164.0]"
normal_0602_EDD,1,4,9,normal,"[235.0, 294.0]",35.918785545899944,0.6140714228153228,0.0175397992134094,0.8490326404571533,-0.0110438764095306,-3.4019829903872507,"[145.0, 164.0]"
normal_0603_EDD,0,2,9,normal,"[134.0, 202.0]",71.83757109179989,0.8036090016365051,0.0959508419036865,0.9743051528930664,-0.1282227635383606,0.4260516380281258,"[108.0, 170.0]"
normal_0603_EDD,1,4,9,normal,"[231.0, 284.0]",35.918785545899944,0.7198112487792968,0.032896339893341,0.9635748267173768,-0.0620626509189605,-3.669008034755993,"[108.0, 170.0]"
normal_0603_EDD,2,3,9,normal,"[140.0, 208.0]",90.50966799187808,0.8022804498672486,0.1067618727684021,0.9571456909179688,-0.1275829672813415,0.4511197478046782,"[108.0, 170.0]"
normal_0604_EDD,0,3,9,normal,"[268.0, 220.0]",143.67514218359975,0.883340612053871,0.1843591332435608,0.9807161688804626,-0.0624008029699325,0.8221413649571582,"[281.0, 242.0]"
normal_0604_EDD,1,4,9,normal,"[206.0, 279.0]",35.918785545899944,0.7195791959762572,0.0207818746566772,0.9897534251213074,-0.0298496186733245,-1.3283119637035306,"[281.0, 242.0]"
normal_0604_EDD,2,4,9,normal,"[347.0, 292.0]",35.918785545899944,0.7153364717960358,0.0162972211837768,0.9909899830818176,-0.0267313122749328,-1.3052273321470738,"[281.0, 242.0]"
normal_0604_EDD,3,4,9,normal,"[266.0, 141.0]",45.254833995939045,0.7303447425365448,0.0297034382820129,0.9936100244522096,-0.0255714356899261,-1.256284625773087,"[281.0, 242.0]"
normal_0604_EDD,4,4,9,normal,"[367.0, 202.0]",45.254833995939045,0.7241335272789001,0.0226625800132751,0.9926919937133788,-0.0329327583312988,-1.0958478296384015,"[281.0, 242.0]"
normal_0604_EDD,5,4,9,normal,"[207.0, 272.0]",45.254833995939045,0.7260932147502899,0.0270581841468811,0.9901840686798096,-0.0295309126377105,-0.764449276686638,"[281.0, 242.0]"
normal_0604_EDD,6,4,9,normal,"[331.0, 293.0]",45.254833995939045,0.7210760712623596,0.0201020836830139,0.9929503798484802,-0.0295436084270477,-0.5782023495895574,"[281.0, 242.0]"
normal_0604_EDD,7,4,9,normal,"[362.0, 193.0]",57.01751796098172,0.7338349759578704,0.0330957770347595,0.991553783416748,-0.0332577526569366,-0.6603290313881098,"[281.0, 242.0]"
normal_0605_EDD,0,1,9,normal,"[394.0, 209.0]",35.918785545899944,0.8742120385169982,0.1627840399742126,0.9752930402755736,-0.1436143517494201,0.5275296062894227,"[406.0, 197.0]"
normal_0605_EDD,1,4,9,normal,"[374.0, 313.0]",45.254833995939045,0.7328218162059784,0.0799155831336975,0.9115548729896544,-0.0740891098976135,-1.6590059232728307,"[406.0, 197.0]"
normal_0606_EDD,0,1,9,normal,"[150.0, 212.0]",45.254833995939045,0.8043532133102417,0.1189801096916198,0.9387012720108032,-0.1414110660552978,0.7529470577993453,"[140.0, 217.0]"
normal_0606_EDD,1,4,9,normal,"[175.0, 308.0]",35.918785545899944,0.6951742708683014,0.0447391271591186,0.9135745763778688,-0.0546647012233734,-1.7144213385415568,"[140.0, 217.0]"
normal_0606_EDD,2,4,9,normal,"[176.0, 311.0]",45.254833995939045,0.6935036540031433,0.0498954057693481,0.9037819504737854,-0.0548044145107269,-1.2242449561592803,"[140.0, 217.0]"
normal_0607_EDD,0,1,0,normal,"[284.0, 200.0]",45.254833995939045,0.7546561121940613,0.053196370601654,0.9682168960571288,-0.1185395717620849,-0.0469915979844346,"[278.0, 153.0]"
normal_0607_EDD,1,4,0,normal,"[252.0, 291.0]",45.254833995939045,0.7303252816200256,0.0495346784591674,0.9494979977607728,-0.0807100236415863,-2.103047896826602,"[278.0, 153.0]"
normal_0607_EDD,2,4,0,normal,"[258.0, 285.0]",57.01751796098172,0.7332837343215941,0.0581049919128418,0.9415240287780762,-0.0805596113204956,-1.3415006285891016,"[278.0, 153.0]"
normal_0608_EDD,0,1,9,normal,"[492.0, 215.0]",35.918785545899944,0.8495010375976562,0.1265768408775329,0.9933247566223145,-0.1379843354225158,0.3887739224355203,"[503.0, 196.0]"
normal_0608_EDD,1,4,9,normal,"[370.0, 194.0]",71.83757109179989,0.7728754639625549,0.0654228329658508,0.9753077030181884,-0.1236861944198608,-0.8516082145092816,"[503.0, 196.0]"
normal_0609_EDD,0,1,9,normal,"[474.0, 209.0]",35.918785545899944,0.8253114819526671,0.1029118299484252,0.9920223951339722,-0.1399198770523071,0.5823912258717161,"[489.0, 209.0]"
normal_0609_EDD,1,4,9,normal,"[383.0, 295.0]",45.254833995939045,0.7214702188968658,0.0330842733383178,0.9663680195808412,-0.0596416592597961,-2.0162321280034137,"[489.0, 209.0]"
normal_0609_EDD,2,4,9,normal,"[358.0, 183.0]",57.01751796098172,0.7644783973693847,0.0572032332420349,0.976929783821106,-0.1171215772628784,-1.342354363999306,"[489.0, 209.0]"
normal_0609_EDD,3,4,9,normal,"[390.0, 208.0]",114.03503592196344,0.802495777606964,0.1212239265441894,0.9484946131706238,-0.08662810921669,0.1318014715759633,"[489.0, 209.0]"
normal_0610_EDD,0,4,9,normal,"[184.0, 250.0]",90.50966799187808,0.8190866291522979,0.1061542630195617,0.981573522090912,-0.1291545033454895,-0.2344738884439798,"[104.0, 172.0]"
normal_0610_EDD,1,4,9,normal,"[226.0, 167.0]",35.918785545899944,0.7285514831542969,0.0320366621017456,0.9758340120315552,-0.0671550631523132,-2.3994026850512618,"[104.0, 172.0]"
normal_0610_EDD,2,1,9,normal,"[118.0, 178.0]",35.918785545899944,0.7793602883815764,0.0627710223197937,0.990726888179779,-0.1154022216796875,0.5759448438961359,"[104.0, 172.0]"
normal_0611_EDD,0,3,9,normal,"[256.0, 228.0]",90.50966799187808,0.8106760621070861,0.0987250208854675,0.9780744910240172,-0.1364944875240326,0.731177335404918,"[260.0, 204.0]"
normal_0611_EDD,1,4,9,normal,"[288.0, 301.0]",45.254833995939045,0.7635193347930908,0.0544124245643615,0.984366774559021,-0.1002508401870727,-1.230930474320076,"[260.0, 204.0]"
normal_0612_EDD,0,1,9,normal,"[116.0, 204.0]",45.254833995939045,0.8884208500385283,0.1772738695144653,0.9753547310829164,-0.1419933438301086,0.53125,"[95.0, 201.0]"
normal_0612_EDD,1,4,9,normal,"[210.0, 243.0]",35.918785545899944,0.6668159544467925,0.0328122973442077,0.8951733112335205,-0.0369116961956024,-2.408510887282925,"[95.0, 201.0]"
normal_0613_EDD,0,2,9,normal,"[286.0, 216.0]",71.83757109179989,0.7938408851623535,0.107761263847351,0.9425583481788636,-0.1314438879489898,0.7490483586328021,"[301.0, 226.0]"
normal_0614_EDD,0,1,9,normal,"[475.0, 219.0]",45.254833995939045,0.8602512300014495,0.1717115640640258,0.938971221446991,-0.1562990546226501,0.4655427694847791,"[499.0, 222.0]"
normal_0614_EDD,1,4,9,normal,"[366.0, 182.0]",35.918785545899944,0.6489233881235121,0.0395208597183227,0.8600465655326843,-0.0368496626615524,-2.866635307256624,"[499.0, 222.0]"
normal_0615_EDD,0,3,9,normal,"[290.0, 212.0]",114.03503592196344,0.8142733216285706,0.1063883304595947,0.9875407814979552,-0.0830322206020355,0.4825408393951097,"[349.0, 211.0]"
normal_0615_EDD,1,4,9,normal,"[229.0, 266.0]",35.918785545899944,0.731326812505722,0.0242506861686706,0.9937543869018556,-0.0572402775287628,-2.6750626675769893,"[349.0, 211.0]"
normal_0615_EDD,2,4,9,normal,"[339.0, 284.0]",35.918785545899944,0.7170779585838317,0.014632761478424,0.992311716079712,-0.0391349792480468,-1.0513429660643192,"[349.0, 211.0]"
normal_0615_EDD,3,4,9,normal,"[345.0, 275.0]",45.254833995939045,0.7223715782165527,0.0203759670257568,0.9914208054542542,-0.0400052368640899,-0.4169730060943293,"[349.0, 211.0]"
normal_0615_EDD,4,4,9,normal,"[229.0, 289.0]",45.254833995939045,0.7411494314670563,0.033556580543518,0.9931309819221495,-0.0620058178901672,-2.162586461268688,"[349.0, 211.0]"
normal_0616_EDD,0,2,9,normal,"[322.0, 210.0]",71.83757109179989,0.80486860871315,0.1147709488868713,0.94646155834198,-0.1378728449344635,0.4737834844866208,"[352.0, 187.0]"
normal_0617_EDD,0,2,9,normal,"[322.0, 226.0]",90.50966799187808,0.8320117533206939,0.1315410137176513,0.9633574485778807,-0.13060262799263,0.7083100827719615,"[346.0, 215.0]"
normal_0617_EDD,1,4,9,normal,"[304.0, 293.0]",45.254833995939045,0.7400879681110382,0.0448178648948669,0.970501720905304,-0.0795944929122924,-0.957557470420728,"[346.0, 215.0]"
normal_0618_EDD,0,3,9,normal,"[430.0, 236.0]",90.50966799187808,0.83179412484169,0.1200371980667114,0.9801698327064514,-0.1281902194023132,0.1504108299816317,"[502.0, 209.0]"
normal_0618_EDD,1,4,9,normal,"[398.0, 195.0]",35.918785545899944,0.7407077968120575,0.0281289219856262,0.9924103617668152,-0.0894581079483032,-1.921537445765276,"[502.0, 209.0]"
normal_0618_EDD,2,4,9,normal,"[401.0, 200.0]",45.254833995939045,0.7399400055408478,0.0302532315254211,0.9884998202323914,-0.0886844992637634,-1.240648971280419,"[502.0, 209.0]"
normal_0618_EDD,3,1,9,normal,"[488.0, 206.0]",45.254833995939045,0.7867595314979553,0.0795662403106689,0.9792590141296388,-0.1085599064826965,0.6836178635731783,"[502.0, 209.0]"
normal_0619_EDD,0,1,9,normal,"[133.0, 192.0]",45.254833995939045,0.7825322210788725,0.0813649892807006,0.9635178446769714,-0.1335237026214599,0.7559296976279171,"[122.0, 191.0]"
normal_0619_EDD,1,4,9,normal,"[223.0, 299.0]",57.01751796098172,0.7494527578353881,0.0773413777351379,0.938995361328125,-0.0740731358528137,-1.593381645340032,"[122.0, 191.0]"
normal_0620_EDD,0,3,9,normal,"[254.0, 210.0]",90.50966799187808,0.8073634207248687,0.1087744235992431,0.961060643196106,-0.1292327344417572,0.870680114396509,"[258.0, 199.0]"
normal_0621_EDD,0,1,9,normal,"[493.0, 200.0]",35.918785545899944,0.7986397445201874,0.0765747427940368,0.9918530583381652,-0.138839304447174,0.5536814706222346,"[509.0, 199.0]"
normal_0621_EDD,1,4,9,normal,"[218.0, 211.0]",57.01751796098172,0.7079440817236899,0.0363247394561767,0.951658010482788,-0.027293674647808,-4.108032197815426,"[509.0, 199.0]"
normal_0621_EDD,2,4,9,normal,"[378.0, 281.0]",57.01751796098172,0.7431075036525726,0.0372558832168579,0.97972172498703,-0.1002320647239685,-1.7105306015210364,"[509.0, 199.0]"
normal_0622_EDD,0,2,0,normal,"[288.0, 220.0]",90.50966799187808,0.838657683134079,0.1387380957603454,0.9604861736297609,-0.137896329164505,0.453125,"[281.0, 171.0]"
normal_0623_EDD,0,1,9,normal,"[496.0, 218.0]",45.254833995939045,0.8201676964759826,0.1108033657073974,0.9759958982467652,-0.130836009979248,0.3588036084786503,"[525.0, 217.0]"
normal_0623_EDD,1,4,9,normal,"[472.0, 298.0]",35.918785545899944,0.6566387444734573,0.0227669477462768,0.8999173045158386,-0.0196484178304672,-1.6949341090316978,"[525.0, 217.0]"
normal_0623_EDD,2,1,9,normal,"[492.0, 217.0]",57.01751796098172,0.7856944441795349,0.0989035964012146,0.9438406229019164,-0.1305120587348938,0.4212305063404796,"[525.0, 217.0]"
normal_0624_EDD,0,2,9,normal,"[298.0, 212.0]",71.83757109179989,0.7954441130161285,0.107335090637207,0.9434534907341005,-0.1384578943252563,0.6918611906728925,"[277.0, 205.0]"
normal_0625_EDD,0,1,9,normal,"[124.0, 178.0]",57.01751796098172,0.8266938924789429,0.134536325931549,0.951213836669922,-0.1315394043922424,0.379425599512732,"[98.0, 154.0]"
normal_0626_EDD,0,3,9,normal,"[168.0, 216.0]",90.50966799187808,0.791588282585144,0.092930257320404,0.968213140964508,-0.1045441329479217,0.300355838211309,"[109.0, 193.0]"
normal_0626_EDD,1,4,9,normal,"[210.0, 181.0]",35.918785545899944,0.7164343237876891,0.0189967155456542,0.980864405632019,-0.0541626214981079,-1.8316762822895485,"[109.0, 193.0]"
normal_0626_EDD,2,4,9,normal,"[217.0, 236.0]",35.918785545899944,0.7307410061359405,0.0262044072151184,0.9873839020729064,-0.0668393373489379,-2.236340768513796,"[109.0, 193.0]"
normal_0626_EDD,3,1,9,normal,"[125.0, 204.0]",45.254833995939045,0.7824505567550658,0.0704680681228637,0.9833606481552124,-0.1181501746177673,0.5709521806954381,"[109.0, 193.0]"
normal_0626_EDD,4,2,9,normal,"[144.0, 206.0]",71.83757109179989,0.7532168984413147,0.059408962726593,0.9625461101531982,-0.1001282930374145,0.4802676532941575,"[109.0, 193.0]"
normal_0627_EDD,0,2,9,normal,"[314.0, 212.0]",90.50966799187808,0.8014460563659668,0.0887147784233093,0.9777096509933472,-0.1416726112365722,0.7329998829588271,"[336.0, 222.0]"
normal_0628_EDD,0,2,9,normal,"[274.0, 220.0]",71.83757109179989,0.8040735483169555,0.0949118137359619,0.9734064340591432,-0.1388861536979675,0.893986210974034,"[271.0, 227.0]"
normal_0629_EDD,0,3,9,normal,"[284.0, 204.0]",90.50966799187808,0.8132429599761962,0.108858585357666,0.9663673639297484,-0.1396360993385315,0.8911844665844991,"[288.0, 213.0]"
normal_0630_EDD,0,1,9,normal,"[280.0, 215.0]",45.254833995939045,0.7909221112728118,0.1090412735939025,0.9364972710609436,-0.1316637396812439,0.5830729979960521,"[296.0, 205.0]"
normal_0630_EDD,1,4,9,normal,"[370.0, 228.0]",35.918785545899944,0.6290643572807312,0.0239222645759582,0.8580127358436584,-0.0226658880710601,-1.157420800466987,"[296.0, 205.0]"
normal_0631_EDD,0,1,9,normal,"[411.0, 205.0]",35.918785545899944,0.8316402912139892,0.1226697564125061,0.9732805490493774,-0.1383707523345947,0.4397190358292809,"[429.0, 196.0]"
normal_0632_EDD,0,1,9,normal,"[279.0, 211.0]",45.254833995939045,0.7876287639141082,0.0882823467254638,0.9621732831001282,-0.1291255950927734,0.4511197478046782,"[263.0, 192.0]"
normal_0633_EDD,0,1,9,normal,"[158.0, 213.0]",45.254833995939045,0.7803666353225708,0.0842983126640319,0.9566754102706908,-0.1319776773452758,0.730270679661999,"[148.0, 206.0]"
normal_0633_EDD,1,4,9,normal,"[251.0, 179.0]",35.918785545899944,0.7061896979808806,0.0427294969558715,0.9320561289787292,-0.0551045536994934,-1.9644667396343247,"[148.0, 206.0]"
normal_0634_EDD,0,1,9,normal,"[397.0, 200.0]",57.01751796098172,0.8158557295799255,0.157044231891632,0.900800347328186,-0.1412562727928161,0.4744308556529908,"[424.0, 187.0]"
normal_0635_EDD,0,3,9,normal,"[302.0, 194.0]",90.50966799187808,0.8468526601791382,0.1625748872756958,0.9394670128822328,-0.1332543194293975,0.7399481722329182,"[325.0, 189.0]"
normal_0636_EDD,0,1,9,normal,"[478.0, 203.0]",45.254833995939045,0.8379184782505035,0.1557822227478027,0.9355108141899108,-0.1363934278488159,0.5133621405500801,"[492.0, 186.0]"
normal_0637_EDD,0,1,9,normal,"[500.0, 203.0]",45.254833995939045,0.8345256745815276,0.1365664601325988,0.9542333483695984,-0.1499793529510498,0.7339158380324,"[512.0, 202.0]"
normal_0637_EDD,1,4,9,normal,"[375.0, 175.0]",45.254833995939045,0.7083132565021514,0.0504215359687805,0.922155499458313,-0.0619143545627594,-2.0855320144992824,"[512.0, 202.0]"
normal_0638_EDD,0,1,9,normal,"[302.0, 205.0]",57.01751796098172,0.7976458728313446,0.1254422664642334,0.9195988774299622,-0.1424219608306884,0.7018460184178228,"[287.0, 197.0]"
normal_0639_EDD,0,3,9,normal,"[334.0, 230.0]",114.03503592196344,0.8774574398994445,0.1663876175880432,0.9761030673980712,-0.1389883756637573,0.5841311188083417,"[366.0, 195.0]"
normal_0639_EDD,1,4,9,normal,"[299.0, 311.0]",45.254833995939045,0.7667100846767425,0.0553621649742126,0.9890947937965392,-0.0949078202247619,-1.960102537286504,"[366.0, 195.0]"
normal_0639_EDD,2,4,9,normal,"[310.0, 302.0]",57.01751796098172,0.7750154972076415,0.0652574300765991,0.9867353439331056,-0.0952166318893432,-1.1180924330308346,"[366.0, 195.0]"
normal_0640_EDD,0,1,9,normal,"[116.0, 197.0]",35.918785545899944,0.8549510538578032,0.1500383019447326,0.9706729054450988,-0.1272085905075073,0.7825580804805863,"[110.0, 202.0]"
normal_0641_EDD,0,1,9,normal,"[125.0, 177.0]",35.918785545899944,0.8244502365589141,0.1143886446952819,0.97894948720932,-0.1239847540855407,0.7001477235218377,"[115.0, 181.0]"
normal_0641_EDD,1,4,9,normal,"[218.0, 163.0]",45.254833995939045,0.6857099115848542,0.0322353243827819,0.9223294258117676,-0.0392199456691741,-1.3104932170967305,"[115.0, 181.0]"
normal_0642_EDD,0,3,9,normal,"[320.0, 208.0]",90.50966799187808,0.832507461309433,0.1281530261039734,0.964911937713623,-0.1445803940296173,0.8669579190162,"[329.0, 200.0]"
normal_0643_EDD,0,1,9,normal,"[393.0, 199.0]",45.254833995939045,0.8098936140537262,0.1197991371154785,0.9505966305732728,-0.1233841776847839,0.5466056834829092,"[408.0, 213.0]"
normal_0643_EDD,1,2,9,normal,"[389.0, 203.0]",57.01751796098172,0.788739538192749,0.1198423504829406,0.9202157258987428,-0.1237308979034423,0.6234330900149515,"[408.0, 213.0]"
normal_0644_EDD,0,1,9,normal,"[158.0, 202.0]",35.918785545899944,0.7952097117900848,0.0886415243148803,0.9780835509300232,-0.1095485091209411,0.6370031833692216,"[145.0, 203.0]"
normal_0644_EDD,1,4,9,normal,"[151.0, 289.0]",35.918785545899944,0.7387280523777008,0.0544639825820922,0.9559136033058168,-0.0756227374076843,-1.400110330535655,"[145.0, 203.0]"
normal_0644_EDD,2,1,9,normal,"[162.0, 207.0]",45.254833995939045,0.7758013486862182,0.079800009727478,0.9628095626831056,-0.110173225402832,0.6140909676491104,"[145.0, 203.0]"
normal_0644_EDD,3,2,9,normal,"[167.0, 215.0]",57.01751796098172,0.7595781087875365,0.0746681094169616,0.9478445053100586,-0.1070942282676696,0.5604872139570796,"[145.0, 203.0]"
normal_0644_EDD,4,2,9,normal,"[172.0, 228.0]",71.83757109179989,0.77178316116333,0.092053472995758,0.9400283694267272,-0.1085491478443145,0.4877786313386579,"[145.0, 203.0]"
normal_0644_EDD,5,3,9,normal,"[174.0, 240.0]",90.50966799187808,0.7564801216125487,0.0920090675354003,0.9184638261795044,-0.1077318787574768,0.4806009331689168,"[145.0, 203.0]"
normal_0645_EDD,0,2,9,normal,"[272.0, 216.0]",90.50966799187808,0.8020182967185974,0.1097989082336425,0.9546903371810912,-0.1196807622909545,0.9752947057799344,"[273.0, 214.0]"
normal_0646_EDD,0,1,9,normal,"[123.0, 195.0]",45.254833995939045,0.8145680665969848,0.1068429350852966,0.9713025093078612,-0.1390668749809265,0.5034297318102905,"[102.0, 203.0]"
normal_0646_EDD,1,4,9,normal,"[177.0, 275.0]",35.918785545899944,0.7083967983722687,0.037696361541748,0.941567361354828,-0.0580164194107055,-1.894483739549716,"[102.0, 203.0]"
normal_0646_EDD,2,4,9,normal,"[190.0, 283.0]",45.254833995939045,0.71445694565773,0.0489431023597717,0.9334800839424132,-0.0603889226913452,-1.62797450520358,"[102.0, 203.0]"
normal_0646_EDD,3,4,9,normal,"[198.0, 287.0]",57.01751796098172,0.7235998332500457,0.0659647583961486,0.9221967458724976,-0.060486763715744,-1.2372378580230197,"[102.0, 203.0]"
normal_0647_EDD,0,2,9,normal,"[274.0, 200.0]",90.50966799187808,0.876398754119873,0.1628773808479309,0.9742248058319092,-0.1578200459480285,0.8406556402002254,"[262.0, 192.0]"
normal_0648_EDD,0,2,9,normal,"[302.0, 218.0]",71.83757109179989,0.7782336473464965,0.0774488449096679,0.964452862739563,-0.1283389925956726,0.6561941377598137,"[315.0, 239.0]"
normal_0649_EDD,0,1,9,normal,"[286.0, 222.0]",45.254833995939045,0.7957791984081268,0.1144312620162963,0.9347334504127502,-0.1351726055145263,0.5133621405500801,"[272.0, 205.0]"
normal_0649_EDD,1,4,9,normal,"[277.0, 353.0]",35.918785545899944,0.5740901917219162,0.0249940752983093,0.7836325764656067,-0.0027665644884109,-3.122757301597596,"[272.0, 205.0]"
normal_0649_EDD,2,4,9,normal,"[270.0, 382.0]",45.254833995939045,0.5503616377711296,0.02211594581604,0.7536643147468567,-0.0034033581614494,-2.9114340600667163,"[272.0, 205.0]"
normal_0650_EDD,0,1,9,normal,"[161.0, 199.0]",45.254833995939045,0.7939915001392365,0.0967976450920105,0.9550287127494812,-0.1433687806129455,0.5925498496748345,"[143.0, 195.0]"
normal_0651_EDD,0,2,9,normal,"[158.0, 184.0]",71.83757109179989,0.8246584117412566,0.1416881084442138,0.9391733407974244,-0.1277448236942291,0.601383486505136,"[130.0, 178.0]"
normal_0651_EDD,1,1,9,normal,"[152.0, 178.0]",57.01751796098172,0.8211980700492859,0.1226983666419982,0.9613388776779176,-0.1278124451637268,0.614153670893653,"[130.0, 178.0]"
normal_0652_EDD,0,2,9,normal,"[256.0, 210.0]",90.50966799187808,0.8037064671516418,0.0994096994400024,0.9692772030830384,-0.1290136277675628,0.7897871242644733,"[237.0, 209.0]"
normal_0653_EDD,0,1,9,normal,"[388.0, 213.0]",57.01751796098172,0.8063509166240692,0.1241622567176818,0.9366318583488464,-0.1327317953109741,0.6234330900149515,"[407.0, 203.0]"
normal_0654_EDD,0,1,9,normal,"[293.0, 219.0]",57.01751796098172,0.8073361337184906,0.1441271901130676,0.9093994498252868,-0.1331466436386108,0.5293934795906106,"[305.0, 195.0]"
normal_0655_EDD,0,1,9,normal,"[300.0, 219.0]",45.254833995939045,0.814627492427826,0.1367912292480468,0.9229280352592468,-0.1589331924915313,0.4729022564552188,"[280.0, 232.0]"
normal_0656_EDD,0,1,0,normal,"[187.0, 216.0]",35.918785545899944,0.8734794020652771,0.1801271438598632,0.94472074508667,-0.1602386832237243,-2.149802624737182,"[203.0, 328.0]"
normal_0656_EDD,1,4,0,normal,"[259.0, 317.0]",45.254833995939045,0.6016663327813148,0.0345630049705505,0.8068351149559021,-0.0115937367081642,-0.2610836733738169,"[203.0, 328.0]"
normal_0656_EDD,2,4,0,normal,"[277.0, 334.0]",57.01751796098172,0.621850112080574,0.0568455457687377,0.8037229776382446,-0.011992409825325,-0.3021058690048253,"[203.0, 328.0]"
normal_0657_EDD,0,3,9,normal,"[294.0, 218.0]",90.50966799187808,0.8528291523456573,0.1663321852684021,0.9407950043678284,-0.1397023200988769,0.7148705063922709,"[273.0, 203.0]"
normal_0658_EDD,0,2,9,normal,"[160.0, 184.0]",71.83757109179989,0.8358408451080322,0.1623874902725219,0.923717200756073,-0.1342565715312957,0.6251846544022972,"[135.0, 174.0]"
normal_0659_EDD,0,1,9,normal,"[473.0, 205.0]",57.01751796098172,0.8649921238422393,0.1666257381439209,0.9578222632408142,-0.1394540071487426,0.3839027478442739,"[508.0, 208.0]"
normal_0659_EDD,1,4,9,normal,"[359.0, 184.0]",35.918785545899944,0.6672428131103515,0.038410484790802,0.8892245888710022,-0.0318755805492401,-3.201715246891068,"[508.0, 208.0]"
normal_0660_EDD,0,2,9,normal,"[336.0, 196.0]",71.83757109179989,0.794036316871643,0.0804886221885681,0.9813029766082764,-0.1331780552864074,0.7930599751441841,"[350.0, 201.0]"
normal_0661_EDD,0,3,0,normal,"[366.0, 204.0]",71.83757109179989,0.8014841973781586,0.1059114933013916,0.9574963450431824,-0.1266263127326965,-1.400796485745111,"[498.0, 315.0]"
normal_0662_EDD,0,2,0,normal,"[282.0, 228.0]",71.83757109179989,0.7839827835559844,0.0897961854934692,0.9558647274971008,-0.1254064440727234,-2.024581979434457,"[499.0, 239.0]"
normal_0663_EDD,0,1,9,normal,"[401.0, 186.0]",45.254833995939045,0.8509590089321136,0.1517000198364257,0.9596425890922546,-0.1375458836555481,0.4511197478046782,"[420.0, 202.0]"
normal_0664_EDD,0,1,0,normal,"[280.0, 209.0]",45.254833995939045,0.8396811127662658,0.1410189867019653,0.9598244428634644,-0.1339250802993774,-0.0300656077405943,"[307.0, 247.0]"
normal_0665_EDD,0,1,0,normal,"[288.0, 227.0]",35.918785545899944,0.7459296286106109,0.1145451068878173,0.8576189875602722,-0.1552561521530151,0.019236609138689,"[292.0, 192.0]"
normal_0666_EDD,0,1,0,normal,"[398.0, 211.0]",45.254833995939045,0.7504059433937071,0.1072564125061035,0.8796156644821167,-0.1370928287506103,-0.3781923169499965,"[445.0, 252.0]"
normal_0667_EDD,0,1,0,normal,"[164.0, 213.0]",45.254833995939045,0.788885772228241,0.0829198360443115,0.9711501598358154,-0.1308041214942932,-0.5917573327143808,"[147.0, 143.0]"
normal_0667_EDD,1,4,0,normal,"[250.0, 322.0]",45.254833995939045,0.6821401745080947,0.0337511897087097,0.9144048690795898,-0.0415278822183609,-3.5634630832844474,"[147.0, 143.0]"
normal_0668_EDD,0,1,9,normal,"[275.0, 224.0]",57.01751796098172,0.7716046571731567,0.0890573263168335,0.9374516010284424,-0.1316560506820678,0.8111049025031329,"[265.0, 220.0]"
normal_0669_EDD,0,1,9,normal,"[154.0, 210.0]",45.254833995939045,0.8018295288085937,0.1126108169555664,0.9437540769577026,-0.1429542899131775,0.7423058983988962,"[144.0, 216.0]"
normal_0669_EDD,1,4,9,normal,"[271.0, 178.0]",35.918785545899944,0.6876235365867615,0.0434379577636718,0.9039143323898317,-0.0572277307510376,-2.6906368203555653,"[144.0, 216.0]"
normal_0670_EDD,0,1,9,normal,"[492.0, 232.0]",35.918785545899944,0.7840770840644836,0.0723393559455871,0.9813597202301024,-0.1239296197891235,0.7973174822412243,"[499.0, 234.0]"
normal_0670_EDD,1,4,9,normal,"[390.0, 194.0]",45.254833995939045,0.7306918621063232,0.0477249026298522,0.9546951055526732,-0.073401927947998,-1.565642128444651,"[499.0, 234.0]"
normal_0671_EDD,0,1,9,normal,"[282.0, 220.0]",45.254833995939045,0.799030315876007,0.1003611087799072,0.9606949090957642,-0.1309138536453247,0.6090626249000999,"[269.0, 232.0]"
normal_0672_EDD,0,1,9,normal,"[402.0, 206.0]",45.254833995939045,0.8379415690898895,0.1452297568321228,0.949611485004425,-0.1399188637733459,0.8218475898282598,"[410.0, 207.0]"
normal_0672_EDD,1,4,9,normal,"[305.0, 172.0]",35.918785545899944,0.6480615139007568,0.0394503474235534,0.8608496189117432,-0.0300821661949157,-2.081388093271075,"[410.0, 207.0]"
normal_0673_EDD,0,1,9,normal,"[289.0, 231.0]",45.254833995939045,0.835864931344986,0.1446653604507446,0.9480554461479188,-0.1378037929534912,0.7348349570550448,"[301.0, 231.0]"
normal_0674_EDD,0,3,9,normal,"[130.0, 198.0]",90.50966799187808,0.7952474474906921,0.0945807099342346,0.964824914932251,-0.1264464855194091,0.4169341200923347,"[83.0, 174.0]"
normal_0674_EDD,1,4,9,normal,"[201.0, 236.0]",35.918785545899944,0.7115054905414581,0.0169309973716735,0.976224958896637,-0.0560851097106933,-2.7110570304019816,"[83.0, 174.0]"
normal_0674_EDD,2,2,9,normal,"[118.0, 194.0]",71.83757109179989,0.79146528840065,0.0825347304344177,0.9762257933616638,-0.1278625130653381,0.4388550708377973,"[83.0, 174.0]"
normal_0675_EDD,0,1,9,normal,"[160.0, 206.0]",35.918785545899944,0.7724514365196227,0.0633115768432617,0.9795958995819092,-0.1171136498451232,0.8580403141114878,"[155.0, 205.0]"
normal_0675_EDD,1,4,9,normal,"[227.0, 266.0]",35.918785545899944,0.7401374220848084,0.0373388528823852,0.9793965816497804,-0.0861048102378845,-1.6272132009062417,"[155.0, 205.0]"
normal_0675_EDD,2,3,9,normal,"[204.0, 212.0]",90.50966799187808,0.7621398448944091,0.0750346183776855,0.9509099125862122,-0.1073414385318756,0.453125,"[155.0, 205.0]"
normal_0676_EDD,0,3,9,normal,"[278.0, 208.0]",90.50966799187808,0.8082547426223754,0.1036489009857177,0.9697771668434144,-0.1288091242313385,0.6436951796565195,"[274.0, 240.0]"
normal_0677_EDD,0,1,9,normal,"[411.0, 222.0]",45.254833995939045,0.8306984603404999,0.1456852555274963,0.9382345080375672,-0.1412452459335327,0.59375,"[424.0, 209.0]"
normal_0677_EDD,1,4,9,normal,"[317.0, 186.0]",35.918785545899944,0.647590160369873,0.0404886603355407,0.8588332533836365,-0.0295911133289337,-2.046986360182504,"[424.0, 209.0]"
normal_0678_EDD,0,1,9,normal,"[291.0, 243.0]",45.254833995939045,0.8289881467819213,0.1380135416984558,0.9467885494232178,-0.1411131024360656,0.5133621405500801,"[305.0, 226.0]"
normal_0679_EDD,0,3,9,normal,"[148.0, 196.0]",90.50966799187808,0.8123869717121124,0.1087254285812377,0.9690344929695128,-0.1266869902610778,0.4604282296927497,"[112.0, 163.0]"
normal_0680_EDD,0,3,9,normal,"[246.0, 236.0]",114.03503592196344,0.8525443911552429,0.1414912343025207,0.9904097318649292,-0.0888317227363586,0.6745916697395291,"[237.0, 200.0]"
normal_0680_EDD,1,4,9,normal,"[306.0, 180.0]",35.918785545899944,0.7203621566295624,0.0152844190597534,0.9937766194343568,-0.0471705198287963,-1.0000704124821849,"[237.0, 200.0]"
normal_0680_EDD,2,4,9,normal,"[304.0, 269.0]",35.918785545899944,0.7171036839485169,0.0128706693649292,0.9944413900375366,-0.04062020778656,-1.6776217192937677,"[237.0, 200.0]"
normal_0681_EDD,0,4,9,normal,"[432.0, 194.0]",90.50966799187808,0.7941267728805542,0.1063377261161804,0.95333069562912,-0.1022877991199493,0.0958402338012932,"[501.0, 238.0]"
normal_0681_EDD,1,1,9,normal,"[485.0, 242.0]",45.254833995939045,0.7896331548690796,0.0778110027313232,0.9793620109558104,-0.1313437223434448,0.6355655065721688,"[501.0, 238.0]"
normal_0682_EDD,0,2,9,normal,"[272.0, 216.0]",71.83757109179989,0.7947942674160002,0.1076337695121765,0.9419054985046388,-0.1391332447528839,0.6795308009923715,"[259.0, 197.0]"
normal_0683_EDD,0,1,9,normal,"[163.0, 203.0]",57.01751796098172,0.7967807531356811,0.1099709272384643,0.941575527191162,-0.1385347843170166,0.6384351885994768,"[144.0, 195.0]"
normal_0684_EDD,0,3,0,normal,"[172.0, 234.0]",71.83757109179989,0.7851126074790954,0.0752654075622558,0.9804577827453612,-0.1176337599754333,-1.9595602492645208,"[301.0, 403.0]"
normal_0684_EDD,1,1,0,normal,"[157.0, 202.0]",45.254833995939045,0.783030217885971,0.0672662258148193,0.9892889857292176,-0.1163085103034973,-4.463703028281277,"[301.0, 403.0]"
normal_0684_EDD,2,2,0,normal,"[164.0, 212.0]",57.01751796098172,0.7815957605838775,0.069416344165802,0.9834867119789124,-0.1186935901641845,-3.122473125394812,"[301.0, 403.0]"
normal_0684_EDD,3,4,0,normal,"[182.0, 282.0]",90.50966799187808,0.7818917036056519,0.0754926800727844,0.974287748336792,-0.1219879984855651,-0.8750651030364252,"[301.0, 403.0]"
normal_0685_EDD,0,3,0,normal,"[280.0, 270.0]",90.50966799187808,0.789649498462677,0.1060419678688049,0.9454951882362366,-0.1088044941425323,-1.7295493131879844,"[33.0, 265.0]"
normal_0685_EDD,1,1,0,normal,"[281.0, 227.0]",45.254833995939045,0.7854008555412292,0.0728185772895813,0.982003092765808,-0.1259005665779113,-4.544035364696008,"[33.0, 265.0]"
normal_0685_EDD,2,1,0,normal,"[282.0, 232.0]",57.01751796098172,0.7741685628890991,0.0729544162750244,0.9655646085739136,-0.126594603061676,-3.405264158273244,"[33.0, 265.0]"
normal_0685_EDD,3,4,0,normal,"[277.0, 340.0]",57.01751796098172,0.7602077305316925,0.0617538094520568,0.9667715430259703,-0.1085692048072815,-3.4769842060368576,"[33.0, 265.0]"
normal_0686_EDD,0,1,9,normal,"[164.0, 210.0]",45.254833995939045,0.7928856015205382,0.0944076180458068,0.9599723815917968,-0.1324865818023681,0.4961088907313407,"[142.0, 216.0]"
normal_0687_EDD,0,2,9,normal,"[296.0, 202.0]",71.83757109179989,0.78769451379776,0.1050541400909423,0.9368115663528442,-0.1343613862991333,0.800691743252568,"[282.0, 205.0]"
normal_0688_EDD,0,1,0,normal,"[420.0, 217.0]",45.254833995939045,0.8034662902355193,0.1297638416290283,0.922672688961029,-0.1391578316688537,-1.1034059062030797,"[515.0, 211.0]"
normal_0689_EDD,0,1,9,normal,"[286.0, 226.0]",45.254833995939045,0.7776295959949493,0.1001073718070983,0.9297145009040833,-0.1336103677749633,0.5444568832152109,"[278.0, 207.0]"
normal_0690_EDD,0,1,9,normal,"[166.0, 207.0]",35.918785545899944,0.8762912392616271,0.1755579710006714,0.9590843915939332,-0.1468709707260131,0.3506515539180425,"[154.0, 227.0]"
normal_0690_EDD,1,4,9,normal,"[234.0, 331.0]",35.918785545899944,0.6108709752559661,0.0312390327453613,0.8209914565086365,-0.0246896147727966,-2.652956349740258,"[154.0, 227.0]"
normal_0691_EDD,0,2,9,normal,"[158.0, 214.0]",71.83757109179989,0.7842799067497253,0.102349579334259,0.9345747232437134,-0.1386401057243347,0.2011886528250864,"[136.0, 267.0]"
normal_0692_EDD,0,1,9,normal,"[131.0, 200.0]",45.254833995939045,0.8228775143623351,0.1235445141792297,0.9574984312057496,-0.145420491695404,0.6678079433520423,"[116.0, 199.0]"
normal_0692_EDD,1,4,9,normal,"[210.0, 293.0]",45.254833995939045,0.675411993265152,0.0499955415725708,0.8881049156188965,-0.0187150537967681,-1.9375,"[116.0, 199.0]"
normal_0693_EDD,0,2,9,normal,"[450.0, 214.0]",71.83757109179989,0.8001509130001068,0.0969823598861694,0.9679374098777772,-0.128061830997467,0.5847177552505258,"[479.0, 221.0]"
normal_0694_EDD,0,2,0,normal,"[278.0, 218.0]",71.83757109179989,0.8039731979370117,0.1220555305480957,0.9330605268478394,-0.1438764929771423,-2.0635398137303524,"[493.0, 265.0]"
normal_0695_EDD,0,2,9,normal,"[312.0, 220.0]",71.83757109179989,0.7938460648059845,0.1035344004631042,0.9480931162834167,-0.1332324147224426,0.5865884055032449,"[333.0, 241.0]"
normal_0696_EDD,0,1,9,normal,"[130.0, 178.0]",45.254833995939045,0.80245041847229,0.0894507765769958,0.9825592041015624,-0.1260409951210022,0.7127378701429651,"[117.0, 178.0]"
normal_0696_EDD,1,4,9,normal,"[234.0, 208.0]",35.918785545899944,0.6924014687538146,0.0281038880348205,0.9390642642974854,-0.0347629785537719,-2.3627231822978976,"[117.0, 178.0]"
normal_0696_EDD,2,4,9,normal,"[228.0, 201.0]",45.254833995939045,0.6967381358146667,0.0322701334953308,0.9390507340431212,-0.035662442445755,-1.504878053418968,"[117.0, 178.0]"
normal_0696_EDD,3,3,9,normal,"[156.0, 202.0]",90.50966799187808,0.7865292072296142,0.1070526838302612,0.9389749765396118,-0.1109701991081237,0.4940539106658694,"[117.0, 178.0]"
normal_0697_EDD,0,1,9,normal,"[483.0, 218.0]",45.254833995939045,0.8729586064815521,0.1665481925010681,0.9669962525367736,-0.1475651860237121,0.4784900228662926,"[502.0, 204.0]"
normal_0697_EDD,1,4,9,normal,"[365.0, 188.0]",35.918785545899944,0.6544912636280059,0.0395753383636474,0.8688263297080994,-0.0336874723434448,-2.8400836817012536,"[502.0, 204.0]"
normal_0698_EDD,0,1,9,normal,"[475.0, 207.0]",57.01751796098172,0.8499610483646393,0.1629273295402526,0.9390938878059388,-0.1483399868011474,0.5409743252150121,"[501.0, 204.0]"
normal_0699_EDD,0,2,9,normal,"[308.0, 204.0]",71.83757109179989,0.80046147108078,0.0946811437606811,0.9682445526123048,-0.1400457024574279,0.5984773738124834,"[332.0, 188.0]"
normal_0700_EDD,0,1,9,normal,"[393.0, 196.0]",45.254833995939045,0.8336862742900848,0.158031940460205,0.9220889210700988,-0.1509604454040527,0.4216638898961954,"[411.0, 177.0]"
normal_0700_EDD,1,4,9,normal,"[288.0, 121.0]",57.01751796098172,0.6027322635054587,0.0399377942085266,0.8001686334609985,-0.0133821293711662,-1.3702902508189592,"[411.0, 177.0]"
normal_0701_EDD,0,1,9,normal,"[289.0, 222.0]",45.254833995939045,0.8157231628894805,0.1336109638214111,0.9340830445289612,-0.1412703394889831,0.4822487023193472,"[304.0, 204.0]"
normal_0702_EDD,0,1,9,normal,"[263.0, 254.0]",45.254833995939045,0.8120629608631134,0.1323170065879821,0.9327027201652528,-0.1342702507972717,0.6930174577439296,"[251.0, 247.0]"
normal_0703_EDD,0,1,9,normal,"[113.0, 225.0]",35.918785545899944,0.8846293449401855,0.1928335428237915,0.9427361488342284,-0.1594024896621704,0.3312462007315681,"[89.0, 224.0]"
normal_0703_EDD,1,4,9,normal,"[267.0, 146.0]",45.254833995939045,0.6222870387136936,0.0381913185119628,0.8308367729187012,-0.0125498957931995,-3.294345846575471,"[89.0, 224.0]"
normal_0704_EDD,0,2,9,normal,"[304.0, 202.0]",90.50966799187808,0.830455219745636,0.1223936676979065,0.9741042852401732,-0.1309427618980407,0.7806926742559657,"[317.0, 217.0]"
normal_0705_EDD,0,1,9,normal,"[295.0, 216.0]",45.254833995939045,0.827670681476593,0.1631216406822204,0.9101818799972534,-0.1371086239814758,0.7790291308792039,"[285.0, 216.0]"
normal_0706_EDD,0,1,9,normal,"[167.0, 171.0]",45.254833995939045,0.798659598827362,0.1618744134902954,0.8704279661178589,-0.1374280452728271,0.7093581994103395,"[154.0, 169.0]"
normal_0706_EDD,1,4,9,normal,"[202.0, 278.0]",35.918785545899944,0.5344327911734581,0.0262626409530639,0.7224695086479187,-0.0122074708342552,-2.3158358735199083,"[154.0, 169.0]"
normal_0707_EDD,0,1,9,normal,"[399.0, 205.0]",45.254833995939045,0.7960519790649413,0.1159151792526245,0.9317328929901124,-0.1396188735961914,0.5749540466020174,"[418.0, 208.0]"
normal_0708_EDD,0,1,9,normal,"[315.0, 216.0]",45.254833995939045,0.7968228042125701,0.0999475121498107,0.956492841243744,-0.1366515159606933,0.661979567925251,"[330.0, 219.0]"
normal_0709_EDD,0,4,9,normal,"[174.0, 266.0]",114.03503592196344,0.7858851581811904,0.0806854963302612,0.990588903427124,-0.0589371472597122,0.0326774839568785,"[96.0, 188.0]"
normal_0709_EDD,1,2,9,normal,"[117.0, 211.0]",35.918785545899944,0.7127930164337157,0.0117998719215393,0.9961936473846436,-0.0182879567146301,0.1329099096350157,"[96.0, 188.0]"
normal_0709_EDD,2,4,9,normal,"[82.0, 282.0]",35.918785545899944,0.7251988053321837,0.0267042517662048,0.9908767938613892,-0.0244039893150329,-1.6458810764269294,"[96.0, 188.0]"
normal_0709_EDD,3,3,9,normal,"[124.0, 139.0]",45.254833995939045,0.7337763130664825,0.0318729877471923,0.9921045303344728,-0.0371507704257965,-0.2470668712021821,"[96.0, 188.0]"
normal_0709_EDD,4,3,9,normal,"[126.0, 142.0]",57.01751796098172,0.7390419512987136,0.0396304726600647,0.9885244369506836,-0.0372218638658523,0.0368202118414634,"[96.0, 188.0]"
normal_0710_EDD,0,1,9,normal,"[302.0, 210.0]",57.01751796098172,0.7713244020938873,0.0785796642303466,0.9533160328865052,-0.1271175742149353,0.7172006766827093,"[316.0, 202.0]"
normal_0710_EDD,1,4,9,normal,"[359.0, 268.0]",35.918785545899944,0.6916209161281585,0.0382207036018371,0.9219614863395692,-0.0401358604431152,-1.1930536118090873,"[316.0, 202.0]"
normal_0710_EDD,2,4,9,normal,"[280.0, 322.0]",35.918785545899944,0.6912121057510375,0.0450943112373352,0.9101145267486572,-0.0451881289482116,-2.487970882167743,"[316.0, 202.0]"
normal_0710_EDD,3,4,9,normal,"[280.0, 312.0]",45.254833995939045,0.699833458662033,0.0527358651161193,0.9118316769599916,-0.0440770983695983,-1.5575409332012655,"[316.0, 202.0]"
normal_0711_EDD,0,1,9,normal,"[482.0, 201.0]",45.254833995939045,0.8698935210704802,0.1709686517715454,0.9550779461860656,-0.1518515348434448,0.650614378515658,"[497.0, 196.0]"
normal_0711_EDD,1,4,9,normal,"[382.0, 265.0]",35.918785545899944,0.650310057401657,0.0347747802734375,0.8694300651550293,-0.0346711575984954,-2.733753564971255,"[497.0, 196.0]"
normal_0712_EDD,0,2,9,normal,"[294.0, 226.0]",90.50966799187808,0.7826718986034392,0.0831613540649414,0.9683235883712769,-0.1084201633930206,0.7218047841442992,"[291.0, 201.0]"
normal_0712_EDD,1,4,9,normal,"[246.0, 279.0]",35.918785545899944,0.7262299180030822,0.0290510654449462,0.9770541191101074,-0.0662048459053039,-1.5070442875566772,"[291.0, 201.0]"
normal_0712_EDD,2,1,9,normal,"[308.0, 195.0]",45.254833995939045,0.752077066898346,0.0395353436470031,0.9884381294250488,-0.1031751632690429,0.6016391005005637,"[291.0, 201.0]"
normal_0712_EDD,3,1,9,normal,"[304.0, 196.0]",57.01751796098172,0.7329746127128601,0.0303069949150085,0.974511981010437,-0.1025461554527282,0.7557173869491196,"[291.0, 201.0]"
normal_0713_EDD,0,4,0,normal,"[204.0, 244.0]",143.67514218359975,0.841296449303627,0.1376064419746399,0.983124852180481,-0.0775130540132522,-0.1953835869117368,"[255.0, 408.0]"
normal_0713_EDD,1,4,0,normal,"[284.0, 322.0]",35.918785545899944,0.7257318377494812,0.0194915533065795,0.9947499632835388,-0.0495765507221221,-1.5267535743555565,"[255.0, 408.0]"
normal_0713_EDD,2,1,0,normal,"[132.0, 163.0]",45.254833995939045,0.7403258383274078,0.0410393476486206,0.9884387850761414,-0.0368967056274414,-5.0577462032095735,"[255.0, 408.0]"
normal_0713_EDD,3,4,0,normal,"[277.0, 325.0]",45.254833995939045,0.7381841123104095,0.033223271369934,0.9931266903877258,-0.0488607883453369,-0.8973923306079845,"[255.0, 408.0]"
normal_0713_EDD,4,4,0,normal,"[248.0, 161.0]",57.01751796098172,0.7432147741317748,0.034481942653656,0.9947563409805298,-0.0620169639587402,-3.333741264291235,"[255.0, 408.0]"
normal_0713_EDD,5,4,0,normal,"[267.0, 319.0]",57.01751796098172,0.7452951192855835,0.0408577322959899,0.992835819721222,-0.0472615659236907,-0.5750483055744999,"[255.0, 408.0]"
normal_0713_EDD,6,4,0,normal,"[240.0, 172.0]",71.83757109179989,0.741828042268753,0.0358191728591918,0.991234302520752,-0.0607242882251739,-2.29181806754766,"[255.0, 408.0]"
normal_0714_EDD,0,1,9,normal,"[430.0, 222.0]",45.254833995939045,0.8342185974121094,0.1292728781700134,0.9697260856628418,-0.1306872963905334,0.3856373983957031,"[452.0, 205.0]"
normal_0714_EDD,1,1,9,normal,"[423.0, 222.0]",57.01751796098172,0.806804472208023,0.1238094568252563,0.9381555914878844,-0.1314305067062378,0.4104360584242374,"[452.0, 205.0]"
normal_0715_EDD,0,2,9,normal,"[298.0, 218.0]",71.83757109179989,0.8118164420127868,0.1269867420196533,0.939073085784912,-0.1373926997184753,0.6370031833692216,"[324.0, 220.0]"
normal_0715_EDD,1,4,9,normal,"[249.0, 296.0]",35.918785545899944,0.690859144926071,0.050338864326477,0.9013299345970154,-0.0479466319084167,-1.9726914126935984,"[324.0, 220.0]"
normal_0716_EDD,0,2,9,normal,"[278.0, 226.0]",71.83757109179989,0.7826360344886779,0.0991239547729492,0.9389132857322692,-0.1313638985157013,0.8376628884795106,"[268.0, 232.0]"
normal_0717_EDD,0,2,9,normal,"[334.0, 206.0]",71.83757109179989,0.7969543874263763,0.0872181057929992,0.9749001860618592,-0.1365307569503784,0.8190361978777436,"[339.0, 194.0]"
normal_0717_EDD,1,4,9,normal,"[268.0, 309.0]",35.918785545899944,0.7086354970932007,0.0400720238685607,0.9440046548843384,-0.0388010740280151,-2.7627042365178447,"[339.0, 194.0]"
normal_0717_EDD,2,4,9,normal,"[275.0, 305.0]",45.254833995939045,0.7148641467094421,0.0476631522178649,0.9422065615653992,-0.0382820069789886,-1.831274144488661,"[339.0, 194.0]"
normal_0718_EDD,0,1,9,normal,"[471.0, 201.0]",45.254833995939045,0.8534619510173798,0.1411671638488769,0.976068675518036,-0.1452335715293884,0.6436951796565195,"[485.0, 193.0]"
normal_0718_EDD,1,4,9,normal,"[392.0, 283.0]",35.918785545899944,0.6665446758270263,0.0207772254943847,0.9148072600364684,-0.0270118415355682,-2.60307080804158,"[485.0, 193.0]"
normal_0718_EDD,2,4,9,normal,"[385.0, 275.0]",45.254833995939045,0.6736162066459654,0.0273935794830322,0.915194571018219,-0.0279321372509002,-1.8576241224135828,"[485.0, 193.0]"
normal_0719_EDD,0,4,9,normal,"[356.0, 266.0]",90.50966799187808,0.7809976875782013,0.0743976235389709,0.9762907028198242,-0.1159828603267669,-0.5072254362320852,"[477.0, 203.0]"
normal_0719_EDD,1,4,9,normal,"[402.0, 283.0]",35.918785545899944,0.7433273553848265,0.0331313014030456,0.9913219213485718,-0.0813535451889038,-2.0529584820504554,"[477.0, 203.0]"
normal_0719_EDD,2,4,9,normal,"[310.0, 306.0]",45.254833995939045,0.7586031913757324,0.0426821112632751,0.9922765493392944,-0.1066374778747558,-3.3356489205769417,"[477.0, 203.0]"
normal_0719_EDD,3,4,9,normal,"[359.0, 174.0]",57.01751796098172,0.7538785398006439,0.0393899083137512,0.9891852736473083,-0.1102946996688842,-1.1311225162166156,"[477.0, 203.0]"
normal_0719_EDD,4,4,9,normal,"[321.0, 300.0]",57.01751796098172,0.7712692856788634,0.0567278265953063,0.9895554780960084,-0.1092631220817565,-2.2217839095354948,"[477.0, 203.0]"
normal_0719_EDD,5,4,9,normal,"[472.0, 32.0]",456.14014368785377,0.7177453726530074,0.1351519227027893,0.83036208152771,-0.0066999644041061,0.6249549920898686,"[477.0, 203.0]"
normal_0720_EDD,0,3,9,normal,"[288.0, 216.0]",143.67514218359975,0.8697661489248276,0.1708520650863647,0.9789755940437316,-0.0681558400392532,0.5333067541267781,"[352.0, 196.0]"
normal_0720_EDD,1,4,9,normal,"[214.0, 286.0]",35.918785545899944,0.7346464037895202,0.0240769982337951,0.9958056211471558,-0.0675273537635803,-3.5868578268721043,"[352.0, 196.0]"
normal_0720_EDD,2,4,9,normal,"[222.0, 286.0]",45.254833995939045,0.7398273885250092,0.0301187634468078,0.9946587681770324,-0.0672374367713928,-2.4938562148434213,"[352.0, 196.0]"
normal_0720_EDD,3,4,9,normal,"[250.0, 173.0]",57.01751796098172,0.7376981556415558,0.0296687483787536,0.99434494972229,-0.0599397122859954,-0.8338396816923699,"[352.0, 196.0]"
normal_0720_EDD,4,4,9,normal,"[232.0, 286.0]",57.01751796098172,0.75314581990242,0.0446242690086364,0.9929556250572203,-0.0672630667686462,-1.6307704257250926,"[352.0, 196.0]"
normal_0721_EDD,0,1,9,normal,"[497.0, 213.0]",45.254833995939045,0.8413907885551452,0.161303162574768,0.9292588829994202,-0.1480320394039154,0.4542422126070944,"[520.0, 204.0]"
normal_0722_EDD,0,1,9,normal,"[148.0, 218.0]",45.254833995939045,0.8312165558338165,0.1485167145729065,0.9341403841972352,-0.1440078616142273,0.5709521806954381,"[132.0, 229.0]"
normal_0723_EDD,0,1,0,normal,"[293.0, 231.0]",57.01751796098172,0.7959758222103118,0.1308791637420654,0.9112715125083924,-0.1360329985618591,-3.7993918453321696,"[565.0, 261.0]"
normal_0724_EDD,0,1,9,normal,"[299.0, 234.0]",45.254833995939045,0.7845904648303985,0.0861890316009521,0.9620770812034608,-0.1247373819351196,0.59375,"[282.0, 227.0]"
normal_0725_EDD,0,1,9,normal,"[161.0, 205.0]",35.918785545899944,0.8451571822166443,0.1306660175323486,0.9795397520065308,-0.1440666913986206,0.4988694710460593,"[143.0, 205.0]"
normal_0725_EDD,1,4,9,normal,"[263.0, 287.0]",57.01751796098172,0.6265422821044921,0.0174692273139953,0.8666024804115295,-0.0122565925121307,-1.5490583173342127,"[143.0, 205.0]"
normal_0726_EDD,0,2,9,normal,"[166.0, 206.0]",71.83757109179989,0.8240578591823577,0.139609158039093,0.9403485655784608,-0.1310235261917114,0.5953526369878139,"[140.0, 193.0]"
normal_0726_EDD,1,4,9,normal,"[271.0, 158.0]",35.918785545899944,0.6389881253242492,0.0273475050926208,0.8707178831100464,-0.0106905102729797,-2.775043701985197,"[140.0, 193.0]"
normal_0727_EDD,0,1,9,normal,"[306.0, 215.0]",45.254833995939045,0.8137072384357452,0.1196261048316955,0.9519961476325988,-0.1384191513061523,0.375,"[326.0, 195.0]"
normal_0728_EDD,0,1,9,normal,"[412.0, 213.0]",45.254833995939045,0.8106123149394989,0.1229245662689209,0.94091135263443,-0.1452490091323852,0.4511197478046782,"[431.0, 197.0]"
normal_0728_EDD,1,4,9,normal,"[371.0, 319.0]",45.254833995939045,0.6575907975435257,0.0396625995635986,0.8718767166137695,-0.0380724817514419,-2.004228790388641,"[431.0, 197.0]"
normal_0729_EDD,0,1,9,normal,"[150.0, 202.0]",45.254833995939045,0.8321651399135589,0.1207184195518493,0.9751315712928772,-0.1442731022834777,0.5749540466020174,"[133.0, 193.0]"
normal_0729_EDD,1,4,9,normal,"[223.0, 306.0]",45.254833995939045,0.6584868431091309,0.0272084474563598,0.8928451538085938,-0.0314339399337768,-2.192168762181912,"[133.0, 193.0]"
normal_0730_EDD,0,2,9,normal,"[270.0, 226.0]",71.83757109179989,0.7997387945652008,0.1128446459770202,0.941136360168457,-0.1404934823513031,0.7130258190140629,"[254.0, 213.0]"
normal_0731_EDD,0,4,0,normal,"[310.0, 162.0]",35.918785545899944,0.7021693348884581,0.0249474644660949,0.9668422937393188,-0.0021613240242004,-3.417538525438357,"[434.0, 261.0]"
normal_0731_EDD,1,4,0,normal,"[460.0, 251.0]",35.918785545899944,0.6417033553123473,-0.0055856704711914,0.923259973526001,-0.0050352215766906,0.2244510461309838,"[434.0, 261.0]"
normal_0731_EDD,2,4,0,normal,"[295.0, 267.0]",35.918785545899944,0.684416776895523,0.0106970071792602,0.961171329021454,-0.0044991970062255,-2.8734448847088503,"[434.0, 261.0]"
normal_0731_EDD,3,4,0,normal,"[494.0, 320.0]",35.918785545899944,0.6572724997997283,-0.0028073787689208,0.9415102601051332,-0.0051134824752807,-1.3427484160931242,"[434.0, 261.0]"
normal_0731_EDD,4,4,0,normal,"[306.0, 156.0]",45.254833995939045,0.6972043752670287,0.0279249548912048,0.955502152442932,-0.0021395683288574,-2.6583193930068485,"[434.0, 261.0]"
normal_0731_EDD,5,4,0,normal,"[468.0, 253.0]",45.254833995939045,0.6267602145671843,-0.0131528377532958,0.912765085697174,-0.0048874616622924,0.2281819352982208,"[434.0, 261.0]"
normal_0731_EDD,6,4,0,normal,"[290.0, 259.0]",45.254833995939045,0.6627393245697021,0.001394510269165,0.9434587955474854,-0.0046182870864868,-2.182287404525242,"[434.0, 261.0]"
normal_0731_EDD,7,4,0,normal,"[361.0, 109.0]",57.01751796098172,0.6979833483695984,0.0521050095558166,0.9221863746643066,-0.0017393827438354,-1.957352100809,"[434.0, 261.0]"
normal_0731_EDD,8,4,0,normal,"[285.0, 251.0]",57.01751796098172,0.6498163640499115,-0.0035380721092224,0.9320427775382996,-0.004622459411621,-1.619110736159882,"[434.0, 261.0]"
normal_0731_EDD,9,4,0,normal,"[482.0, 261.0]",57.01751796098172,0.6091426014900206,-0.024724006652832,0.9041311740875244,-0.0048739314079284,0.1581534637679703,"[434.0, 261.0]"
normal_0732_EDD,0,3,9,normal,"[264.0, 224.0]",143.67514218359975,0.8651486724615096,0.1651456952095031,0.9822788238525392,-0.0620390027761459,0.9071400670891472,"[261.0, 211.0]"
normal_0732_EDD,1,4,9,normal,"[249.0, 307.0]",35.918785545899944,0.723067170381546,0.0211111903190612,0.9933692812919616,-0.0329874157905578,-1.6934956599785729,"[261.0, 211.0]"
normal_0732_EDD,2,4,9,normal,"[348.0, 204.0]",45.254833995939045,0.7305022418498992,0.0229185819625854,0.9954219460487366,-0.0539414882659912,-0.928659265526184,"[261.0, 211.0]"
normal_0732_EDD,3,4,9,normal,"[179.0, 231.0]",45.254833995939045,0.7319708228111267,0.0238482952117919,0.9957536458969116,-0.0554748773574829,-0.8650779139220965,"[261.0, 211.0]"
normal_0732_EDD,4,4,9,normal,"[342.0, 206.0]",57.01751796098172,0.7364079296588897,0.0302968621253967,0.9933615922927856,-0.0537897646427154,-0.4233200104681762,"[261.0, 211.0]"
normal_0732_EDD,5,4,9,normal,"[183.0, 228.0]",57.01751796098172,0.7432076930999755,0.0365760326385498,0.993562877178192,-0.0556882321834564,-0.4001148155852416,"[261.0, 211.0]"
normal_0733_EDD,0,3,9,normal,"[292.0, 224.0]",143.67514218359975,0.8682135552167891,0.1699667572975158,0.978586196899414,-0.0661823004484176,0.8098975219207192,"[317.0, 213.0]"
normal_0733_EDD,1,4,9,normal,"[234.0, 152.0]",35.918785545899944,0.7201818168163299,0.0168867707252502,0.9943445920944214,-0.0362691581249237,-1.8677153943001985,"[317.0, 213.0]"
normal_0733_EDD,2,4,9,normal,"[390.0, 199.0]",35.918785545899944,0.7296365320682525,0.0224347114562988,0.9958356618881226,-0.0505842864513397,-1.0694002485581584,"[317.0, 213.0]"
normal_0733_EDD,3,4,9,normal,"[387.0, 204.0]",45.254833995939045,0.7401895225048065,0.0340328216552734,0.994191348552704,-0.0511137843132019,-0.5595284243161456,"[317.0, 213.0]"
normal_0733_EDD,4,4,9,normal,"[238.0, 254.0]",45.254833995939045,0.7254283547401428,0.0168967843055725,0.9961740374565125,-0.0560487210750579,-0.9667648721949452,"[317.0, 213.0]"
normal_0733_EDD,5,3,9,normal,"[286.0, 228.0]",114.03503592196344,0.8247226059436797,0.1157903671264648,0.9938563704490662,-0.0661638975143432,0.6980020180901946,"[317.0, 213.0]"
normal_0734_EDD,0,3,9,normal,"[176.0, 220.0]",114.03503592196344,0.8036114931106567,0.0925811529159545,0.9795262813568116,-0.1268097162246704,0.4038855072229899,"[115.0, 190.0]"
normal_0734_EDD,1,4,9,normal,"[251.0, 294.0]",35.918785545899944,0.7287342071533203,0.0196079015731811,0.990685224533081,-0.0782332420349121,-3.766516291411878,"[115.0, 190.0]"
normal_0734_EDD,2,4,9,normal,"[218.0, 179.0]",45.254833995939045,0.734980434179306,0.0248517990112304,0.9932166934013368,-0.0743847489356994,-1.288942509653748,"[115.0, 190.0]"
normal_0734_EDD,3,4,9,normal,"[240.0, 287.0]",45.254833995939045,0.7362466156482695,0.0265841484069824,0.9912895560264589,-0.0787988901138305,-2.4962312298387817,"[115.0, 190.0]"
normal_0735_EDD,0,4,9,normal,"[188.0, 268.0]",114.03503592196344,0.8132895290851593,0.1098484396934509,0.9826815128326416,-0.0778201520442962,-0.042027174011852,"[102.0, 186.0]"
normal_0736_EDD,0,3,9,normal,"[280.0, 236.0]",143.67514218359975,0.894851690530777,0.1888210177421569,0.986452043056488,-0.0775712132453918,0.8412842461443847,"[266.0, 218.0]"
normal_0736_EDD,1,4,9,normal,"[209.0, 282.0]",35.918785545899944,0.7175311267375946,0.01216721534729,0.996128797531128,-0.040368765592575,-1.3860209676283484,"[266.0, 218.0]"
normal_0736_EDD,2,4,9,normal,"[316.0, 355.0]",35.918785545899944,0.7438644826412201,0.0409976840019226,0.9921588897705078,-0.04177787899971,-3.0602417385838123,"[266.0, 218.0]"
normal_0736_EDD,3,4,9,normal,"[354.0, 199.0]",57.01751796098172,0.7457797706127166,0.0409926176071167,0.9929974675178528,-0.0484446287155151,-0.5789493599846649,"[266.0, 218.0]"
normal_0737_EDD,0,1,9,normal,"[473.0, 214.0]",57.01751796098172,0.8386997997760772,0.1461964249610901,0.950189769268036,-0.1368526816368103,0.473553688181441,"[503.0, 215.0]"
normal_0738_EDD,0,1,9,normal,"[475.0, 211.0]",57.01751796098172,0.8352474808692931,0.1460157036781311,0.942437708377838,-0.147626906633377,0.6997897596956539,"[492.0, 213.0]"
normal_0739_EDD,0,3,9,normal,"[204.0, 198.0]",114.03503592196344,0.7798113048076629,0.0742780566215515,0.9897051453590392,-0.0636982321739196,0.0829124401400023,"[100.0, 187.0]"
normal_0739_EDD,1,4,9,normal,"[155.0, 235.0]",35.918785545899944,0.7116080582141876,0.0088974237442016,0.9963271021842957,-0.026408314704895,-1.0323627007576484,"[100.0, 187.0]"
normal_0739_EDD,2,1,9,normal,"[103.0, 173.0]",45.254833995939045,0.7192404150962829,0.0230293869972229,0.984576404094696,-0.0350377261638641,0.6836178635731783,"[100.0, 187.0]"
normal_0739_EDD,3,4,9,normal,"[255.0, 303.0]",45.254833995939045,0.7265428781509399,0.0221876502037048,0.991954743862152,-0.0499345362186431,-3.277998308934915,"[100.0, 187.0]"
normal_0739_EDD,4,1,9,normal,"[116.0, 174.0]",57.01751796098172,0.7268965244293213,0.0291642546653747,0.9870891571044922,-0.03384929895401,0.6384351885994768,"[100.0, 187.0]"
normal_0740_EDD,0,1,0,normal,"[483.0, 183.0]",45.254833995939045,0.8478124618530274,0.1606423258781433,0.9393244981765748,-0.1482149362564087,-0.6399552204252408,"[501.0, 255.0]"
normal_0740_EDD,1,4,0,normal,"[372.0, 167.0]",35.918785545899944,0.6252398937940596,0.0228242874145507,0.8552406430244446,-0.0187357813119888,-3.3475014517727617,"[501.0, 255.0]"
normal_0740_EDD,2,4,0,normal,"[385.0, 257.0]",45.254833995939045,0.6494811743497848,0.0385134816169738,0.863827645778656,-0.0314417034387588,-1.5636430377492103,"[501.0, 255.0]"
normal_0741_EDD,0,2,9,normal,"[316.0, 210.0]",90.50966799187808,0.8146537661552429,0.1052073240280151,0.9737504124641418,-0.1391057670116424,0.5540711502240521,"[346.0, 183.0]"
normal_0742_EDD,0,1,9,normal,"[130.0, 161.0]",45.254833995939045,0.814949470758438,0.0995175242424011,0.982737362384796,-0.1375789642333984,0.5138640879342486,"[108.0, 161.0]"
normal_0743_EDD,0,1,9,normal,"[414.0, 225.0]",45.254833995939045,0.8252647638320922,0.1358259320259094,0.9462817907333374,-0.1352078914642334,0.6016391005005637,"[429.0, 215.0]"
normal_0744_EDD,0,2,9,normal,"[283.0, 229.0]",57.01751796098172,0.7732652604579925,0.1011801362037658,0.924010694026947,-0.1263881921768188,0.6105827804295356,"[270.0, 211.0]"
normal_0745_EDD,0,1,0,normal,"[145.0, 208.0]",45.254833995939045,0.8098852097988128,0.1194698214530944,0.9476818442344666,-0.1351904869079589,-0.3350005852058642,"[132.0, 149.0]"
normal_0746_EDD,0,2,9,normal,"[317.0, 226.0]",57.01751796098172,0.777073836326599,0.1052305102348327,0.922305703163147,-0.1311466693878173,0.7369229574274907,"[329.0, 217.0]"
normal_0747_EDD,0,1,9,normal,"[413.0, 213.0]",35.918785545899944,0.8093862533569336,0.1067082285881042,0.9635845422744752,-0.1408442258834839,0.5267100559879448,"[421.0, 228.0]"
normal_0747_EDD,1,4,9,normal,"[325.0, 341.0]",57.01751796098172,0.6978631377220154,0.0291825532913208,0.9410325288772584,-0.0497890710830688,-1.6004884364086704,"[421.0, 228.0]"
normal_0747_EDD,2,3,9,normal,"[364.0, 226.0]",90.50966799187808,0.7555158495903014,0.0915095210075378,0.9275902509689332,-0.0734657645225524,0.3698454740601318,"[421.0, 228.0]"
normal_0748_EDD,0,1,9,normal,"[119.0, 186.0]",45.254833995939045,0.8616325557231903,0.1658785343170166,0.9541328549385072,-0.1393051147460937,0.6685436963188058,"[107.0, 177.0]"
normal_0748_EDD,1,4,9,normal,"[233.0, 192.0]",35.918785545899944,0.6253028899431228,0.0365048050880432,0.8342752456665039,-0.0240270644426345,-2.532683913635933,"[107.0, 177.0]"
normal_0749_EDD,0,1,9,normal,"[299.0, 230.0]",35.918785545899944,0.8155247926712035,0.1103052496910095,0.9674150943756104,-0.1401448845863342,0.6213271049669989,"[307.0, 241.0]"
normal_0750_EDD,0,2,9,normal,"[306.0, 210.0]",71.83757109179989,0.7892785727977752,0.0914790034294128,0.9585815072059632,-0.1339625716209411,0.911960340192255,"[308.0, 216.0]"
normal_0751_EDD,0,1,9,normal,"[403.0, 208.0]",35.918785545899944,0.853420889377594,0.1407941579818725,0.976453185081482,-0.1455475091934204,0.6254432369412497,"[413.0, 199.0]"
normal_0752_EDD,0,1,9,normal,"[151.0, 218.0]",35.918785545899944,0.8827974021434783,0.1638872623443603,0.9851139187812804,-0.1466519832611084,0.5545506409298304,"[135.0, 218.0]"
normal_0752_EDD,1,4,9,normal,"[254.0, 320.0]",45.254833995939045,0.7031554222106934,0.0496415495872497,0.919524312019348,-0.0492342710494995,-2.463326277763907,"[135.0, 218.0]"
normal_0752_EDD,2,4,9,normal,"[273.0, 168.0]",57.01751796098172,0.766046804189682,0.0765572786331176,0.9556726217269896,-0.1025934517383575,-1.5742745441096533,"[135.0, 218.0]"
normal_0753_EDD,0,2,9,normal,"[246.0, 214.0]",90.50966799187808,0.8169802248477935,0.1013835668563842,0.9818329215049744,-0.1415680646896362,0.8112024066625848,"[240.0, 198.0]"
normal_0753_EDD,1,4,9,normal,"[219.0, 160.0]",35.918785545899944,0.741641217470169,0.0369042754173278,0.9848052859306335,-0.0768662095069885,-0.2087431696905113,"[240.0, 198.0]"
normal_0754_EDD,0,3,9,normal,"[150.0, 202.0]",90.50966799187808,0.804457926750183,0.0894889831542968,0.9819744229316713,-0.1379342377185821,0.6380864118156104,"[122.0, 185.0]"
normal_0754_EDD,1,4,9,normal,"[103.0, 227.0]",35.918785545899944,0.738364189863205,0.033591091632843,0.9877070784568788,-0.0668907165527343,-0.2833875529437659,"[122.0, 185.0]"
normal_0755_EDD,0,1,0,normal,"[165.0, 205.0]",35.918785545899944,0.8945874333381651,0.1860593557357788,0.971031904220581,-0.1440287232398986,-0.0267100423550126,"[141.0, 177.0]"
normal_0755_EDD,1,4,0,normal,"[236.0, 288.0]",35.918785545899944,0.6627805054187774,0.0380589365959167,0.8801294565200806,-0.0431547462940216,-3.0675847298883507,"[141.0, 177.0]"
normal_0756_EDD,0,3,9,normal,"[432.0, 230.0]",90.50966799187808,0.8375104665756226,0.1244670748710632,0.9838511347770692,-0.1217379868030548,0.1879508462383573,"[493.0, 189.0]"
normal_0756_EDD,1,4,9,normal,"[373.0, 189.0]",35.918785545899944,0.7315701365470886,0.025846242904663,0.9861512184143066,-0.0770902037620544,-2.340870193026272,"[493.0, 189.0]"
normal_0756_EDD,2,1,9,normal,"[474.0, 210.0]",57.01751796098172,0.7846342980861664,0.0773157477378845,0.979808270931244,-0.1072638034820556,0.5033174797894169,"[493.0, 189.0]"
normal_0757_EDD,0,2,9,normal,"[302.0, 220.0]",90.50966799187808,0.8335819840431213,0.1290236711502075,0.966559112071991,-0.1398346722126007,0.586306178285196,"[323.0, 189.0]"
normal_0757_EDD,1,4,9,normal,"[267.0, 295.0]",45.254833995939045,0.7472795724868775,0.0530723333358764,0.968748927116394,-0.0804149508476257,-1.6490711815653425,"[323.0, 189.0]"
normal_0758_EDD,0,3,9,normal,"[264.0, 210.0]",90.50966799187808,0.8040265679359435,0.1019715666770935,0.9653289318084716,-0.1316237449645996,0.7889178736545892,"[266.0, 191.0]"
normal_0759_EDD,0,3,9,normal,"[262.0, 250.0]",114.03503592196344,0.8458630561828613,0.1706201434135437,0.9359431862831116,-0.1004134118556976,0.5544918035691411,"[271.0, 200.0]"
normal_0759_EDD,1,4,9,normal,"[266.0, 311.0]",35.918785545899944,0.7286744177341461,0.0405939221382141,0.96450275182724,-0.06464284658432,-2.0934385407930383,"[271.0, 200.0]"
normal_0759_EDD,2,1,9,normal,"[304.0, 209.0]",45.254833995939045,0.8023494958877563,0.0865945816040039,0.9851793050765992,-0.1306470036506652,0.2441633360970109,"[271.0, 200.0]"
normal_0760_EDD,0,2,0,normal,"[322.0, 210.0]",71.83757109179989,0.845181393623352,0.1555036306381225,0.9454100131988524,-0.1394537687301635,0.3975552157594465,"[355.0, 182.0]"
normal_0761_EDD,0,3,9,normal,"[368.0, 244.0]",114.03503592196344,0.8093528807163238,0.1082003712654113,0.9751955270767212,-0.0925782024860382,0.4230270016014297,"[428.0, 217.0]"
normal_0761_EDD,1,4,9,normal,"[321.0, 194.0]",35.918785545899944,0.7218698978424072,0.0172013044357299,0.992987096309662,-0.0478881299495697,-2.046986360182504,"[428.0, 217.0]"
normal_0761_EDD,2,1,9,normal,"[424.0, 202.0]",35.918785545899944,0.7346597969532012,0.0343368053436279,0.9862924814224244,-0.0495912730693817,0.5677978957161018,"[428.0, 217.0]"
normal_0762_EDD,0,3,9,normal,"[280.0, 272.0]",114.03503592196344,0.856222265958786,0.1455875039100647,0.9809616208076476,-0.1198081374168396,0.6345216921151313,"[301.0, 236.0]"
normal_0762_EDD,1,4,9,normal,"[336.0, 274.0]",35.918785545899944,0.719116461277008,0.0164535641670227,0.9906890392303468,-0.0459028482437133,-0.4383104725614841,"[301.0, 236.0]"
normal_0762_EDD,2,4,9,normal,"[259.0, 346.0]",35.918785545899944,0.7364336967468261,0.0327376127243042,0.9891525506973268,-0.0564464926719665,-2.2781032667659504,"[301.0, 236.0]"
normal_0763_EDD,0,3,9,normal,"[272.0, 232.0]",114.03503592196344,0.8574980914592742,0.1464638113975525,0.9872869849205016,-0.099666953086853,0.9638435188599476,"[268.0, 233.0]"
normal_0763_EDD,1,4,9,normal,"[263.0, 150.0]",35.918785545899944,0.7395000636577606,0.0321384072303772,0.9920359253883362,-0.0646825432777404,-1.3149576122971416,"[268.0, 233.0]"
normal_0763_EDD,2,4,9,normal,"[197.0, 222.0]",35.918785545899944,0.7252157747745513,0.01951265335083,0.992459774017334,-0.0549063980579376,-1.0002641708175857,"[268.0, 233.0]"
normal_0764_EDD,0,3,9,normal,"[186.0, 228.0]",114.03503592196344,0.7987529098987579,0.0905327200889587,0.9776028394699096,-0.1194910109043121,0.5544918035691411,"[145.0, 198.0]"
normal_0764_EDD,1,4,9,normal,"[180.0, 159.0]",35.918785545899944,0.7283328056335449,0.0207274556159973,0.9929367303848268,-0.0627481937408447,-0.4589104066264073,"[145.0, 198.0]"
normal_0764_EDD,2,4,9,normal,"[226.0, 289.0]",35.918785545899944,0.7251691102981567,0.0221731066703796,0.9890481233596802,-0.0533115863800048,-2.391755745591065,"[145.0, 198.0]"
normal_0765_EDD,0,1,9,normal,"[309.0, 213.0]",45.254833995939045,0.8030048549175263,0.1152616739273071,0.9428508877754213,-0.1387377977371215,0.731177335404918,"[321.0, 211.0]"
normal_0766_EDD,0,1,9,normal,"[439.0, 240.0]",35.918785545899944,0.869175738096237,0.1567138433456421,0.975590169429779,-0.1477438807487487,0.5946349644824488,"[453.0, 244.0]"
normal_0766_EDD,1,4,9,normal,"[346.0, 204.0]",35.918785545899944,0.6560898780822754,0.0318112969398498,0.8833195567131042,-0.0297744572162628,-2.1802918135145903,"[453.0, 244.0]"
normal_0766_EDD,2,4,9,normal,"[341.0, 193.0]",45.254833995939045,0.65548597574234,0.0366516709327697,0.8758445382118225,-0.0287156403064727,-1.7193785193036293,"[453.0, 244.0]"
normal_0766_EDD,3,4,9,normal,"[370.0, 319.0]",45.254833995939045,0.6369752764701843,0.0293003916740417,0.8652474880218506,-0.0100082159042358,-1.471912531320637,"[453.0, 244.0]"
normal_0766_EDD,4,4,9,normal,"[347.0, 328.0]",57.01751796098172,0.648001480102539,0.0462474226951599,0.8571024537086487,-0.0089116990566253,-1.3720415293090569,"[453.0, 244.0]"
normal_0767_EDD,0,1,9,normal,"[484.0, 194.0]",57.01751796098172,0.8244470298290253,0.1266325116157531,0.9568896889686584,-0.1399586796760559,0.693703798041084,"[501.0, 190.0]"
normal_0767_EDD,1,4,9,normal,"[373.0, 194.0]",35.918785545899944,0.664458292722702,0.0231320261955261,0.910278022289276,-0.020658254623413,-2.565334484513913,"[501.0, 190.0]"
normal_0768_EDD,0,3,9,normal,"[182.0, 212.0]",114.03503592196344,0.8251217186450958,0.1132813096046447,0.9814265966415404,-0.1242089569568634,0.2964362567567346,"[108.0, 181.0]"
normal_0768_EDD,1,4,9,normal,"[241.0, 176.0]",45.254833995939045,0.7567287564277648,0.0440403223037719,0.9932302236557008,-0.0871363878250122,-1.940988619920179,"[108.0, 181.0]"
normal_0768_EDD,2,4,9,normal,"[231.0, 180.0]",57.01751796098172,0.7630941927433014,0.0516878366470336,0.991847813129425,-0.0855644345283508,-1.1573030425079869,"[108.0, 181.0]"
normal_0769_EDD,0,2,9,normal,"[298.0, 210.0]",90.50966799187808,0.7864062070846557,0.0772960186004638,0.9790839552879332,-0.1187570989131927,0.7118892357095973,"[312.0, 188.0]"
normal_0769_EDD,1,2,9,normal,"[302.0, 192.0]",71.83757109179989,0.7611765503883362,0.0490521788597106,0.9835963249206544,-0.1180347204208374,0.8500738617609189,"[312.0, 188.0]"
normal_0770_EDD,0,1,9,normal,"[124.0, 204.0]",45.254833995939045,0.8148840010166168,0.0997322797775268,0.982155978679657,-0.1382126808166504,0.3501051767785806,"[96.0, 195.0]"
normal_0770_EDD,1,4,9,normal,"[232.0, 179.0]",45.254833995939045,0.7412684381008148,0.0400689840316772,0.977331280708313,-0.0853377878665924,-2.0259296092275507,"[96.0, 195.0]"
normal_0770_EDD,2,3,9,normal,"[166.0, 214.0]",114.03503592196344,0.77129487991333,0.1010599136352539,0.9358729720115662,-0.0756194293498992,0.3639432772854999,"[96.0, 195.0]"
normal_0771_EDD,0,1,0,normal,"[510.0, 204.0]",35.918785545899944,0.8244714498519897,0.1084085702896118,0.9843853712081908,-0.1349655985832214,-6.5035928834237104,"[314.0, 389.0]"
normal_0771_EDD,1,4,0,normal,"[255.0, 174.0]",35.918785545899944,0.7233284533023834,0.0323272347450256,0.9687919020652772,-0.064234435558319,-5.207014550761492,"[314.0, 389.0]"
normal_0771_EDD,2,4,0,normal,"[417.0, 204.0]",35.918785545899944,0.7406251728534698,0.0335757136344909,0.9830346703529358,-0.0946259498596191,-4.89497678957103,"[314.0, 389.0]"
normal_0771_EDD,3,4,0,normal,"[387.0, 270.0]",35.918785545899944,0.7343478739261627,0.0367316007614135,0.9747028350830078,-0.0766214430332183,-2.8867291301909246,"[314.0, 389.0]"
normal_0771_EDD,4,4,0,normal,"[417.0, 211.0]",45.254833995939045,0.7424823284149169,0.0388266444206237,0.9783663749694824,-0.0939961075782775,-3.54432381177332,"[314.0, 389.0]"
normal_0772_EDD,0,3,9,normal,"[296.0, 222.0]",114.03503592196344,0.8485349893569946,0.1345074772834777,0.9881969690322876,-0.1114481687545776,0.5568281742064192,"[341.0, 199.0]"
normal_0772_EDD,1,4,9,normal,"[303.0, 143.0]",35.918785545899944,0.7226522207260131,0.0197996497154235,0.9905091524124146,-0.047480821609497,-0.884130998145052,"[341.0, 199.0]"
normal_0772_EDD,2,4,9,normal,"[238.0, 208.0]",35.918785545899944,0.730147784948349,0.0191165804862976,0.99495130777359,-0.0728264451026916,-1.8785064593116427,"[341.0, 199.0]"
normal_0772_EDD,3,4,9,normal,"[371.0, 267.0]",35.918785545899944,0.7339551210403442,0.0262831449508667,0.9916082620620728,-0.067730963230133,-1.0692129640427686,"[341.0, 199.0]"
normal_0773_EDD,0,3,9,normal,"[440.0, 214.0]",90.50966799187808,0.8334113538265228,0.1364625692367553,0.9565143585205078,-0.1369436681270599,0.458508642151142,"[489.0, 215.0]"
normal_0773_EDD,1,2,9,normal,"[450.0, 208.0]",71.83757109179989,0.8255460619926451,0.1156226396560669,0.9751845598220824,-0.136471152305603,0.4484331122264124,"[489.0, 215.0]"
normal_0774_EDD,0,3,9,normal,"[436.0, 216.0]",90.50966799187808,0.8193422675132751,0.1055356264114379,0.9833806157112122,-0.1272010505199432,0.343006373699105,"[492.0, 196.0]"
normal_0775_EDD,0,1,9,normal,"[415.0, 205.0]",35.918785545899944,0.804094797372818,0.1006313562393188,0.966491997241974,-0.1345952153205871,0.6213271049669989,"[428.0, 201.0]"
normal_0775_EDD,1,4,9,normal,"[341.0, 320.0]",45.254833995939045,0.6587183386087417,0.0285390019416809,0.8918445706367493,-0.0294406861066818,-2.257353459865846,"[428.0, 201.0]"
normal_0776_EDD,0,2,9,normal,"[290.0, 226.0]",71.83757109179989,0.77565678358078,0.092989444732666,0.9400360584259032,-0.1232104897499084,0.8580403141114878,"[292.0, 236.0]"
normal_0777_EDD,0,1,0,normal,"[154.0, 213.0]",35.918785545899944,0.7871581256389618,0.0852341651916503,0.9647126793861388,-0.1331254243850708,-0.2873072233386131,"[137.0, 170.0]"
normal_0777_EDD,1,4,0,normal,"[220.0, 305.0]",35.918785545899944,0.6862839519977569,0.0315415859222412,0.921316146850586,-0.0491053164005279,-3.4120080959839587,"[137.0, 170.0]"
normal_0777_EDD,2,4,0,normal,"[222.0, 313.0]",45.254833995939045,0.689924293756485,0.0391719341278076,0.9154874086380004,-0.0495558679103851,-2.675961821414907,"[137.0, 170.0]"
normal_0778_EDD,0,2,9,normal,"[272.0, 209.0]",57.01751796098172,0.7591444671154022,0.0697717070579528,0.9516171813011168,-0.1162036657333374,0.9123076524758302,"[267.0, 209.0]"
normal_0779_EDD,0,3,9,normal,"[328.0, 220.0]",143.67514218359975,0.87088004052639,0.1690658926963806,0.981955349445343,-0.0722270160913467,0.6850197375262818,"[360.0, 188.0]"
normal_0779_EDD,1,4,9,normal,"[264.0, 188.0]",35.918785545899944,0.7264162838459014,0.017016053199768,0.9958336353302002,-0.0615834295749664,-1.6726961544210175,"[360.0, 188.0]"
normal_0779_EDD,2,4,9,normal,"[401.0, 253.0]",35.918785545899944,0.7219706714153289,0.0156681537628173,0.9960901141166688,-0.0451971888542175,-1.139562990768649,"[360.0, 188.0]"
normal_0779_EDD,3,4,9,normal,"[252.0, 287.0]",35.918785545899944,0.722056496143341,0.0149920582771301,0.9963242411613464,-0.0481873452663421,-3.078906988034875,"[360.0, 188.0]"
normal_0779_EDD,4,4,9,normal,"[270.0, 185.0]",45.254833995939045,0.7300153255462647,0.0215759873390197,0.9949865937232972,-0.0597436130046844,-0.9898423696991678,"[360.0, 188.0]"
normal_0780_EDD,0,1,9,normal,"[119.0, 197.0]",57.01751796098172,0.7955310225486755,0.1126747727394104,0.9373607635498048,-0.1335185766220092,0.6649280105876104,"[100.0, 195.0]"
normal_0781_EDD,0,3,9,normal,"[268.0, 248.0]",114.03503592196344,0.8703256130218505,0.1611080169677734,0.9797245860099792,-0.1170519292354583,0.5093928592166819,"[291.0, 197.0]"
normal_0781_EDD,1,4,9,normal,"[268.0, 179.0]",35.918785545899944,0.7170342147350312,0.0130812525749206,0.9921714663505554,-0.0471646785736084,0.1868833177642251,"[291.0, 197.0]"
normal_0782_EDD,0,2,9,normal,"[280.0, 200.0]",71.83757109179989,0.7932841539382933,0.093224287033081,0.9621150493621826,-0.1328966617584228,0.7755420283351189,"[264.0, 202.0]"
normal_0783_EDD,0,1,9,normal,"[479.0, 192.0]",45.254833995939045,0.8326200783252716,0.1508129835128784,0.9331342577934264,-0.1430655717849731,0.5889704238135655,"[494.0, 203.0]"
normal_0783_EDD,1,4,9,normal,"[378.0, 240.0]",35.918785545899944,0.6496830761432647,0.0249744057655334,0.8841254711151123,-0.0291042029857635,-2.3898127335977715,"[494.0, 203.0]"
normal_0783_EDD,2,4,9,normal,"[370.0, 178.0]",45.254833995939045,0.6636607497930526,0.0389087200164794,0.883315920829773,-0.0321544259786605,-1.7951723169153633,"[494.0, 203.0]"
normal_0784_EDD,0,1,9,normal,"[127.0, 158.0]",45.254833995939045,0.826845097541809,0.1234586238861084,0.96461284160614,-0.1407874226570129,0.4912868563718842,"[104.0, 157.0]"
normal_0784_EDD,1,4,9,normal,"[227.0, 229.0]",35.918785545899944,0.6875199198722839,0.0311041474342346,0.9241772294044496,-0.0474585592746734,-2.967942681706431,"[104.0, 157.0]"
normal_0785_EDD,0,2,9,normal,"[280.0, 204.0]",71.83757109179989,0.794367629289627,0.086834967136383,0.9714395403862,-0.1376249194145202,0.8412842461443847,"[273.0, 213.0]"
normal_0786_EDD,0,2,9,normal,"[312.0, 208.0]",90.50966799187808,0.8434182047843933,0.1312580704689026,0.9748372435569764,-0.1488703191280365,0.6016391005005637,"[346.0, 196.0]"
normal_0787_EDD,0,1,9,normal,"[139.0, 181.0]",57.01751796098172,0.8082672238349914,0.1060435771942138,0.964830994606018,-0.1342097520828247,0.5842235854867924,"[118.0, 192.0]"
normal_0787_EDD,1,4,9,normal,"[250.0, 292.0]",35.918785545899944,0.6830239325761794,0.0301520824432373,0.9218453764915466,-0.0379004329442977,-3.610454664294148,"[118.0, 192.0]"
normal_0788_EDD,0,1,9,normal,"[284.0, 209.0]",45.254833995939045,0.8198551774024964,0.1190335154533386,0.9613441228866576,-0.1394038796424865,0.4422947407007892,"[263.0, 195.0]"
normal_0789_EDD,0,1,9,normal,"[158.0, 181.0]",35.918785545899944,0.9006175398826599,0.1912441849708557,0.9681146144866944,-0.1584656238555908,0.3818386959993135,"[140.0, 168.0]"
normal_0790_EDD,0,3,9,normal,"[270.0, 230.0]",114.03503592196344,0.8079127609729766,0.1199274659156799,0.9594295024871826,-0.0819232165813446,0.3311194696838903,"[207.0, 187.0]"
normal_0790_EDD,1,2,9,normal,"[224.0, 164.0]",35.918785545899944,0.726663464307785,0.022573173046112,0.9908565282821656,-0.0524536073207855,0.2037398019595656,"[207.0, 187.0]"
normal_0790_EDD,2,4,9,normal,"[305.0, 215.0]",35.918785545899944,0.7443433582782745,0.0450612902641296,0.9884907603263856,-0.0366926789283752,-1.8375552486228588,"[207.0, 187.0]"
normal_0790_EDD,3,4,9,normal,"[302.0, 119.0]",45.254833995939045,0.7647282540798187,0.0641117691993713,0.984069049358368,-0.0588407516479492,-1.5815791255063243,"[207.0, 187.0]"
normal_0791_EDD,0,4,9,normal,"[220.0, 220.0]",114.03503592196344,0.7668158531188964,0.0848829746246337,0.9519919157028198,-0.077692687511444,0.0735686341913954,"[151.0, 140.0]"
normal_0791_EDD,1,4,9,normal,"[246.0, 86.0]",35.918785545899944,0.758688747882843,0.055034339427948,0.9856519103050232,-0.0684903562068939,-2.042276655212621,"[151.0, 140.0]"
normal_0791_EDD,2,1,9,normal,"[168.0, 128.0]",35.918785545899944,0.7602190494537353,0.0550861358642578,0.986963987350464,-0.0712906122207641,0.4206749551681299,"[151.0, 140.0]"
normal_0791_EDD,3,4,9,normal,"[247.0, 166.0]",35.918785545899944,0.7404518008232116,0.0461446046829223,0.9814613461494446,-0.0364212691783905,-1.7689837660617629,"[151.0, 140.0]"
normal_0792_EDD,0,2,9,normal,"[278.0, 210.0]",90.50966799187808,0.8002851247787475,0.1038829088211059,0.9625604152679444,-0.1130496263504028,0.4854414437476527,"[323.0, 222.0]"
normal_0792_EDD,1,4,9,normal,"[258.0, 146.0]",35.918785545899944,0.7278691411018372,0.0351663827896118,0.9712022542953492,-0.0643059015274047,-1.78419769363337,"[323.0, 222.0]"
normal_0792_EDD,2,1,9,normal,"[310.0, 215.0]",45.254833995939045,0.7620235979557037,0.0485027432441711,0.9879967570304872,-0.1096156239509582,0.6737404215965453,"[323.0, 222.0]"
normal_0792_EDD,3,4,9,normal,"[246.0, 308.0]",45.254833995939045,0.7619693517684937,0.0603083968162536,0.9731816053390504,-0.1021691560745239,-1.5507543308303915,"[323.0, 222.0]"
normal_0792_EDD,4,1,9,normal,"[303.0, 211.0]",57.01751796098172,0.7440503418445586,0.0399536490440368,0.9746031165122986,-0.1093725562095642,0.5996769898569319,"[323.0, 222.0]"
normal_0793_EDD,0,1,9,normal,"[474.0, 214.0]",45.254833995939045,0.8639956176280975,0.1477295160293579,0.9797164797782898,-0.1523228287696838,0.3888247745122517,"[501.0, 220.0]"
normal_0794_EDD,0,2,9,normal,"[298.0, 214.0]",90.50966799187808,0.8276650130748748,0.1205111742019653,0.9698196053504944,-0.1414005756378173,0.7458835005110844,"[321.0, 214.0]"
normal_0795_EDD,0,2,9,normal,"[262.0, 220.0]",90.50966799187808,0.8387762129306793,0.1291225552558899,0.9728639125823976,-0.143244594335556,0.9752947057799344,"[260.0, 221.0]"
normal_0796_EDD,0,3,9,normal,"[402.0, 220.0]",114.03503592196344,0.834121173620224,0.1288122534751892,0.9729834794998168,-0.1211024224758148,0.2065901890708822,"[487.0, 189.0]"
normal_0796_EDD,1,1,9,normal,"[475.0, 198.0]",35.918785545899944,0.7717392325401307,0.0610661506652832,0.9873509407043456,-0.0976371169090271,0.5823912258717161,"[487.0, 189.0]"
normal_0796_EDD,2,4,9,normal,"[376.0, 164.0]",45.254833995939045,0.7368666112422942,0.0265326499938964,0.9914694428443908,-0.0815267562866211,-1.514217385688835,"[487.0, 189.0]"
normal_0796_EDD,3,1,9,normal,"[468.0, 196.0]",45.254833995939045,0.7685940980911254,0.0601799488067626,0.983561635017395,-0.0996050238609314,0.552568091772614,"[487.0, 189.0]"
normal_0796_EDD,4,4,9,normal,"[374.0, 276.0]",71.83757109179989,0.7759543240070342,0.0641139149665832,0.987771213054657,-0.1020027995109558,-0.9851918408276872,"[487.0, 189.0]"
normal_0797_EDD,0,3,9,normal,"[282.0, 218.0]",114.03503592196344,0.8537328302860259,0.1398864984512329,0.98901104927063,-0.1076929867267608,0.5957582517182696,"[324.0, 199.0]"
normal_0797_EDD,1,4,9,normal,"[285.0, 310.0]",35.918785545899944,0.738918113708496,0.033877670764923,0.9915821552276612,-0.054664671421051,-2.2755013155002177,"[324.0, 199.0]"
normal_0797_EDD,2,4,9,normal,"[237.0, 161.0]",45.254833995939045,0.7367351293563843,0.0274142026901245,0.9939861297607422,-0.0676531791687011,-1.0978271869365217,"[324.0, 199.0]"
normal_0798_EDD,0,3,9,normal,"[280.0, 220.0]",143.67514218359975,0.8930505603551864,0.1891956925392151,0.9873875379562378,-0.0634179562330246,0.874524179316401,"[265.0, 230.0]"
normal_0798_EDD,1,4,9,normal,"[172.0, 237.0]",45.254833995939045,0.7342650294303894,0.0326439142227172,0.9909725785255432,-0.0397015511989593,-1.0608421367246934,"[265.0, 230.0]"
normal_0798_EDD,2,4,9,normal,"[370.0, 266.0]",45.254833995939045,0.7345521867275238,0.02926766872406,0.99447500705719,-0.0457600653171539,-1.4527766472408363,"[265.0, 230.0]"
normal_0798_EDD,3,4,9,normal,"[362.0, 178.0]",57.01751796098172,0.7456701636314391,0.0411008596420288,0.9928246736526488,-0.0479601621627807,-0.9302677314260116,"[265.0, 230.0]"
normal_0798_EDD,4,4,9,normal,"[368.0, 253.0]",57.01751796098172,0.7461827158927917,0.0432261824607849,0.9913263320922852,-0.0451405048370361,-0.850952606153607,"[265.0, 230.0]"
normal_0799_EDD,0,3,0,normal,"[338.0, 202.0]",90.50966799187808,0.8175097703933715,0.1188510060310363,0.9571923017501832,-0.1431207656860351,0.5540711502240521,"[368.0, 175.0]"
normal_0800_EDD,0,3,9,normal,"[164.0, 226.0]",90.50966799187808,0.7860873520374299,0.0953458547592163,0.95894455909729,-0.0974015295505523,0.3764665643989089,"[115.0, 198.0]"
normal_0800_EDD,1,4,9,normal,"[240.0, 168.0]",35.918785545899944,0.7078813195228576,0.0250301361083984,0.9601805806159972,-0.0536238849163055,-2.5788960948457818,"[115.0, 198.0]"
normal_0800_EDD,2,1,9,normal,"[126.0, 192.0]",45.254833995939045,0.7856781482696533,0.0732994675636291,0.9812263250350952,-0.1276012659072876,0.7231242945832914,"[115.0, 198.0]"
normal_0800_EDD,3,4,9,normal,"[206.0, 257.0]",57.01751796098172,0.7382196843624115,0.042077362537384,0.9696871042251588,-0.0868067443370819,-0.902095330857986,"[115.0, 198.0]"
normal_0801_EDD,0,2,9,normal,"[278.0, 220.0]",71.83757109179989,0.7519662261009216,0.0493278503417968,0.9695056676864624,-0.1199220418930053,0.9250369308804596,"[280.0, 225.0]"
normal_0802_EDD,0,3,9,normal,"[240.0, 224.0]",143.67514218359975,0.8692825227975844,0.1681411862373352,0.9815694093704224,-0.0702137500047683,0.7575909861287643,"[262.0, 197.0]"
normal_0802_EDD,1,4,9,normal,"[252.0, 135.0]",35.918785545899944,0.7243617415428162,0.0231614708900451,0.992514967918396,-0.0321989655494689,-0.7484241997040171,"[262.0, 197.0]"
normal_0802_EDD,2,4,9,normal,"[355.0, 187.0]",35.918785545899944,0.7288800597190856,0.0232008695602417,0.99470454454422,-0.04693004488945,-1.6040994390596208,"[262.0, 197.0]"
normal_0802_EDD,3,4,9,normal,"[222.0, 311.0]",35.918785545899944,0.7251027345657348,0.0214791297912597,0.9945458173751832,-0.0372076630592346,-2.363529825637501,"[262.0, 197.0]"
normal_0802_EDD,4,4,9,normal,"[241.0, 140.0]",45.254833995939045,0.7321272373199463,0.0312459468841552,0.99199116230011,-0.0324373841285705,-0.3422957246821581,"[262.0, 197.0]"
normal_0802_EDD,5,4,9,normal,"[349.0, 190.0]",45.254833995939045,0.7359964728355408,0.0308647155761718,0.993826985359192,-0.0472643375396728,-0.928659265526184,"[262.0, 197.0]"
normal_0802_EDD,6,4,9,normal,"[339.0, 238.0]",45.254833995939045,0.7230060279369354,0.0206584930419921,0.9925415515899658,-0.0378422439098358,-0.9276463141613918,"[262.0, 197.0]"
normal_0802_EDD,7,4,9,normal,"[260.0, 312.0]",45.254833995939045,0.7346481382846831,0.0323630571365356,0.9922240376472472,-0.0386412739753723,-1.5415492629988503,"[262.0, 197.0]"
normal_0802_EDD,8,4,9,normal,"[342.0, 196.0]",57.01751796098172,0.7450423479080199,0.0413330197334289,0.991876780986786,-0.0469779074192047,-0.4031871715396029,"[262.0, 197.0]"
normal_0802_EDD,9,4,9,normal,"[244.0, 306.0]",57.01751796098172,0.7427868425846099,0.0417004823684692,0.9903149008750916,-0.0393296480178833,-0.9375841976392004,"[262.0, 197.0]"
normal_0802_EDD,10,4,9,normal,"[178.0, 216.0]",71.83757109179989,0.7467835247516632,0.0407634973526001,0.9916302561759948,-0.0593942403793334,-0.1988435183746226,"[262.0, 197.0]"
normal_0803_EDD,0,1,9,normal,"[313.0, 208.0]",45.254833995939045,0.8032759726047516,0.0946822166442871,0.9749194979667664,-0.1307505369186401,0.599804735160447,"[295.0, 206.0]"
normal_0803_EDD,1,1,9,normal,"[310.0, 205.0]",57.01751796098172,0.7607649624347687,0.0748332738876342,0.942558228969574,-0.130704641342163,0.7363389899107761,"[295.0, 206.0]"
normal_0804_EDD,0,1,9,normal,"[486.0, 217.0]",45.254833995939045,0.8304078996181488,0.1294255256652832,0.9640043377876282,-0.1308966875076294,0.3746094969940782,"[501.0, 193.0]"
normal_0804_EDD,1,4,9,normal,"[373.0, 185.0]",35.918785545899944,0.6814485907554626,0.0289474725723266,0.9229928851127625,-0.0320304930210113,-2.570548235022123,"[501.0, 193.0]"
normal_0805_EDD,0,3,9,normal,"[164.0, 210.0]",90.50966799187808,0.8175103306770325,0.0983747243881225,0.9871553182601928,-0.1406344175338745,0.313032876969356,"[109.0, 181.0]"
normal_0805_EDD,1,4,9,normal,"[227.0, 168.0]",35.918785545899944,0.7340226709842682,0.0287463068962097,0.9862973093986512,-0.0743412375450134,-2.30506558308457,"[109.0, 181.0]"
normal_0805_EDD,2,4,9,normal,"[218.0, 283.0]",35.918785545899944,0.7327437996864319,0.0254979729652404,0.986454963684082,-0.0836367607116699,-3.156087428864189,"[109.0, 181.0]"
normal_0806_EDD,0,3,9,normal,"[296.0, 240.0]",143.67514218359975,0.8697151780128478,0.166640043258667,0.9844305515289308,-0.0698687434196472,0.8996193434531209,"[308.0, 232.0]"
normal_0806_EDD,1,4,9,normal,"[208.0, 262.0]",35.918785545899944,0.7235314846038817,0.0188449621200561,0.994512975215912,-0.0426371991634368,-1.9066424018064525,"[308.0, 232.0]"
normal_0806_EDD,2,4,9,normal,"[285.0, 332.0]",35.918785545899944,0.734191209077835,0.0310847163200378,0.9940581917762756,-0.0363287925720214,-1.8567479116897816,"[308.0, 232.0]"
normal_0806_EDD,3,4,9,normal,"[387.0, 238.0]",45.254833995939045,0.7267781734466552,0.01870858669281,0.995804727077484,-0.0550313889980316,-0.7506974056786626,"[308.0, 232.0]"
normal_0806_EDD,4,4,9,normal,"[284.0, 324.0]",45.254833995939045,0.7359324932098388,0.0331479907035827,0.9936840534210204,-0.0360283255577087,-1.1009670392464512,"[308.0, 232.0]"
normal_0806_EDD,5,4,9,normal,"[357.0, 172.0]",57.01751796098172,0.739246028661728,0.0367650389671325,0.992564857006073,-0.0384279489517211,-0.3586372118209169,"[308.0, 232.0]"
normal_0806_EDD,6,4,9,normal,"[231.0, 184.0]",57.01751796098172,0.731890058517456,0.0289270281791687,0.993343472480774,-0.038112998008728,-0.5913684721663921,"[308.0, 232.0]"
normal_0807_EDD,0,1,9,normal,"[481.0, 214.0]",45.254833995939045,0.8425589025020599,0.1580314040184021,0.9325627088546752,-0.1586680114269256,0.629585325277197,"[497.0, 209.0]"
normal_0808_EDD,0,1,9,normal,"[317.0, 209.0]",57.01751796098172,0.7632277011871337,0.0650620460510253,0.961123824119568,-0.1268948912620544,0.6384351885994768,"[336.0, 201.0]"
normal_0809_EDD,0,2,9,normal,"[322.0, 206.0]",71.83757109179989,0.7684288680553436,0.0716922283172607,0.9589545726776124,-0.1273421943187713,0.7755420283351189,"[338.0, 204.0]"
normal_0810_EDD,0,2,9,normal,"[268.0, 210.0]",90.50966799187808,0.8181594133377075,0.1085908412933349,0.9722891449928284,-0.1448308527469635,0.7346048788833902,"[267.0, 186.0]"
normal_0811_EDD,0,3,9,normal,"[164.0, 214.0]",90.50966799187808,0.8210573434829711,0.1331569552421569,0.9518036842346193,-0.108189046382904,0.1026841240399232,"[100.0, 164.0]"
normal_0811_EDD,1,4,9,normal,"[221.0, 193.0]",35.918785545899944,0.7171291828155517,0.0353726148605346,0.9578263759613036,-0.0563905239105224,-2.464111699482288,"[100.0, 164.0]"
normal_0811_EDD,2,1,9,normal,"[120.0, 181.0]",45.254833995939045,0.7812124669551849,0.0792940855026245,0.9688252806663512,-0.1187034249305725,0.4199777752102942,"[100.0, 164.0]"
normal_0812_EDD,0,3,9,normal,"[256.0, 228.0]",143.67514218359975,0.874833282828331,0.1725658774375915,0.982666790485382,-0.0720032602548599,0.8106635524834995,"[248.0, 202.0]"
normal_0812_EDD,1,4,9,normal,"[253.0, 141.0]",35.918785545899944,0.7339682519435883,0.0282281041145324,0.9950577020645142,-0.0459987819194793,-0.7039711689078476,"[248.0, 202.0]"
normal_0812_EDD,2,4,9,normal,"[176.0, 252.0]",45.254833995939045,0.723923635482788,0.0170110464096069,0.993174135684967,-0.0584534704685211,-0.9369959021639668,"[248.0, 202.0]"
normal_0812_EDD,3,4,9,normal,"[302.0, 319.0]",45.254833995939045,0.7336504220962524,0.0327721238136291,0.9927493929862976,-0.0297686159610748,-1.8474392278413951,"[248.0, 202.0]"
normal_0812_EDD,4,4,9,normal,"[346.0, 195.0]",57.01751796098172,0.7431596994400024,0.0366062521934509,0.9945235252380372,-0.0519348978996276,-0.7231490504472977,"[248.0, 202.0]"
normal_0812_EDD,5,4,9,normal,"[334.0, 194.0]",71.83757109179989,0.7564518451690674,0.0507421493530273,0.993340790271759,-0.0518557131290435,-0.2023136391455173,"[248.0, 202.0]"
normal_0813_EDD,0,3,9,normal,"[268.0, 210.0]",90.50966799187808,0.8288221478462219,0.1321636438369751,0.953976035118103,-0.1443763971328735,0.8008195502502818,"[258.0, 225.0]"
normal_0814_EDD,0,1,9,normal,"[414.0, 210.0]",45.254833995939045,0.8383383512496948,0.1424939036369323,0.953396201133728,-0.1423355340957641,0.6898526056050125,"[428.0, 211.0]"
normal_0814_EDD,1,4,9,normal,"[324.0, 164.0]",35.918785545899944,0.6458145886659621,0.0299768447875976,0.8721528649330139,-0.0266536921262741,-2.177365837140912,"[428.0, 211.0]"
normal_0815_EDD,0,2,9,normal,"[300.0, 208.0]",71.83757109179989,0.7734555959701538,0.0791922211647033,0.9567070603370668,-0.1228421628475189,0.7695781593715891,"[285.0, 201.0]"
normal_0816_EDD,0,1,9,normal,"[295.0, 227.0]",57.01751796098172,0.7876165270805359,0.0992196202278137,0.9455432891845704,-0.1325830221176147,0.6149516993159178,"[306.0, 208.0]"
normal_0817_EDD,0,1,9,normal,"[465.0, 203.0]",45.254833995939045,0.7678113341331482,0.0614104866981506,0.9760334491729736,-0.11588716506958,0.3557647459972406,"[494.0, 206.0]"
normal_0817_EDD,1,4,9,normal,"[436.0, 294.0]",35.918785545899944,0.6932563543319702,0.0244039297103881,0.9443413615226746,-0.0390673577785491,-1.934244446415415,"[494.0, 206.0]"
normal_0818_EDD,0,3,9,normal,"[326.0, 238.0]",114.03503592196344,0.8757140398025512,0.1633556485176086,0.9882256388664246,-0.1030022203922271,0.7693174499990206,"[330.0, 212.0]"
normal_0818_EDD,1,4,9,normal,"[271.0, 313.0]",35.918785545899944,0.7346787929534911,0.0281492471694946,0.9926871061325072,-0.0582428574562072,-2.256515493692397,"[330.0, 212.0]"
normal_0818_EDD,2,4,9,normal,"[262.0, 193.0]",45.254833995939045,0.7339857518672943,0.0250963568687438,0.994296133518219,-0.0644105076789856,-0.5601544895458268,"[330.0, 212.0]"
normal_0818_EDD,3,3,9,normal,"[271.0, 193.0]",57.01751796098172,0.7419699311256408,0.0344144105911254,0.9927226901054382,-0.063248187303543,-0.0871021939549139,"[330.0, 212.0]"
normal_0818_EDD,4,4,9,normal,"[283.0, 301.0]",57.01751796098172,0.7486751556396485,0.0447636842727661,0.9904560446739196,-0.0529612004756927,-0.765210144530748,"[330.0, 212.0]"
normal_0819_EDD,0,2,9,normal,"[308.0, 222.0]",71.83757109179989,0.8231179058551787,0.1184377670288086,0.966508448123932,-0.1406211256980896,0.8306523330939135,"[320.0, 224.0]"
normal_0820_EDD,0,1,9,normal,"[486.0, 213.0]",57.01751796098172,0.8399238646030426,0.135994017124176,0.964893400669098,-0.1425223350524902,0.7013306265351646,"[503.0, 214.0]"
normal_0820_EDD,1,4,9,normal,"[379.0, 272.0]",35.918785545899944,0.6906632840633392,0.0225138664245605,0.9421855807304382,-0.0430975556373596,-2.8112123666944804,"[503.0, 214.0]"
normal_0820_EDD,2,4,9,normal,"[385.0, 279.0]",45.254833995939045,0.6949999988079071,0.0292302966117858,0.93857604265213,-0.0438323616981506,-1.976880314397944,"[503.0, 214.0]"
normal_0821_EDD,0,3,9,normal,"[362.0, 194.0]",71.83757109179989,0.7905452370643615,0.1004281044006347,0.9499536156654358,-0.1257480084896087,0.1371664168595161,"[423.0, 183.0]"
normal_0822_EDD,0,3,9,normal,"[240.0, 236.0]",71.83757109179989,0.7757375538349152,0.0828124284744262,0.959208607673645,-0.1073954999446868,0.4265582866735559,"[281.0, 240.0]"
normal_0822_EDD,1,1,9,normal,"[272.0, 225.0]",35.918785545899944,0.7482360303401946,0.039653480052948,0.985818326473236,-0.0925486087799072,0.5129886654385319,"[281.0, 240.0]"
normal_0823_EDD,0,1,9,normal,"[281.0, 224.0]",45.254833995939045,0.848420226573944,0.1510746479034423,0.9544343948364258,-0.1462075114250183,0.28125,"[304.0, 201.0]"
normal_0823_EDD,1,4,9,normal,"[255.0, 333.0]",35.918785545899944,0.6588758051395416,0.0528314709663391,0.8524307608604431,-0.0467140078544616,-2.9199899513128003,"[304.0, 201.0]"
normal_0824_EDD,0,1,9,normal,"[420.0, 206.0]",45.254833995939045,0.8336689651012421,0.1303255558013916,0.9637817740440368,-0.1434808373451233,0.2785377262115502,"[445.0, 185.0]"
normal_0824_EDD,1,4,9,normal,"[358.0, 331.0]",57.01751796098172,0.7824997425079345,0.0998103022575378,0.9429823160171508,-0.1130090951919555,-1.9807659593872755,"[445.0, 185.0]"
normal_0825_EDD,0,1,9,normal,"[332.0, 224.0]",57.01751796098172,0.7621471107006073,0.0566686987876892,0.9731422066688538,-0.1213943362236023,0.6766066013746157,"[350.0, 220.0]"
normal_0826_EDD,0,2,9,normal,"[286.0, 212.0]",71.83757109179989,0.779989993572235,0.0895307064056396,0.9510947465896606,-0.123464822769165,0.5517319991922015,"[305.0, 186.0]"
normal_0827_EDD,0,1,9,normal,"[124.0, 196.0]",57.01751796098172,0.7926690518856049,0.0967609286308288,0.9546269774436952,-0.1383461952209472,0.4697693972517247,"[99.0, 213.0]"
normal_0827_EDD,1,4,9,normal,"[210.0, 281.0]",45.254833995939045,0.7020959258079529,0.042109727859497,0.927900731563568,-0.0522784292697906,-1.876443251873744,"[99.0, 213.0]"
normal_0828_EDD,0,2,9,normal,"[140.0, 196.0]",90.50966799187808,0.7760446012020111,0.0799294114112854,0.9627363085746764,-0.1109988689422607,0.5186586937265825,"[97.0, 189.0]"
normal_0828_EDD,1,1,9,normal,"[123.0, 177.0]",57.01751796098172,0.7624733924865722,0.0541304945945739,0.9770467281341552,-0.122050940990448,0.4977746638121169,"[97.0, 189.0]"
normal_0828_EDD,2,4,9,normal,"[210.0, 261.0]",57.01751796098172,0.7418582141399384,0.0396851301193237,0.9785212874412536,-0.0860409140586853,-1.3499585792955893,"[97.0, 189.0]"
normal_0829_EDD,0,1,9,normal,"[476.0, 199.0]",45.254833995939045,0.872327697277069,0.1595450043678283,0.9777677059173584,-0.1417264938354492,0.4050177261043822,"[499.0, 185.0]"
normal_0830_EDD,0,1,9,normal,"[412.0, 216.0]",45.254833995939045,0.8209819436073302,0.1171891689300537,0.9667403697967528,-0.1353725790977478,0.6541258809190835,"[426.0, 223.0]"
normal_0831_EDD,0,1,9,normal,"[275.0, 231.0]",45.254833995939045,0.7935027420520782,0.1028006076812744,0.9492785334587096,-0.1310358047485351,0.3474808431930907,"[301.0, 217.0]"
normal_0832_EDD,0,1,9,normal,"[412.0, 207.0]",35.918785545899944,0.869182163476944,0.1619024276733398,0.9690280556678772,-0.1448004841804504,0.4644756561412466,"[429.0, 216.0]"
normal_0832_EDD,1,4,9,normal,"[336.0, 307.0]",35.918785545899944,0.6189274400472641,0.0286311507225036,0.8352892994880676,-0.0279688984155654,-2.6224869932843724,"[429.0, 216.0]"
normal_0833_EDD,0,1,9,normal,"[487.0, 197.0]",45.254833995939045,0.8382318437099456,0.1300902962684631,0.968457281589508,-0.1511072516441345,0.5153730493977868,"[496.0, 217.0]"
normal_0833_EDD,1,4,9,normal,"[366.0, 183.0]",45.254833995939045,0.6803766816854477,0.0327019095420837,0.9144142270088196,-0.0379240661859512,-1.9692433800549256,"[496.0, 217.0]"
normal_0834_EDD,0,2,9,normal,"[304.0, 218.0]",90.50966799187808,0.8396283447742462,0.1294717788696289,0.9725197553634644,-0.1469636857509613,0.8177827532860844,"[320.0, 222.0]"
normal_0835_EDD,0,1,9,normal,"[272.0, 228.0]",45.254833995939045,0.8102656185626983,0.1197710633277893,0.9479395747184752,-0.1346842646598816,0.1045907011315998,"[261.0, 267.0]"
normal_0836_EDD,0,1,9,normal,"[143.0, 208.0]",45.254833995939045,0.7998350858688354,0.1226642131805419,0.925438404083252,-0.1468199491500854,0.0495683546409031,"[130.0, 249.0]"
normal_0837_EDD,0,1,9,normal,"[118.0, 202.0]",45.254833995939045,0.8429871678352356,0.12824547290802,0.980372428894043,-0.1424049735069275,0.5778357473091783,"[99.0, 204.0]"
normal_0838_EDD,0,2,9,normal,"[264.0, 208.0]",90.50966799187808,0.8349990904331207,0.1306623816490173,0.9660392999649048,-0.1405459940433502,0.8092725685041608,"[247.0, 205.0]"
normal_0839_EDD,0,1,9,normal,"[457.0, 186.0]",45.254833995939045,0.8048347771167755,0.0946874618530273,0.9765143990516664,-0.1329361796379089,0.6436951796565195,"[473.0, 188.0]"
normal_0839_EDD,1,4,9,normal,"[370.0, 295.0]",35.918785545899944,0.7008348345756531,0.0330551266670227,0.9386414289474488,-0.0536535382270813,-3.1348658299628305,"[473.0, 188.0]"
normal_0839_EDD,2,4,9,normal,"[374.0, 288.0]",45.254833995939045,0.7082248449325561,0.0423268675804138,0.9356679916381836,-0.054651916027069,-2.109414258546133,"[473.0, 188.0]"
normal_0840_EDD,0,2,9,normal,"[304.0, 216.0]",90.50966799187808,0.8227906465530395,0.0998721122741699,0.9912093877792358,-0.1453598141670227,0.6483507051585344,"[281.0, 238.0]"
normal_0840_EDD,1,4,9,normal,"[333.0, 168.0]",35.918785545899944,0.7289348602294922,0.02211594581604,0.9901878833770752,-0.0684369802474975,-1.42772454861911,"[281.0, 238.0]"
normal_0841_EDD,0,3,9,normal,"[188.0, 224.0]",114.03503592196344,0.8047039806842804,0.0972982048988342,0.9909868836402892,-0.0685747861862182,0.1141336588122953,"[94.0, 187.0]"
normal_0841_EDD,1,4,9,normal,"[241.0, 309.0]",35.918785545899944,0.7273276388645171,0.0148143768310546,0.9965080618858336,-0.0747880935668945,-4.318426225340756,"[94.0, 187.0]"
normal_0842_EDD,0,4,9,normal,"[408.0, 208.0]",90.50966799187808,0.8250470638275147,0.1216509342193603,0.9685319662094116,-0.1271187663078308,-0.0167661857883059,"[495.0, 238.0]"
normal_0842_EDD,1,4,9,normal,"[376.0, 271.0]",35.918785545899944,0.7176078081130981,0.02470463514328,0.97130286693573,-0.0649558305740356,-2.4380586224018628,"[495.0, 238.0]"
normal_0842_EDD,2,1,9,normal,"[479.0, 207.0]",45.254833995939045,0.8110428035259246,0.0980204939842224,0.9831590056419371,-0.1240550279617309,0.2291314760284993,"[495.0, 238.0]"
normal_0843_EDD,0,2,9,normal,"[471.0, 213.0]",57.01751796098172,0.8156141936779022,0.1166605353355407,0.9609944224357604,-0.1312878131866455,0.544674849065504,"[496.0, 206.0]"
normal_0843_EDD,1,4,9,normal,"[376.0, 177.0]",35.918785545899944,0.6894218862056731,0.0297107100486755,0.9311649799346924,-0.039478451013565,-2.437043963574314,"[496.0, 206.0]"
normal_0843_EDD,2,4,9,normal,"[384.0, 265.0]",35.918785545899944,0.6890720844268798,0.0307517051696777,0.9305225014686584,-0.0347731411457061,-2.524336557814706,"[496.0, 206.0]"
normal_0844_EDD,0,2,9,normal,"[294.0, 216.0]",90.50966799187808,0.8315243601799011,0.1134899854660034,0.9848333597183228,-0.1432551145553589,0.6922231936938718,"[320.0, 206.0]"
normal_0845_EDD,0,3,9,normal,"[284.0, 214.0]",90.50966799187808,0.81674764752388,0.1024129390716552,0.9809458255767822,-0.1383631527423858,0.8342718481594029,"[275.0, 202.0]"
normal_0846_EDD,0,3,9,normal,"[152.0, 200.0]",90.50966799187808,0.8063911557197571,0.1201512813568115,0.9470189213752748,-0.1166331470012664,0.5444568832152109,"[114.0, 184.0]"
normal_0846_EDD,1,2,9,normal,"[132.0, 183.0]",57.01751796098172,0.7869090259075164,0.0819287896156311,0.9721264243125916,-0.1224586963653564,0.6838207445357983,"[114.0, 184.0]"
normal_0847_EDD,0,1,9,normal,"[466.0, 207.0]",35.918785545899944,0.8259341835975647,0.123494267463684,0.9617780447006226,-0.1459764242172241,0.0935762248811388,"[498.0, 201.0]"
normal_0847_EDD,1,4,9,normal,"[361.0, 174.0]",35.918785545899944,0.6313461214303969,0.0254479050636291,0.8606029748916626,-0.0173806697130203,-2.887526735192178,"[498.0, 201.0]"
normal_0847_EDD,2,4,9,normal,"[223.0, 199.0]",45.254833995939045,0.6624570488929749,0.0368494391441345,0.8814719319343567,-0.0428862869739532,-5.076859604783542,"[498.0, 201.0]"
normal_0847_EDD,3,4,9,normal,"[218.0, 200.0]",57.01751796098172,0.6708869874477386,0.0494818687438964,0.8754331469535828,-0.0430095791816711,-3.910802779949183,"[498.0, 201.0]"
normal_0848_EDD,0,3,9,normal,"[396.0, 218.0]",114.03503592196344,0.8077220201492309,0.0969780087471008,0.9854341745376588,-0.1047004461288452,0.1130925854832858,"[494.0, 193.0]"
normal_0848_EDD,1,1,9,normal,"[486.0, 195.0]",35.918785545899944,0.7605648577213286,0.0564737319946289,0.98866206407547,-0.0601384043693542,0.7704206552112504,"[494.0, 193.0]"
normal_0848_EDD,2,1,9,normal,"[480.0, 200.0]",45.254833995939045,0.7555616438388825,0.0538690090179443,0.9854364395141602,-0.05943563580513,0.6541258809190835,"[494.0, 193.0]"
normal_0848_EDD,3,4,9,normal,"[326.0, 292.0]",45.254833995939045,0.7339127480983734,0.0285184383392334,0.9922709465026855,-0.0540232360363006,-3.3089319478555232,"[494.0, 193.0]"
normal_0848_EDD,4,4,9,normal,"[367.0, 160.0]",57.01751796098172,0.7563209116458892,0.0425440669059753,0.9951608777046204,-0.0858211517333984,-1.3013519632304251,"[494.0, 193.0]"
normal_0849_EDD,0,1,9,normal,"[492.0, 188.0]",45.254833995939045,0.8803206980228424,0.1673109531402588,0.9750742316246032,-0.1522889137268066,0.5558540498890033,"[512.0, 186.0]"
normal_0849_EDD,1,4,9,normal,"[229.0, 218.0]",35.918785545899944,0.6362302884459495,0.0228697061538696,0.8716516494750977,-0.0160221382975578,-6.92909439063589,"[512.0, 186.0]"
normal_0849_EDD,2,4,9,normal,"[370.0, 236.0]",35.918785545899944,0.6569455862045288,0.0265394449234008,0.8907204866409302,-0.034509003162384,-3.1912796283184743,"[512.0, 186.0]"
normal_0850_EDD,0,3,9,normal,"[170.0, 202.0]",90.50966799187808,0.8139500856399535,0.1068671345710754,0.9693318009376526,-0.1427534520626068,0.3856373983957031,"[126.0, 168.0]"
normal_0851_EDD,0,2,9,normal,"[460.0, 216.0]",71.83757109179989,0.7991673171520233,0.1014695763587951,0.9615864157676696,-0.1229362487792968,0.3746704655001875,"[503.0, 203.0]"
normal_0851_EDD,1,2,9,normal,"[469.0, 205.0]",57.01751796098172,0.7881191432476043,0.0848300457000732,0.970147430896759,-0.120929479598999,0.4026612530703294,"[503.0, 203.0]"
normal_0852_EDD,0,3,9,normal,"[158.0, 224.0]",90.50966799187808,0.8246250927448272,0.1081435084342956,0.9835777878761292,-0.139885663986206,0.4115159504604224,"[117.0, 190.0]"
normal_0852_EDD,1,4,9,normal,"[220.0, 252.0]",35.918785545899944,0.7278484582901,0.0249843597412109,0.985072374343872,-0.0665671825408935,-2.347012675455,"[117.0, 190.0]"
normal_0852_EDD,2,4,9,normal,"[106.0, 253.0]",35.918785545899944,0.7456956684589386,0.0414199829101562,0.9852203726768494,-0.0731071233749389,-0.7804919305958562,"[117.0, 190.0]"
normal_0853_EDD,0,2,9,normal,"[256.0, 202.0]",90.50966799187808,0.8223577558994293,0.1269360184669494,0.954412579536438,-0.1366646587848663,0.4912868563718842,"[230.0, 164.0]"
normal_0854_EDD,0,3,9,normal,"[264.0, 228.0]",90.50966799187808,0.8036385595798492,0.0851886272430419,0.9860092997550964,-0.1412171125411987,0.6735533997534973,"[252.0, 201.0]"
normal_0854_EDD,1,4,9,normal,"[307.0, 159.0]",35.918785545899944,0.7328405916690826,0.0291604399681091,0.9849368929862976,-0.0711216330528259,-0.9266408943239774,"[252.0, 201.0]"
normal_0855_EDD,0,3,9,normal,"[170.0, 214.0]",90.50966799187808,0.8045099794864654,0.1019127964973449,0.965922474861145,-0.1322572529315948,0.312766386835961,"[120.0, 177.0]"
normal_0855_EDD,1,1,9,normal,"[128.0, 186.0]",45.254833995939045,0.7715620279312133,0.0631528496742248,0.9810068607330322,-0.1085218787193298,0.7339158380324,"[120.0, 177.0]"
normal_0855_EDD,2,4,9,normal,"[231.0, 285.0]",45.254833995939045,0.7128163516521454,0.0286462306976318,0.961821973323822,-0.0544736981391906,-2.422196046583246,"[120.0, 177.0]"
normal_0855_EDD,3,3,9,normal,"[166.0, 210.0]",71.83757109179989,0.7934808135032654,0.0804817676544189,0.9807800054550172,-0.1322652101516723,0.21193438811387,"[120.0, 177.0]"
normal_0856_EDD,0,1,9,normal,"[475.0, 200.0]",57.01751796098172,0.805205112695694,0.0950067043304443,0.9785124659538268,-0.126198410987854,0.4886701400405098,"[500.0, 185.0]"
normal_0856_EDD,1,4,9,normal,"[416.0, 301.0]",35.918785545899944,0.6951194345951079,0.0252962112426757,0.9485057592391968,-0.0293459594249725,-2.987331646743094,"[500.0, 185.0]"
normal_0856_EDD,2,2,9,normal,"[464.0, 200.0]",71.83757109179989,0.8040648639202117,0.1022993922233581,0.9662145972251892,-0.1270762681961059,0.4571085936332308,"[500.0, 185.0]"
normal_0857_EDD,0,3,9,normal,"[260.0, 218.0]",114.03503592196344,0.8740503668785095,0.1599951982498169,0.9810619950294496,-0.13655886054039,0.7181540120531844,"[257.0, 186.0]"
normal_0857_EDD,1,4,9,normal,"[311.0, 164.0]",45.254833995939045,0.7536382973194122,0.0412578582763671,0.9927216172218324,-0.0873765349388122,-0.2884705080055187,"[257.0, 186.0]"
normal_0858_EDD,0,3,9,normal,"[158.0, 220.0]",114.03503592196344,0.8313231289386749,0.1205002665519714,0.978007674217224,-0.131087452173233,0.5114347738982392,"[106.0, 200.0]"
normal_0859_EDD,0,3,9,normal,"[214.0, 204.0]",114.03503592196344,0.7819188416004181,0.0783268213272094,0.9850996732711792,-0.0701112449169159,0.1428998222494314,"[117.0, 216.0]"
normal_0859_EDD,1,1,9,normal,"[122.0, 187.0]",35.918785545899944,0.7264496564865113,0.0285289883613586,0.9870684146881104,-0.0348638892173767,0.180710664576368,"[117.0, 216.0]"
normal_0859_EDD,2,4,9,normal,"[252.0, 311.0]",35.918785545899944,0.7305236876010894,0.0228506922721862,0.995347023010254,-0.0546503961086273,-3.595805166665353,"[117.0, 216.0]"
normal_0859_EDD,3,4,9,normal,"[240.0, 166.0]",71.83757109179989,0.7585984647274017,0.0485944151878356,0.9937097430229188,-0.0720361471176147,-0.848256315915016,"[117.0, 216.0]"
normal_0859_EDD,4,4,9,normal,"[230.0, 176.0]",90.50966799187808,0.7649552166461944,0.0592476725578308,0.9881449937820436,-0.0700302422046661,-0.3243973423080024,"[117.0, 216.0]"
normal_0860_EDD,0,2,9,normal,"[254.0, 214.0]",90.50966799187808,0.8477541089057922,0.1471965909004211,0.9592098593711852,-0.1455530822277069,0.8740272226828352,"[245.0, 207.0]"
normal_0861_EDD,0,2,9,normal,"[150.0, 196.0]",71.83757109179989,0.8277211427688598,0.1352826952934265,0.949098825454712,-0.140346348285675,0.5648934291468063,"[119.0, 192.0]"
normal_0862_EDD,0,1,9,normal,"[456.0, 201.0]",57.01751796098172,0.8590333044528962,0.1508227586746215,0.9717050194740297,-0.1400851607322693,0.6300255804862507,"[474.0, 212.0]"
normal_0862_EDD,1,2,9,normal,"[448.0, 200.0]",71.83757109179989,0.841683542728424,0.1557959914207458,0.940110683441162,-0.1390503644943237,0.601383486505136,"[474.0, 212.0]"
normal_0863_EDD,0,2,9,normal,"[252.0, 214.0]",90.50966799187808,0.8586724638938904,0.1519215106964111,0.9670864343643188,-0.1489522457122802,0.8368702107982726,"[245.0, 201.0]"
normal_0864_EDD,0,3,9,normal,"[410.0, 214.0]",114.03503592196344,0.8353769600391387,0.1305991411209106,0.9737902283668518,-0.1156232953071594,0.2916433843867487,"[488.0, 193.0]"
normal_0864_EDD,1,4,9,normal,"[377.0, 171.0]",45.254833995939045,0.7405337870121002,0.0280914902687072,0.9939706921577454,-0.0833140611648559,-1.500488233575595,"[488.0, 193.0]"
normal_0864_EDD,2,1,9,normal,"[475.0, 193.0]",45.254833995939045,0.767379093170166,0.0579842925071716,0.988184094429016,-0.0883296728134155,0.7127378701429651,"[488.0, 193.0]"
normal_0864_EDD,3,4,9,normal,"[331.0, 316.0]",57.01751796098172,0.7624134242534637,0.0582365989685058,0.9856862425804138,-0.070982277393341,-2.4979465070650573,"[488.0, 193.0]"
normal_0865_EDD,0,3,9,normal,"[296.0, 216.0]",114.03503592196344,0.866648781299591,0.1548318862915039,0.9773106575012208,-0.1384971737861633,0.6140540333634947,"[340.0, 217.0]"
normal_0865_EDD,1,4,9,normal,"[247.0, 267.0]",35.918785545899944,0.7245437026023864,0.0174179077148437,0.9911893606185912,-0.066466212272644,-1.9396546559563528,"[340.0, 217.0]"
normal_0865_EDD,2,4,9,normal,"[248.0, 177.0]",45.254833995939045,0.7421937644481659,0.0309271812438964,0.991156280040741,-0.0872859358787536,-1.216768481371025,"[340.0, 217.0]"
normal_0866_EDD,0,4,9,normal,"[245.0, 83.0]",35.918785545899944,0.6882159471511841,0.0144205093383789,0.9609034061431884,-0.0058152675628662,-3.627319628431003,"[113.0, 184.0]"
normal_0866_EDD,1,4,9,normal,"[405.0, 197.0]",35.918785545899944,0.6859325766563414,0.0076100230216979,0.967753767967224,-0.0044745802879333,-7.137503422402288,"[113.0, 184.0]"
normal_0866_EDD,2,4,9,normal,"[417.0, 279.0]",35.918785545899944,0.6832698762416839,0.0113492012023925,0.9586828351020812,-0.0042134523391723,-7.867171671591215,"[113.0, 184.0]"
normal_0866_EDD,3,4,9,normal,"[416.0, 282.0]",35.918785545899944,0.6839707314968109,0.0115712285041809,0.9593659043312072,-0.0042168498039245,-7.865947817617267,"[113.0, 184.0]"
normal_0866_EDD,4,4,9,normal,"[415.0, 284.0]",35.918785545899944,0.6848571896553038,0.0118272900581359,0.9602667093276978,-0.0042160153388977,-7.856807279556328,"[113.0, 184.0]"
normal_0866_EDD,5,4,9,normal,"[55.0, 296.0]",35.918785545899944,0.6610728204250335,0.0012617707252502,0.941218078136444,-0.0047919750213623,-2.511447235381755,"[113.0, 184.0]"
normal_0866_EDD,6,4,9,normal,"[244.0, 398.0]",35.918785545899944,0.6696269631385803,0.0117635130882263,0.9383927583694458,-0.0049425959587097,-5.985546183570322,"[113.0, 184.0]"
normal_0866_EDD,7,4,9,normal,"[247.0, 76.0]",45.254833995939045,0.6827699899673462,0.0175830125808715,0.9486207962036132,-0.0057621002197265,-2.8030107316440747,"[113.0, 184.0]"
normal_0866_EDD,8,4,9,normal,"[316.0, 230.0]",45.254833995939045,0.6545854449272155,-0.0271726250648498,0.9694406986236572,-0.0157479047775268,-3.5994331342296952,"[113.0, 184.0]"
normal_0866_EDD,9,4,9,normal,"[46.0, 289.0]",45.254833995939045,0.645083063840866,-0.0106319785118103,0.935424506664276,-0.0045894384384155,-1.7523072707275982,"[113.0, 184.0]"
normal_0866_EDD,10,4,9,normal,"[131.0, 378.0]",45.254833995939045,0.6867989122867584,0.0280738472938537,0.9399052262306212,-0.0039570331573486,-3.3052475248236304,"[113.0, 184.0]"
normal_0866_EDD,11,4,9,normal,"[221.0, 398.0]",45.254833995939045,0.6759076416492462,0.0193564891815185,0.9364725947380066,-0.0051016807556152,-4.296851954227152,"[113.0, 184.0]"
normal_0866_EDD,12,4,9,normal,"[307.0, 78.0]",57.01751796098172,0.6552109360694884,0.0068812370300292,0.9248659610748292,-0.0046176314353942,-2.8772316390974524,"[113.0, 184.0]"
normal_0866_EDD,13,4,9,normal,"[219.0, 406.0]",57.01751796098172,0.6637599766254424,0.0205281972885131,0.9174512028694152,-0.0050796866416931,-3.3146060850159733,"[113.0, 184.0]"
normal_0866_EDD,14,4,9,normal,"[293.0, 410.0]",57.01751796098172,0.6429685115814209,0.0121417641639709,0.8999166488647461,-0.0044254660606384,-4.067252051147592,"[113.0, 184.0]"
normal_0866_EDD,15,4,9,normal,"[250.0, 54.0]",71.83757109179989,0.6199135601520538,-0.0215241312980651,0.9148781895637512,-0.0051147937774658,-1.6290196187167134,"[113.0, 184.0]"
normal_0866_EDD,16,4,9,normal,"[214.0, 416.0]",71.83757109179989,0.6298210978507995,0.0016084313392639,0.8960630893707275,-0.0048425197601318,-2.522274134996234,"[113.0, 184.0]"
normal_0866_EDD,17,4,9,normal,"[468.0, 280.0]",114.03503592196344,0.618331217765808,0.0044301748275756,0.8763078451156616,-0.0024277567863464,-2.2248972578265405,"[113.0, 184.0]"
normal_0867_EDD,0,4,9,normal,"[144.0, 142.0]",71.83757109179989,0.6949797391891479,0.0223337411880493,0.9598935842514038,-0.0036024451255798,-4.061553102548119,"[500.0, 216.0]"
normal_0867_EDD,1,4,9,normal,"[315.0, 84.0]",35.918785545899944,0.690951919555664,0.016394019126892,0.9617063999176024,-0.0068171024322509,-5.327167247472831,"[500.0, 216.0]"
normal_0867_EDD,2,4,9,normal,"[180.0, 174.0]",35.918785545899944,0.6845251500606536,-0.0061776041984558,0.9840874075889589,-0.0092078447341918,-7.985395137116939,"[500.0, 216.0]"
normal_0867_EDD,3,4,9,normal,"[129.0, 260.0]",35.918785545899944,0.6714121639728546,-0.0054880380630493,0.9653154015541076,-0.0058971047401428,-9.401244024683692,"[500.0, 216.0]"
normal_0867_EDD,4,4,9,normal,"[508.0, 279.0]",35.918785545899944,0.6674703896045684,0.0132128596305847,0.9330759644508362,-0.0055217742919921,-0.7680415490684311,"[500.0, 216.0]"
normal_0867_EDD,5,4,9,normal,"[433.0, 352.0]",35.918785545899944,0.685513037443161,0.0146251916885375,0.9568879008293152,-0.0053315758705139,-3.220856718167224,"[500.0, 216.0]"
normal_0867_EDD,6,4,9,normal,"[209.0, 360.0]",35.918785545899944,0.6742155730724334,0.0047189593315124,0.9548096060752868,-0.005649447441101,-8.039276728644687,"[500.0, 216.0]"
normal_0867_EDD,7,4,9,normal,"[247.0, 74.0]",45.254833995939045,0.6806624531745911,0.0212865471839904,0.9405784606933594,-0.0048549175262451,-5.410935786314662,"[500.0, 216.0]"
normal_0867_EDD,8,4,9,normal,"[325.0, 77.0]",45.254833995939045,0.6781223893165589,0.0150328278541564,0.9453803300857544,-0.0066166520118713,-3.938389951441664,"[500.0, 216.0]"
normal_0867_EDD,9,4,9,normal,"[489.0, 141.0]",45.254833995939045,0.6741231977939605,0.0131786465644836,0.9426450133323668,-0.0054652094841003,-0.6750116604071743,"[500.0, 216.0]"
normal_0867_EDD,10,4,9,normal,"[302.0, 244.0]",45.254833995939045,0.6512365579605103,-0.0298819541931152,0.967887043952942,-0.0179879069328308,-3.4187544200826547,"[500.0, 216.0]"
normal_0867_EDD,11,4,9,normal,"[436.0, 359.0]",45.254833995939045,0.6801317989826202,0.0187073349952697,0.9434075951576232,-0.0051957368850708,-2.4619161285695523,"[500.0, 216.0]"
normal_0867_EDD,12,4,9,normal,"[211.0, 368.0]",45.254833995939045,0.6664216458797455,0.0045123696327209,0.9440389275550842,-0.0054101347923278,-6.21546868063676,"[500.0, 216.0]"
normal_0867_EDD,13,4,9,normal,"[328.0, 68.0]",57.01751796098172,0.6434527516365051,-0.0071008801460266,0.9275916814804076,-0.0061972737312316,-2.979648391818886,"[500.0, 216.0]"
normal_0867_EDD,14,4,9,normal,"[330.0, 68.0]",57.01751796098172,0.643347704410553,-0.0071844458580017,0.9275609254837036,-0.0061975121498107,-2.9531258960862106,"[500.0, 216.0]"
normal_0867_EDD,15,4,9,normal,"[328.0, 54.0]",71.83757109179989,0.6027856588363647,-0.0349441170692443,0.9094017744064332,-0.0057426691055297,-2.2890796824313764,"[500.0, 216.0]"
normal_0867_EDD,16,4,9,normal,"[392.0, 402.0]",71.83757109179989,0.6313554644584656,0.0066750049591064,0.8911303281784058,-0.0044461488723754,-1.9939957139192608,"[500.0, 216.0]"
normal_0867_EDD,17,4,9,normal,"[386.0, 404.0]",71.83757109179989,0.6293632984161377,0.005422294139862,0.8900748491287231,-0.0044430494308471,-2.060565533250057,"[500.0, 216.0]"
normal_0867_EDD,18,4,9,normal,"[132.0, 120.0]",90.50966799187808,0.6548944354057311,-0.0007781982421875,0.9357073307037354,-0.0033875107765197,-3.2019340784929025,"[500.0, 216.0]"
normal_0868_EDD,0,3,9,normal,"[296.0, 224.0]",143.67514218359975,0.8395854681730269,0.1324437856674194,0.9898785948753356,-0.0711333304643631,0.8766658944800261,"[313.0, 219.0]"
normal_0868_EDD,1,4,9,normal,"[382.0, 283.0]",35.918785545899944,0.7210052788257598,0.0172995924949646,0.9950509071350098,-0.0358502566814422,-1.6201229915522126,"[313.0, 219.0]"
normal_0868_EDD,2,4,9,normal,"[294.0, 324.0]",35.918785545899944,0.7296516418457031,0.025008201599121,0.9945245981216432,-0.0423811078071594,-1.970735222559168,"[313.0, 219.0]"
normal_0868_EDD,3,4,9,normal,"[337.0, 141.0]",45.254833995939045,0.7237147390842438,0.021407127380371,0.993999719619751,-0.0325390398502349,-0.8033172557816886,"[313.0, 219.0]"
normal_0868_EDD,4,4,9,normal,"[375.0, 276.0]",45.254833995939045,0.7214911878108977,0.0180346369743347,0.9948615431785583,-0.0352673530578613,-0.86101555776678,"[313.0, 219.0]"
normal_0868_EDD,5,4,9,normal,"[219.0, 178.0]",57.01751796098172,0.7327050626277922,0.026522159576416,0.9953359961509703,-0.0472385287284851,-0.7986125893364651,"[313.0, 219.0]"
normal_0869_EDD,0,3,9,normal,"[232.0, 220.0]",143.67514218359975,0.8406180262565612,0.1296463012695312,0.9927996397018432,-0.0800598859786987,0.7433224894112469,"[240.0, 184.0]"
normal_0869_EDD,1,4,9,normal,"[102.0, 191.0]",35.918785545899944,0.7294226050376892,0.0259076356887817,0.9934930801391602,-0.0403490662574768,-2.846940259221851,"[240.0, 184.0]"
normal_0869_EDD,2,4,9,normal,"[357.0, 193.0]",35.918785545899944,0.7304284334182739,0.0225264430046081,0.996246874332428,-0.0526458919048309,-2.2669713496770063,"[240.0, 184.0]"
normal_0869_EDD,3,4,9,normal,"[351.0, 289.0]",35.918785545899944,0.7258427441120147,0.0199039578437805,0.9940765500068665,-0.0504260063171386,-3.2538737492588536,"[240.0, 184.0]"
normal_0869_EDD,4,4,9,normal,"[109.0, 189.0]",45.254833995939045,0.7318250000476837,0.0287990570068359,0.9930958151817322,-0.0392943620681762,-1.8968261187893205,"[240.0, 184.0]"
normal_0869_EDD,5,4,9,normal,"[330.0, 200.0]",71.83757109179989,0.7518695056438446,0.0449681282043457,0.993426501750946,-0.0575141310691833,-0.2724700691703359,"[240.0, 184.0]"
normal_0870_EDD,0,3,9,normal,"[296.0, 228.0]",143.67514218359975,0.8901149570941924,0.1857948899269104,0.984744668006897,-0.0749939978122711,0.8280970688799069,"[305.0, 205.0]"
normal_0870_EDD,1,4,9,normal,"[211.0, 212.0]",35.918785545899944,0.7274192571640015,0.0170873403549194,0.9968245029449464,-0.0627738237380981,-1.6242612750292025,"[305.0, 205.0]"
normal_0870_EDD,2,4,9,normal,"[378.0, 322.0]",35.918785545899944,0.7256704092025756,0.028309166431427,0.9871042370796204,-0.0319413840770721,-2.839377162415658,"[305.0, 205.0]"
normal_0870_EDD,3,4,9,normal,"[216.0, 213.0]",45.254833995939045,0.7296999216079711,0.020340085029602,0.9956271648406982,-0.0621041059494018,-0.974569771178015,"[305.0, 205.0]"
normal_0870_EDD,4,4,9,normal,"[370.0, 318.0]",45.254833995939045,0.7320049583911895,0.0340645909309387,0.9878222346305848,-0.0323240160942077,-1.8805991672740587,"[305.0, 205.0]"
normal_0870_EDD,5,4,9,normal,"[394.0, 180.0]",57.01751796098172,0.7499860525131226,0.044807493686676,0.9923670291900636,-0.0526081919670105,-0.6213364119886502,"[305.0, 205.0]"
normal_0871_EDD,0,1,9,normal,"[472.0, 210.0]",45.254833995939045,0.8391132295131682,0.1378324627876281,0.9605074524879456,-0.1446277499198913,0.5276182356927821,"[493.0, 206.0]"
normal_0871_EDD,1,4,9,normal,"[365.0, 177.0]",35.918785545899944,0.6757185280323028,0.0338838696479797,0.9051169753074646,-0.0412638783454895,-2.65391105209703,"[493.0, 206.0]"
normal_0871_EDD,2,4,9,normal,"[390.0, 274.0]",45.254833995939045,0.6562843173742294,0.0258472561836242,0.8952914476394653,-0.0186652392148971,-1.72726754852728,"[493.0, 206.0]"
normal_0872_EDD,0,3,9,normal,"[172.0, 212.0]",90.50966799187808,0.8303516685962677,0.138006329536438,0.9526506066322328,-0.1274495720863342,0.3701361134141758,"[119.0, 191.0]"
normal_0873_EDD,0,2,9,normal,"[328.0, 222.0]",90.50966799187808,0.8431940674781799,0.1357545852661132,0.9718376398086548,-0.1357656717300415,0.6857471037325193,"[356.0, 217.0]"
normal_0874_EDD,0,3,9,normal,"[314.0, 218.0]",114.03503592196344,0.8788256049156189,0.1634420752525329,0.9813896417617798,-0.1420539021492004,0.6832132910354163,"[350.0, 221.0]"
normal_0875_EDD,0,3,9,normal,"[440.0, 202.0]",90.50966799187808,0.8494010686874389,0.1429504156112671,0.9694430828094482,-0.1392024755477905,0.3252242849472131,"[501.0, 205.0]"
normal_0876_EDD,0,3,9,normal,"[158.0, 190.0]",90.50966799187808,0.8439002573490143,0.1254931092262268,0.9853479266166688,-0.1433179974555969,0.4119309604200372,"[110.0, 167.0]"
normal_0877_EDD,0,3,9,normal,"[270.0, 200.0]",114.03503592196344,0.8871842443943023,0.1693884134292602,0.9841683506965636,-0.1443899273872375,0.796032802452547,"[249.0, 210.0]"
normal_0877_EDD,1,4,9,normal,"[292.0, 267.0]",35.918785545899944,0.7288246929645538,0.0198813080787658,0.9933363795280457,-0.06803959608078,-0.9878255633185116,"[249.0, 210.0]"
normal_0878_EDD,0,3,9,normal,"[266.0, 216.0]",90.50966799187808,0.8404296874999999,0.1299375295639038,0.9721347093582152,-0.1499893069267273,0.9327943338512296,"[267.0, 210.0]"
normal_0879_EDD,0,1,9,normal,"[489.0, 216.0]",45.254833995939045,0.8749279737472534,0.1552032828330993,0.9877606630325316,-0.1414611339569091,0.6836178635731783,"[502.0, 222.0]"
normal_0879_EDD,1,4,9,normal,"[387.0, 210.0]",35.918785545899944,0.7087957859039307,0.0404472351074218,0.9373419284820556,-0.0610460042953491,-2.219050703775564,"[502.0, 222.0]"
normal_0880_EDD,0,3,9,normal,"[264.0, 216.0]",90.50966799187808,0.8462296068668365,0.12986820936203,0.9798668026924132,-0.1522731781005859,0.8999511837901117,"[265.0, 207.0]"
normal_0881_EDD,0,2,9,normal,"[286.0, 218.0]",71.83757109179989,0.8193857014179229,0.1329197883605957,0.9412851333618164,-0.1378315985202789,0.6995021850427371,"[307.0, 223.0]"
normal_0882_EDD,0,2,9,normal,"[298.0, 232.0]",90.50966799187808,0.8434233009815215,0.1347324848175048,0.9732055068016052,-0.1372348070144653,0.4257945367183451,"[343.0, 206.0]"
normal_0882_EDD,1,4,9,normal,"[258.0, 291.0]",35.918785545899944,0.7136787176132202,0.0233373045921325,0.9703110456466676,-0.055618405342102,-2.346665288783256,"[343.0, 206.0]"
normal_0883_EDD,0,1,9,normal,"[484.0, 206.0]",45.254833995939045,0.847912859916687,0.1402645707130432,0.9713246822357178,-0.1386050581932068,0.6737404215965453,"[497.0, 199.0]"
normal_0883_EDD,1,4,9,normal,"[371.0, 180.0]",35.918785545899944,0.6624478787183762,0.028071641921997,0.8979453444480896,-0.0290724784135818,-2.547572266320921,"[497.0, 199.0]"
normal_0884_EDD,0,1,9,normal,"[134.0, 196.0]",57.01751796098172,0.7919114410877227,0.0788496136665344,0.9814421534538268,-0.1302616000175476,0.7947174775526111,"[123.0, 192.0]"
normal_0884_EDD,1,2,9,normal,"[142.0, 200.0]",71.83757109179989,0.7896969199180602,0.0865320563316345,0.966964304447174,-0.1314492523670196,0.7130258190140629,"[123.0, 192.0]"
normal_0885_EDD,0,1,9,normal,"[452.0, 194.0]",57.01751796098172,0.8257531106472016,0.1180359721183776,0.97091943025589,-0.1403676867485046,0.5136433461256434,"[477.0, 206.0]"
normal_0886_EDD,0,1,9,normal,"[451.0, 194.0]",57.01751796098172,0.8305549204349517,0.1183905601501464,0.977794587612152,-0.1385407447814941,0.5048681626880812,"[477.0, 205.0]"
normal_0887_EDD,0,3,9,normal,"[258.0, 216.0]",90.50966799187808,0.8209676504135132,0.0973961949348449,0.9911177158355712,-0.1489452719688415,0.9889514565439602,"[259.0, 216.0]"
normal_0887_EDD,1,4,9,normal,"[193.0, 216.0]",35.918785545899944,0.7283748388290405,0.0236994624137878,0.9887800216674804,-0.0626468062400817,-0.8374786061644495,"[259.0, 216.0]"
normal_0888_EDD,0,1,9,normal,"[148.0, 167.0]",57.01751796098172,0.829591292142868,0.1337430477142334,0.9551615118980408,-0.1361759305000305,0.7488873319060585,"[135.0, 161.0]"
normal_0888_EDD,1,4,9,normal,"[201.0, 272.0]",45.254833995939045,0.674251937866211,0.0498341917991638,0.8820052742958069,-0.0350702702999115,-1.853605860354579,"[135.0, 161.0]"
normal_0889_EDD,0,1,9,normal,"[475.0, 230.0]",45.254833995939045,0.8854349672794342,0.1814025044441223,0.9663285613059998,-0.1380123496055603,0.6436951796565195,"[489.0, 238.0]"
normal_0889_EDD,1,2,9,normal,"[472.0, 229.0]",57.01751796098172,0.8444274008274077,0.1733736991882324,0.9192178249359132,-0.1380061209201812,0.6626408032206081,"[489.0, 238.0]"
normal_0890_EDD,0,1,9,normal,"[148.0, 167.0]",57.01751796098172,0.8367212951183318,0.1388311982154846,0.9587717652320862,-0.1337493062019348,0.7660076316675812,"[135.0, 164.0]"
normal_0890_EDD,1,4,9,normal,"[201.0, 273.0]",45.254833995939045,0.6850252449512482,0.0565608739852905,0.8863978385925293,-0.0399294197559356,-1.81570997374552,"[135.0, 164.0]"
normal_0890_EDD,2,2,9,normal,"[152.0, 170.0]",71.83757109179989,0.8276351273059845,0.1517051458358764,0.9274911880493164,-0.1334307491779327,0.7490483586328021,"[135.0, 164.0]"
normal_0891_EDD,0,2,9,normal,"[288.0, 214.0]",71.83757109179989,0.8309153020381927,0.1446477770805359,0.9402855038642884,-0.1403383612632751,0.9377465595365868,"[284.0, 212.0]"
normal_0892_EDD,0,1,9,normal,"[455.0, 215.0]",57.01751796098172,0.8200557649135589,0.1143040657043457,0.9712188839912416,-0.1294924020767212,0.577617721380555,"[479.0, 213.0]"
normal_0893_EDD,0,2,9,normal,"[254.0, 222.0]",90.50966799187808,0.8460533738136291,0.1621635556221008,0.9372172355651855,-0.1391887664794922,0.889514565439602,"[264.0, 222.0]"
normal_0894_EDD,0,1,9,normal,"[119.0, 182.0]",57.01751796098172,0.82004097700119,0.1125881671905517,0.9707088470458984,-0.1397830843925476,0.5149099020619234,"[98.0, 164.0]"
normal_0895_EDD,0,2,9,normal,"[266.0, 206.0]",71.83757109179989,0.8117750406265258,0.110894501209259,0.9608949422836304,-0.1412703990936279,0.6177618477606579,"[251.0, 183.0]"
normal_0896_EDD,0,2,9,normal,"[278.0, 208.0]",71.83757109179989,0.8094337582588195,0.1278996467590332,0.9340579509735109,-0.1384677290916443,0.7992386869062418,"[266.0, 216.0]"
normal_0897_EDD,0,2,9,normal,"[139.0, 192.0]",57.01751796098172,0.8285965025424956,0.1399239897727966,0.9460341334342957,-0.1322430968284607,0.6153513344009531,"[119.0, 183.0]"
normal_0897_EDD,1,4,9,normal,"[247.0, 170.0]",35.918785545899944,0.6660747587680816,0.0361860990524292,0.8910378813743591,-0.0308107137680053,-2.581926856659661,"[119.0, 183.0]"
normal_0897_EDD,2,4,9,normal,"[215.0, 264.0]",45.254833995939045,0.6816457152366637,0.0484948754310607,0.8949480652809143,-0.033435970544815,-1.7755383768288988,"[119.0, 183.0]"
normal_0898_EDD,0,1,9,normal,"[467.0, 196.0]",45.254833995939045,0.8549364030361175,0.1512846946716308,0.9624685645103456,-0.1496185660362243,0.4166201655439229,"[491.0, 185.0]"
normal_0898_EDD,1,4,9,normal,"[341.0, 164.0]",35.918785545899944,0.6479177892208099,0.0334759354591369,0.8687905073165894,-0.0314424932003021,-3.2168148069154645,"[491.0, 185.0]"
normal_0898_EDD,2,4,9,normal,"[373.0, 213.0]",35.918785545899944,0.6383643239736556,0.0219714045524597,0.8745136260986328,-0.021166905760765,-2.376409910390407,"[491.0, 185.0]"
normal_0899_EDD,0,3,9,normal,"[268.0, 218.0]",90.50966799187808,0.8344790875911713,0.1146949529647827,0.9856370091438292,-0.14919114112854,0.5640372991155091,"[262.0, 179.0]"
normal_0900_EDD,0,2,9,normal,"[294.0, 214.0]",71.83757109179989,0.8048987925052643,0.1040108203887939,0.9612341523170472,-0.1401203274726867,0.7160806282229758,"[314.0, 210.0]"
normal_0901_EDD,0,1,9,normal,"[468.0, 196.0]",45.254833995939045,0.8599112331867217,0.1508693695068359,0.9708839058876038,-0.1471156477928161,0.4747582401883872,"[490.0, 187.0]"
normal_0901_EDD,1,4,9,normal,"[339.0, 163.0]",35.918785545899944,0.6649362623691559,0.0378758907318115,0.8855140209197998,-0.0360027849674224,-3.2566970667291644,"[490.0, 187.0]"
normal_0901_EDD,2,4,9,normal,"[374.0, 215.0]",35.918785545899944,0.6538745164871216,0.0242853164672851,0.8921399712562561,-0.0254561007022857,-2.322257957995794,"[490.0, 187.0]"
normal_0902_EDD,0,1,9,normal,"[294.0, 214.0]",71.83757109179989,0.8113908052444457,0.1057062149047851,0.9679492712020874,-0.1406005024909973,0.7494347355230296,"[312.0, 214.0]"
normal_0903_EDD,0,2,9,normal,"[442.0, 212.0]",71.83757109179989,0.825314837694168,0.1212004423141479,0.9687358736991882,-0.1299964189529419,0.4980967172656042,"[478.0, 210.0]"
normal_0904_EDD,0,1,9,normal,"[485.0, 203.0]",35.918785545899944,0.8381410300731659,0.1382556557655334,0.957907736301422,-0.1467497944831848,0.443188301162288,"[505.0, 203.0]"
normal_0904_EDD,1,4,9,normal,"[223.0, 242.0]",35.918785545899944,0.6415804490447045,0.0280717015266418,0.8696535229682922,-0.0237564072012901,-6.925770068583867,"[505.0, 203.0]"
normal_0904_EDD,2,4,9,normal,"[376.0, 265.0]",35.918785545899944,0.6851883590221405,0.0438913702964782,0.902003288269043,-0.0494734346866607,-2.9847065149809366,"[505.0, 203.0]"
normal_0905_EDD,0,3,9,normal,"[292.0, 220.0]",90.50966799187808,0.8263071417808532,0.1221178770065307,0.9686568975448608,-0.1306471824645996,0.6558950696008556,"[323.0, 217.0]"
normal_0906_EDD,0,3,9,normal,"[286.0, 218.0]",90.50966799187808,0.8226029455661773,0.1317779421806335,0.950156569480896,-0.1285770237445831,0.7635508445246633,"[269.0, 231.0]"
normal_0907_EDD,0,1,9,normal,"[486.0, 202.0]",35.918785545899944,0.8326264560222626,0.1262550354003906,0.9684630036354064,-0.142236590385437,0.4702967458037494,"[505.0, 201.0]"
normal_0907_EDD,1,4,9,normal,"[375.0, 265.0]",35.918785545899944,0.7188224077224731,0.0493112206459045,0.9366549849510192,-0.0692634880542755,-3.034099797396398,"[505.0, 201.0]"
normal_0908_EDD,0,3,9,normal,"[188.0, 210.0]",90.50966799187808,0.8418486058712005,0.1451277136802673,0.9564228057861328,-0.1361246407032013,0.2913412205969646,"[133.0, 177.0]"
normal_0909_EDD,0,3,9,normal,"[286.0, 218.0]",90.50966799187808,0.8374166309833526,0.139090359210968,0.9596442580223083,-0.132876455783844,0.7790291308792039,"[270.0, 230.0]"
normal_0910_EDD,0,3,9,normal,"[286.0, 216.0]",90.50966799187808,0.8043951570987701,0.09516441822052,0.9745038747787476,-0.1353901326656341,0.5800099982588871,"[324.0, 217.0]"
normal_0910_EDD,1,4,9,normal,"[249.0, 277.0]",35.918785545899944,0.736291742324829,0.0333785414695739,0.9810162782669068,-0.081009030342102,-1.674000863385435,"[324.0, 217.0]"
normal_0911_EDD,0,2,9,normal,"[325.0, 214.0]",57.01751796098172,0.7756065487861633,0.0893985629081726,0.9439668655395508,-0.1271559000015258,0.8759842928149845,"[332.0, 213.0]"
normal_0911_EDD,1,4,9,normal,"[296.0, 304.0]",35.918785545899944,0.6751551806926727,0.036054790019989,0.9032263159751892,-0.0342098474502563,-1.7245394423999605,"[332.0, 213.0]"
normal_0912_EDD,0,2,9,normal,"[282.0, 204.0]",57.01751796098172,0.7534292459487915,0.0610947608947753,0.9558889865875244,-0.1160609722137451,0.9367641489071596,"[279.0, 206.0]"
normal_0913_EDD,0,1,9,normal,"[137.0, 177.0]",35.918785545899944,0.824682992696762,0.113638699054718,0.9769631028175354,-0.1358506083488464,0.7202055841147985,"[127.0, 178.0]"
normal_0913_EDD,1,3,9,normal,"[170.0, 224.0]",90.50966799187808,0.7963047385215759,0.1338669061660766,0.9209158420562744,-0.0889837145805358,0.304292598097088,"[127.0, 178.0]"
normal_0914_EDD,0,1,9,normal,"[120.0, 176.0]",45.254833995939045,0.8548217356204986,0.1375796198844909,0.984448254108429,-0.1406416893005371,0.6685436963188058,"[111.0, 164.0]"
normal_0914_EDD,1,4,9,normal,"[219.0, 261.0]",35.918785545899944,0.673616600036621,0.0227643847465515,0.9211264848709106,-0.0303183794021606,-3.041490286322169,"[111.0, 164.0]"
normal_0914_EDD,2,4,9,normal,"[220.0, 266.0]",45.254833995939045,0.6744297444820404,0.0272744894027709,0.9158037900924684,-0.0304630100727081,-2.298688778325412,"[111.0, 164.0]"
normal_0915_EDD,0,2,9,normal,"[328.0, 204.0]",71.83757109179989,0.7515462160110473,0.072914719581604,0.9360031485557556,-0.1171464622020721,0.8818824015723556,"[334.0, 198.0]"
normal_0916_EDD,0,3,9,normal,"[180.0, 236.0]",90.50966799187808,0.8233811676502227,0.1469559669494629,0.9368735551834106,-0.1030685603618621,0.1400570058864367,"[127.0, 179.0]"
normal_0916_EDD,1,1,9,normal,"[137.0, 176.0]",35.918785545899944,0.8211678326129913,0.1097239255905151,0.9798987507820128,-0.1275739073753357,0.7093357598193548,"[127.0, 179.0]"
normal_0917_EDD,0,2,9,normal,"[280.0, 210.0]",71.83757109179989,0.7628649652004241,0.0754103064537048,0.9495571851730348,-0.1138231456279754,0.9688732797682934,"[279.0, 208.0]"
normal_0917_EDD,1,2,9,normal,"[283.0, 199.0]",57.01751796098172,0.7603562653064727,0.0630161762237548,0.9635019898414612,-0.1144434809684753,0.827266107785753,"[279.0, 208.0]"
normal_0918_EDD,0,3,9,normal,"[250.0, 214.0]",90.50966799187808,0.8478832483291625,0.1362159848213195,0.9739383459091188,-0.1495521068572998,0.8602457514062631,"[246.0, 226.0]"
normal_0919_EDD,0,2,9,normal,"[288.0, 214.0]",71.83757109179989,0.8121631741523743,0.1093135476112365,0.9619276523590088,-0.1475013494491577,0.7533317889600522,"[271.0, 209.0]"
normal_0920_EDD,0,3,9,normal,"[294.0, 220.0]",90.50966799187808,0.8458310425281523,0.1253632307052612,0.9858481287956238,-0.1518706083297729,0.6355655065721688,"[286.0, 188.0]"
normal_0921_EDD,0,2,9,normal,"[270.0, 212.0]",90.50966799187808,0.8659642279148102,0.1496863365173339,0.980286180973053,-0.1503878235816955,0.9158567998885234,"[267.0, 219.0]"
normal_0922_EDD,0,1,9,normal,"[470.0, 203.0]",57.01751796098172,0.8422455847263335,0.1451134085655212,0.9547112584114076,-0.1441714763641357,0.6137552749908222,"[492.0, 202.0]"
normal_0923_EDD,0,2,9,normal,"[144.0, 210.0]",90.50966799187808,0.8421534597873687,0.1487146615982055,0.9503270387649536,-0.1410493552684784,0.6735533997534973,"[117.0, 198.0]"
normal_0924_EDD,0,3,9,normal,"[306.0, 224.0]",90.50966799187808,0.8135576903820038,0.1280601024627685,0.9440761804580688,-0.1232213079929351,0.5641773224693327,"[326.0, 258.0]"
normal_0924_EDD,1,1,9,normal,"[318.0, 252.0]",57.01751796098172,0.7685332000255584,0.0663249492645263,0.9688156247138976,-0.1201865673065185,0.8246153049516605,"[326.0, 258.0]"
normal_0924_EDD,2,2,9,normal,"[314.0, 234.0]",71.83757109179989,0.7835990846157074,0.0868072509765625,0.9600594639778136,-0.1237510442733764,0.6264793572195206,"[326.0, 258.0]"
normal_0925_EDD,0,1,9,normal,"[473.0, 242.0]",45.254833995939045,0.8633122026920318,0.155228316783905,0.970108926296234,-0.1450381875038147,0.6430106356626293,"[479.0, 257.0]"
normal_0925_EDD,1,4,9,normal,"[366.0, 191.0]",45.254833995939045,0.699738848209381,0.0427882671356201,0.922166645526886,-0.0571696460247039,-1.8916805505190235,"[479.0, 257.0]"
normal_0925_EDD,2,4,9,normal,"[370.0, 187.0]",57.01751796098172,0.7044964671134948,0.0526972413063049,0.9148117303848268,-0.0571550726890563,-1.2719596323153657,"[479.0, 257.0]"
normal_0926_EDD,0,1,9,normal,"[517.0, 217.0]",35.918785545899944,0.8195399284362792,0.1158833503723144,0.9675796031951904,-0.1317542791366577,0.7879724219480679,"[524.0, 214.0]"
normal_0926_EDD,1,4,9,normal,"[407.0, 205.0]",45.254833995939045,0.6676568806171417,0.0425606369972229,0.8834508657455444,-0.0334031879901886,-1.5929968786136244,"[524.0, 214.0]"
normal_0927_EDD,0,1,9,normal,"[458.0, 202.0]",57.01751796098172,0.8293839931488037,0.1553618311882019,0.921234965324402,-0.1457884311676025,0.5229020485232903,"[484.0, 210.0]"
normal_0928_EDD,0,1,9,normal,"[141.0, 181.0]",57.01751796098172,0.8400894820690155,0.1416311860084533,0.9566641449928284,-0.1439669728279113,0.1485258195739688,"[115.0, 222.0]"
normal_0929_EDD,0,3,9,normal,"[290.0, 196.0]",90.50966799187808,0.8089911639690399,0.0889195799827575,0.987356960773468,-0.1446085572242736,0.7099888876051471,"[270.0, 213.0]"
normal_0930_EDD,0,3,9,normal,"[140.0, 202.0]",90.50966799187808,0.7949578344821929,0.1031606793403625,0.9573493599891664,-0.1082630157470703,0.5792839994426169,"[107.0, 183.0]"
normal_0930_EDD,1,2,9,normal,"[121.0, 190.0]",57.01751796098172,0.7747785091400147,0.0707751512527465,0.9732102155685424,-0.1137810349464416,0.7254795297611895,"[107.0, 183.0]"
normal_0930_EDD,2,4,9,normal,"[200.0, 279.0]",57.01751796098172,0.7444689869880676,0.0509305000305175,0.9684646725654602,-0.0780660808086395,-1.3441921226935754,"[107.0, 183.0]"
normal_0931_EDD,0,4,9,normal,"[424.0, 134.0]",45.254833995939045,0.6986741423606871,0.0392063856124877,0.9408947229385376,-0.0042072534561157,-2.8166601278146315,"[267.0, 206.0]"
normal_0931_EDD,1,4,9,normal,"[320.0, 74.0]",35.918785545899944,0.6673180818557738,0.0118889808654785,0.9349037408828736,-0.0049824118614196,-2.960121370831344,"[267.0, 206.0]"
normal_0931_EDD,2,4,9,normal,"[199.0, 88.0]",35.918785545899944,0.6933187544345855,0.0258597731590271,0.951965868473053,-0.0054143667221069,-2.791638281194941,"[267.0, 206.0]"
normal_0931_EDD,3,4,9,normal,"[413.0, 216.0]",35.918785545899944,0.6638265967369079,0.012961208820343,0.9276092052459716,-0.0076947212219238,-3.0742486923007446,"[267.0, 206.0]"
normal_0931_EDD,4,4,9,normal,"[216.0, 362.0]",35.918785545899944,0.6638149201869965,0.0070244073867797,0.93632310628891,-0.0068216919898986,-3.569334678349493,"[267.0, 206.0]"
normal_0931_EDD,5,4,9,normal,"[318.0, 67.0]",45.254833995939045,0.6538356184959411,0.0092295408248901,0.9194786548614502,-0.0048550963401794,-2.2717123288119327,"[267.0, 206.0]"
normal_0931_EDD,6,4,9,normal,"[206.0, 79.0]",45.254833995939045,0.684222000837326,0.0301073789596557,0.9329628348350524,-0.0052031874656677,-2.113259194558012,"[267.0, 206.0]"
normal_0931_EDD,7,1,9,normal,"[275.0, 217.0]",45.254833995939045,0.6986231684684753,-0.0005571842193603,0.9973589181900024,-0.0051455497741699,0.6994471240363853,"[267.0, 206.0]"
normal_0931_EDD,8,1,9,normal,"[275.0, 218.0]",45.254833995939045,0.6986146628856659,-0.0005639791488647,0.9973564743995668,-0.0051455497741699,0.681311280400451,"[267.0, 206.0]"
normal_0931_EDD,9,4,9,normal,"[419.0, 229.0]",45.254833995939045,0.6389435231685637,0.0059579610824584,0.9021359086036682,-0.0074521303176879,-2.3969914308473013,"[267.0, 206.0]"
normal_0931_EDD,10,4,9,normal,"[217.0, 371.0]",45.254833995939045,0.6490662753582,0.0049789547920227,0.9183104634284972,-0.0063499808311462,-2.80974541882394,"[267.0, 206.0]"
normal_0931_EDD,11,4,9,normal,"[312.0, 58.0]",57.01751796098172,0.6124761044979095,-0.018406331539154,0.8999232649803162,-0.0046807527542114,-1.7130260687901917,"[267.0, 206.0]"
normal_0931_EDD,12,4,9,normal,"[215.0, 68.0]",57.01751796098172,0.6368910372257233,0.0002968907356262,0.9079892039299012,-0.0050085186958312,-1.5864337228345224,"[267.0, 206.0]"
normal_0931_EDD,13,4,9,normal,"[428.0, 234.0]",57.01751796098172,0.6047896027565002,-0.0092384815216064,0.8751729726791382,-0.0070350170135498,-1.8660778522634387,"[267.0, 206.0]"
normal_0931_EDD,14,4,9,normal,"[230.0, 436.0]",114.03503592196344,0.5153250992298126,-0.0603251457214355,0.8211643099784851,-0.0041761398315429,-1.0428553006374035,"[267.0, 206.0]"
normal_0931_EDD,15,4,9,normal,"[234.0, 438.0]",114.03503592196344,0.5131249070167541,-0.0617879033088684,0.8201107978820801,-0.0041762590408325,-1.0549406422732577,"[267.0, 206.0]"
normal_0932_EDD,0,1,9,normal,"[143.0, 182.0]",45.254833995939045,0.7962626159191131,0.0954837203025817,0.9637516140937804,-0.130763828754425,0.4542422126070944,"[122.0, 169.0]"
normal_0932_EDD,1,4,9,normal,"[205.0, 268.0]",45.254833995939045,0.6715961575508117,0.0322430729866027,0.9039230942726136,-0.0330345928668975,-1.85471786040232,"[122.0, 169.0]"
normal_0933_EDD,0,1,9,normal,"[450.0, 204.0]",57.01751796098172,0.8287385106086731,0.1276963949203491,0.9630647897720336,-0.1344838142395019,0.5787115055522659,"[474.0, 203.0]"
normal_0933_EDD,1,4,9,normal,"[349.0, 168.0]",35.918785545899944,0.6731805562973022,0.0250371098518371,0.9147772789001464,-0.0389967560768127,-2.61391811790499,"[474.0, 203.0]"
normal_0934_EDD,0,1,9,normal,"[104.0, 193.0]",45.254833995939045,0.7819608330726623,0.0751795172691345,0.9752480983734132,-0.1205382347106933,0.731177335404918,"[92.0, 195.0]"
normal_0934_EDD,1,1,9,normal,"[108.0, 195.0]",57.01751796098172,0.765315580368042,0.072866678237915,0.9548741579055786,-0.1201849579811096,0.7193844879226567,"[92.0, 195.0]"
normal_0934_EDD,2,4,9,normal,"[208.0, 208.0]",57.01751796098172,0.7058090269565581,0.0434373617172241,0.9324231147766112,-0.0483774244785308,-1.047198465902456,"[92.0, 195.0]"
normal_0935_EDD,0,3,9,normal,"[256.0, 214.0]",90.50966799187808,0.8289326548576355,0.1144415140151977,0.9789606332778932,-0.146093487739563,0.9889514565439602,"[257.0, 214.0]"
normal_0936_EDD,0,3,9,normal,"[418.0, 226.0]",90.50966799187808,0.819469928741455,0.1159330010414123,0.9726793766021729,-0.1133068203926086,0.1092379491412985,"[492.0, 194.0]"
normal_0936_EDD,1,1,9,normal,"[477.0, 199.0]",45.254833995939045,0.8067743957042693,0.0933456420898437,0.9841843247413636,-0.1224986314773559,0.650614378515658,"[492.0, 194.0]"
normal_0937_EDD,0,2,9,normal,"[306.0, 212.0]",90.50966799187808,0.8200700640678406,0.1090325713157653,0.9762515425682068,-0.1383070647716522,0.8497235620181927,"[319.0, 216.0]"
normal_0938_EDD,0,2,9,normal,"[282.0, 212.0]",71.83757109179989,0.7815867125988006,0.0792546272277832,0.9651383757591248,-0.1336761116981506,0.7494347355230296,"[282.0, 230.0]"
normal_0939_EDD,0,3,9,normal,"[184.0, 212.0]",114.03503592196344,0.8466570675373077,0.132811963558197,0.9811142683029176,-0.1353255808353424,0.3567301562427551,"[119.0, 178.0]"
normal_0940_EDD,0,3,9,normal,"[274.0, 218.0]",90.50966799187808,0.8181278526782989,0.1190742254257202,0.9603678584098816,-0.1339806318283081,0.8317135997770467,"[280.0, 232.0]"
normal_0941_EDD,0,3,9,normal,"[280.0, 236.0]",143.67514218359975,0.8605892062187195,0.1571148633956909,0.9799489974975586,-0.0875502228736877,0.7346914955101889,"[277.0, 198.0]"
normal_0941_EDD,1,4,9,normal,"[353.0, 296.0]",35.918785545899944,0.730917465686798,0.0228451490402221,0.9945188164711,-0.0595457255840301,-2.452681545286159,"[277.0, 198.0]"
normal_0941_EDD,2,4,9,normal,"[276.0, 149.0]",45.254833995939045,0.7317019760608672,0.0260261893272399,0.9949625730514526,-0.0460099279880523,-0.0829827156977158,"[277.0, 198.0]"
normal_0941_EDD,3,4,9,normal,"[348.0, 293.0]",45.254833995939045,0.7371648490428925,0.0303655266761779,0.9927006363868712,-0.0595443844795227,-1.620718234091563,"[277.0, 198.0]"
normal_0941_EDD,4,3,9,normal,"[342.0, 184.0]",57.01751796098172,0.7475687444210053,0.0445809960365295,0.9902879595756532,-0.0489308834075927,-0.1661433751819583,"[277.0, 198.0]"
normal_0941_EDD,5,4,9,normal,"[340.0, 288.0]",57.01751796098172,0.7469506919384002,0.0404731631278991,0.9923096299171448,-0.0593039393424987,-0.9267587308304464,"[277.0, 198.0]"
normal_0942_EDD,0,3,9,normal,"[270.0, 230.0]",90.50966799187808,0.8440070390701293,0.125627338886261,0.984149932861328,-0.1473737359046936,0.6998535513703352,"[267.0, 203.0]"
normal_0943_EDD,0,3,9,normal,"[256.0, 228.0]",90.50966799187808,0.8420199632644653,0.1246116161346435,0.982779026031494,-0.1473151445388794,0.7025088630521912,"[249.0, 202.0]"
normal_0943_EDD,1,4,9,normal,"[292.0, 307.0]",35.918785545899944,0.7350013077259063,0.0362367630004882,0.9775097966194152,-0.0725384354591369,-2.158894401428182,"[249.0, 202.0]"
normal_0944_EDD,0,3,9,normal,"[148.0, 204.0]",90.50966799187808,0.8468660652637481,0.1465288400650024,0.9590671062469482,-0.1449512541294098,0.5925498496748345,"[124.0, 176.0]"
normal_0945_EDD,0,3,9,normal,"[304.0, 228.0]",90.50966799187808,0.8629718005657195,0.1496047377586364,0.9774536490440368,-0.1457475423812866,0.6462740180415072,"[329.0, 208.0]"
normal_0946_EDD,0,1,9,normal,"[337.0, 215.0]",45.254833995939045,0.7657647728919983,0.0609431266784668,0.9719842672348022,-0.1221632957458496,0.5219669206006764,"[355.0, 203.0]"
normal_0947_EDD,0,2,9,normal,"[304.0, 206.0]",71.83757109179989,0.7959052383899687,0.0912553071975708,0.968445360660553,-0.1336908936500549,0.5982361466196882,"[332.0, 199.0]"
normal_0948_EDD,0,1,9,normal,"[489.0, 244.0]",35.918785545899944,0.8290849983692169,0.1136952638626098,0.9788498282432556,-0.1509742736816406,0.5019724762926941,"[505.0, 236.0]"
normal_0948_EDD,1,4,9,normal,"[248.0, 191.0]",35.918785545899944,0.7125316441059113,0.0391175746917724,0.9446945786476136,-0.0606393218040466,-6.26388551797209,"[505.0, 236.0]"
normal_0948_EDD,2,4,9,normal,"[360.0, 180.0]",57.01751796098172,0.7437945127487182,0.056707739830017,0.9565362930297852,-0.0875568389892578,-1.726146211348882,"[505.0, 236.0]"
normal_0949_EDD,0,1,9,normal,"[514.0, 234.0]",45.254833995939045,0.8629479050636291,0.1926080584526062,0.914406716823578,-0.1512757241725921,0.4747582401883872,"[536.0, 243.0]"
normal_0949_EDD,1,4,9,normal,"[385.0, 187.0]",35.918785545899944,0.6099638000130654,0.0288618206977844,0.8241882920265198,-0.0208508744835853,-3.4837173453353323,"[536.0, 243.0]"
normal_0949_EDD,2,4,9,normal,"[380.0, 319.0]",35.918785545899944,0.59865208491683,0.0299852490425109,0.8086782097816467,-0.0129604451358318,-3.831123688358633,"[536.0, 243.0]"
normal_0950_EDD,0,3,9,normal,"[260.0, 218.0]",90.50966799187808,0.8061958730220794,0.0995234847068786,0.9723516702651978,-0.1301310956478119,0.7679805874231641,"[260.0, 197.0]"
normal_0951_EDD,0,3,9,normal,"[334.0, 218.0]",114.03503592196344,0.8966055154800415,0.1827436089515686,0.9779953956604004,-0.1463256478309631,0.9123076524758302,"[344.0, 218.0]"
normal_0951_EDD,1,4,9,normal,"[274.0, 218.0]",35.918785545899944,0.725713962316513,0.0184308886528015,0.9919411540031432,-0.0646213293075561,-0.9488409459319918,"[344.0, 218.0]"
normal_0951_EDD,2,4,9,normal,"[313.0, 304.0]",35.918785545899944,0.7437076151371002,0.0347691774368286,0.9894631505012512,-0.0815711617469787,-1.545092415985585,"[344.0, 218.0]"
normal_0952_EDD,0,3,9,normal,"[186.0, 212.0]",90.50966799187808,0.8053329467773437,0.0852013826370239,0.989093542098999,-0.1388304233551025,0.3324997073970679,"[131.0, 187.0]"
normal_0952_EDD,1,1,9,normal,"[133.0, 182.0]",35.918785545899944,0.7272609770298004,0.021289587020874,0.9881076216697692,-0.0714802742004394,0.8500738617609189,"[131.0, 187.0]"
normal_0952_EDD,2,4,9,normal,"[226.0, 265.0]",35.918785545899944,0.7295383870601654,0.0206228494644165,0.9911584258079528,-0.0755231976509094,-2.4221277371125405,"[131.0, 187.0]"
normal_0953_EDD,0,3,9,normal,"[264.0, 220.0]",114.03503592196344,0.8442780315876007,0.1279544234275818,0.9867164492607116,-0.1281104683876037,0.8211420035125994,"[260.0, 200.0]"
normal_0953_EDD,1,4,9,normal,"[327.0, 159.0]",35.918785545899944,0.7320083796977996,0.0204802155494689,0.9934766888618468,-0.0804724097251892,-1.186859782501421,"[260.0, 200.0]"
normal_0953_EDD,2,4,9,normal,"[277.0, 304.0]",35.918785545899944,0.7393787264823912,0.0292263627052307,0.9929705858230592,-0.0753647685050964,-1.933848185712748,"[260.0, 200.0]"
normal_0953_EDD,3,4,9,normal,"[319.0, 159.0]",45.254833995939045,0.7359048068523407,0.0256806015968322,0.9916266798973083,-0.0804276466369628,-0.587610724485067,"[260.0, 200.0]"
normal_0954_EDD,0,3,9,normal,"[294.0, 222.0]",114.03503592196344,0.8582631528377532,0.1430068612098693,0.9843726754188538,-0.1309770941734314,0.6269208456120529,"[331.0, 201.0]"
normal_0954_EDD,1,4,9,normal,"[250.0, 277.0]",57.01751796098172,0.7494117259979247,0.0369189381599426,0.9920260906219482,-0.090372622013092,-0.9480337387737016,"[331.0, 201.0]"
normal_0955_EDD,0,3,9,normal,"[188.0, 208.0]",114.03503592196344,0.8364898562431335,0.1221216320991516,0.980519711971283,-0.1400221288204193,0.4478166691786273,"[129.0, 186.0]"
normal_0955_EDD,1,1,9,normal,"[133.0, 181.0]",35.918785545899944,0.7234024047851562,0.0174229145050048,0.9904172420501708,-0.0634371042251586,0.8217332757743043,"[129.0, 186.0]"
normal_0955_EDD,2,4,9,normal,"[230.0, 275.0]",35.918785545899944,0.7298154294490813,0.0192248225212097,0.9930209517478944,-0.0773797035217285,-2.7478432511302846,"[129.0, 186.0]"
normal_0955_EDD,3,4,9,normal,"[225.0, 266.0]",45.254833995939045,0.7346613943576813,0.0244641304016113,0.9924836754798888,-0.0772934556007385,-1.7613402542968148,"[129.0, 186.0]"
normal_0956_EDD,0,3,9,normal,"[268.0, 218.0]",114.03503592196344,0.8486752510070801,0.1322740912437439,0.9924251437187196,-0.1085177958011627,0.827266107785753,"[260.0, 200.0]"
normal_0956_EDD,1,4,9,normal,"[330.0, 159.0]",35.918785545899944,0.7307431519031524,0.0178189873695373,0.9964848160743712,-0.0769239664077758,-1.2585218741809143,"[260.0, 200.0]"
normal_0956_EDD,2,4,9,normal,"[272.0, 307.0]",35.918785545899944,0.7389720320701599,0.0289520621299743,0.994646430015564,-0.0688373446464538,-1.9976179015552136,"[260.0, 200.0]"
normal_0956_EDD,3,4,9,normal,"[269.0, 300.0]",45.254833995939045,0.7442986190319061,0.034968614578247,0.9935747981071472,-0.06913822889328,-1.2186399620600905,"[260.0, 200.0]"
normal_0957_EDD,0,2,9,normal,"[274.0, 238.0]",90.50966799187808,0.8159153699874878,0.0964638590812683,0.9881269931793212,-0.1388130784034729,0.6352307021897265,"[307.0, 237.0]"
normal_0958_EDD,0,3,9,normal,"[270.0, 236.0]",114.03503592196344,0.8251638114452362,0.1101361513137817,0.9939229488372804,-0.0964079797267913,0.5803575272360237,"[249.0, 193.0]"
normal_0958_EDD,1,4,9,normal,"[347.0, 179.0]",35.918785545899944,0.7402051627635955,0.0272743105888366,0.995661437511444,-0.0798392295837402,-1.7560772966450346,"[249.0, 193.0]"
normal_0958_EDD,2,4,9,normal,"[218.0, 170.0]",45.254833995939045,0.7312461137771605,0.0233450531959533,0.9946777820587158,-0.058133065700531,0.1470409960027388,"[249.0, 193.0]"
normal_0958_EDD,3,4,9,normal,"[345.0, 187.0]",45.254833995939045,0.7469332098960876,0.0348178744316101,0.9940569400787354,-0.0813773870468139,-1.125459509141494,"[249.0, 193.0]"
normal_0959_EDD,0,3,9,normal,"[306.0, 206.0]",90.50966799187808,0.8089635789394378,0.1067841649055481,0.9685096740722656,-0.1211132109165191,0.6782615580941562,"[334.0, 214.0]"
normal_0959_EDD,1,4,9,normal,"[312.0, 301.0]",35.918785545899944,0.7131097912788391,0.0274100303649902,0.9649797081947328,-0.05106982588768,-1.4983725827537837,"[334.0, 214.0]"
normal_0960_EDD,0,2,9,normal,"[248.0, 212.0]",71.83757109179989,0.8040964543819428,0.1040301918983459,0.9611477255821228,-0.1363142728805542,0.5387360325808093,"[245.0, 179.0]"
normal_0961_EDD,0,2,9,normal,"[324.0, 224.0]",71.83757109179989,0.8144306778907775,0.125497817993164,0.9431960582733154,-0.1434780955314636,0.8494290151796813,"[333.0, 230.0]"
normal_0962_EDD,0,1,9,normal,"[491.0, 200.0]",57.01751796098172,0.8493181943893433,0.1689855456352234,0.9296301007270812,-0.1479578912258148,0.7369229574274907,"[506.0, 200.0]"
normal_0962_EDD,1,4,9,normal,"[381.0, 268.0]",35.918785545899944,0.6958212792873382,0.0533906817436218,0.9004958868026733,-0.0604173839092254,-2.961686868296588,"[506.0, 200.0]"
normal_0963_EDD,0,1,9,normal,"[458.0, 192.0]",57.01751796098172,0.8317095458507537,0.1450551748275756,0.9401407241821288,-0.1427793204784393,0.5076716998722006,"[486.0, 194.0]"
normal_0964_EDD,0,1,9,normal,"[458.0, 191.0]",57.01751796098172,0.8380886256694794,0.1485302448272705,0.9445145726203918,-0.1419909000396728,0.4712216886747913,"[488.0, 194.0]"
normal_0965_EDD,0,2,9,normal,"[330.0, 206.0]",90.50966799187808,0.8487938284873962,0.1492494940757751,0.9576957821846008,-0.1457864344120025,0.594351406695401,"[362.0, 224.0]"
normal_0966_EDD,0,4,9,normal,"[382.0, 200.0]",90.50966799187808,0.7734397590160369,0.0633299350738525,0.9837310910224916,-0.1074903011322021,-0.0141214832614975,"[473.0, 212.0]"
normal_0966_EDD,1,1,9,normal,"[470.0, 207.0]",35.918785545899944,0.7693266212940215,0.0529492497444152,0.991977870464325,-0.1099643111228942,0.8376628884795106,"[473.0, 212.0]"
normal_0966_EDD,2,4,9,normal,"[366.0, 259.0]",35.918785545899944,0.7264371991157531,0.0152401328086853,0.9932377338409424,-0.079653263092041,-2.2536580650985574,"[473.0, 212.0]"
normal_0966_EDD,3,4,9,normal,"[282.0, 310.0]",35.918785545899944,0.7336343944072723,0.0275532603263854,0.9868953227996826,-0.076272040605545,-4.976654512361745,"[473.0, 212.0]"
normal_0966_EDD,4,4,9,normal,"[352.0, 171.0]",45.254833995939045,0.7467812538146972,0.0278003811836242,0.995392918586731,-0.1110291481018066,-1.8230704140173333,"[473.0, 212.0]"
normal_0966_EDD,5,4,9,normal,"[359.0, 180.0]",57.01751796098172,0.7463429510593413,0.0299035310745239,0.9916942715644836,-0.1112671494483947,-1.0766614394887064,"[473.0, 212.0]"
normal_0966_EDD,6,4,9,normal,"[370.0, 194.0]",71.83757109179989,0.7484767615795135,0.0351184010505676,0.9878886342048644,-0.1091815829277038,-0.4555195199297477,"[473.0, 212.0]"
normal_0967_EDD,0,4,9,normal,"[384.0, 196.0]",90.50966799187808,0.7762265384197236,0.0636278390884399,0.9904786944389344,-0.0963180661201477,0.0009159468230413,"[473.0, 212.0]"
normal_0967_EDD,1,4,9,normal,"[203.0, 253.0]",35.918785545899944,0.7371560335159302,0.0266221165657043,0.99179208278656,-0.0813972949981689,-6.603130711081144,"[473.0, 212.0]"
normal_0967_EDD,2,4,9,normal,"[284.0, 315.0]",35.918785545899944,0.7392548084259033,0.0259640216827392,0.995089590549469,-0.0836403667926788,-4.992520188681976,"[473.0, 212.0]"
normal_0967_EDD,3,4,9,normal,"[340.0, 162.0]",45.254833995939045,0.7391409397125244,0.0243942737579345,0.9958670139312744,-0.0881987810134887,-2.139730905069732,"[473.0, 212.0]"
normal_0967_EDD,4,1,9,normal,"[469.0, 207.0]",45.254833995939045,0.7546776890754698,0.0505602359771728,0.982945680618286,-0.0802773833274841,0.8585096072166029,"[473.0, 212.0]"
normal_0967_EDD,5,4,9,normal,"[362.0, 259.0]",45.254833995939045,0.7264072179794311,0.0163636207580566,0.9957332611083984,-0.065151572227478,-1.6635927921700042,"[473.0, 212.0]"
normal_0967_EDD,6,4,9,normal,"[350.0, 168.0]",57.01751796098172,0.741232305765152,0.0283145904541015,0.9937969446182252,-0.0862992703914642,-1.291104183148601,"[473.0, 212.0]"
normal_0968_EDD,0,3,9,normal,"[332.0, 216.0]",90.50966799187808,0.8037656784057616,0.0851858258247375,0.988195776939392,-0.1342140436172485,1.0,"[332.0, 216.0]"
normal_0968_EDD,1,4,9,normal,"[242.0, 200.0]",35.918785545899944,0.7399091124534606,0.0290760397911071,0.990592360496521,-0.087092101573944,-1.5449401383406718,"[332.0, 216.0]"
normal_0968_EDD,2,4,9,normal,"[246.0, 205.0]",45.254833995939045,0.7450035750865937,0.0359520316123962,0.9879745841026306,-0.0873466730117797,-0.9158314529858832,"[332.0, 216.0]"
normal_0968_EDD,3,4,9,normal,"[258.0, 200.0]",57.01751796098172,0.754124641418457,0.0459597110748291,0.9872326850891112,-0.08551025390625,-0.3278370513216784,"[332.0, 216.0]"
normal_0969_EDD,0,3,9,normal,"[212.0, 220.0]",143.67514218359975,0.8230640470981597,0.1111275553703308,0.9902409315109252,-0.0938391983509063,0.2301876887649682,"[124.0, 153.0]"
normal_0969_EDD,1,4,9,normal,"[284.0, 147.0]",45.254833995939045,0.7322640001773834,0.023049771785736,0.9961820840835572,-0.0594338476657867,-2.5380189548672574,"[124.0, 153.0]"
normal_0969_EDD,2,4,9,normal,"[293.0, 306.0]",45.254833995939045,0.7284542262554168,0.0238052010536193,0.9935582280158995,-0.0457913279533386,-4.0374573509360845,"[124.0, 153.0]"
normal_0970_EDD,0,2,9,normal,"[300.0, 222.0]",90.50966799187808,0.8907692551612854,0.2036840915679931,0.9418431520462036,-0.1389747858047485,0.7183163066043758,"[325.0, 217.0]"
normal_0971_EDD,0,2,9,normal,"[264.0, 224.0]",90.50966799187808,0.8566824376583099,0.147703468799591,0.9706888794898988,-0.1474837660789489,0.6380864118156104,"[257.0, 192.0]"
normal_0972_EDD,0,3,9,normal,"[280.0, 224.0]",114.03503592196344,0.8746901929378509,0.1592953205108642,0.9832359552383424,-0.1356485188007354,0.5811829639995795,"[325.0, 208.0]"
normal_0972_EDD,1,4,9,normal,"[229.0, 265.0]",45.254833995939045,0.7436130225658416,0.0315608978271484,0.9928233027458192,-0.0853790640830993,-1.4670682563013937,"[325.0, 208.0]"
normal_0973_EDD,0,1,9,normal,"[491.0, 215.0]",35.918785545899944,0.833690845966339,0.129511296749115,0.9607495069503784,-0.1582744717597961,0.5823912258717161,"[503.0, 206.0]"
normal_0973_EDD,1,4,9,normal,"[369.0, 172.0]",35.918785545899944,0.706936639547348,0.0356658101081848,0.9425349235534668,-0.0574819147586822,-2.848853884372607,"[503.0, 206.0]"
normal_0973_EDD,2,4,9,normal,"[382.0, 256.0]",35.918785545899944,0.7189124286174774,0.0343332886695861,0.9543848037719728,-0.0825488865375518,-2.644990772329156,"[503.0, 206.0]"
normal_0973_EDD,3,4,9,normal,"[217.0, 268.0]",35.918785545899944,0.6692562282085418,0.0220688581466674,0.918382465839386,-0.0215982198715209,-7.147355845351273,"[503.0, 206.0]"
normal_0973_EDD,4,4,9,normal,"[376.0, 178.0]",45.254833995939045,0.7101440310478211,0.0412408113479614,0.9394323825836182,-0.0565027594566345,-1.8737259405256443,"[503.0, 206.0]"
normal_0973_EDD,5,4,9,normal,"[207.0, 255.0]",45.254833995939045,0.6794150456786155,0.0333819985389709,0.9167445302009584,-0.0215593799948692,-5.629752128190766,"[503.0, 206.0]"
normal_0973_EDD,6,3,9,normal,"[410.0, 222.0]",114.03503592196344,0.7779014259576797,0.1309981942176818,0.909628927707672,-0.0508149117231369,0.1724796964041343,"[503.0, 206.0]"
normal_0974_EDD,0,2,9,normal,"[266.0, 200.0]",71.83757109179989,0.7791482865810394,0.0764163732528686,0.9676393866539,-0.1269217133522033,0.856681817264807,"[261.0, 191.0]"
normal_0975_EDD,0,1,9,normal,"[136.0, 171.0]",45.254833995939045,0.8064583778381347,0.0968654751777648,0.974284529685974,-0.1379686594009399,0.5359611748463282,"[115.0, 171.0]"
normal_0975_EDD,1,4,9,normal,"[233.0, 216.0]",35.918785545899944,0.6709262013435363,0.0233636498451232,0.9169330596923828,-0.0285470485687255,-2.515969384371304,"[115.0, 171.0]"
normal_0975_EDD,2,4,9,normal,"[169.0, 288.0]",35.918785545899944,0.7102168738842011,0.0453735589981079,0.9318365454673768,-0.0627886652946472,-2.587548621453777,"[115.0, 171.0]"
normal_0976_EDD,0,3,9,normal,"[254.0, 212.0]",114.03503592196344,0.8700077235698699,0.1569281220436096,0.9901328086853028,-0.0999331772327423,0.846851899020542,"[250.0, 195.0]"
normal_0976_EDD,1,4,9,normal,"[348.0, 193.0]",35.918785545899944,0.7316390931606293,0.0258145332336425,0.992911696434021,-0.0539318621158599,-1.728945440359734,"[250.0, 195.0]"
normal_0977_EDD,0,3,9,normal,"[176.0, 214.0]",114.03503592196344,0.8521641492843627,0.1406893730163574,0.977224349975586,-0.137088656425476,0.4038855072229899,"[115.0, 184.0]"
normal_0977_EDD,1,4,9,normal,"[241.0, 174.0]",35.918785545899944,0.7412033975124359,0.030159056186676,0.990854561328888,-0.0872307419776916,-2.518944211325864,"[115.0, 184.0]"
normal_0977_EDD,2,4,9,normal,"[236.0, 181.0]",45.254833995939045,0.7450651288032532,0.0358796715736389,0.988779067993164,-0.085200548171997,-1.6745691825974514,"[115.0, 184.0]"
normal_0978_EDD,0,3,9,normal,"[294.0, 214.0]",90.50966799187808,0.8267288267612457,0.1121296286582946,0.9791072010993958,-0.1461207866668701,0.6632459052773078,"[317.0, 234.0]"
normal_0979_EDD,0,1,9,normal,"[475.0, 205.0]",45.254833995939045,0.8141107439994811,0.1218441128730773,0.9470739364624025,-0.1465743780136108,0.6836178635731783,"[488.0, 211.0]"
normal_0980_EDD,0,2,9,normal,"[250.0, 214.0]",71.83757109179989,0.7836442649364471,0.0902204513549804,0.9539913535118104,-0.1281493306159973,0.901568667976963,"[251.0, 207.0]"
normal_0981_EDD,0,3,9,normal,"[174.0, 216.0]",114.03503592196344,0.8162605583667755,0.1115559339523315,0.9735657572746276,-0.1160429716110229,0.3107359171061942,"[111.0, 169.0]"
normal_0981_EDD,1,4,9,normal,"[221.0, 214.0]",35.918785545899944,0.7248139023780823,0.0173495411872863,0.9932076930999756,-0.0610948801040649,-2.3088157473523894,"[111.0, 169.0]"
normal_0981_EDD,2,1,9,normal,"[125.0, 174.0]",57.01751796098172,0.7750832855701446,0.0663290619850158,0.9837283492088318,-0.1007218956947326,0.7392719066183893,"[111.0, 169.0]"
normal_0981_EDD,3,3,9,normal,"[164.0, 206.0]",90.50966799187808,0.8107167661190032,0.096108078956604,0.9878910779953004,-0.1154246628284454,0.2858503198733476,"[111.0, 169.0]"
normal_0982_EDD,0,2,9,normal,"[131.0, 197.0]",57.01751796098172,0.780350637435913,0.0731785893440246,0.9744211435317992,-0.1253862380981445,0.6492306099033209,"[115.0, 185.0]"
normal_0982_EDD,1,2,9,normal,"[138.0, 202.0]",71.83757109179989,0.7801822900772094,0.082510232925415,0.9605481624603271,-0.1264417171478271,0.6018699009797828,"[115.0, 185.0]"
normal_0983_EDD,0,1,9,normal,"[330.0, 224.0]",57.01751796098172,0.7667994618415832,0.0801178216934204,0.9442027807235718,-0.128698468208313,0.7226924484565961,"[339.0, 237.0]"
normal_0984_EDD,0,3,9,normal,"[256.0, 236.0]",143.67514218359975,0.864061427116394,0.1591064929962158,0.982949674129486,-0.0844508111476898,0.7824467145734031,"[260.0, 205.0]"
normal_0984_EDD,1,4,9,normal,"[240.0, 156.0]",35.918785545899944,0.7221989214420319,0.0151035785675048,0.995078980922699,-0.0527002811431884,-0.4734483275322818,"[260.0, 205.0]"
normal_0984_EDD,2,4,9,normal,"[204.0, 173.0]",35.918785545899944,0.7213257849216461,0.0136356949806213,0.9959052801132202,-0.0527819693088531,-0.7956637733190486,"[260.0, 205.0]"
normal_0984_EDD,3,4,9,normal,"[218.0, 169.0]",45.254833995939045,0.7295977413654327,0.0215231776237487,0.9956530332565308,-0.0555872023105621,-0.2223504509754965,"[260.0, 205.0]"
normal_0984_EDD,4,4,9,normal,"[353.0, 222.0]",45.254833995939045,0.7355317592620849,0.0272939205169677,0.994257390499115,-0.0612883269786834,-1.0890806141697835,"[260.0, 205.0]"
normal_0984_EDD,5,4,9,normal,"[246.0, 327.0]",45.254833995939045,0.7310238420963286,0.0259709358215332,0.9931377172470092,-0.0492825210094451,-1.713536668261551,"[260.0, 205.0]"
normal_0984_EDD,6,4,9,normal,"[189.0, 246.0]",57.01751796098172,0.7358169317245482,0.0279029607772827,0.9940455555915833,-0.0604104101657867,-0.4379405997150647,"[260.0, 205.0]"
normal_0985_EDD,0,2,9,normal,"[250.0, 207.0]",57.01751796098172,0.7609670341014863,0.0727171897888183,0.948885977268219,-0.1201483011245727,0.9276870377198954,"[246.0, 206.0]"
normal_0986_EDD,0,1,9,normal,"[476.0, 192.0]",45.254833995939045,0.8204845070838928,0.1187548041343689,0.9612916707992554,-0.1441276669502258,0.5014669958267557,"[498.0, 197.0]"
normal_0986_EDD,1,4,9,normal,"[366.0, 166.0]",35.918785545899944,0.6908132433891295,0.0319904088973999,0.9271080493927002,-0.049235999584198,-2.774941039768461,"[498.0, 197.0]"
normal_0986_EDD,2,4,9,normal,"[367.0, 278.0]",45.254833995939045,0.6990560352802276,0.0379788279533386,0.9279297590255736,-0.0576318800449371,-2.4033818199696606,"[498.0, 197.0]"
normal_0987_EDD,0,2,9,normal,"[322.0, 206.0]",90.50966799187808,0.8094223141670227,0.1066122055053711,0.9683281779289246,-0.1249019205570221,0.5765365552228858,"[360.0, 211.0]"
normal_0987_EDD,1,4,9,normal,"[256.0, 188.0]",35.918785545899944,0.7361897706985473,0.0322690606117248,0.9814903736114502,-0.0843872427940368,-1.9653817186978653,"[360.0, 211.0]"
normal_0987_EDD,2,4,9,normal,"[261.0, 184.0]",45.254833995939045,0.7343725740909576,0.0347425937652587,0.9753825068473816,-0.0843111276626586,-1.267509991708967,"[360.0, 211.0]"
normal_0988_EDD,0,2,9,normal,"[246.0, 212.0]",71.83757109179989,0.7734403014183044,0.0737001895904541,0.9631286859512328,-0.1277501583099365,0.7825580804805863,"[236.0, 200.0]"
normal_0989_EDD,0,1,9,normal,"[477.0, 192.0]",45.254833995939045,0.8179398000240325,0.1146885156631469,0.9652305245399476,-0.1379495859146118,0.5338614409319906,"[498.0, 194.0]"
normal_0989_EDD,1,4,9,normal,"[366.0, 166.0]",35.918785545899944,0.7064979314804076,0.0337886214256286,0.9445822834968568,-0.0575085580348968,-2.7567256324696863,"[498.0, 194.0]"
normal_0989_EDD,2,4,9,normal,"[367.0, 278.0]",45.254833995939045,0.7157644093036651,0.0403833389282226,0.9456448554992676,-0.067148357629776,-2.4387071743970874,"[498.0, 194.0]"
normal_0990_EDD,0,2,9,normal,"[242.0, 214.0]",90.50966799187808,0.8150554120540618,0.1168479323387146,0.960281789302826,-0.1300511360168457,0.8461115968469359,"[237.0, 201.0]"
normal_0991_EDD,0,1,0,normal,"[495.0, 230.0]",45.254833995939045,0.8559889078140259,0.1965704560279846,0.8996587991714478,-0.1482864618301391,-5.230594875290801,"[255.0, 378.0]"
normal_0992_EDD,0,4,9,normal,"[372.0, 184.0]",143.67514218359975,0.8121877938508988,0.1104325056076049,0.9806066751480104,-0.0766530781984329,0.0102632896296281,"[511.0, 214.0]"
normal_0992_EDD,1,4,9,normal,"[366.0, 193.0]",35.918785545899944,0.7187734186649322,0.0146471261978149,0.9968321919441224,-0.0317187905311584,-3.079001999902629,"[511.0, 214.0]"
normal_0992_EDD,2,4,9,normal,"[237.0, 207.0]",35.918785545899944,0.7267719566822052,0.0184821486473083,0.9941539764404296,-0.0619101226329803,-6.630809263388407,"[511.0, 214.0]"
normal_0992_EDD,3,1,9,normal,"[501.0, 218.0]",35.918785545899944,0.7461784124374389,0.0479012131690979,0.9885401129722596,-0.031495600938797,0.7001477235218377,"[511.0, 214.0]"
normal_0992_EDD,4,4,9,normal,"[363.0, 282.0]",35.918785545899944,0.7338091611862182,0.0219060778617858,0.9959981441497804,-0.0735219120979309,-3.534512570417638,"[511.0, 214.0]"
normal_0992_EDD,5,4,9,normal,"[247.0, 194.0]",45.254833995939045,0.735067617893219,0.0263481140136718,0.9938819408416748,-0.0650107264518737,-4.85034721191828,"[511.0, 214.0]"
normal_0992_EDD,6,4,9,normal,"[369.0, 280.0]",45.254833995939045,0.7406471788883209,0.0301195979118347,0.9944366812705994,-0.0721095204353332,-2.4601526339166018,"[511.0, 214.0]"
normal_0993_EDD,0,1,9,normal,"[132.0, 208.0]",45.254833995939045,0.813578200340271,0.1233758926391601,0.9470838308334352,-0.1362181305885315,0.625,"[120.0, 196.0]"
normal_0994_EDD,0,1,9,normal,"[132.0, 208.0]",45.254833995939045,0.808953446149826,0.1134249567985534,0.9568374752998352,-0.1287112832069397,0.6548324682128981,"[120.0, 198.0]"
normal_0994_EDD,1,4,9,normal,"[230.0, 176.0]",35.918785545899944,0.6636274993419647,0.0440082550048828,0.8751358389854431,-0.0351207852363586,-2.1231130895472665,"[120.0, 198.0]"
normal_0995_EDD,0,2,9,normal,"[290.0, 212.0]",71.83757109179989,0.7723799288272858,0.0971038341522216,0.9310254454612732,-0.1177914142608642,0.8818824015723556,"[284.0, 206.0]"
normal_0996_EDD,0,1,9,normal,"[478.0, 206.0]",45.254833995939045,0.8585355639457702,0.1506196856498718,0.9673075675964355,-0.1540029048919677,0.6047152924789526,"[494.0, 198.0]"
normal_0996_EDD,1,4,9,normal,"[306.0, 313.0]",35.918785545899944,0.6400592915713786,0.0284647345542907,0.8704314827919006,-0.0114625953137874,-5.135612684498702,"[494.0, 198.0]"
normal_0997_EDD,0,2,9,normal,"[286.0, 210.0]",71.83757109179989,0.7852812051773072,0.0784006118774414,0.9712326526641846,-0.1350886821746826,0.6859438869874005,"[308.0, 205.0]"
normal_0998_EDD,0,1,9,normal,"[118.0, 185.0]",45.254833995939045,0.8315846323966979,0.1217917203903198,0.9722728729248048,-0.1460095047950744,0.5449931319199677,"[100.0, 175.0]"
normal_0998_EDD,1,4,9,normal,"[236.0, 156.0]",35.918785545899944,0.6763715267181396,0.0363370776176452,0.9024367928504944,-0.0416434705257415,-2.8230911825280844,"[100.0, 175.0]"
normal_0999_EDD,0,2,9,normal,"[262.0, 214.0]",90.50966799187808,0.8180662512779235,0.109885573387146,0.9721404314041138,-0.1384118795394897,0.8228783742382089,"[263.0, 198.0]"
normal_1000_EDD,0,1,9,normal,"[126.0, 184.0]",45.254833995939045,0.8082397043704986,0.1010882258415222,0.9730613827705384,-0.130042552947998,0.6836178635731783,"[113.0, 190.0]"
normal_1001_EDD,0,1,9,normal,"[277.0, 242.0]",35.918785545899944,0.8427400112152099,0.1399232745170593,0.9648771286010742,-0.1370137333869934,0.4081010451118629,"[263.0, 226.0]"
normal_1002_EDD,0,1,9,normal,"[424.0, 203.0]",35.918785545899944,0.8291799664497375,0.1448197960853576,0.9350265264511108,-0.1492080092430114,0.5019724762926941,"[440.0, 211.0]"
normal_1002_EDD,1,4,9,normal,"[328.0, 196.0]",35.918785545899944,0.6490369111299514,0.0427582263946533,0.858034074306488,-0.0282741636037826,-2.1459860984330725,"[440.0, 211.0]"
normal_1002_EDD,2,4,9,normal,"[336.0, 297.0]",57.01751796098172,0.6434396624565124,0.0390076637268066,0.8568210005760193,-0.0232864916324615,-1.3668487876839723,"[440.0, 211.0]"
normal_1003_EDD,0,3,9,normal,"[320.0, 204.0]",114.03503592196344,0.8540124833583831,0.1370567083358764,0.990772783756256,-0.1170741319656372,0.8117165450074757,"[330.0, 223.0]"
normal_1003_EDD,1,4,9,normal,"[401.0, 193.0]",35.918785545899944,0.730568391084671,0.0208760499954223,0.9944645762443542,-0.0678356885910034,-1.1458933401764422,"[330.0, 223.0]"
normal_1003_EDD,2,4,9,normal,"[372.0, 271.0]",35.918785545899944,0.731356680393219,0.0212944746017456,0.9939537048339844,-0.0714730620384216,-0.7756968646644111,"[330.0, 223.0]"
normal_1004_EDD,0,1,9,normal,"[152.0, 218.0]",35.918785545899944,0.8433898866176605,0.1448498368263244,0.9548686146736144,-0.1506600975990295,0.6613046661878269,"[140.0, 216.0]"
normal_1005_EDD,0,2,9,normal,"[236.0, 198.0]",90.50966799187808,0.8337340354919434,0.1218087077140808,0.9742251038551332,-0.149838775396347,0.8911844665844991,"[240.0, 189.0]"
normal_1006_EDD,0,1,9,normal,"[481.0, 206.0]",45.254833995939045,0.8697215914726256,0.1742008328437805,0.9478261470794678,-0.1602122783660888,0.4874618916607274,"[504.0, 209.0]"
normal_1006_EDD,1,4,9,normal,"[205.0, 245.0]",35.918785545899944,0.6544960975646973,0.0364612936973571,0.8718209266662598,-0.0388007760047912,-7.3844545866738365,"[504.0, 209.0]"
normal_1006_EDD,2,4,9,normal,"[368.0, 257.0]",35.918785545899944,0.645346388220787,0.0308229327201843,0.8692355751991272,-0.0302927643060684,-3.015226261875166,"[504.0, 209.0]"
normal_1007_EDD,0,1,9,normal,"[466.0, 210.0]",45.254833995939045,0.9077329754829406,0.2035527825355529,0.9625543355941772,-0.1519607901573181,0.5967660031073769,"[484.0, 213.0]"
normal_1008_EDD,0,2,9,normal,"[304.0, 218.0]",71.83757109179989,0.8086511015892028,0.1251601576805114,0.9371858835220336,-0.1373041272163391,0.7011186454766599,"[323.0, 228.0]"
normal_1009_EDD,0,1,9,normal,"[351.0, 216.0]",45.254833995939045,0.7608784735202788,0.0667468309402465,0.9578929543495178,-0.1180328726768493,0.3808871013700329,"[374.0, 200.0]"
normal_1009_EDD,1,4,9,normal,"[322.0, 309.0]",35.918785545899944,0.6741957306861877,0.0364795923233032,0.900334358215332,-0.0374104380607605,-2.3622621563590296,"[374.0, 200.0]"
normal_1010_EDD,0,2,9,normal,"[228.0, 216.0]",90.50966799187808,0.8382942736148833,0.1230239868164062,0.9783117175102234,-0.152260422706604,0.5436536916715553,"[223.0, 175.0]"
normal_1011_EDD,0,1,9,normal,"[131.0, 186.0]",45.254833995939045,0.8909056901931762,0.1846846342086792,0.9689079523086548,-0.1399274468421936,0.6140909676491104,"[115.0, 179.0]"
normal_1011_EDD,1,4,9,normal,"[213.0, 270.0]",45.254833995939045,0.6525368958711624,0.0534594655036926,0.8469786643981934,-0.0309618264436721,-1.9551497688357524,"[115.0, 179.0]"
normal_1012_EDD,0,2,9,normal,"[323.0, 211.0]",57.01751796098172,0.8115970015525817,0.1242944002151489,0.9436604976654052,-0.1337012648582458,0.6594645201456383,"[339.0, 200.0]"
normal_1013_EDD,0,1,9,normal,"[460.0, 205.0]",45.254833995939045,0.9058785319328309,0.2120490074157714,0.9488062858581544,-0.1483256220817566,0.4898491338339217,"[483.0, 203.0]"
normal_1014_EDD,0,1,9,normal,"[475.0, 218.0]",45.254833995939045,0.8444708287715912,0.1430073380470276,0.9634944796562196,-0.1350867748260498,0.661979567925251,"[490.0, 221.0]"
normal_1015_EDD,0,1,9,normal,"[134.0, 187.0]",57.01751796098172,0.8371923267841339,0.1664458513259887,0.9184725880622864,-0.1390783190727234,0.607827899658842,"[114.0, 177.0]"
normal_1015_EDD,1,4,9,normal,"[212.0, 269.0]",45.254833995939045,0.6626091301441192,0.0576298832893371,0.8542577624320984,-0.0349940657615661,-1.970229894301113,"[114.0, 177.0]"
normal_1016_EDD,0,4,9,normal,"[382.0, 248.0]",114.03503592196344,0.8145039975643158,0.1029546856880188,0.9854043126106262,-0.1088314652442932,0.0700889119286681,"[484.0, 219.0]"
normal_1016_EDD,1,4,9,normal,"[356.0, 181.0]",35.918785545899944,0.7242468774318694,0.0163122415542602,0.9942681193351746,-0.0597347617149353,-2.717317604549059,"[484.0, 219.0]"
normal_1016_EDD,2,1,9,normal,"[485.0, 207.0]",35.918785545899944,0.7507989585399627,0.0485883355140686,0.9872599840164183,-0.0556431710720062,0.664754963293384,"[484.0, 219.0]"
normal_1016_EDD,3,4,9,normal,"[365.0, 188.0]",45.254833995939045,0.7265518486499786,0.0183349251747131,0.9947653412818908,-0.0594059228897094,-1.7173128385410463,"[484.0, 219.0]"
normal_1016_EDD,4,1,9,normal,"[477.0, 207.0]",45.254833995939045,0.7523030340671539,0.0506333708763122,0.9864203929901124,-0.0558769404888153,0.6930174577439296,"[484.0, 219.0]"
normal_1017_EDD,0,3,9,normal,"[276.0, 236.0]",114.03503592196344,0.8848265111446381,0.1710414886474609,0.9818910360336304,-0.1323064863681793,0.5882192946417841,"[318.0, 215.0]"
normal_1017_EDD,1,4,9,normal,"[268.0, 170.0]",35.918785545899944,0.7268666386604309,0.0203022360801696,0.991814374923706,-0.0614717006683349,-0.8727838152937517,"[318.0, 215.0]"
normal_1017_EDD,2,4,9,normal,"[269.0, 315.0]",35.918785545899944,0.747855281829834,0.0387220978736877,0.9921413660049438,-0.0731711387634277,-2.1003213389919133,"[318.0, 215.0]"
normal_1017_EDD,3,4,9,normal,"[266.0, 307.0]",45.254833995939045,0.7498925447463989,0.041979432106018,0.9907623529434204,-0.0718973278999328,-1.3351927115336752,"[318.0, 215.0]"
normal_1018_EDD,0,1,9,normal,"[484.0, 206.0]",45.254833995939045,0.8231673538684845,0.1178746223449707,0.9654839634895324,-0.1472697854042053,0.4297410127845419,"[505.0, 221.0]"
normal_1018_EDD,1,4,9,normal,"[367.0, 305.0]",57.01751796098172,0.7671136260032654,0.0634888410568237,0.9742313623428344,-0.1083141565322876,-1.833426462453005,"[505.0, 221.0]"
normal_1019_EDD,0,2,9,normal,"[310.0, 220.0]",90.50966799187808,0.8635698556900024,0.1757708191871643,0.9440507292747498,-0.1348176300525665,0.7779270249445016,"[330.0, 222.0]"
normal_1020_EDD,0,1,9,normal,"[456.0, 196.0]",57.01751796098172,0.8341637015342712,0.1448369622230529,0.9473403692245485,-0.1309424042701721,0.612562545260359,"[478.0, 198.0]"
normal_1020_EDD,1,4,9,normal,"[385.0, 263.0]",35.918785545899944,0.6611066162586212,0.0265871882438659,0.8977509140968323,-0.0304689407348632,-2.158894401428182,"[478.0, 198.0]"
normal_1021_EDD,0,1,9,normal,"[131.0, 176.0]",45.254833995939045,0.8247995913028716,0.1089363694190979,0.982798993587494,-0.1395196318626403,0.5658611253296937,"[112.0, 181.0]"
normal_1021_EDD,1,4,9,normal,"[248.0, 177.0]",35.918785545899944,0.6949988663196563,0.0333239436149597,0.9327867031097412,-0.043621152639389,-2.787956879546849,"[112.0, 181.0]"
normal_1022_EDD,0,1,0,normal,"[472.0, 195.0]",45.254833995939045,0.843265813589096,0.1328338980674743,0.9778010249137878,-0.129855990409851,-0.0793697524481589,"[491.0, 240.0]"
normal_1023_EDD,0,2,9,normal,"[246.0, 198.0]",71.83757109179989,0.7907089293003082,0.0986015200614929,0.9503546953201294,-0.1342956125736236,0.8580403141114878,"[236.0, 196.0]"
normal_1024_EDD,0,3,9,normal,"[308.0, 190.0]",90.50966799187808,0.8114650309085846,0.1003640294075012,0.9758058190345764,-0.1401846408843994,0.4008265784745622,"[329.0, 240.0]"
normal_1024_EDD,1,1,9,normal,"[311.0, 246.0]",35.918785545899944,0.7329182982444763,0.0254733562469482,0.987567663192749,-0.0807378888130188,0.47176204115353,"[329.0, 240.0]"
normal_1025_IFD,0,1,9,normal,"[97.0, 290.0]",35.918785545899944,0.9389419317245484,0.2925681471824646,0.879029393196106,-0.1552660465240478,0.664754963293384,"[85.0, 291.0]"
normal_1025_IFD,1,4,9,normal,"[251.0, 202.0]",57.01751796098172,0.5101425543427468,0.034726083278656,0.6735249757766724,-0.0197449401021003,-2.303430208785484,"[85.0, 291.0]"
normal_1026_IFD,0,1,9,normal,"[112.0, 245.0]",35.918785545899944,0.7476112186908722,0.19338059425354,0.7473583221435547,-0.1553989946842193,0.5258919223712375,"[95.0, 246.0]"
normal_1027_IFD,0,1,9,normal,"[481.0, 315.0]",45.254833995939045,0.9362889170646668,0.302405834197998,0.8613709807395935,-0.1546169817447662,0.5597186623873323,"[500.0, 309.0]"
normal_1027_IFD,1,4,9,normal,"[332.0, 191.0]",57.01751796098172,0.5185454294085503,0.0327209830284118,0.6887342929840088,-0.0185522064566612,-2.600643945058197,"[500.0, 309.0]"
normal_1028_IFD,0,1,0,normal,"[96.0, 322.0]",45.254833995939045,1.0041247129440307,0.3188123106956482,0.9345115423202516,-0.1557716131210327,-4.454758888461523,"[235.0, 118.0]"
normal_1028_IFD,1,4,0,normal,"[210.0, 246.0]",35.918785545899944,0.4844098061323165,0.0213305950164794,0.6586281061172485,-0.0101976841688156,-2.630928913093322,"[235.0, 118.0]"
normal_1029_IFD,0,1,9,normal,"[81.0, 261.0]",45.254833995939045,0.8171257078647612,0.2238049507141113,0.8056230545043945,-0.1469230949878692,0.5575061794216782,"[61.0, 260.0]"
normal_1029_IFD,1,4,9,normal,"[236.0, 221.0]",35.918785545899944,0.5224763303995132,0.0588749647140502,0.6541627645492554,-0.0284371525049209,-3.991623560507085,"[61.0, 260.0]"
normal_1029_IFD,2,4,9,normal,"[157.0, 354.0]",35.918785545899944,0.4992236956954002,0.0504288077354431,0.6366748213768005,-0.0156125649809837,-2.7405978349923394,"[61.0, 260.0]"
normal_1030_IFD,0,1,9,normal,"[446.0, 257.0]",45.254833995939045,0.8844374060630799,0.2028900980949401,0.9328943490982056,-0.1426063179969787,0.7529470577993453,"[457.0, 255.0]"
normal_1031_IFD,0,1,9,normal,"[415.0, 246.0]",57.01751796098172,0.9274724006652832,0.2595430016517639,0.9106149673461914,-0.1524946093559265,0.3919435133875041,"[444.0, 227.0]"
normal_1032_IFD,0,1,9,normal,"[269.0, 271.0]",35.918785545899944,0.9778976559638975,0.2799080610275268,0.9554152488708496,-0.1459946036338806,0.6370031833692216,"[256.0, 272.0]"
normal_1033_IFD,0,1,9,normal,"[148.0, 246.0]",57.01751796098172,0.8615031540393828,0.1813319325447082,0.9281062483787536,-0.1524842381477356,0.5604872139570796,"[126.0, 234.0]"
normal_1034_IFD,0,1,9,normal,"[150.0, 215.0]",45.254833995939045,0.9801361918449402,0.2708276510238647,0.9700682163238524,-0.1513039469718933,0.6898526056050125,"[136.0, 214.0]"
normal_1035_IFD,0,1,9,normal,"[148.0, 226.0]",57.01751796098172,0.8692974984645844,0.212375521659851,0.8949840068817139,-0.1521658599376678,0.7013306265351646,"[131.0, 227.0]"
normal_1036_IFD,0,1,9,normal,"[458.0, 221.0]",45.254833995939045,0.9666652619838714,0.3157265782356262,0.8860451579093933,-0.1535353660583496,0.5276182356927821,"[479.0, 217.0]"
normal_1037_IFD,0,1,0,normal,"[508.0, 259.0]",45.254833995939045,0.8802230894565581,0.2646627426147461,0.8362718820571899,-0.1508501470088958,-1.006459295936501,"[490.0, 170.0]"
normal_1037_IFD,1,4,0,normal,"[378.0, 224.0]",35.918785545899944,0.4890019163489341,0.0278038382530212,0.6553789973258972,-0.0121638998389244,-2.461649564405982,"[490.0, 170.0]"
normal_1038_IFD,0,1,9,normal,"[122.0, 273.0]",45.254833995939045,0.9301141917705537,0.2783474326133728,0.8887879252433777,-0.148076057434082,0.3988942480727705,"[96.0, 265.0]"
normal_1039_IFD,0,1,0,normal,"[60.0, 229.0]",45.254833995939045,0.852438884973526,0.2551440000534057,0.8161339163780212,-0.1300057172775268,-0.1719791620374484,"[58.0, 176.0]"
normal_1039_IFD,1,4,0,normal,"[392.0, 245.0]",45.254833995939045,0.4135726355016231,0.0322493910789489,0.5425735116004944,-0.0076089315116405,-6.536272961899004,"[58.0, 176.0]"
normal_1040_IFD,0,1,9,normal,"[148.0, 246.0]",57.01751796098172,0.8615031540393828,0.1813319325447082,0.9281062483787536,-0.1524842381477356,0.5604872139570796,"[126.0, 234.0]"
normal_1041_IFD,0,1,9,normal,"[441.0, 232.0]",35.918785545899944,1.0150910139083862,0.3174226284027099,0.9548715353012084,-0.1462915539741516,0.6825684922887694,"[452.0, 229.0]"
normal_1042_IFD,0,1,9,normal,"[458.0, 238.0]",35.918785545899944,0.9513791024684906,0.3081796169281006,0.877582848072052,-0.144457459449768,0.4889147984352913,"[474.0, 229.0]"
normal_1043_IFD,0,1,9,normal,"[92.0, 301.0]",45.254833995939045,0.8390430450439453,0.2226910591125488,0.837679386138916,-0.1498820781707763,0.4956246127634697,"[81.0, 281.0]"
normal_1043_IFD,1,4,9,normal,"[248.0, 162.0]",45.254833995939045,0.5108036190271378,0.0223494172096252,0.6945609450340271,-0.0113077014684677,-3.53125,"[81.0, 281.0]"
normal_1043_IFD,2,4,9,normal,"[247.0, 173.0]",57.01751796098172,0.5168881610035896,0.0290600657463073,0.6936272978782654,-0.0114449337124824,-2.473325514701072,"[81.0, 281.0]"
normal_1043_IFD,3,4,9,normal,"[192.0, 221.0]",57.01751796098172,0.519155229628086,0.0278816223144531,0.6993077993392944,-0.0087907388806343,-1.2129768110078922,"[81.0, 281.0]"
normal_1043_IFD,4,4,9,normal,"[240.0, 186.0]",71.83757109179989,0.5226378768682479,0.0370732545852661,0.6903125047683716,-0.0117293447256088,-1.5782997215610497,"[81.0, 281.0]"
normal_1044_IFD,0,1,9,normal,"[112.0, 264.0]",45.254833995939045,0.8745480895042419,0.2534643411636352,0.8478763103485107,-0.1378516554832458,0.4874618916607274,"[89.0, 261.0]"
normal_1045_IFD,0,1,9,normal,"[466.0, 239.0]",35.918785545899944,0.9716842949390412,0.3198803663253784,0.8896213173866272,-0.1453450322151184,0.3990043700854742,"[487.0, 244.0]"
normal_1046_IFD,0,1,9,normal,"[113.0, 294.0]",35.918785545899944,0.7821375548839569,0.2040720582008361,0.7841163277626038,-0.1459203362464904,0.4424927210049673,"[93.0, 295.0]"
normal_1046_IFD,1,4,9,normal,"[232.0, 232.0]",35.918785545899944,0.4764549076557159,0.0365123748779296,0.6203655004501343,-0.0284334123134613,-3.24876880720978,"[93.0, 295.0]"
normal_1047_IFD,0,1,9,normal,"[462.0, 233.0]",57.01751796098172,0.9177061080932616,0.2188722491264343,0.954506516456604,-0.1533964872360229,0.7013306265351646,"[479.0, 232.0]"
normal_1047_IFD,1,4,9,normal,"[390.0, 350.0]",35.918785545899944,0.6193871647119522,0.0399179458618164,0.8174859285354614,-0.036145344376564,-3.114853523711889,"[479.0, 232.0]"
normal_1048_IFD,0,1,9,normal,"[106.0, 286.0]",45.254833995939045,0.8307713508605956,0.2323949933052063,0.8138337135314941,-0.1434637904167175,0.6084386223080729,"[89.0, 281.0]"
normal_1048_IFD,1,4,9,normal,"[245.0, 216.0]",35.918785545899944,0.472756803035736,0.0214943289756774,0.6417120099067688,-0.0103203356266021,-3.705058855178666,"[89.0, 281.0]"
normal_1048_IFD,2,4,9,normal,"[244.0, 218.0]",35.918785545899944,0.4725155591964721,0.0214960575103759,0.6413646340370178,-0.0103212893009185,-3.658121742543692,"[89.0, 281.0]"
normal_1048_IFD,3,4,9,normal,"[241.0, 211.0]",45.254833995939045,0.4729239150881766,0.0229753255844116,0.6398087739944458,-0.0104122385382652,-2.697813965710011,"[89.0, 281.0]"
normal_1048_IFD,4,4,9,normal,"[239.0, 166.0]",57.01751796098172,0.4901081562042236,0.0408973693847656,0.6382430791854858,-0.0122031569480896,-2.314956323488193,"[89.0, 281.0]"
normal_1049_IFD,0,1,9,normal,"[93.0, 235.0]",45.254833995939045,0.9206947326660156,0.3079726696014404,0.8311833143234253,-0.1544687151908874,0.5449931319199677,"[75.0, 225.0]"
normal_1049_IFD,1,4,9,normal,"[185.0, 122.0]",45.254833995939045,0.4830434650182724,0.0478848218917846,0.6168779730796814,-0.0167203098535537,-2.329921756775976,"[75.0, 225.0]"
normal_1050_IFD,0,1,9,normal,"[472.0, 267.0]",45.254833995939045,0.8605351030826568,0.1931928396224975,0.9156052470207214,-0.1320929527282714,0.5531140735601534,"[492.0, 264.0]"
normal_1051_IFD,0,1,9,normal,"[233.0, 275.0]",35.918785545899944,0.9251625835895536,0.2581948637962341,0.9116588234901428,-0.1440327167510986,0.274006366738443,"[207.0, 273.0]"
normal_1052_IFD,0,1,9,normal,"[80.0, 274.0]",35.918785545899944,0.7970706939697265,0.2294264435768127,0.7681572437286377,-0.1496708989143371,0.3295099265867679,"[56.0, 276.0]"
normal_1052_IFD,1,4,9,normal,"[190.0, 153.0]",45.254833995939045,0.4892129868268967,0.0434599518775939,0.626594066619873,-0.0356859415769577,-3.019301575678292,"[56.0, 276.0]"
normal_1053_IFD,0,1,9,normal,"[100.0, 292.0]",35.918785545899944,0.8832438707351684,0.2182443141937255,0.9073307514190674,-0.1493401527404785,0.5234459487292551,"[83.0, 290.0]"
normal_1053_IFD,1,4,9,normal,"[196.0, 145.0]",45.254833995939045,0.513516654074192,0.0220902562141418,0.699847400188446,-0.0076660886406898,-3.062139407073568,"[83.0, 290.0]"
normal_1054_IFD,0,1,9,normal,"[271.0, 283.0]",45.254833995939045,0.8796593725681304,0.2444792985916137,0.8666197657585144,-0.1427311897277832,0.6402854864618333,"[283.0, 272.0]"
normal_1055_IFD,0,1,9,normal,"[285.0, 284.0]",45.254833995939045,0.8946657955646515,0.2366425991058349,0.9008356928825378,-0.1371910572052002,0.5558540498890033,"[265.0, 286.0]"
normal_1056_IFD,0,1,9,normal,"[463.0, 254.0]",35.918785545899944,1.0051766335964205,0.325296401977539,0.928793489933014,-0.1486239433288574,0.4404111682295971,"[483.0, 252.0]"
normal_1056_IFD,1,4,9,normal,"[335.0, 227.0]",35.918785545899944,0.5041459783911705,0.0563439726829528,0.6351934671401978,-0.0158328935503959,-3.178778131202959,"[483.0, 252.0]"
normal_1057_IFD,0,1,9,normal,"[510.0, 287.0]",35.918785545899944,0.914093279838562,0.2561408877372741,0.8975284099578857,-0.1484125256538391,0.4644756561412466,"[519.0, 270.0]"
normal_1057_IFD,1,4,9,normal,"[363.0, 186.0]",57.01751796098172,0.5141430452466011,0.0357058048248291,0.6792262196540833,-0.0148944333195686,-2.1074287878340714,"[519.0, 270.0]"
normal_1058_IFD,0,2,9,normal,"[452.0, 277.0]",57.01751796098172,0.8218173742294311,0.1290434002876281,0.9506062269210817,-0.1367480754852295,0.6105827804295356,"[474.0, 280.0]"
normal_1058_IFD,1,4,9,normal,"[344.0, 232.0]",45.254833995939045,0.7145420014858246,0.0484150648117065,0.9339091777801514,-0.0619525611400604,-2.0621811058459616,"[474.0, 280.0]"
normal_1059_IFD,0,1,9,normal,"[524.0, 291.0]",35.918785545899944,0.8291933715343475,0.2474726438522339,0.786851704120636,-0.1546226739883422,0.4424927210049673,"[544.0, 292.0]"
normal_1059_IFD,1,4,9,normal,"[390.0, 189.0]",57.01751796098172,0.491040089726448,0.045190155506134,0.6297144889831543,-0.02524895966053,-2.2493535278626693,"[544.0, 292.0]"
normal_1060_IFD,0,1,9,normal,"[465.0, 251.0]",45.254833995939045,1.012177288532257,0.318881094455719,0.9453365802764891,-0.157802939414978,0.4692097577667804,"[489.0, 250.0]"
normal_1060_IFD,1,4,9,normal,"[367.0, 200.0]",35.918785545899944,0.4915012069046497,0.0193475484848022,0.6735026240348816,-0.0035091079771518,-2.670736518146179,"[489.0, 250.0]"
normal_1061_IFD,0,1,9,normal,"[484.0, 279.0]",45.254833995939045,0.9932172179222108,0.3206733465194702,0.9148043394088744,-0.1609041690826416,0.3888247745122517,"[502.0, 258.0]"
normal_1061_IFD,1,4,9,normal,"[346.0, 169.0]",57.01751796098172,0.5201831206679345,0.0374244451522827,0.6863253712654114,-0.0116545781493186,-2.1499501370394256,"[502.0, 258.0]"
normal_1062_IFD,0,1,9,normal,"[489.0, 302.0]",35.918785545899944,0.9046383798122404,0.2807687520980835,0.8473984599113464,-0.153453528881073,0.3382368505295221,"[511.0, 293.0]"
normal_1062_IFD,1,4,9,normal,"[210.0, 205.0]",45.254833995939045,0.5205354914069176,0.038643479347229,0.6818689703941345,-0.022918663918972,-5.929647864881014,"[511.0, 293.0]"
normal_1063_PPE,0,1,9,normal,"[134.0, 126.0]",71.83757109179989,1.0002833902835846,0.3059752583503723,0.9780657291412354,-0.0483106076717376,0.4889147984352913,"[152.0, 94.0]"
normal_1063_PPE,1,4,9,normal,"[172.0, 128.0]",35.918785545899944,0.8348261117935181,0.1413734555244445,0.9778407216072084,-0.0448207557201385,-0.0982043308848659,"[152.0, 94.0]"
normal_1064_PPE,0,1,9,normal,"[139.0, 118.0]",45.254833995939045,1.0401252925395963,0.3267347812652588,0.9781998991966248,-0.1432529091835022,0.4961088907313407,"[157.0, 104.0]"
normal_1065_PPE,0,1,9,normal,"[107.0, 120.0]",45.254833995939045,0.9828622877597808,0.2756687998771667,0.9687705039978028,-0.1452706754207611,0.702714100149368,"[97.0, 111.0]"
normal_1066_PPE,0,4,9,normal,"[37.0, 130.0]",57.01751796098172,0.6307770729064941,-0.015285849571228,0.9220223426818848,-0.0032364130020141,-1.4536939382839842,"[175.0, 107.0]"
normal_1066_PPE,1,4,9,normal,"[63.0, 166.0]",35.918785545899944,0.6107841193675995,-0.0274469852447509,0.9103990197181702,-0.0047589540481567,-2.524336557814706,"[175.0, 107.0]"
normal_1066_PPE,2,4,9,normal,"[64.0, 168.0]",35.918785545899944,0.6099265992641448,-0.0276494622230529,0.909463346004486,-0.004758596420288,-2.5262054451829123,"[175.0, 107.0]"
normal_1066_PPE,3,4,9,normal,"[65.0, 170.0]",35.918785545899944,0.6088686764240264,-0.0280166268348693,0.9084773659706116,-0.0047557353973388,-2.529171643916613,"[175.0, 107.0]"
normal_1067_PPE,0,1,9,normal,"[106.0, 119.0]",45.254833995939045,0.9367036461830138,0.2188566327095031,0.9855393171310424,-0.139847457408905,0.6656103975151142,"[91.0, 121.0]"
normal_1068_PPE,0,1,9,normal,"[129.0, 118.0]",45.254833995939045,0.9906649947166444,0.2776500582695007,0.973861575126648,-0.1565591692924499,0.3742192376718505,"[150.0, 99.0]"
normal_1069_PPE,0,1,9,normal,"[107.0, 122.0]",45.254833995939045,0.9671785950660704,0.2519567012786865,0.9806104302406312,-0.1439729630947113,0.5444568832152109,"[87.0, 127.0]"
normal_1070_PPE,0,1,9,normal,"[139.0, 115.0]",45.254833995939045,0.942540419101715,0.2252289056777954,0.99153733253479,-0.1161769032478332,0.7127378701429651,"[152.0, 115.0]"
normal_1071_PPE,0,1,9,normal,"[109.0, 115.0]",45.254833995939045,0.8925280570983886,0.1767825484275818,0.9910459518432616,-0.1100667119026184,0.4659997659176543,"[87.0, 105.0]"
normal_1072_PPE,0,1,9,normal,"[138.0, 126.0]",57.01751796098172,0.9064615249633788,0.2264649868011474,0.9463866353034972,-0.0876294672489166,0.4273750138164228,"[167.0, 111.0]"
normal_1073_PPE,0,1,9,normal,"[103.0, 125.0]",57.01751796098172,0.8928557813167571,0.2179521322250366,0.937545120716095,-0.0931103229522705,0.6626408032206081,"[86.0, 116.0]"
normal_1074_PPE,0,1,9,normal,"[137.0, 123.0]",57.01751796098172,0.9657435178756714,0.2628079056739807,0.9823416471481324,-0.0764822959899902,0.3841524326578335,"[170.0, 135.0]"
normal_1075_PPE,0,1,9,normal,"[102.0, 110.0]",45.254833995939045,0.978942024707794,0.2728701829910278,0.9651122093200684,-0.1524664759635925,0.2266019580772137,"[74.0, 89.0]"
normal_1076_PPE,0,1,9,normal,"[106.0, 134.0]",57.01751796098172,0.9507339179515838,0.2476752996444702,0.9827485084533693,-0.0756733119487762,0.4492808866618277,"[75.0, 129.0]"
normal_1077_PPE,0,1,9,normal,"[133.0, 120.0]",45.254833995939045,1.0271394371986389,0.3273402452468872,0.954476833343506,-0.158327043056488,0.4841383118994007,"[150.0, 104.0]"
normal_1078_PPE,0,1,9,normal,"[114.0, 126.0]",71.83757109179989,0.9813544064760208,0.3024643659591675,0.955278754234314,-0.0509745627641677,0.3475257324452855,"[75.0, 100.0]"
normal_1079_PPE,0,3,9,normal,"[116.0, 118.0]",35.918785545899944,0.9198331356048584,0.2262752652168274,0.951479196548462,-0.1376121640205383,-0.371272460232757,"[67.0, 123.0]"
normal_1080_PPE,0,1,9,normal,"[107.0, 116.0]",45.254833995939045,0.9997606456279756,0.3024913072586059,0.950794517993927,-0.158565878868103,0.6930174577439296,"[95.0, 109.0]"
normal_1081_PPE,0,1,9,normal,"[137.0, 123.0]",45.254833995939045,1.0177218854427337,0.3025752902030945,0.9817071557044984,-0.1397579312324524,0.3773481610883976,"[162.0, 110.0]"
normal_1082_PPE,0,1,9,normal,"[103.0, 120.0]",45.254833995939045,0.9993270814418792,0.2849069237709045,0.9765995144844056,-0.1540024876594543,0.6436951796565195,"[87.0, 118.0]"
normal_1083_PPE,0,1,9,normal,"[136.0, 128.0]",71.83757109179989,0.8887142390012741,0.2361586093902588,0.91337251663208,-0.0659743398427963,0.5455072472744571,"[165.0, 113.0]"
normal_1084_PPE,0,1,9,normal,"[107.0, 120.0]",57.01751796098172,0.9860964089632034,0.2861815690994262,0.9799545407295228,-0.0697333067655563,0.5563079175305536,"[83.0, 112.0]"
normal_1085_PPE,0,1,9,normal,"[137.0, 125.0]",57.01751796098172,0.9664420843124388,0.2912695407867431,0.9398683309555054,-0.0863235592842102,0.6137552749908222,"[159.0, 124.0]"
normal_1086_PPE,0,2,9,normal,"[120.0, 123.0]",35.918785545899944,0.937121433019638,0.2927090525627136,0.8814530968666077,-0.1369760632514953,-0.0811327579066187,"[82.0, 115.0]"
normal_1087_PPE,0,1,9,normal,"[108.0, 129.0]",45.254833995939045,0.9824713587760924,0.2668941020965576,0.9867767095565796,-0.124167799949646,0.6355655065721688,"[92.0, 125.0]"
normal_1088_PPE,0,1,9,normal,"[134.0, 120.0]",45.254833995939045,0.9391659557819366,0.226101279258728,0.979217767715454,-0.1380611956119537,0.6198273418563613,"[148.0, 110.0]"
normal_1089_PPE,0,1,9,normal,"[114.0, 121.0]",45.254833995939045,0.91044180393219,0.1988348960876464,0.9870867729187012,-0.1032308340072631,0.4216638898961954,"[88.0, 124.0]"
normal_1090_PPE,0,1,9,normal,"[138.0, 130.0]",45.254833995939045,0.8996750831604003,0.2280205488204956,0.9163641333580016,-0.1509982049465179,0.6678079433520423,"[153.0, 129.0]"
normal_1091_PPE,0,3,9,normal,"[130.0, 110.0]",45.254833995939045,0.9273367047309876,0.2323916554450988,0.9504060745239258,-0.1483039855957031,-0.1950826984983087,"[175.0, 140.0]"
normal_1092_PPE,0,1,9,normal,"[102.0, 122.0]",45.254833995939045,0.9278025567531584,0.2304462790489196,0.9506804943084716,-0.1593996584415435,0.5580582617584078,"[86.0, 110.0]"
normal_1093_PPE,0,1,9,normal,"[131.0, 125.0]",45.254833995939045,0.977936202287674,0.2616115212440491,0.9869036674499512,-0.1274605691432953,0.2094305849579052,"[163.0, 109.0]"
normal_1094_PPE,0,1,9,normal,"[112.0, 132.0]",45.254833995939045,0.9790623128414152,0.2643218636512756,0.9885762333869934,-0.1136854290962219,0.3497296235410997,"[83.0, 127.0]"
normal_1095_PPE,0,1,9,normal,"[130.0, 122.0]",45.254833995939045,0.9533526539802551,0.2613164186477661,0.9425586462020874,-0.1612259149551391,0.4533482598582531,"[154.0, 116.0]"
normal_1096_PPE,0,1,9,normal,"[111.0, 122.0]",45.254833995939045,0.939314967393875,0.2578165531158447,0.9282152056694032,-0.1587388515472412,0.8011262177912835,"[102.0, 122.0]"
normal_1097_PPE,0,2,9,normal,"[127.0, 122.0]",57.01751796098172,0.9610175609588624,0.2607938051223755,0.9815025329589844,-0.0658599138259887,0.1764385892835683,"[169.0, 101.0]"
normal_1098_PPE,0,1,9,normal,"[129.0, 121.0]",45.254833995939045,0.9457838237285614,0.2998402118682861,0.8807641863822937,-0.1470434069633484,0.5531140735601534,"[149.0, 124.0]"
normal_1099_PPE,0,1,9,normal,"[111.0, 125.0]",45.254833995939045,0.9275579988956452,0.2619154453277588,0.9078927636146544,-0.1505880951881408,0.4070729387184288,"[87.0, 113.0]"
normal_1100_PPE,0,1,9,normal,"[129.0, 119.0]",45.254833995939045,0.904022580385208,0.2041606903076172,0.956727147102356,-0.1507644355297088,0.4237784714191945,"[155.0, 121.0]"
normal_1101_PPE,0,1,9,normal,"[108.0, 118.0]",45.254833995939045,0.9404690921306608,0.2305786609649658,0.9715823531150818,-0.1489139199256897,0.53125,"[87.0, 121.0]"
normal_1102_PPE,0,1,9,normal,"[125.0, 126.0]",45.254833995939045,0.9933013141155242,0.2778725624084472,0.9916754961013794,-0.1062795221805572,0.4162018221165812,"[148.0, 113.0]"
normal_1103_PPE,0,3,9,normal,"[116.0, 107.0]",45.254833995939045,0.8799170851707458,0.1693005561828613,0.9862926602363586,-0.1010583341121673,0.0117882311973814,"[72.0, 115.0]"
normal_1104_PPE,0,1,9,normal,"[106.0, 115.0]",45.254833995939045,1.008076637983322,0.2936398386955261,0.9789488911628724,-0.145862877368927,0.3370873926376118,"[88.0, 91.0]"
normal_1105_PPE,0,1,9,normal,"[125.0, 130.0]",45.254833995939045,0.9648922383785248,0.2720688581466675,0.9459308981895448,-0.1533587574958801,0.3279433385122948,"[147.0, 151.0]"
normal_1106_PPE,0,1,9,normal,"[114.0, 117.0]",45.254833995939045,0.9898925244808195,0.2866422533988952,0.9605728983879088,-0.1542462110519409,0.257524726842705,"[87.0, 97.0]"
normal_1107_PPE,0,3,9,normal,"[122.0, 120.0]",45.254833995939045,0.9360441386699676,0.2235314846038818,0.9778798818588256,-0.1399836838245391,-0.4527049123961824,"[181.0, 149.0]"
normal_1108_PPE,0,1,9,normal,"[134.0, 132.0]",57.01751796098172,0.9546514838933944,0.2676354646682739,0.960327923297882,-0.0739323645830154,0.5174529869359912,"[160.0, 123.0]"
normal_1109_PPE,0,3,9,normal,"[121.0, 113.0]",45.254833995939045,0.922008854150772,0.2034106254577636,0.9886476993560792,-0.1327241957187652,-0.3567683341307754,"[62.0, 96.0]"
normal_1110_PPE,0,1,9,normal,"[122.0, 128.0]",45.254833995939045,1.0341087341308597,0.3205832242965698,0.9757869243621826,-0.1523733139038086,0.0779925942542544,"[151.0, 98.0]"
normal_1111_PPE,0,1,9,normal,"[114.0, 128.0]",57.01751796098172,0.9408566653728484,0.280344009399414,0.913719356060028,-0.1045455336570739,0.5209717724614709,"[89.0, 117.0]"
normal_1112_PPE,0,1,9,normal,"[136.0, 121.0]",45.254833995939045,0.9413165152072904,0.2254811525344848,0.9898456335067748,-0.1147170960903167,0.4956246127634697,"[156.0, 110.0]"
normal_1113_PPE,0,1,9,normal,"[106.0, 125.0]",57.01751796098172,0.9126954913139342,0.2239248156547546,0.9549264311790466,-0.1016108691692352,0.6401406925021835,"[91.0, 139.0]"
normal_1114_PPE,0,1,9,normal,"[140.0, 126.0]",45.254833995939045,0.94025359749794,0.2286908626556396,0.9886218309402466,-0.097637265920639,0.4436095682885983,"[165.0, 123.0]"
normal_1115_PPE,0,3,9,normal,"[129.0, 141.0]",45.254833995939045,0.8720835149288177,0.1571409702301025,0.9908912181854248,-0.1065934598445892,-0.2161430451431278,"[179.0, 118.0]"
normal_1116_PPE,0,1,9,normal,"[111.0, 120.0]",45.254833995939045,0.9691248297691344,0.2541931867599487,0.9901138544082642,-0.1092597246170044,0.2522821178746626,"[83.0, 101.0]"
normal_1117_PPE,0,1,0,normal,"[138.0, 126.0]",45.254833995939045,1.0182505071163177,0.3042662739753723,0.9889227747917176,-0.1086914539337158,-0.2423594613677635,"[182.0, 91.0]"
normal_1118_PPE,0,1,9,normal,"[100.0, 124.0]",45.254833995939045,1.0202729165554043,0.3085103034973144,0.984030783176422,-0.1147053241729736,0.0212212647896359,"[79.0, 163.0]"
normal_1119_PPE,0,1,9,normal,"[130.0, 126.0]",45.254833995939045,0.9275741040706634,0.2271027565002441,0.9570451974868774,-0.1526985466480255,0.2939297795190623,"[160.0, 137.0]"
normal_1120_PPE,0,1,9,normal,"[136.0, 129.0]",57.01751796098172,0.8601627498865128,0.1617600917816162,0.9758940935134888,-0.076383963227272,0.6663078599201646,"[155.0, 130.0]"
normal_1121_PPE,0,1,9,normal,"[109.0, 134.0]",57.01751796098172,0.8727045357227324,0.1697680354118347,0.9827646017074584,-0.0750063955783844,0.6388608094785004,"[91.0, 124.0]"
normal_1122_PPE,0,1,9,normal,"[134.0, 129.0]",45.254833995939045,0.9862863659858704,0.2722707390785217,0.9857600927352904,-0.1199178099632263,0.6084386223080729,"[151.0, 124.0]"
normal_1123_PPE,0,1,9,normal,"[106.0, 120.0]",57.01751796098172,0.9203070282936096,0.2474815845489502,0.937150239944458,-0.084101378917694,0.5369711185436945,"[82.0, 109.0]"
normal_1124_PPE,0,1,9,normal,"[126.0, 127.0]",57.01751796098172,0.946572744846344,0.2606884241104126,0.9516845345497132,-0.098525732755661,0.4065359236694026,"[158.0, 116.0]"
normal_1125_PPE,0,1,9,normal,"[114.0, 126.0]",45.254833995939045,0.9731374442577362,0.2567467093467712,0.9913208484649658,-0.1123307049274444,0.5118593952558341,"[92.0, 124.0]"
normal_1126_PPE,0,1,9,normal,"[128.0, 126.0]",57.01751796098172,0.9514937877655028,0.25916188955307,0.96263986825943,-0.0924199521541595,0.575801015024064,"[149.0, 138.0]"
normal_1127_PPE,0,3,9,normal,"[130.0, 138.0]",45.254833995939045,0.879558390378952,0.1747226119041443,0.969723641872406,-0.1301461458206176,-0.2766686384884684,"[77.0, 161.0]"
normal_1128_PPE,0,1,9,normal,"[113.0, 125.0]",57.01751796098172,0.9228331685066222,0.2310932278633117,0.961719572544098,-0.09268119931221,0.5559614183895212,"[88.0, 121.0]"
normal_1129_PPE,0,2,9,normal,"[123.0, 121.0]",35.918785545899944,0.8805051565170288,0.2014486193656921,0.9298936128616332,-0.1406550407409668,0.2571205367131763,"[149.0, 115.0]"
normal_1130_PPE,0,1,9,normal,"[115.0, 122.0]",45.254833995939045,0.921132606267929,0.2342574000358581,0.9382147789001464,-0.1506243050098419,0.3093113717093643,"[84.0, 126.0]"
normal_1131_PPE,0,2,9,normal,"[122.0, 122.0]",35.918785545899944,0.8963488221168519,0.2392451763153076,0.8986884355545044,-0.1401087045669555,-0.0118817531936645,"[86.0, 127.0]"
normal_1132_PPE,0,1,9,normal,"[133.0, 124.0]",45.254833995939045,0.9697190046310424,0.2567309141159057,0.9878475666046144,-0.1074739694595336,0.3844463873877435,"[159.0, 134.0]"
normal_1133_PPE,0,1,9,normal,"[113.0, 123.0]",45.254833995939045,0.9587789714336394,0.242451012134552,0.9913560152053832,-0.111893743276596,0.3622396365012953,"[85.0, 116.0]"
normal_1134_PPE,0,1,9,normal,"[137.0, 133.0]",57.01751796098172,0.986074560880661,0.2948730587959289,0.9621976613998412,-0.0883156955242157,0.3284804248344372,"[162.0, 104.0]"
normal_1135_PPE,0,1,9,normal,"[102.0, 122.0]",57.01751796098172,0.9800624012947082,0.2830193638801574,0.969739019870758,-0.0911286175251007,0.6023753942950674,"[87.0, 105.0]"
normal_1136_PPE,0,1,9,normal,"[123.0, 123.0]",45.254833995939045,1.02059126496315,0.3281746506690979,0.947067141532898,-0.1473480761051178,0.0809099268842036,"[164.0, 130.0]"
normal_1136_PPE,1,4,9,normal,"[196.0, 184.0]",228.07007184392688,0.3281974151730537,-0.0835388898849487,0.5876727104187012,-0.0018270388245582,0.7247801134168306,"[164.0, 130.0]"
normal_1137_PPE,0,1,9,normal,"[111.0, 128.0]",57.01751796098172,0.9647365152835844,0.2938268780708313,0.928874135017395,-0.1034887135028839,0.5790767318839851,"[87.0, 128.0]"
normal_1138_PPE,0,1,9,normal,"[126.0, 117.0]",45.254833995939045,0.9916418135166168,0.2754545211791992,0.9889764189720154,-0.1195189952850341,0.2644623565037612,"[154.0, 99.0]"
normal_1139_PPE,0,2,9,normal,"[128.0, 119.0]",35.918785545899944,0.88917618393898,0.203848123550415,0.9417725205421448,-0.1304364800453186,0.0239899330360876,"[163.0, 121.0]"
normal_1140_PPE,0,1,9,normal,"[106.0, 131.0]",57.01751796098172,0.9700953990221024,0.27593994140625,0.9710214138031006,-0.0722023397684097,0.1009075051813684,"[88.0, 83.0]"
normal_1141_PPE,0,1,9,normal,"[144.0, 126.0]",57.01751796098172,0.8649814665317536,0.188686192035675,0.938670814037323,-0.0961285233497619,0.7369229574274907,"[159.0, 126.0]"
normal_1142_PPE,0,1,9,normal,"[141.0, 122.0]",45.254833995939045,0.9221190869808196,0.2128629088401794,0.9679555296897888,-0.1584365367889404,0.629585325277197,"[157.0, 117.0]"
normal_1143_PPE,0,1,9,normal,"[100.0, 123.0]",45.254833995939045,0.8992206692695617,0.2008267045021057,0.9521760940551758,-0.159353494644165,0.7620070904417529,"[90.0, 119.0]"
normal_1144_PPE,0,1,9,normal,"[137.0, 125.0]",57.01751796098172,0.9603578150272368,0.3025195002555847,0.9118199348449708,-0.0978218019008636,0.4106969851648668,"[164.0, 145.0]"
normal_1145_PPE,0,1,9,normal,"[105.0, 124.0]",45.254833995939045,1.0157784283161164,0.2995598912239074,0.9872859716415404,-0.1255917847156524,0.4650861634805097,"[86.0, 139.0]"
normal_1146_PPE,0,1,9,normal,"[138.0, 125.0]",35.918785545899944,0.8886359810829163,0.2022438049316406,0.9406143426895142,-0.1398106813430786,0.5066635779201043,"[155.0, 120.0]"
normal_1147_PPE,0,1,9,normal,"[104.0, 124.0]",35.918785545899944,0.9005119442939759,0.2040072083473205,0.9542726278305054,-0.1425694823265075,0.3506515539180425,"[84.0, 112.0]"
normal_1148_PPE,0,1,9,normal,"[143.0, 115.0]",45.254833995939045,0.9859409928321838,0.2815603017807007,0.9613817930221558,-0.1570671796798706,0.5444568832152109,"[162.0, 123.0]"
normal_1149_PPE,0,1,9,normal,"[103.0, 122.0]",45.254833995939045,0.9910725593566894,0.2741482853889465,0.9813458919525146,-0.1499107480049133,0.6737404215965453,"[90.0, 115.0]"
normal_1150_PPE,0,1,9,normal,"[135.0, 124.0]",45.254833995939045,1.0284565746784209,0.3112636804580688,0.9797984957695008,-0.1566697359085083,0.5133621405500801,"[152.0, 110.0]"
normal_1151_PPE,0,1,9,normal,"[102.0, 121.0]",45.254833995939045,0.9584884762763975,0.2698192000389099,0.9464666843414308,-0.1307129859924316,0.4678316760648,"[78.0, 119.0]"
normal_1152_PPE,0,1,9,normal,"[103.0, 116.0]",57.01751796098172,0.8471548378467559,0.1512424945831298,0.9690173864364624,-0.088000863790512,0.4697693972517247,"[86.0, 91.0]"
normal_1153_PPE,0,1,9,normal,"[114.0, 122.0]",45.254833995939045,1.024322474002838,0.3132675886154175,0.9710941314697266,-0.1564449667930603,0.3441221293182701,"[89.0, 138.0]"
normal_1154_PPE,0,1,9,normal,"[136.0, 120.0]",45.254833995939045,0.9582930743694305,0.2442438006401062,0.9788287281990052,-0.1443458199501037,0.3235980993152074,"[155.0, 144.0]"
normal_1155_PPE,0,1,9,normal,"[105.0, 118.0]",45.254833995939045,0.9419863581657408,0.228406012058258,0.9765113592147828,-0.150111973285675,0.5385992793677062,"[85.0, 124.0]"
normal_1156_PPE,0,1,9,normal,"[133.0, 121.0]",45.254833995939045,0.944851702451706,0.2589579820632934,0.938452124595642,-0.144886165857315,0.661979567925251,"[148.0, 118.0]"
normal_1157_PPE,0,1,9,normal,"[102.0, 125.0]",45.254833995939045,0.9700493276119232,0.2572516798973083,0.9771469831466676,-0.1439737975597381,0.875,"[98.0, 121.0]"
normal_1158_PPE,0,1,9,normal,"[132.0, 125.0]",57.01751796098172,0.9866637527942655,0.3219057917594909,0.9234915375709534,-0.0915694236755371,0.3381696384249856,"[164.0, 145.0]"
normal_1159_PPE,0,1,9,normal,"[110.0, 124.0]",45.254833995939045,1.0426083266735076,0.3277419209480285,0.9903980493545532,-0.1079388558864593,0.4841383118994007,"[93.0, 140.0]"
normal_1160_PPE,0,1,9,normal,"[134.0, 123.0]",45.254833995939045,0.9840619683265686,0.2866082787513733,0.9516588449478148,-0.1564624905586242,0.4917670010221689,"[157.0, 123.0]"
normal_1161_PPE,0,1,9,normal,"[104.0, 123.0]",45.254833995939045,1.0358425617218017,0.3216132521629333,0.977558732032776,-0.1496909856796264,0.5749540466020174,"[85.0, 120.0]"
normal_1162_PPE,0,1,9,normal,"[141.0, 124.0]",45.254833995939045,0.9075061321258544,0.200271189212799,0.9648230075836182,-0.1592941880226135,0.5558540498890033,"[161.0, 122.0]"
normal_1163_PPE,0,1,9,normal,"[133.0, 124.0]",57.01751796098172,0.9218142360448836,0.2192015051841735,0.9837602376937866,-0.0699028223752975,0.5386348999980413,"[159.0, 120.0]"
normal_1164_PPE,0,1,9,normal,"[130.0, 131.0]",45.254833995939045,1.0174739480018615,0.3006587028503418,0.9899325370788574,-0.1193123459815979,0.6342281277900117,"[145.0, 138.0]"
normal_1165_PPE,0,1,9,normal,"[97.0, 128.0]",45.254833995939045,0.8892764568328857,0.1755750775337219,0.977415144443512,-0.1475538909435272,0.4405464440634951,"[72.0, 124.0]"
normal_1166_PPE,0,1,9,normal,"[136.0, 131.0]",57.01751796098172,0.9869354248046874,0.2902376651763916,0.9736093282699584,-0.0758561491966247,0.6058719169497622,"[157.0, 123.0]"
normal_1167_PPE,0,1,9,normal,"[95.0, 134.0]",57.01751796098172,0.961427891254425,0.2522863745689392,0.9921980500221252,-0.0730144083499908,0.5831153389687087,"[72.0, 128.0]"
normal_1168_PPE,0,1,9,normal,"[133.0, 125.0]",35.918785545899944,0.8129621028900147,0.1984608769416809,0.8406883478164673,-0.1300969123840332,0.1921431692056171,"[162.0, 124.0]"
normal_1169_PPE,0,2,9,normal,"[116.0, 115.0]",35.918785545899944,0.624023312330246,0.1791070699691772,0.5980339646339417,-0.1314623355865478,0.1984038530205115,"[89.0, 105.0]"
normal_1170_PPE,0,1,9,normal,"[126.0, 132.0]",45.254833995939045,1.020398950576782,0.3043242692947387,0.9918806552886964,-0.1087911128997802,0.5255554234159695,"[145.0, 142.0]"
normal_1171_PPE,0,1,9,normal,"[107.0, 125.0]",57.01751796098172,0.97186159491539,0.2898463606834411,0.9479389190673828,-0.0922899544239044,0.6838207445357983,"[90.0, 131.0]"
normal_1172_PPE,0,1,9,normal,"[139.0, 126.0]",45.254833995939045,1.044379824399948,0.3277176022529602,0.991817831993103,-0.1119486987590789,0.5153730493977868,"[159.0, 117.0]"
normal_1173_PPE,0,1,9,normal,"[103.0, 122.0]",57.01751796098172,0.96679607629776,0.3028048276901245,0.918379545211792,-0.1056278347969055,0.4785438132367786,"[83.0, 100.0]"
normal_1174_PPE,0,3,9,normal,"[118.0, 112.0]",45.254833995939045,0.9222919821739196,0.2115193605422973,0.9795907735824584,-0.1252954006195068,-0.0317233762011985,"[72.0, 120.0]"
normal_1175_PPE,0,1,9,normal,"[104.0, 121.0]",57.01751796098172,0.91325985789299,0.2205984592437744,0.9673411846160888,-0.0776128470897674,0.6766066013746157,"[86.0, 125.0]"
normal_1176_PPE,0,1,9,normal,"[138.0, 128.0]",57.01751796098172,0.9865261316299436,0.2892314195632934,0.972054123878479,-0.0842841267585754,0.5356443855050687,"[164.0, 123.0]"
normal_1177_PPE,0,1,9,normal,"[117.0, 120.0]",45.254833995939045,1.0037281513214111,0.2967387437820434,0.965402603149414,-0.1560379266738891,0.3139219249968703,"[87.0, 128.0]"
normal_1178_PPE,0,1,9,normal,"[101.0, 122.0]",45.254833995939045,1.0116913259029388,0.2954114079475403,0.9880940914154052,-0.1230702698230743,0.5749540466020174,"[82.0, 119.0]"
normal_1179_PPE,0,1,9,normal,"[141.0, 121.0]",45.254833995939045,0.938461536169052,0.2392764687538147,0.9539238810539246,-0.1571917533874511,0.5153730493977868,"[157.0, 106.0]"
normal_1180_PPE,0,1,9,normal,"[100.0, 123.0]",45.254833995939045,0.938386297225952,0.2345309257507324,0.9608521461486816,-0.1562943458557129,0.594351406695401,"[84.0, 114.0]"
normal_1180_PPE,1,4,9,normal,"[235.0, 131.0]",35.918785545899944,0.5581197989173233,0.0022095441818237,0.7937392592430115,-0.0014638663269579,-3.2304865846776485,"[84.0, 114.0]"
normal_1181_PPE,0,1,9,normal,"[126.0, 122.0]",45.254833995939045,0.9345320641994476,0.256851851940155,0.9246246218681335,-0.1522148847579956,0.6016391005005637,"[143.0, 128.0]"
normal_1182_PPE,0,1,9,normal,"[115.0, 117.0]",45.254833995939045,0.9696886420249938,0.2676302194595337,0.9584120512008668,-0.1558499336242675,0.6906407832308854,"[101.0, 117.0]"
normal_1183_PPE,0,1,9,normal,"[134.0, 123.0]",57.01751796098172,1.0379171311855315,0.3488844633102417,0.9591624736785888,-0.0880946815013885,0.2843530727849352,"[173.0, 135.0]"
normal_1184_PPE,0,1,9,normal,"[112.0, 127.0]",57.01751796098172,1.034328079223633,0.3432677388191223,0.9610730409622192,-0.0915460586547851,0.4492808866618277,"[81.0, 132.0]"
normal_1185_PPE,0,1,9,normal,"[132.0, 121.0]",45.254833995939045,0.9959365844726562,0.281884491443634,0.9801191091537476,-0.1398435831069946,0.5658611253296937,"[151.0, 116.0]"
normal_1186_PPE,0,1,9,normal,"[142.0, 126.0]",45.254833995939045,0.9279115557670592,0.2148534655570984,0.9792374968528748,-0.137959212064743,0.4366326132087517,"[161.0, 109.0]"
normal_1187_PPE,0,1,9,normal,"[107.0, 121.0]",45.254833995939045,0.9806880593299866,0.2711334228515625,0.9700762033462524,-0.1525064706802368,0.6217587988465562,"[90.0, 119.0]"
normal_1188_PPE,0,1,9,normal,"[139.0, 122.0]",57.01751796098172,1.0190323233604432,0.3360400795936584,0.9493853449821472,-0.092112511396408,0.5894349551052224,"[161.0, 130.0]"
normal_1189_PPE,0,1,9,normal,"[131.0, 132.0]",45.254833995939045,1.0086547970771789,0.2944269180297851,0.9878716468811036,-0.1135886311531066,0.6627026071105797,"[144.0, 140.0]"
normal_1190_PPE,0,1,9,normal,"[103.0, 123.0]",57.01751796098172,0.9909160554409028,0.3020129799842834,0.9635835886001588,-0.0719728171825409,0.2682022370983664,"[73.0, 152.0]"
normal_1191_PPE,0,1,9,normal,"[140.0, 114.0]",45.254833995939045,0.9776054203510284,0.277910828590393,0.9547925591468812,-0.156699001789093,0.5807372542187894,"[158.0, 120.0]"
normal_1192_PPE,0,1,9,normal,"[103.0, 123.0]",45.254833995939045,0.9876166224479674,0.2820599675178528,0.962505578994751,-0.1590137481689453,0.3352485191817923,"[75.0, 112.0]"
normal_1193_PPE,0,1,9,normal,"[128.0, 123.0]",57.01751796098172,1.0000394582748413,0.3324894309043884,0.9284415245056152,-0.088204801082611,0.6149516993159178,"[147.0, 112.0]"
normal_1194_PPE,0,1,9,normal,"[110.0, 121.0]",57.01751796098172,0.9993847012519836,0.3258711695671081,0.9377568364143372,-0.0854187309741973,0.6058719169497622,"[89.0, 113.0]"
normal_1195_PPE,0,1,9,normal,"[133.0, 119.0]",57.01751796098172,0.9329112827777862,0.2467691898345947,0.9538429975509644,-0.0922599732875824,0.4892720588600542,"[161.0, 127.0]"
normal_1196_PPE,0,1,9,normal,"[110.0, 127.0]",57.01751796098172,0.9307402431964872,0.2512892484664917,0.9449071884155272,-0.0900798141956329,0.6105827804295356,"[88.0, 124.0]"
normal_1197_PPE,0,1,9,normal,"[98.0, 117.0]",45.254833995939045,0.9294158041477204,0.2138506770133972,0.985145390033722,-0.1298167705535888,0.4912868563718842,"[79.0, 104.0]"
normal_1198_PPE,0,1,9,normal,"[136.0, 119.0]",45.254833995939045,1.0499947249889374,0.3350575566291809,0.9814815521240234,-0.1395004093647003,0.5034297318102905,"[157.0, 111.0]"
normal_1199_PPE,0,1,9,normal,"[106.0, 119.0]",45.254833995939045,1.0121847927570342,0.2952379584312439,0.9830616116523744,-0.1440185308456421,0.6342281277900117,"[91.0, 112.0]"
normal_1200_PPE,0,1,9,normal,"[137.0, 121.0]",45.254833995939045,1.005416226387024,0.2915895581245422,0.985763132572174,-0.1189623773097992,0.5466056834829092,"[152.0, 107.0]"
normal_1201_PPE,0,4,9,normal,"[42.0, 94.0]",57.01751796098172,0.5519031405448913,-0.0413438081741333,0.8466936349868774,-0.0028070211410522,-1.3702902508189592,"[165.0, 150.0]"
normal_1201_PPE,1,4,9,normal,"[94.0, 208.0]",35.918785545899944,0.524782794713974,-0.0510635375976562,0.8218148350715637,-0.0028797388076782,-1.5523910589999423,"[165.0, 150.0]"
normal_1201_PPE,2,4,9,normal,"[41.0, 97.0]",57.01751796098172,0.5493288218975068,-0.0423869490623474,0.8445063233375549,-0.0028067231178283,-1.3650936641329126,"[165.0, 150.0]"
normal_1201_PPE,3,4,9,normal,"[39.0, 102.0]",57.01751796098172,0.5438563406467437,-0.044780433177948,0.8401082158088684,-0.0028051137924194,-1.364768498301427,"[165.0, 150.0]"
normal_1202_PPE,0,1,9,normal,"[115.0, 121.0]",45.254833995939045,0.9847189486026764,0.273261547088623,0.9722185730934144,-0.1545220017433166,0.4116196755074147,"[93.0, 136.0]"
normal_1203_PPE,0,1,9,normal,"[108.0, 123.0]",45.254833995939045,0.993062287569046,0.2789222598075866,0.988367199897766,-0.1114149391651153,0.552568091772614,"[89.0, 130.0]"
normal_1204_PPE,0,1,9,normal,"[129.0, 124.0]",45.254833995939045,1.002688854932785,0.2956469655036926,0.9678587317466736,-0.1477038860321045,0.5732343661328856,"[147.0, 131.0]"
normal_1205_PPE,0,1,9,normal,"[109.0, 121.0]",45.254833995939045,0.9960017800331116,0.2820863723754883,0.9840320348739624,-0.125464916229248,0.4353340312627296,"[87.0, 108.0]"
normal_1206_PPE,0,1,9,normal,"[131.0, 124.0]",45.254833995939045,1.030155736207962,0.3294512629508972,0.9586142301559448,-0.1483725607395172,0.4149485866609671,"[157.0, 129.0]"
normal_1207_PPE,0,1,9,normal,"[113.0, 122.0]",45.254833995939045,1.0138625025749206,0.3043903708457947,0.9730947017669678,-0.1415292024612426,0.3836536586463744,"[86.0, 115.0]"
normal_1208_PPE,0,1,9,normal,"[133.0, 122.0]",45.254833995939045,0.9775719046592712,0.2674548625946045,0.9705349206924438,-0.1537129878997802,0.6569609624984352,"[148.0, 126.0]"
normal_1209_PPE,0,1,9,normal,"[137.0, 126.0]",57.01751796098172,0.8590582937002181,0.1613814234733581,0.9769105315208436,-0.0691974908113479,0.2233408041143957,"[177.0, 107.0]"
normal_1210_PPE,0,1,9,normal,"[106.0, 116.0]",71.83757109179989,0.8399287104606629,0.1528605818748474,0.9664055705070496,-0.0529211461544036,0.5258919223712375,"[80.0, 94.0]"
normal_1211_PPE,0,1,9,normal,"[135.0, 128.0]",57.01751796098172,0.9651728570461272,0.3014095425605774,0.9210855960845948,-0.095016986131668,0.4767771581925426,"[158.0, 109.0]"
normal_1212_PPE,0,1,9,normal,"[114.0, 127.0]",45.254833995939045,1.0027245461940764,0.2938665151596069,0.9818243384361268,-0.1079049706459045,0.5871923495742841,"[96.0, 122.0]"
normal_1213_PPE,0,1,9,normal,"[129.0, 125.0]",45.254833995939045,1.0189946591854095,0.3122344613075256,0.96659117937088,-0.1507318615913391,0.4405464440634951,"[154.0, 121.0]"
normal_1214_PPE,0,1,9,normal,"[141.0, 119.0]",57.01751796098172,0.97288898229599,0.2979491353034973,0.93435800075531,-0.1044462323188781,0.4901762695564947,"[170.0, 117.0]"
normal_1215_PPE,0,1,9,normal,"[104.0, 115.0]",45.254833995939045,0.9619767725467682,0.2458314895629882,0.9810394644737244,-0.1470882892608642,0.6436951796565195,"[88.0, 113.0]"
normal_1216_PPE,0,1,0,normal,"[137.0, 129.0]",57.01751796098172,0.8164633572101593,0.1142259836196899,0.9783846735954284,-0.0868405103683471,-0.2701775668937354,"[159.0, 60.0]"
normal_1217_PPE,0,1,9,normal,"[105.0, 124.0]",57.01751796098172,0.836521890759468,0.1374119520187378,0.9766649603843688,-0.0772223323583602,0.5209717724614709,"[80.0, 113.0]"
normal_1218_PPE,0,1,9,normal,"[136.0, 120.0]",45.254833995939045,0.9972082257270812,0.306876540184021,0.9410001635551452,-0.1581578552722931,0.6243495224946467,"[144.0, 135.0]"
normal_1219_PPE,0,2,9,normal,"[119.0, 122.0]",57.01751796098172,0.9276669800281524,0.2422550320625305,0.9541990160942078,-0.0873631834983825,0.145820716347697,"[73.0, 106.0]"
normal_1220_PPE,0,1,9,normal,"[103.0, 120.0]",45.254833995939045,0.998993808031082,0.2986854910850525,0.9552586674690248,-0.158136248588562,0.661979567925251,"[88.0, 117.0]"
normal_1221_PPE,0,1,9,normal,"[129.0, 120.0]",45.254833995939045,1.0195291697978974,0.3053855895996094,0.9755613207817078,-0.1562532782554626,0.3808871013700329,"[152.0, 104.0]"
normal_1222_PPE,0,1,9,normal,"[112.0, 122.0]",45.254833995939045,1.0238253593444824,0.3054772019386291,0.984689235687256,-0.1453284621238708,0.3474808431930907,"[86.0, 108.0]"
normal_1223_PPE,0,1,9,normal,"[138.0, 123.0]",45.254833995939045,0.9566447973251342,0.2697988152503967,0.9419618248939514,-0.1373635232448578,0.7620070904417529,"[142.0, 113.0]"
normal_1224_PPE,0,1,9,normal,"[98.0, 119.0]",45.254833995939045,0.9752472043037416,0.2655372023582458,0.9707753658294678,-0.1508362293243408,0.7529470577993453,"[93.0, 129.0]"
normal_1225_PPE,0,1,9,normal,"[139.0, 126.0]",45.254833995939045,1.018636804819107,0.3015989661216736,0.9833964705467224,-0.1433015465736389,0.661979567925251,"[154.0, 129.0]"
normal_1226_PPE,0,1,9,normal,"[100.0, 122.0]",57.01751796098172,1.0238403022289275,0.3318613767623901,0.9684268832206726,-0.0704005360603332,0.5409743252150121,"[74.0, 119.0]"
normal_1227_PPE,0,1,9,normal,"[101.0, 124.0]",57.01751796098172,0.9547204971313475,0.2692170143127441,0.9539565443992616,-0.0886695086956024,0.6766066013746157,"[83.0, 120.0]"
normal_1228_PPE,0,1,9,normal,"[124.0, 126.0]",45.254833995939045,0.9861012697219848,0.3096521496772766,0.9218109846115112,-0.1559071540832519,0.6198273418563613,"[138.0, 136.0]"
normal_1229_PPE,0,1,9,normal,"[120.0, 127.0]",45.254833995939045,0.976322191953659,0.2795495390892029,0.9525509476661682,-0.1499349474906921,0.3125000000000001,"[98.0, 149.0]"
normal_1230_PPE,0,1,9,normal,"[107.0, 123.0]",45.254833995939045,0.9395511388778686,0.2269622087478637,0.9843550324440002,-0.1177020370960235,0.4166201655439229,"[91.0, 102.0]"
normal_1231_PPE,0,1,9,normal,"[132.0, 122.0]",45.254833995939045,0.909826922416687,0.1946071982383728,0.9782899618148804,-0.1520837545394897,0.4729022564552188,"[145.0, 142.0]"
normal_1232_PPE,0,1,9,normal,"[107.0, 123.0]",45.254833995939045,0.9105988204479216,0.1957817077636718,0.9912635684013368,-0.104663074016571,0.5531140735601534,"[87.0, 120.0]"
normal_1233_PPE,0,1,9,normal,"[132.0, 122.0]",45.254833995939045,0.8993851244449614,0.2087024450302124,0.9430993795394896,-0.1525655686855316,0.6922231936938718,"[145.0, 117.0]"
normal_1234_PPE,0,1,9,normal,"[100.0, 123.0]",45.254833995939045,0.8869065046310424,0.1993460655212402,0.9401555061340332,-0.147257924079895,0.7051880896232312,"[87.0, 120.0]"
normal_1235_PPE,0,1,9,normal,"[138.0, 127.0]",45.254833995939045,1.0181882679462433,0.2994944453239441,0.9881348013877868,-0.1349973082542419,0.599804735160447,"[156.0, 129.0]"
normal_1236_PPE,0,1,9,normal,"[104.0, 121.0]",57.01751796098172,0.9412540912628172,0.2757800817489624,0.9221133589744568,-0.0999732911586761,0.6487924218622722,"[84.0, 120.0]"
normal_1237_PPE,0,1,9,normal,"[135.0, 122.0]",45.254833995939045,0.995106279850006,0.2938832640647888,0.957283854484558,-0.155621588230133,0.5925498496748345,"[153.0, 126.0]"
normal_1238_PPE,0,2,9,normal,"[127.0, 120.0]",35.918785545899944,0.8924614787101746,0.2428763508796692,0.8920954465866089,-0.1255915760993957,0.4260516380281258,"[146.0, 112.0]"
normal_1239_PPE,0,1,9,normal,"[110.0, 117.0]",45.254833995939045,0.9902178287506104,0.2778255343437195,0.9741803407669068,-0.1523302793502807,0.460541359323998,"[90.0, 131.0]"
normal_1240_PPE,0,1,9,normal,"[132.0, 125.0]",45.254833995939045,1.0068627059459687,0.2987404465675354,0.9684604406356812,-0.1509997546672821,0.418716398820679,"[158.0, 129.0]"
normal_1241_PPE,0,1,9,normal,"[133.0, 125.0]",45.254833995939045,0.9469553411006928,0.2319303750991821,0.9772948622703552,-0.1545928120613098,0.5338614409319906,"[154.0, 123.0]"
normal_1242_PPE,0,1,9,normal,"[106.0, 118.0]",45.254833995939045,1.0054987251758574,0.2899165749549866,0.9830979704856871,-0.1370678544044494,0.552568091772614,"[87.0, 111.0]"
normal_1243_PPE,0,1,9,normal,"[136.0, 126.0]",45.254833995939045,1.0030840039253237,0.2925745844841003,0.9721076488494872,-0.1501703262329101,0.4841383118994007,"[159.0, 130.0]"
normal_1244_PPE,0,1,9,normal,"[105.0, 121.0]",45.254833995939045,1.0114336192607878,0.2997379899024963,0.97244793176651,-0.1549103856086731,0.4619007700711699,"[82.0, 113.0]"
normal_1245_PPE,0,1,9,normal,"[130.0, 122.0]",45.254833995939045,0.9829273283481595,0.2678640484809875,0.9797362685203552,-0.1462394595146179,0.3591844795496913,"[151.0, 142.0]"
normal_1246_PPE,0,1,9,normal,"[109.0, 119.0]",45.254833995939045,0.946998816728592,0.2317863702774047,0.9896218180656432,-0.112385869026184,0.396866904199413,"[85.0, 106.0]"
normal_1247_PPE,0,1,9,normal,"[136.0, 124.0]",45.254833995939045,0.927076941728592,0.2330207228660583,0.9469043612480164,-0.1561158299446106,0.5153730493977868,"[156.0, 133.0]"
normal_1248_PPE,0,1,9,normal,"[105.0, 118.0]",45.254833995939045,0.9726932406425476,0.2554078698158264,0.989544153213501,-0.1230223178863525,0.0983413721091557,"[81.0, 85.0]"
normal_1249_PPE,0,1,9,normal,"[110.0, 128.0]",45.254833995939045,1.0545843243598938,0.3418502807617187,0.9733258485794068,-0.1570297479629516,0.2435175976931123,"[76.0, 124.0]"
normal_1250_PPE,0,1,9,normal,"[103.0, 122.0]",45.254833995939045,0.95451779961586,0.2372696995735168,0.9829315543174744,-0.1459800601005554,0.731177335404918,"[91.0, 120.0]"
normal_1251_PPE,0,1,9,normal,"[123.0, 128.0]",45.254833995939045,1.0376167416572573,0.3328677415847778,0.9620444774627686,-0.1565893292427063,0.3672357271463566,"[149.0, 140.0]"
normal_1252_PPE,0,1,9,normal,"[103.0, 123.0]",45.254833995939045,0.9301845788955688,0.2141962051391601,0.9807854890823364,-0.1471926569938659,0.5553047040388217,"[85.0, 114.0]"
normal_1253_PPE,0,1,9,normal,"[117.0, 127.0]",45.254833995939045,1.0050665080547332,0.2981544733047485,0.9651997685432434,-0.1563609838485717,0.53125,"[96.0, 130.0]"
normal_1254_PPE,0,1,9,normal,"[135.0, 121.0]",45.254833995939045,0.9851189851760864,0.2715182900428772,0.9754922389984132,-0.1537806391716003,0.6569609624984352,"[150.0, 117.0]"
normal_1255_PPE,0,1,9,normal,"[102.0, 124.0]",45.254833995939045,0.965148377418518,0.2489262223243713,0.9804180860519408,-0.1496474742889404,0.5807372542187894,"[84.0, 118.0]"
normal_1256_PPE,0,1,9,normal,"[134.0, 121.0]",45.254833995939045,1.0029016494750975,0.289439857006073,0.9770359396934508,-0.147683173418045,0.4149485866609671,"[160.0, 126.0]"
normal_1257_PPE,0,1,9,normal,"[104.0, 125.0]",57.01751796098172,0.9157503455877304,0.2256187200546264,0.964924156665802,-0.0734235793352127,0.5048681626880812,"[78.0, 114.0]"
normal_1258_PPE,0,1,9,normal,"[135.0, 119.0]",45.254833995939045,0.9438348710536956,0.2717888951301574,0.9157704710960388,-0.1550332307815551,0.4475728271980098,"[159.0, 126.0]"
normal_1259_PPE,0,1,9,normal,"[115.0, 123.0]",35.918785545899944,0.9413505136966704,0.2949177622795105,0.8848879933357239,-0.1350557804107666,0.1021681133404757,"[99.0, 95.0]"
normal_1260_PPE,0,1,9,normal,"[134.0, 126.0]",45.254833995939045,0.9992560386657714,0.2811741232872009,0.9861571192741394,-0.1388596594333648,0.5058941155986907,"[156.0, 130.0]"
normal_1261_PPE,0,1,9,normal,"[108.0, 123.0]",45.254833995939045,0.948707777261734,0.2326530218124389,0.9844173192977904,-0.1348131597042083,0.6140909676491104,"[91.0, 119.0]"
normal_1262_PPE,0,1,9,normal,"[106.0, 121.0]",35.918785545899944,0.8609497427940369,0.1518093943595886,0.972347855567932,-0.1424842476844787,0.5502215852827567,"[91.0, 127.0]"
normal_1263_PPE,0,2,9,normal,"[118.0, 116.0]",35.918785545899944,0.8236138939857482,0.1096242070198059,0.9776965379714966,-0.1480105519294738,0.0728625396274084,"[143.0, 138.0]"
normal_1264_PPE,0,1,9,normal,"[137.0, 139.0]",45.254833995939045,0.9993445813655852,0.2893842458724975,0.9817392230033876,-0.1137143969535827,0.2785377262115502,"[152.0, 110.0]"
normal_1265_PPE,0,1,9,normal,"[99.0, 126.0]",57.01751796098172,0.897687417268753,0.236677885055542,0.9168331027030944,-0.0961318016052246,0.8102924467214789,"[93.0, 117.0]"
normal_1266_PPE,0,1,9,normal,"[129.0, 125.0]",57.01751796098172,0.9803163886070252,0.30450439453125,0.9354210495948792,-0.1050862967967987,0.6982567612666206,"[143.0, 135.0]"
normal_1267_PPE,0,1,9,normal,"[111.0, 128.0]",57.01751796098172,0.9558517694473266,0.2822807431221008,0.9358550906181335,-0.0923623144626617,0.5039371712599376,"[83.0, 124.0]"
normal_1268_PPE,0,1,9,normal,"[138.0, 120.0]",45.254833995939045,0.9765597581863404,0.2675598263740539,0.9672181606292723,-0.1597360968589782,0.5709521806954381,"[157.0, 116.0]"
normal_1269_PPE,0,1,9,normal,"[103.0, 123.0]",45.254833995939045,0.947695654630661,0.2304489016532898,0.98981910943985,-0.1218668818473815,0.4841383118994007,"[86.0, 139.0]"
normal_1270_PPE,0,1,9,normal,"[136.0, 118.0]",57.01751796098172,0.9547174990177154,0.2705454230308532,0.95120769739151,-0.0916334390640258,0.5668317570863324,"[159.0, 127.0]"
normal_1271_PPE,0,1,9,normal,"[97.0, 121.0]",57.01751796098172,0.9230711758136748,0.2429725527763366,0.9457131028175354,-0.0904972553253173,0.6492306099033209,"[81.0, 109.0]"
normal_1272_PPE,0,1,9,normal,"[137.0, 122.0]",45.254833995939045,1.0429216921329498,0.335764467716217,0.9663285613059998,-0.1536361575126648,0.5801553486704875,"[156.0, 122.0]"
normal_1273_PPE,0,1,9,normal,"[96.0, 124.0]",45.254833995939045,1.0110247075557708,0.2990403175354004,0.9871527552604676,-0.104887306690216,0.3279433385122948,"[74.0, 103.0]"
normal_1274_PPE,0,1,9,normal,"[118.0, 132.0]",57.01751796098172,0.8704203933477401,0.1615334153175354,0.9937360882759094,-0.0663585811853408,0.5718313931487897,"[98.0, 146.0]"
normal_1275_PPE,0,1,9,normal,"[124.0, 126.0]",35.918785545899944,0.9523184895515442,0.2643306255340576,0.9408233165740968,-0.1470577120780944,0.275609593501821,"[150.0, 125.0]"
normal_1276_PPE,0,1,9,normal,"[136.0, 131.0]",57.01751796098172,0.9527027249336242,0.2877761721611023,0.9223939180374146,-0.0962540507316589,0.6492306099033209,"[152.0, 119.0]"
normal_1277_PPE,0,1,9,normal,"[101.0, 120.0]",57.01751796098172,0.9195380985736848,0.2535927295684814,0.923154354095459,-0.0986866056919097,0.776771727066972,"[92.0, 129.0]"
normal_1278_PPE,0,1,9,normal,"[129.0, 124.0]",45.254833995939045,0.9532068014144895,0.2489052414894104,0.962784230709076,-0.1517629921436309,0.3576623502782979,"[158.0, 122.0]"
normal_1279_PPE,0,1,9,normal,"[105.0, 117.0]",45.254833995939045,0.953509372472763,0.2370179891586303,0.9829038381576538,-0.1422934830188751,0.7118892357095973,"[94.0, 110.0]"
normal_1280_PPE,0,1,9,normal,"[145.0, 127.0]",57.01751796098172,0.8585162937641143,0.1709208488464355,0.9598406553268432,-0.0785349309444427,0.6838207445357983,"[163.0, 128.0]"
normal_1281_PPE,0,2,9,normal,"[104.0, 126.0]",71.83757109179989,0.8031930655241012,0.1226556897163391,0.9569902420043944,-0.0532210320234298,0.5814642352213679,"[74.0, 128.0]"
normal_1282_PPE,0,1,9,normal,"[140.0, 117.0]",45.254833995939045,0.9227207720279692,0.2192733883857727,0.9598700404167176,-0.1576917767524719,0.6906407832308854,"[154.0, 117.0]"
normal_1283_PPE,0,1,9,normal,"[99.0, 123.0]",45.254833995939045,0.8936105489730835,0.1813628673553466,0.9754188060760498,-0.1472725868225097,0.5444568832152109,"[80.0, 115.0]"
normal_1284_PPE,0,1,9,normal,"[133.0, 121.0]",45.254833995939045,1.038444060087204,0.3221610188484192,0.9846922755241394,-0.134992241859436,0.3501051767785806,"[161.0, 112.0]"
normal_1285_PPE,0,1,9,normal,"[102.0, 122.0]",45.254833995939045,1.0004262387752532,0.2855039238929748,0.9791457056999208,-0.1476016044616699,0.5597186623873323,"[83.0, 116.0]"
normal_1286_PPE,0,1,9,normal,"[138.0, 116.0]",45.254833995939045,0.9296881437301636,0.2217118740081787,0.967182993888855,-0.1547408699989318,0.6436951796565195,"[154.0, 118.0]"
normal_1287_PPE,0,1,9,normal,"[110.0, 124.0]",57.01751796098172,0.9584092378616332,0.2842175960540771,0.9357704520225524,-0.095761626958847,0.5011546218809477,"[82.0, 129.0]"
normal_1288_PPE,0,1,9,normal,"[119.0, 122.0]",35.918785545899944,0.9601713597774504,0.2621411681175232,0.9545289874076844,-0.1492995023727417,0.4369590143766655,"[99.0, 119.0]"
normal_1289_PPE,0,1,9,normal,"[134.0, 127.0]",45.254833995939045,0.9485553085803986,0.2717340588569641,0.9213954210281372,-0.159222275018692,0.7204915028125263,"[146.0, 123.0]"
normal_1290_PPE,0,1,9,normal,"[106.0, 120.0]",45.254833995939045,0.9903883814811706,0.3034288287162781,0.9358850717544556,-0.1592000126838684,0.6402854864618333,"[90.0, 117.0]"
normal_1291_PPE,0,2,9,normal,"[124.0, 129.0]",45.254833995939045,1.0002107620239258,0.321718692779541,0.9285789132118224,-0.142434149980545,0.1968689202564753,"[160.0, 124.0]"
normal_1292_PPE,0,1,9,normal,"[101.0, 124.0]",45.254833995939045,1.009332472085953,0.2957544922828674,0.9923165440559388,-0.0947819948196411,0.509365047871638,"[83.0, 137.0]"
normal_1293_PPE,0,1,9,normal,"[135.0, 113.0]",45.254833995939045,0.9632641851902009,0.2872809171676636,0.9199496507644652,-0.1600925624370575,0.5385992793677062,"[155.0, 107.0]"
normal_1294_PPE,0,1,9,normal,"[105.0, 117.0]",45.254833995939045,0.978235375881195,0.2734231352806091,0.9614723920822144,-0.1589078307151794,0.6047152924789526,"[89.0, 109.0]"
normal_1295_PPE,0,1,9,normal,"[143.0, 128.0]",45.254833995939045,0.9002637922763823,0.1901366114616394,0.9861607551574708,-0.0990732610225677,0.8218475898282598,"[151.0, 129.0]"
normal_1296_PPE,0,1,9,normal,"[102.0, 119.0]",45.254833995939045,0.918361610174179,0.2068493962287902,0.984258234500885,-0.1126572489738464,0.5148695407418743,"[91.0, 100.0]"
normal_1297_PPE,0,1,9,normal,"[110.0, 122.0]",45.254833995939045,0.993877363204956,0.2865386605262756,0.9650838375091552,-0.1589000821113586,0.4696699141100894,"[86.0, 122.0]"
normal_1298_PPE,0,1,9,normal,"[134.0, 124.0]",45.254833995939045,0.93399720788002,0.2521283626556396,0.9292749166488647,-0.1568820178508758,0.4216638898961954,"[160.0, 127.0]"
normal_1299_PPE,0,1,9,normal,"[105.0, 130.0]",45.254833995939045,0.9191538691520692,0.2323166728019714,0.93654602766037,-0.1562748849391937,0.4318856574156924,"[80.0, 124.0]"
normal_1300_PPE,0,3,9,normal,"[117.0, 125.0]",45.254833995939045,0.8367525994777678,0.1203504204750061,0.9906063675880432,-0.1148886084556579,-0.7925899994839867,"[187.0, 84.0]"
normal_1301_PPE,0,1,9,normal,"[136.0, 128.0]",45.254833995939045,0.993822580575943,0.2788965702056885,0.988054633140564,-0.1164388358592987,0.4458078796572438,"[161.0, 130.0]"
normal_1302_PPE,0,1,9,normal,"[107.0, 123.0]",45.254833995939045,0.959615445137024,0.2483968734741211,0.9851552844047546,-0.1080493628978729,0.3680078619951037,"[90.0, 100.0]"
normal_1303_PPE,0,1,9,normal,"[132.0, 127.0]",57.01751796098172,0.9009793400764464,0.2320030331611633,0.9254645109176636,-0.1057557463645935,0.6594645201456383,"[151.0, 123.0]"
normal_1304_PPE,0,1,9,normal,"[110.0, 127.0]",45.254833995939045,0.9866151094436644,0.2707765102386474,0.988003432750702,-0.1211809813976287,0.3836536586463744,"[83.0, 120.0]"
normal_1305_PPE,0,1,9,normal,"[126.0, 124.0]",45.254833995939045,1.015571367740631,0.3064444065093994,0.969290852546692,-0.1531168222427368,0.4542422126070944,"[149.0, 133.0]"
normal_1306_PPE,0,1,9,normal,"[108.0, 126.0]",45.254833995939045,0.985219210386276,0.2738505005836487,0.971797525882721,-0.1555522084236145,0.5493060905670014,"[88.0, 130.0]"
normal_1307_PPE,0,1,9,normal,"[139.0, 129.0]",57.01751796098172,0.9276156127452848,0.2477614879608154,0.9441531896591188,-0.0947344601154327,0.672354350726849,"[157.0, 134.0]"
normal_1308_PPE,0,1,9,normal,"[130.0, 119.0]",45.254833995939045,0.9835556507110594,0.2823119759559631,0.9571470022201538,-0.1562038660049438,0.5575061794216782,"[150.0, 118.0]"
normal_1309_PPE,0,1,9,normal,"[110.0, 127.0]",57.01751796098172,0.9161367833614348,0.2377117872238159,0.9392017126083374,-0.1049189865589141,0.4726779798215521,"[80.0, 129.0]"
normal_1310_PPE,0,1,9,normal,"[141.0, 130.0]",57.01751796098172,0.9461211442947388,0.2595750093460083,0.9554941058158876,-0.0885013043880462,0.6838207445357983,"[156.0, 140.0]"
normal_1311_PPE,0,1,9,normal,"[107.0, 130.0]",57.01751796098172,0.953581428527832,0.267246663570404,0.9571726322174072,-0.0815696120262146,0.3088418717657288,"[75.0, 107.0]"
normal_1312_PPE,0,4,9,normal,"[120.0, 118.0]",35.918785545899944,0.8880855143070221,0.175067126750946,0.9765663743019104,-0.1471096277236938,-0.5510979077380322,"[68.0, 138.0]"
normal_1313_PPE,0,1,9,normal,"[127.0, 119.0]",45.254833995939045,0.9945223450660704,0.2881506085395813,0.96464741230011,-0.1555927395820617,0.4070729387184288,"[151.0, 131.0]"
normal_1314_PPE,0,1,9,normal,"[111.0, 122.0]",45.254833995939045,0.9532332122325896,0.2622159123420715,0.9427098035812378,-0.1556021869182586,0.5925498496748345,"[93.0, 118.0]"
normal_1315_PPE,0,1,9,normal,"[125.0, 126.0]",45.254833995939045,1.0242675960063934,0.3534471392631531,0.9159467220306396,-0.148288756608963,0.4747582401883872,"[147.0, 135.0]"
normal_1316_PPE,0,2,9,normal,"[115.0, 124.0]",45.254833995939045,1.0013715624809263,0.2934014797210693,0.9757566452026368,-0.1247021555900573,0.2939297795190623,"[85.0, 135.0]"
normal_1317_PPE,0,1,9,normal,"[132.0, 129.0]",57.01751796098172,0.9333868980407716,0.2697526812553406,0.9185088276863098,-0.1033901870250701,0.5149099020619234,"[159.0, 123.0]"
normal_1318_PPE,0,1,9,normal,"[108.0, 126.0]",57.01751796098172,0.9574285686016084,0.283136248588562,0.938382625579834,-0.0871224105358123,0.5905603068195088,"[85.0, 130.0]"
normal_1319_PPE,0,1,9,normal,"[108.0, 117.0]",45.254833995939045,0.989432668685913,0.274477481842041,0.9868131279945374,-0.1209299862384796,0.4542422126070944,"[85.0, 108.0]"
normal_1320_PPE,0,1,9,normal,"[143.0, 120.0]",45.254833995939045,0.9027622401714324,0.1947282552719116,0.9669962525367736,-0.1556830406188964,0.7339158380324,"[152.0, 128.0]"
normal_1321_PPE,0,1,9,normal,"[101.0, 115.0]",45.254833995939045,0.8733451724052429,0.1666465997695922,0.9664956331253052,-0.150758147239685,0.8317135997770467,"[94.0, 118.0]"
normal_1322_PPE,0,1,9,normal,"[134.0, 124.0]",45.254833995939045,1.0574104189872742,0.3648039698600769,0.9434692859649658,-0.1608897447586059,0.4898491338339217,"[156.0, 131.0]"
normal_1323_PPE,0,1,9,normal,"[110.0, 122.0]",45.254833995939045,1.0224660217761994,0.3349812626838684,0.9355588555336,-0.1629678010940551,0.5173923371412343,"[89.0, 128.0]"
normal_1324_PPE,0,2,9,normal,"[120.0, 120.0]",57.01751796098172,0.9049976885318756,0.2072692513465881,0.9782029986381532,-0.0649316906929016,0.2121341563627239,"[77.0, 133.0]"
normal_1325_PPE,0,1,9,normal,"[138.0, 117.0]",57.01751796098172,0.8868558406829834,0.2182705402374267,0.930076539516449,-0.0876586139202117,0.6649280105876104,"[157.0, 119.0]"
normal_1326_PPE,0,4,0,normal,"[126.0, 116.0]",90.50966799187808,0.6254786550998688,0.0828366875648498,0.7699123024940491,-0.0185167789459228,0.2983522462713217,"[69.0, 144.0]"
normal_1327_PPE,0,1,9,normal,"[144.0, 132.0]",45.254833995939045,0.8835696637630461,0.1835086941719055,0.9544603228569032,-0.1596937179565429,0.650614378515658,"[131.0, 123.0]"
normal_1328_PPE,0,1,9,normal,"[104.0, 126.0]",45.254833995939045,0.954782748222351,0.2370142936706543,0.9833101034164428,-0.1472569108009338,0.4841383118994007,"[81.0, 130.0]"
normal_1329_PPE,0,1,9,normal,"[141.0, 123.0]",45.254833995939045,0.9585738182067872,0.2522363662719726,0.96352219581604,-0.1593595743179321,0.4619007700711699,"[164.0, 115.0]"
normal_1330_PPE,0,1,9,normal,"[142.0, 128.0]",57.01751796098172,0.967284733057022,0.2925390005111694,0.938196301460266,-0.0900416076183319,0.4657239825082852,"[170.0, 116.0]"
normal_1331_PPE,0,1,9,normal,"[125.0, 122.0]",35.918785545899944,0.9442213654518128,0.2475992441177368,0.9525028467178344,-0.1493506431579589,0.3447104562652352,"[148.0, 127.0]"
normal_1332_PPE,0,1,9,normal,"[108.0, 122.0]",35.918785545899944,0.8482552409172057,0.1955106854438781,0.8935486674308777,-0.1363024413585662,0.383722381345785,"[87.0, 115.0]"
normal_1333_PPE,0,1,9,normal,"[129.0, 122.0]",45.254833995939045,0.9604771733283995,0.2975728511810303,0.9060131311416626,-0.1434756517410278,0.6084386223080729,"[146.0, 117.0]"
normal_1334_PPE,0,1,9,normal,"[105.0, 116.0]",45.254833995939045,1.0181890010833738,0.3042839765548706,0.9772862195968628,-0.1490233540534973,0.5173923371412343,"[84.0, 122.0]"
normal_1335_PPE,0,1,9,normal,"[136.0, 114.0]",57.01751796098172,0.8902892053127288,0.2085558772087097,0.9455256462097168,-0.099326878786087,0.578346595570947,"[159.0, 107.0]"
normal_1336_PPE,0,1,9,normal,"[110.0, 124.0]",45.254833995939045,0.9904060959815978,0.2870811820030212,0.9613595604896544,-0.1518661081790924,0.1496209484882639,"[75.0, 108.0]"
normal_1337_PPE,0,1,9,normal,"[103.0, 133.0]",57.01751796098172,0.9038683533668518,0.2397711277008056,0.9254983067512512,-0.0812420547008514,0.5261366482016645,"[86.0, 112.0]"
normal_1338_PPE,0,1,9,normal,"[136.0, 124.0]",57.01751796098172,0.9820544302463532,0.2934275865554809,0.9578284621238708,-0.0907346010208129,0.5086097667138545,"[164.0, 125.0]"
normal_1339_PPE,0,1,9,normal,"[111.0, 121.0]",57.01751796098172,1.0007665753364563,0.317749559879303,0.9496843814849854,-0.0911897420883178,0.6388608094785004,"[93.0, 111.0]"
normal_1340_PPE,0,1,9,normal,"[146.0, 116.0]",45.254833995939045,0.967965304851532,0.2539598345756531,0.9920576214790344,-0.097825676202774,0.7559296976279171,"[157.0, 115.0]"
normal_1341_PPE,0,1,9,normal,"[136.0, 122.0]",71.83757109179989,0.830558693408966,0.1326707005500793,0.9786394238471984,-0.0642019808292388,0.5404194833334647,"[163.0, 103.0]"
normal_1342_PPE,0,1,9,normal,"[100.0, 126.0]",45.254833995939045,1.0139680266380309,0.2976762652397156,0.9898998737335204,-0.1168092489242553,0.84375,"[93.0, 127.0]"
normal_1343_PPE,0,1,9,normal,"[137.0, 124.0]",45.254833995939045,1.0052515327930451,0.3057292699813843,0.954983115196228,-0.1551704108715057,0.5647378663379963,"[155.0, 116.0]"
normal_1344_PPE,0,1,9,normal,"[101.0, 121.0]",45.254833995939045,0.9768475174903868,0.2670155167579651,0.9697260856628418,-0.155118703842163,0.5558540498890033,"[81.0, 123.0]"
normal_1345_PPE,0,3,9,normal,"[126.0, 113.0]",45.254833995939045,0.998723554611206,0.2871869206428528,0.9738838076591492,-0.1490898430347442,-0.0881553341550092,"[171.0, 133.0]"
normal_1346_PPE,0,3,9,normal,"[114.0, 127.0]",45.254833995939045,0.9556116580963134,0.2388975620269775,0.9869345426559448,-0.1292995810508728,-0.4363106492851745,"[51.0, 143.0]"
normal_1347_PPE,0,1,9,normal,"[133.0, 125.0]",45.254833995939045,1.0702602863311763,0.3524152636528015,0.9820863008499146,-0.1519230604171753,0.460541359323998,"[153.0, 111.0]"
normal_1348_PPE,0,1,9,normal,"[109.0, 123.0]",45.254833995939045,1.033112347126007,0.3206185102462768,0.973743200302124,-0.154367983341217,0.53125,"[88.0, 120.0]"
normal_1349_PPE,0,1,9,normal,"[136.0, 122.0]",71.83757109179989,1.0051885813474657,0.3104873895645141,0.9728624820709229,-0.0684872716665268,0.3475257324452855,"[175.0, 96.0]"
normal_1349_PPE,1,3,9,normal,"[126.0, 86.0]",35.918785545899944,0.8027209281921387,0.1029894948005676,0.9870123863220216,-0.04411381483078,-0.3923076251086803,"[175.0, 96.0]"
normal_1349_PPE,2,3,9,normal,"[184.0, 121.0]",35.918785545899944,0.8496687352657317,0.1718825697898864,0.9572517275810242,-0.038549780845642,0.260257269076687,"[175.0, 96.0]"
normal_1350_PPE,0,1,9,normal,"[130.0, 127.0]",45.254833995939045,0.9443485140800476,0.2345428466796875,0.9683173894882202,-0.1599174737930297,0.6084386223080729,"[147.0, 122.0]"
normal_1351_PPE,0,1,9,normal,"[106.0, 119.0]",45.254833995939045,0.9429501175880431,0.2288708090782165,0.9756907224655152,-0.1554790139198303,0.4841383118994007,"[83.0, 123.0]"
normal_1352_PPE,0,1,9,normal,"[102.0, 118.0]",57.01751796098172,0.947974008321762,0.2783461809158325,0.9326833486557008,-0.0837474167346954,0.4654361957825996,"[79.0, 98.0]"
normal_1353_PPE,0,1,9,normal,"[132.0, 118.0]",57.01751796098172,1.0245734453201294,0.3302239179611206,0.9712066054344176,-0.0725245177745819,0.4188438178905385,"[165.0, 115.0]"
normal_1354_PPE,0,1,9,normal,"[104.0, 127.0]",57.01751796098172,1.003345799446106,0.3109316229820251,0.969232976436615,-0.0697554647922515,0.3771990946110627,"[69.0, 121.0]"
normal_1355_PPE,0,1,9,normal,"[140.0, 124.0]",57.01751796098172,1.001099407672882,0.3064436316490173,0.9711207151412964,-0.0743563771247863,0.5058009079508943,"[165.0, 111.0]"
normal_1356_PPE,0,1,9,normal,"[101.0, 115.0]",57.01751796098172,0.9645149171352386,0.2811062335968017,0.9531452059745787,-0.0810351967811584,0.6672309381479153,"[83.0, 121.0]"
normal_1357_PPE,0,1,9,normal,"[132.0, 122.0]",45.254833995939045,0.9853048801422118,0.2798394560813904,0.9623299837112428,-0.1591721773147583,0.5034297318102905,"[151.0, 110.0]"
normal_1358_PPE,0,1,9,normal,"[111.0, 125.0]",45.254833995939045,0.9797203600406648,0.2685738205909729,0.971757471561432,-0.1545815467834472,0.3546288616230193,"[93.0, 102.0]"
normal_1359_PPE,0,1,9,normal,"[131.0, 122.0]",45.254833995939045,1.0164867520332337,0.3039807081222534,0.9748646020889282,-0.1505041122436523,0.4050177261043822,"[154.0, 108.0]"
normal_1360_PPE,0,1,9,normal,"[117.0, 123.0]",45.254833995939045,0.9909257292747498,0.2786059379577636,0.9821856021881104,-0.1239493489265441,0.2571959797497055,"[86.0, 110.0]"
normal_1361_PPE,0,1,9,normal,"[100.0, 120.0]",71.83757109179989,1.0089321315288542,0.3263970613479614,0.9560050964355468,-0.0666575133800506,0.5766308327347835,"[73.0, 134.0]"
normal_1362_PPE,0,1,9,normal,"[137.0, 128.0]",45.254833995939045,0.9344217240810394,0.2795407176017761,0.8955097198486328,-0.1401210129261016,0.7051880896232312,"[150.0, 131.0]"
normal_1363_PPE,0,1,9,normal,"[136.0, 124.0]",45.254833995939045,0.9750054478645324,0.2591346502304077,0.9900588989257812,-0.1141478419303894,0.3714942074650386,"[164.0, 119.0]"
normal_1364_PPE,0,1,9,normal,"[108.0, 120.0]",35.918785545899944,0.8963521420955658,0.2231600880622863,0.9237146973609924,-0.1329588294029235,0.3596665463366313,"[85.0, 120.0]"
normal_1365_PPE,0,1,9,normal,"[134.0, 127.0]",45.254833995939045,1.0086993277072906,0.2960850596427917,0.99122416973114,-0.093786746263504,0.4619007700711699,"[157.0, 119.0]"
normal_1366_PPE,0,1,9,normal,"[109.0, 125.0]",45.254833995939045,1.0159317731857298,0.305195152759552,0.9864073395729064,-0.1012574136257171,0.1993045015425653,"[77.0, 108.0]"
normal_1367_PPE,0,1,9,normal,"[139.0, 124.0]",45.254833995939045,0.9202089965343474,0.2404462695121765,0.92633855342865,-0.1566286981105804,0.6678079433520423,"[154.0, 125.0]"
normal_1368_PPE,0,1,9,normal,"[102.0, 123.0]",45.254833995939045,0.9184250116348268,0.2235177159309387,0.9468859434127808,-0.160435676574707,0.6016391005005637,"[87.0, 113.0]"
normal_1369_PPE,0,1,9,normal,"[127.0, 123.0]",45.254833995939045,0.9644667983055116,0.3273144960403442,0.866686999797821,-0.1523570120334625,0.59375,"[144.0, 130.0]"
normal_1370_PPE,0,1,9,normal,"[111.0, 131.0]",45.254833995939045,0.9094197750091552,0.2418277859687805,0.908207893371582,-0.1592323184013366,0.3557647459972406,"[82.0, 128.0]"
normal_1371_PPE,0,1,9,normal,"[133.0, 128.0]",57.01751796098172,0.9586090326309205,0.2913601994514465,0.9232776165008544,-0.1047725081443786,0.491082086790398,"[162.0, 129.0]"
normal_1372_PPE,0,1,9,normal,"[106.0, 118.0]",57.01751796098172,0.9834518730640412,0.3128095865249634,0.9285753965377808,-0.1031975448131561,0.5601374225877109,"[83.0, 108.0]"
normal_1373_PPE,0,2,9,normal,"[135.0, 138.0]",57.01751796098172,0.9936461925506592,0.2873139977455139,0.9895192980766296,-0.0683434307575225,0.0744406088678083,"[187.0, 147.0]"
normal_1374_PPE,0,1,9,normal,"[107.0, 127.0]",57.01751796098172,0.8864262402057647,0.2130440473556518,0.9355437159538268,-0.0925079584121704,0.498387507647698,"[84.0, 144.0]"
normal_1375_PPE,0,1,9,normal,"[132.0, 121.0]",45.254833995939045,0.9887308061122894,0.2709179520606994,0.9913061261177064,-0.1194928288459777,0.4166201655439229,"[156.0, 110.0]"
normal_1376_PPE,0,1,9,normal,"[109.0, 128.0]",45.254833995939045,0.9621546626091004,0.2460365891456604,0.9818071126937866,-0.1442654728889465,0.4747582401883872,"[86.0, 122.0]"
normal_1377_PPE,0,1,9,normal,"[134.0, 121.0]",45.254833995939045,0.9203777074813844,0.2443119287490844,0.9240204691886902,-0.1462572515010833,0.6930174577439296,"[141.0, 133.0]"
normal_1378_PPE,0,1,9,normal,"[104.0, 124.0]",45.254833995939045,0.9665181159973144,0.2501194477081299,0.986083686351776,-0.1307004392147064,0.5444568832152109,"[85.0, 132.0]"
normal_1379_PPE,0,1,9,normal,"[129.0, 114.0]",45.254833995939045,0.9753683686256408,0.264121949672699,0.9766703248023988,-0.1378859579563141,0.3407805278209692,"[158.0, 121.0]"
normal_1380_PPE,0,1,9,normal,"[105.0, 122.0]",57.01751796098172,0.925685566663742,0.2368466258049011,0.9575505256652832,-0.0927678644657135,0.4723864000258794,"[76.0, 130.0]"
normal_1381_PPE,0,1,9,normal,"[131.0, 120.0]",57.01751796098172,0.8390356689691543,0.1352182030677795,0.9901213049888612,-0.0536627620458602,0.370322535495119,"[166.0, 112.0]"
normal_1382_PPE,0,2,9,normal,"[113.0, 124.0]",45.254833995939045,0.9292660295963288,0.2336775660514831,0.9536957740783693,-0.1400071084499359,0.1743846991485683,"[77.0, 114.0]"
normal_1383_PPE,0,1,9,normal,"[131.0, 120.0]",45.254833995939045,1.0007946491241455,0.3052994012832641,0.9495344161987304,-0.1541057825088501,0.4619007700711699,"[154.0, 112.0]"
normal_1384_PPE,0,1,9,normal,"[111.0, 122.0]",45.254833995939045,1.0280973136425018,0.3207279443740845,0.9655943512916564,-0.157266616821289,0.4254757402859301,"[85.0, 122.0]"
normal_1385_PPE,0,1,9,normal,"[139.0, 123.0]",45.254833995939045,0.987790548801422,0.286541998386383,0.9595316052436828,-0.1478821337223053,0.4619007700711699,"[147.0, 146.0]"
normal_1386_PPE,0,3,9,normal,"[119.0, 130.0]",45.254833995939045,0.9400482773780822,0.2348873019218444,0.967083215713501,-0.1410136222839355,-0.1579379571030565,"[80.0, 95.0]"
normal_1387_PPE,0,1,9,normal,"[139.0, 128.0]",57.01751796098172,0.924259290099144,0.2276652455329895,0.9753833413124084,-0.0691285282373428,0.4117418494882632,"[172.0, 122.0]"
normal_1388_PPE,0,1,9,normal,"[101.0, 117.0]",57.01751796098172,0.9116001784801484,0.217705488204956,0.9713166356086732,-0.0698652267456054,0.0353841772341326,"[68.0, 161.0]"
normal_1389_PPE,0,1,9,normal,"[136.0, 122.0]",45.254833995939045,0.9248232960700988,0.2229127883911132,0.9591481685638428,-0.1525339484214782,0.4729022564552188,"[149.0, 102.0]"
normal_1390_PPE,0,1,9,normal,"[103.0, 116.0]",45.254833995939045,0.9042701363563538,0.1904982924461364,0.9795081615447998,-0.1405806541442871,0.4162018221165812,"[90.0, 93.0]"
normal_1391_PPE,0,1,9,normal,"[135.0, 126.0]",45.254833995939045,0.973260748386383,0.2729266285896301,0.954925775527954,-0.1594303846359253,0.594351406695401,"[151.0, 117.0]"
normal_1392_PPE,0,1,9,normal,"[106.0, 121.0]",45.254833995939045,0.9443937599658966,0.2369111776351928,0.971221089363098,-0.1381390988826751,0.6906407832308854,"[92.0, 121.0]"
normal_1393_PPE,0,1,9,normal,"[124.0, 119.0]",45.254833995939045,1.0022524058818818,0.2873615026473999,0.9908135533332824,-0.1066070795059204,0.4458078796572438,"[147.0, 129.0]"
normal_1394_PPE,0,1,9,normal,"[107.0, 116.0]",57.01751796098172,0.9955093502998352,0.3170672059059143,0.9455615282058716,-0.0827453732490539,0.4352177097879626,"[81.0, 97.0]"
normal_1395_PPE,0,1,9,normal,"[130.0, 132.0]",71.83757109179989,0.912226340174675,0.2396391034126281,0.9420274496078492,-0.0658401101827621,0.5043124776027623,"[158.0, 154.0]"
normal_1396_PPE,0,1,9,normal,"[143.0, 118.0]",45.254833995939045,0.9141014277935028,0.1969746947288513,0.99068284034729,-0.1182437241077423,0.4564835271585598,"[165.0, 107.0]"
normal_1397_PPE,0,1,9,normal,"[97.0, 125.0]",45.254833995939045,0.979904282093048,0.2691065669059753,0.9736599922180176,-0.1461786031723022,0.650614378515658,"[92.0, 110.0]"
normal_1398_PPE,0,1,9,normal,"[116.0, 127.0]",57.01751796098172,0.9743450433015822,0.27138352394104,0.9846624135971068,-0.0684891492128372,0.2209681126522886,"[78.0, 104.0]"
normal_1399_PPE,0,1,9,normal,"[133.0, 125.0]",45.254833995939045,1.041320687532425,0.3254830241203308,0.9882457852363586,-0.1203280687332153,0.4841383118994007,"[156.0, 129.0]"
normal_1400_PPE,0,2,9,normal,"[129.0, 139.0]",57.01751796098172,0.9621644258499146,0.2586644887924194,0.9818713665008544,-0.0809499025344848,0.1336635141726647,"[171.0, 113.0]"
normal_1401_PPE,0,2,9,normal,"[122.0, 130.0]",57.01751796098172,0.9721923291683195,0.2696684598922729,0.9802470803260804,-0.0817545652389526,0.0462877648497027,"[76.0, 101.0]"
normal_1402_PPE,0,1,9,normal,"[114.0, 136.0]",57.01751796098172,0.8788517415523529,0.2069026231765747,0.9329942464828492,-0.094265729188919,0.523547211700751,"[87.0, 133.0]"
normal_1403_PPE,0,1,9,normal,"[126.0, 124.0]",71.83757109179989,0.9741941899061204,0.2882154583930969,0.9610678553581238,-0.0661561638116836,0.2379354989226104,"[180.0, 133.0]"
normal_1404_PPE,0,2,9,normal,"[113.0, 131.0]",57.01751796098172,1.001162874698639,0.3082588315010071,0.9621071815490724,-0.0971450805664062,0.2186026257688084,"[69.0, 138.0]"
normal_1405_PPE,0,2,9,normal,"[129.0, 126.0]",57.01751796098172,0.8871981859207152,0.189803659915924,0.9711534976959229,-0.0879353880882263,0.2123293901269993,"[173.0, 135.0]"
normal_1406_PPE,0,2,9,normal,"[126.0, 117.0]",57.01751796098172,0.9355213701725006,0.234218955039978,0.9741848111152648,-0.0968652367591857,0.1406149942631364,"[77.0, 117.0]"
normal_1407_PPE,0,1,9,normal,"[140.0, 123.0]",45.254833995939045,1.0211999416351318,0.3036824464797973,0.9858599305152892,-0.1370777189731598,0.412865805373252,"[165.0, 114.0]"
normal_1408_PPE,0,1,9,normal,"[135.0, 120.0]",45.254833995939045,0.9349707305431364,0.2316301465034485,0.9659450650215148,-0.1358951926231384,0.6436951796565195,"[149.0, 128.0]"
normal_1409_PPE,0,1,9,normal,"[100.0, 125.0]",45.254833995939045,1.014678519964218,0.2986432909965515,0.9883715510368348,-0.1208757162094116,0.6322311782518806,"[86.0, 116.0]"
normal_1410_PPE,0,2,9,normal,"[132.0, 126.0]",35.918785545899944,0.8289572358131408,0.1571898460388183,0.92586749792099,-0.1183007061481475,0.3990043700854742,"[153.0, 131.0]"
normal_1411_PPE,0,1,9,normal,"[102.0, 122.0]",57.01751796098172,1.0058751821517944,0.3279842138290405,0.9431424736976624,-0.0884561836719513,0.4384950041306041,"[71.0, 130.0]"
normal_1412_PPE,0,1,9,normal,"[128.0, 122.0]",45.254833995939045,1.057657706737518,0.3413918018341064,0.9840338826179504,-0.1372109353542328,0.3279433385122948,"[155.0, 136.0]"
normal_1413_PPE,0,1,9,normal,"[117.0, 125.0]",45.254833995939045,1.0862419068813325,0.3786833882331848,0.9672859907150269,-0.1522916257381439,0.2215675808074282,"[88.0, 145.0]"
normal_1414_PPE,0,2,9,normal,"[115.0, 122.0]",35.918785545899944,0.941842257976532,0.2730013132095337,0.916617512702942,-0.1360434293746948,-0.0746610038335144,"[84.0, 145.0]"
normal_1415_PPE,0,1,9,normal,"[139.0, 126.0]",45.254833995939045,1.0010637223720549,0.3191742897033691,0.9294264912605286,-0.1564544439315796,0.5385992793677062,"[159.0, 120.0]"
normal_1416_PPE,0,1,9,normal,"[102.0, 122.0]",45.254833995939045,1.0324528813362122,0.3137866258621216,0.9854665398597716,-0.1441983878612518,0.6457567484764177,"[86.0, 123.0]"
normal_1417_PPE,0,1,9,normal,"[137.0, 122.0]",45.254833995939045,0.9828225314617156,0.2696868777275085,0.977659285068512,-0.1438707709312439,0.4050177261043822,"[160.0, 108.0]"
normal_1418_PPE,0,1,9,normal,"[109.0, 121.0]",45.254833995939045,0.97267963886261,0.2625864148139953,0.972934365272522,-0.1451958417892456,0.4564835271585598,"[87.0, 110.0]"
normal_1419_PPE,0,1,9,normal,"[106.0, 122.0]",57.01751796098172,0.9474579632282256,0.2576376795768738,0.960692822933197,-0.08667653799057,0.6554237468240327,"[87.0, 117.0]"
normal_1420_PPE,0,1,9,normal,"[134.0, 120.0]",45.254833995939045,0.929178273677826,0.2629676461219787,0.9117699265480042,-0.1398583948612213,0.2493492406584804,"[159.0, 143.0]"
normal_1421_PPE,0,1,9,normal,"[108.0, 117.0]",45.254833995939045,0.940727424621582,0.2622265219688415,0.9299389123916626,-0.1377183198928833,0.2483741580746441,"[77.0, 103.0]"
normal_1422_PPE,0,1,9,normal,"[130.0, 122.0]",71.83757109179989,0.9351761370897292,0.2496082186698913,0.9603204727172852,-0.0667179375886917,0.528967250463737,"[162.0, 133.0]"
normal_1423_PPE,0,1,9,normal,"[133.0, 123.0]",57.01751796098172,0.9569372296333312,0.2705417275428772,0.9562731385231018,-0.0850215256214141,0.4723864000258794,"[144.0, 151.0]"
normal_1424_PPE,0,3,9,normal,"[119.0, 125.0]",45.254833995939045,0.9186184287071228,0.2045680880546569,0.981837272644043,-0.1338212490081787,0.1280745982310184,"[80.0, 119.0]"
normal_1425_PPE,0,3,9,normal,"[122.0, 112.0]",35.918785545899944,0.7631278634071349,0.1230323910713195,0.8752151727676392,-0.1372242569923401,-0.1745955654748991,"[164.0, 108.0]"
normal_1426_PPE,0,3,9,normal,"[123.0, 123.0]",35.918785545899944,0.7842951238155365,0.1650923490524292,0.8446776270866394,-0.1396421790122985,-0.5976226943498271,"[101.0, 176.0]"
normal_1426_PPE,1,4,9,normal,"[204.0, 192.0]",228.07007184392688,0.5277677245438099,0.140253484249115,0.55316561460495,-0.0014915503561496,0.5429680454214199,"[101.0, 176.0]"
normal_1427_PPE,0,1,9,normal,"[131.0, 126.0]",45.254833995939045,0.9871389746665956,0.272515594959259,0.9776401519775392,-0.1513763666152954,0.5575061794216782,"[151.0, 127.0]"
normal_1428_PPE,0,1,9,normal,"[109.0, 126.0]",45.254833995939045,0.9552724599838256,0.2778176665306091,0.9251671433448792,-0.1491889655590057,0.3501051767785806,"[92.0, 102.0]"
normal_1429_PPE,0,1,9,normal,"[126.0, 120.0]",45.254833995939045,0.973733365535736,0.2804611325263977,0.944974720478058,-0.1589496433734893,0.6402854864618333,"[142.0, 123.0]"
normal_1430_PPE,0,1,9,normal,"[136.0, 124.0]",57.01751796098172,0.8822020530700684,0.1977759599685669,0.949986457824707,-0.0971778631210327,0.5386348999980413,"[162.0, 120.0]"
normal_1431_PPE,0,1,9,normal,"[115.0, 120.0]",45.254833995939045,0.9481164336204528,0.2635758519172668,0.9348708987236024,-0.1506547629833221,0.460541359323998,"[95.0, 106.0]"
normal_1432_PPE,0,1,9,normal,"[135.0, 126.0]",45.254833995939045,1.012023425102234,0.2979249358177185,0.9856669902801514,-0.1206579804420471,0.5967660031073769,"[153.0, 123.0]"
normal_1433_PPE,0,1,9,normal,"[109.0, 120.0]",57.01751796098172,0.9331243813037872,0.2617266774177551,0.9323073029518129,-0.0939129590988159,0.5048681626880812,"[83.0, 109.0]"
normal_1434_PPE,0,1,9,normal,"[135.0, 122.0]",45.254833995939045,1.0350196421146394,0.3196673393249511,0.98437237739563,-0.1314581930637359,0.337824371861966,"[162.0, 109.0]"
normal_1435_PPE,0,1,9,normal,"[110.0, 124.0]",57.01751796098172,0.9009336709976196,0.2151497602462768,0.9549314975738524,-0.0866593122482299,0.7144944014006425,"[94.0, 127.0]"
normal_1436_PPE,0,1,9,normal,"[104.0, 117.0]",57.01751796098172,0.9357453167438506,0.2693668603897095,0.9213958978652954,-0.1070066392421722,0.6058719169497622,"[85.0, 129.0]"
normal_1437_PPE,0,1,9,normal,"[136.0, 129.0]",45.254833995939045,0.945287162065506,0.2408042550086975,0.9613922238349916,-0.1575417518615722,0.5108601299219211,"[157.0, 122.0]"
normal_1438_PPE,0,1,9,normal,"[106.0, 118.0]",45.254833995939045,0.9608562767505644,0.2454109787940979,0.9775347113609314,-0.1558550000190735,0.5848334295129243,"[89.0, 110.0]"
normal_1439_PPE,0,1,9,normal,"[133.0, 120.0]",35.918785545899944,0.8721321880817413,0.2063273787498474,0.9118571281433104,-0.1375240981578827,0.82392068038451,"[139.0, 118.0]"
normal_1440_PPE,0,1,9,normal,"[111.0, 119.0]",35.918785545899944,0.903798335790634,0.2146717309951782,0.9424846768379213,-0.1469366550445556,0.4866449788224937,"[93.0, 115.0]"
normal_1441_PPE,0,1,9,normal,"[106.0, 125.0]",57.01751796098172,0.8525369524955749,0.1704440116882324,0.946825385093689,-0.0965758562088012,0.6105827804295356,"[84.0, 122.0]"
normal_1442_PPE,0,1,9,normal,"[139.0, 127.0]",45.254833995939045,0.9821598589420318,0.273830235004425,0.9673667550086976,-0.1558644771575927,0.6402854864618333,"[151.0, 116.0]"
normal_1443_PPE,0,1,9,normal,"[101.0, 123.0]",45.254833995939045,0.94805566072464,0.2347956895828247,0.9744608402252196,-0.1556869149208068,0.3904247124021512,"[82.0, 103.0]"
normal_1444_PPE,0,1,9,normal,"[135.0, 120.0]",45.254833995939045,0.9166654169559478,0.2154013514518737,0.956637680530548,-0.1580884456634521,0.5732343661328856,"[153.0, 113.0]"
normal_1445_PPE,0,1,9,normal,"[108.0, 120.0]",45.254833995939045,0.926232784986496,0.2180014252662658,0.9671422839164734,-0.1561588048934936,0.5444568832152109,"[89.0, 112.0]"
normal_1446_PPE,0,1,9,normal,"[125.0, 134.0]",57.01751796098172,0.8855832040309906,0.1958045363426208,0.9622703194618224,-0.0809472203254699,0.4212305063404796,"[158.0, 134.0]"
normal_1447_PPE,0,1,9,normal,"[130.0, 138.0]",71.83757109179989,0.974403727054596,0.2801206707954407,0.9730851054191588,-0.06561741232872,0.5766308327347835,"[160.0, 143.0]"
normal_1448_PPE,0,1,9,normal,"[141.0, 124.0]",57.01751796098172,0.8878275036811828,0.2008830308914184,0.9544934630393982,-0.0939952433109283,0.4265698224374149,"[171.0, 111.0]"
normal_1449_PPE,0,2,9,normal,"[115.0, 137.0]",45.254833995939045,0.8857179641723633,0.1801791191101074,0.9802380800247192,-0.0968609452247619,-0.2223504509754965,"[73.0, 173.0]"
normal_1450_PPE,0,1,9,normal,"[133.0, 128.0]",57.01751796098172,0.968020862340927,0.2739896178245544,0.9704126119613647,-0.0737120807170867,0.6505484707558425,"[152.0, 122.0]"
normal_1451_PPE,0,1,9,normal,"[112.0, 138.0]",57.01751796098172,0.9650204092264176,0.2781546115875244,0.9598221778869628,-0.0749513655900955,0.4560246403611144,"[81.0, 137.0]"
normal_1452_PPE,0,2,9,normal,"[132.0, 122.0]",35.918785545899944,0.9059073448181152,0.2238874435424804,0.936980128288269,-0.1306690573692321,0.317479670549137,"[156.0, 117.0]"
normal_1453_PPE,0,1,9,normal,"[136.0, 118.0]",45.254833995939045,1.0128775477409362,0.3123513460159302,0.957255482673645,-0.1522368192672729,0.5385992793677062,"[156.0, 124.0]"
normal_1454_PPE,0,1,9,normal,"[99.0, 115.0]",45.254833995939045,0.9988186240196228,0.285793125629425,0.9893493056297302,-0.1024049222469329,0.6322311782518806,"[90.0, 101.0]"
normal_1455_PPE,0,2,9,normal,"[128.0, 124.0]",35.918785545899944,0.8516089618206023,0.1573688983917236,0.9532014727592468,-0.13499516248703,0.6213271049669989,"[141.0, 120.0]"
normal_1456_PPE,0,1,9,normal,"[103.0, 119.0]",45.254833995939045,0.9618612110614776,0.245038092136383,0.9911840558052064,-0.1149713993072509,0.6436951796565195,"[87.0, 117.0]"
normal_1457_PPE,0,1,9,normal,"[136.0, 126.0]",71.83757109179989,0.8846618264913558,0.1890223026275634,0.9752916097640992,-0.0646769851446151,0.3821522447407647,"[179.0, 137.0]"
normal_1458_PPE,0,1,9,normal,"[108.0, 104.0]",71.83757109179989,0.937830090522766,0.2509841322898865,0.963271141052246,-0.0627807974815368,0.2319832636597493,"[70.0, 144.0]"
normal_1458_PPE,1,3,9,normal,"[112.0, 152.0]",35.918785545899944,0.7933958947658538,0.1012616753578186,0.9779007434844972,-0.0380184948444366,-0.1903274568742847,"[70.0, 144.0]"
normal_1459_PPE,0,3,9,normal,"[118.0, 118.0]",35.918785545899944,0.7836132407188415,0.1901994347572326,0.8021547794342041,-0.15952730178833,0.5510840566702379,"[134.0, 116.0]"
normal_1460_PPE,0,3,9,normal,"[113.0, 124.0]",45.254833995939045,0.9001387834548951,0.212186574935913,0.9417843818664552,-0.1435157060623169,0.3146339937668341,"[82.0, 123.0]"
normal_1461_PPE,0,1,9,normal,"[144.0, 121.0]",45.254833995939045,0.9215447425842284,0.2085938453674316,0.9767203330993652,-0.146233320236206,0.6836178635731783,"[147.0, 107.0]"
normal_1462_PPE,0,1,9,normal,"[99.0, 119.0]",45.254833995939045,0.901272702217102,0.1882097721099853,0.9890410900115968,-0.1036708354949951,0.5755288216498087,"[87.0, 104.0]"
normal_1463_PPE,0,3,9,normal,"[113.0, 116.0]",45.254833995939045,0.8578272163867949,0.1402093768119812,0.992573618888855,-0.1140815317630767,-0.256428780810914,"[61.0, 93.0]"
normal_1464_PPE,0,1,9,normal,"[130.0, 126.0]",71.83757109179989,0.9455329298973084,0.2662014961242676,0.9527167081832886,-0.0621486902236938,0.3854541650235781,"[173.0, 136.0]"
normal_1464_PPE,1,2,9,normal,"[126.0, 127.0]",57.01751796098172,0.9127245098352432,0.2097774147987365,0.986475706100464,-0.0620705038309097,0.1607150544720476,"[173.0, 136.0]"
normal_1465_PPE,0,1,9,normal,"[107.0, 128.0]",57.01751796098172,0.9128797590732574,0.2213137149810791,0.9611473083496094,-0.0938146412372589,0.4000920423021303,"[74.0, 119.0]"
normal_1466_PPE,0,2,9,normal,"[117.0, 120.0]",45.254833995939045,0.9099257946014404,0.1951462626457214,0.98845237493515,-0.1143143475055694,0.0056310889564176,"[81.0, 93.0]"
normal_1467_PPE,0,1,9,normal,"[150.0, 124.0]",57.01751796098172,0.9160533607006072,0.2341005802154541,0.9481594562530518,-0.0912058055400848,0.6117694278392345,"[171.0, 117.0]"
normal_1468_PPE,0,1,9,normal,"[99.0, 119.0]",57.01751796098172,0.9417343854904174,0.2592742443084717,0.9483907222747804,-0.092933177947998,0.5761637333332099,"[77.0, 109.0]"
normal_1469_PPE,0,1,9,normal,"[133.0, 126.0]",57.01751796098172,0.8689722001552581,0.1666025519371032,0.9799280166625975,-0.0821001827716827,0.6279528784449533,"[154.0, 123.0]"
normal_1470_PPE,0,1,9,normal,"[115.0, 120.0]",45.254833995939045,0.9314415812492368,0.2481709718704223,0.9350423216819764,-0.1437049210071563,0.2731435406491872,"[84.0, 109.0]"
normal_1471_PPE,0,1,9,normal,"[128.0, 124.0]",45.254833995939045,1.0506856381893157,0.3438501954078674,0.9644026160240172,-0.1587680578231811,0.4761545433049935,"[149.0, 113.0]"
normal_1472_PPE,0,1,9,normal,"[114.0, 124.0]",45.254833995939045,1.0440784633159637,0.3279808163642883,0.9860942363739014,-0.1291584074497223,0.405428200298736,"[94.0, 142.0]"
normal_1472_PPE,1,4,9,normal,"[16.0, 200.0]",228.07007184392688,0.4471667110919952,-0.0028961896896362,0.6423225998878479,-0.0021854043006896,0.5738115823092322,"[94.0, 142.0]"
normal_1473_PPE,0,1,9,normal,"[139.0, 126.0]",57.01751796098172,0.9382699251174926,0.2603692412376404,0.9432152509689332,-0.0882500410079956,0.4886701400405098,"[168.0, 123.0]"
normal_1474_PPE,0,1,9,normal,"[101.0, 120.0]",45.254833995939045,0.9790080785751344,0.2712553143501282,0.9673439264297484,-0.1530600786209106,0.6685436963188058,"[92.0, 132.0]"
normal_1475_PPE,0,1,9,normal,"[98.0, 121.0]",57.01751796098172,0.9189286947250366,0.2376861572265625,0.9503005743026732,-0.0801606774330139,0.5718313931487897,"[78.0, 135.0]"
normal_1476_PPE,0,1,9,normal,"[140.0, 121.0]",45.254833995939045,0.9116431057453156,0.1949487328529358,0.9895774722099304,-0.1199507117271423,0.6685436963188058,"[152.0, 130.0]"
normal_1477_PPE,0,1,9,normal,"[145.0, 128.0]",57.01751796098172,0.910667186975479,0.236088752746582,0.938506543636322,-0.0881192684173584,0.8015748685039751,"[153.0, 120.0]"
normal_1478_PPE,0,1,9,normal,"[104.0, 118.0]",45.254833995939045,0.8915126919746399,0.1777587532997131,0.9906372427940368,-0.1015393435955047,0.6436951796565195,"[90.0, 110.0]"
normal_1479_PPE,0,1,9,normal,"[131.0, 125.0]",57.01751796098172,0.9535557866096496,0.2492819428443908,0.987303912639618,-0.0658055245876312,0.3335381588163099,"[169.0, 125.0]"
normal_1480_PPE,0,2,9,normal,"[126.0, 126.0]",45.254833995939045,0.9471495985984802,0.2332776188850402,0.9867279529571532,-0.115812063217163,0.1136340872698228,"[86.0, 129.0]"
normal_1481_PPE,0,1,9,normal,"[131.0, 120.0]",45.254833995939045,0.9052760779857636,0.2045677900314331,0.956005871295929,-0.1575208902359008,0.4659997659176543,"[153.0, 110.0]"
normal_1482_PPE,0,1,9,normal,"[106.0, 122.0]",45.254833995939045,0.9437180936336516,0.22760009765625,0.9817453622817992,-0.144481211900711,0.681311280400451,"[98.0, 110.0]"
normal_1483_PPE,0,1,9,normal,"[141.0, 121.0]",57.01751796098172,0.9815082520246504,0.2960758805274963,0.9579896926879884,-0.0741979330778122,0.3861535673308117,"[162.0, 149.0]"
normal_1484_PPE,0,1,9,normal,"[104.0, 124.0]",57.01751796098172,0.9961587965488432,0.2993338704109192,0.9736278057098388,-0.0764273107051849,0.5573490423501177,"[83.0, 110.0]"
normal_1485_PPE,0,3,9,normal,"[109.0, 129.0]",45.254833995939045,0.908793008327484,0.1883357167243957,0.9894078969955444,-0.1393588185310363,-0.0606601717798211,"[157.0, 129.0]"
normal_1486_PPE,0,1,9,normal,"[142.0, 122.0]",45.254833995939045,0.9587493658065795,0.2413225173950195,0.986422836780548,-0.1346543133258819,0.6047152924789526,"[158.0, 114.0]"
normal_1487_PPE,0,1,9,normal,"[103.0, 122.0]",45.254833995939045,0.9423255920410156,0.2271257638931274,0.9856668710708618,-0.1261650919914245,0.6457567484764177,"[87.0, 121.0]"
normal_1488_PPE,0,1,9,normal,"[132.0, 122.0]",71.83757109179989,1.0085098356008528,0.3090627789497375,0.9801242351531982,-0.0668004602193832,0.3564969329735359,"[168.0, 93.0]"
normal_1489_PPE,0,1,9,normal,"[100.0, 125.0]",57.01751796098172,0.8974460303783417,0.2114477753639221,0.9538452625274658,-0.0915328562259674,0.622209805006266,"[80.0, 117.0]"
normal_1490_PPE,0,1,9,normal,"[116.0, 132.0]",71.83757109179989,1.0582356482744215,0.3751667141914367,0.9573741555213928,-0.0645351260900497,0.4225175434680237,"[76.0, 143.0]"
normal_1490_PPE,1,3,9,normal,"[130.0, 163.0]",35.918785545899944,0.8347409904003142,0.1312187910079956,0.9899411201477052,-0.0528170764446258,-0.6031922939589769,"[76.0, 143.0]"
normal_1491_PPE,0,1,9,normal,"[133.0, 124.0]",57.01751796098172,0.9718149363994596,0.2923129200935364,0.9426320791244508,-0.0982978045940399,0.6470451096929579,"[142.0, 142.0]"
normal_1492_PPE,0,1,9,normal,"[105.0, 122.0]",57.01751796098172,0.9145632743835448,0.2352405786514282,0.9458366632461548,-0.0861851572990417,0.5831153389687087,"[83.0, 113.0]"
normal_1493_PPE,0,2,9,normal,"[138.0, 117.0]",57.01751796098172,0.9244651585817336,0.224075436592102,0.9816164970397948,-0.066290870308876,0.3841524326578335,"[171.0, 105.0]"
normal_1494_PPE,0,3,9,normal,"[110.0, 105.0]",45.254833995939045,0.860968518257141,0.1532052755355835,0.9833822250366212,-0.0969784259796142,-0.0624999999999997,"[64.0, 119.0]"
normal_1495_PPE,0,4,9,normal,"[121.0, 39.0]",57.01751796098172,0.3216911017894744,-0.102809190750122,0.6056161522865295,-0.0028449296951293,-0.9184392155926822,"[163.0, 140.0]"
normal_1495_PPE,1,4,9,normal,"[215.0, 169.0]",35.918785545899944,0.1743248462677001,-0.1913272738456726,0.5213315486907959,-0.0036001801490783,-0.6576257153887306,"[163.0, 140.0]"
normal_1496_PPE,0,3,9,normal,"[128.0, 129.0]",45.254833995939045,0.9580033838748933,0.2577585577964782,0.9554436802864076,-0.1571712493896484,-0.0883796729542498,"[79.0, 124.0]"
normal_1497_PPE,0,1,9,normal,"[116.0, 126.0]",71.83757109179989,1.093692320585251,0.4143213033676147,0.9512507319450378,-0.0674775242805481,0.5015835441571133,"[95.0, 155.0]"
normal_1498_PPE,0,1,9,normal,"[125.0, 120.0]",57.01751796098172,0.9703567922115326,0.2655751705169678,0.9858875274658204,-0.073301762342453,0.2275105499816444,"[159.0, 148.0]"
normal_1499_PPE,0,1,9,normal,"[120.0, 116.0]",57.01751796098172,1.0095702469348908,0.3226934671401977,0.956261932849884,-0.0874671339988708,0.2625495884960948,"[78.0, 118.0]"
normal_1500_PPE,0,1,9,normal,"[130.0, 120.0]",45.254833995939045,1.0070976495742798,0.302042007446289,0.9617239236831664,-0.1592444777488708,0.5830729979960521,"[146.0, 130.0]"
normal_1501_PPE,0,1,9,normal,"[141.0, 124.0]",45.254833995939045,0.9319791853427888,0.2165877223014831,0.9895897507667542,-0.1133931875228881,0.5613853485119313,"[154.0, 139.0]"
normal_1502_PPE,0,1,9,normal,"[108.0, 127.0]",45.254833995939045,0.9772636473178864,0.2634118199348449,0.9843021035194396,-0.1242017745971679,0.4951407993311403,"[87.0, 118.0]"
normal_1503_PPE,0,1,9,normal,"[131.0, 133.0]",57.01751796098172,1.0463389456272123,0.3394996523857116,0.985707461833954,-0.0842203497886657,0.5615382623791512,"[151.0, 148.0]"
normal_1504_PPE,0,1,9,normal,"[114.0, 127.0]",57.01751796098172,1.0748591721057892,0.3834699988365173,0.9624870419502258,-0.0882412195205688,0.3314644609543168,"[76.0, 130.0]"
normal_1505_PPE,0,1,9,normal,"[122.0, 127.0]",57.01751796098172,0.9634345829486848,0.2589577436447143,0.9807081818580629,-0.089905560016632,0.4265698224374149,"[152.0, 140.0]"
normal_1506_PPE,0,2,9,normal,"[108.0, 109.0]",57.01751796098172,0.9736796438694,0.2759365439414978,0.9727261066436768,-0.0841741263866424,0.5436626392555202,"[82.0, 110.0]"
normal_1507_PPE,0,1,9,normal,"[100.0, 118.0]",57.01751796098172,0.8859551608562469,0.2050420045852661,0.9435200095176696,-0.1022457480430603,0.5729103581738485,"[77.0, 110.0]"
normal_1508_PPE,0,3,9,normal,"[124.0, 114.0]",45.254833995939045,0.902941972017288,0.1936041116714477,0.9812971353530884,-0.1121493279933929,0.1150123588433564,"[164.0, 116.0]"
normal_1509_PPE,0,1,9,normal,"[136.0, 117.0]",45.254833995939045,0.962237673997879,0.2463703751564026,0.9825024604797364,-0.140577882528305,0.6906407832308854,"[150.0, 117.0]"
normal_1510_PPE,0,1,9,normal,"[109.0, 123.0]",45.254833995939045,0.9589694321155549,0.2443900108337402,0.9854943156242372,-0.1236670017242431,0.6678079433520423,"[94.0, 122.0]"
normal_1511_PPE,0,1,9,normal,"[137.0, 118.0]",45.254833995939045,0.9875864684581755,0.2768500447273254,0.9725460410118104,-0.149770975112915,0.4542422126070944,"[158.0, 105.0]"
normal_1512_PPE,0,1,9,normal,"[98.0, 123.0]",45.254833995939045,0.9732280313968658,0.2565593719482422,0.981734335422516,-0.1472731232643127,0.4366326132087517,"[73.0, 128.0]"
normal_1513_PPE,0,4,9,normal,"[51.0, 139.0]",35.918785545899944,0.5874048173427581,-0.035837173461914,0.8893185257911682,-0.0035951137542724,-2.587548621453777,"[177.0, 112.0]"
normal_1514_PPE,0,1,9,normal,"[106.0, 124.0]",57.01751796098172,0.9324780106544494,0.2388036847114563,0.9661458134651184,-0.0868612825870513,0.5894349551052224,"[84.0, 116.0]"
normal_1515_PPE,0,4,9,normal,"[109.0, 40.0]",45.254833995939045,0.5164215147495269,-0.0485997796058654,0.8063326478004456,-0.0029422044754028,-1.3020244147814766,"[71.0, 137.0]"
normal_1515_PPE,1,4,9,normal,"[105.0, 39.0]",45.254833995939045,0.5122371435165405,-0.0497626662254333,0.8020167350769043,-0.0029404759407043,-1.2921401026115311,"[71.0, 137.0]"
normal_1516_PPE,0,1,9,normal,"[133.0, 121.0]",45.254833995939045,0.9250210344791412,0.210909366607666,0.9796449542045592,-0.1418009996414184,0.6402854864618333,"[149.0, 118.0]"
normal_1517_PPE,0,1,9,normal,"[112.0, 122.0]",45.254833995939045,0.9024683594703674,0.1879911422729492,0.986920952796936,-0.1181627511978149,0.5807372542187894,"[94.0, 116.0]"
normal_1518_PPE,0,1,9,normal,"[134.0, 127.0]",57.01751796098172,0.9859832257032396,0.2962241172790527,0.9637406468391418,-0.075703278183937,0.607827899658842,"[156.0, 123.0]"
normal_1519_PPE,0,2,9,normal,"[118.0, 115.0]",45.254833995939045,0.9144517123699188,0.2162612080574035,0.9585784673690796,-0.1359278857707977,0.1717276074563393,"[81.0, 109.0]"
normal_1519_PPE,1,4,9,normal,"[44.0, 44.0]",228.07007184392688,0.5704919710755348,0.101427137851715,0.6696093082427979,-0.0016915872693061,0.6720611029734622,"[81.0, 109.0]"
normal_1520_PPE,0,1,9,normal,"[100.0, 117.0]",57.01751796098172,0.9423860251903532,0.2449034452438354,0.9706385135650636,-0.0901781022548675,0.6283664940498184,"[80.0, 110.0]"
normal_1521_PPE,0,1,9,normal,"[137.0, 127.0]",57.01751796098172,0.9057929813861848,0.2188456058502197,0.9548425674438475,-0.092787891626358,0.7317130052688992,"[152.0, 124.0]"
normal_1522_PPE,0,1,9,normal,"[99.0, 119.0]",57.01751796098172,0.9321095436811448,0.2530751824378967,0.948229432106018,-0.0763687938451767,0.7719998964371586,"[86.0, 119.0]"
normal_1523_PPE,0,1,9,normal,"[130.0, 122.0]",45.254833995939045,0.966197919845581,0.2596836686134338,0.9638372659683228,-0.1591408252716064,0.602252435582567,"[148.0, 122.0]"
normal_1524_PPE,0,1,9,normal,"[108.0, 125.0]",45.254833995939045,0.9120549976825714,0.212653636932373,0.9541594386100768,-0.1574487686157226,0.661979567925251,"[93.0, 122.0]"
normal_1525_PPE,0,1,9,normal,"[136.0, 127.0]",57.01751796098172,0.9582769364118576,0.2649510502815246,0.9698949456214904,-0.071997120976448,0.5229020485232903,"[158.0, 111.0]"
normal_1526_PPE,0,1,9,normal,"[144.0, 120.0]",45.254833995939045,1.0370920300483704,0.323711633682251,0.9798712134361268,-0.1373527348041534,0.5558540498890033,"[164.0, 118.0]"
normal_1527_PPE,0,1,9,normal,"[96.0, 123.0]",57.01751796098172,0.9411609411239624,0.2358208298683166,0.9894039034843444,-0.063786894083023,0.5601374225877109,"[73.0, 113.0]"
normal_1528_PPE,0,1,9,normal,"[134.0, 124.0]",45.254833995939045,0.9305454015731812,0.2303817272186279,0.9551464319229126,-0.157805860042572,0.4366326132087517,"[159.0, 129.0]"
normal_1529_PPE,0,1,9,normal,"[104.0, 122.0]",45.254833995939045,0.9110471367835998,0.1945822834968567,0.9897192120552064,-0.1183070242404937,0.2953142322637699,"[83.0, 146.0]"
normal_1530_PPE,0,1,9,normal,"[123.0, 124.0]",45.254833995939045,0.97874938249588,0.2640247941017151,0.985337734222412,-0.1249408721923828,0.5317711230071345,"[143.0, 131.0]"
normal_1531_PPE,0,1,9,normal,"[130.0, 121.0]",45.254833995939045,0.8869272112846375,0.1731163263320922,0.9846251010894777,-0.1228665709495544,0.5385992793677062,"[150.0, 115.0]"
normal_1532_PPE,0,1,9,normal,"[106.0, 121.0]",45.254833995939045,0.8561850011348724,0.1417614817619323,0.9860326051712036,-0.1210034787654876,0.6140909676491104,"[89.0, 117.0]"
normal_1533_PPE,0,1,9,normal,"[142.0, 121.0]",45.254833995939045,0.9278837740421296,0.2135652899742126,0.991680920124054,-0.1007091999053955,0.827416234106449,"[148.0, 116.0]"
normal_1534_PPE,0,1,9,normal,"[96.0, 122.0]",45.254833995939045,0.956501406431198,0.2458636164665222,0.982858180999756,-0.113185316324234,0.731177335404918,"[98.0, 110.0]"
normal_1535_PPE,0,1,9,normal,"[132.0, 119.0]",57.01751796098172,0.947161954641342,0.2642303705215454,0.9499468803405762,-0.0898438394069671,0.5264613233694833,"[159.0, 119.0]"
normal_1536_PPE,0,1,9,normal,"[101.0, 119.0]",57.01751796098172,0.9377656996250152,0.2487542033195495,0.9575656056404114,-0.0935778617858886,0.5962341103273396,"[78.0, 120.0]"
normal_1537_PPE,0,1,9,normal,"[130.0, 133.0]",57.01751796098172,0.9446542233228684,0.2478483319282531,0.9765276312828064,-0.0661827474832534,0.5871934550362813,"[153.0, 128.0]"
normal_1538_PPE,0,1,9,normal,"[97.0, 116.0]",45.254833995939045,1.0106153547763823,0.2951225638389587,0.980365753173828,-0.1461838185787201,0.6342281277900117,"[82.0, 109.0]"
normal_1539_PPE,0,1,9,normal,"[105.0, 126.0]",57.01751796098172,0.9383576959371568,0.2379762530326843,0.9820660948753356,-0.0646758824586868,0.5787115055522659,"[81.0, 125.0]"
normal_1540_PPE,0,1,9,normal,"[127.0, 125.0]",45.254833995939045,0.9366851329803466,0.2222195267677307,0.9885404706001282,-0.1124363839626312,0.4116196755074147,"[149.0, 140.0]"
normal_1541_PPE,0,1,9,normal,"[118.0, 116.0]",45.254833995939045,0.9980152368545532,0.2934365272521972,0.9618027806282043,-0.1565838158130645,0.4166201655439229,"[102.0, 137.0]"
normal_1542_PPE,0,1,9,normal,"[108.0, 124.0]",45.254833995939045,0.8879545688629149,0.1730886697769165,0.9904257655143738,-0.1078393161296844,0.5058941155986907,"[88.0, 114.0]"
normal_1543_PPE,0,3,9,normal,"[121.0, 132.0]",57.01751796098172,0.9541399240493774,0.2604049444198608,0.9681375622749328,-0.080193430185318,-0.3978061169766298,"[197.0, 108.0]"
normal_1544_PPE,0,3,9,normal,"[118.0, 123.0]",45.254833995939045,0.9120243310928344,0.2131680250167846,0.961357057094574,-0.1295318305492401,-0.3616181205646462,"[72.0, 164.0]"
normal_1545_PPE,0,1,9,normal,"[138.0, 130.0]",57.01751796098172,0.8634708404541015,0.1737304329872131,0.9603952169418336,-0.0873187780380249,0.5277622562578325,"[161.0, 116.0]"
normal_1546_PPE,0,1,9,normal,"[99.0, 122.0]",57.01751796098172,0.8609376281499863,0.1668983697891235,0.9694680571556092,-0.0770580917596817,0.6690848192124927,"[89.0, 106.0]"
normal_1547_PPE,0,1,9,normal,"[108.0, 122.0]",71.83757109179989,0.9766831934452056,0.2804059982299804,0.976207673549652,-0.0646591186523437,0.2906111878442853,"[59.0, 136.0]"
normal_1548_PPE,0,1,9,normal,"[141.0, 127.0]",57.01751796098172,0.9010162711143492,0.2231435775756836,0.9437848329544068,-0.0861165523529052,0.6775591613189595,"[158.0, 120.0]"
normal_1549_PPE,0,1,9,normal,"[101.0, 122.0]",45.254833995939045,0.9509115397930143,0.2374102473258972,0.990897297859192,-0.0993659198284149,0.59375,"[84.0, 115.0]"
normal_1550_PPE,0,4,9,normal,"[48.0, 123.0]",35.918785545899944,0.6068375706672668,-0.0118598937988281,0.8827680349349976,-0.0037992000579833,-2.203603419234338,"[163.0, 119.0]"
normal_1550_PPE,1,4,9,normal,"[177.0, 200.0]",35.918785545899944,0.5134859323501587,-0.0246328115463256,0.7677750587463379,-0.0033810138702392,-1.288523177522392,"[163.0, 119.0]"
normal_1551_PPE,0,1,9,normal,"[132.0, 121.0]",45.254833995939045,0.8908475458621978,0.1783022880554199,0.9750828146934508,-0.1499364376068115,0.5219669206006764,"[144.0, 139.0]"
normal_1552_PPE,0,1,9,normal,"[137.0, 122.0]",45.254833995939045,0.9474740326404572,0.234818696975708,0.9783428907394408,-0.1390765607357025,0.650614378515658,"[152.0, 117.0]"
normal_1553_PPE,0,1,9,normal,"[105.0, 124.0]",45.254833995939045,0.870067685842514,0.1565131545066833,0.9859350919723512,-0.1169998347759246,0.7093581994103395,"[92.0, 122.0]"
normal_1554_PPE,0,1,9,normal,"[141.0, 125.0]",45.254833995939045,0.9195216119289398,0.2030606865882873,0.9924293756484984,-0.1088018119335174,0.3471067995069944,"[153.0, 152.0]"
normal_1555_PPE,0,1,9,normal,"[98.0, 118.0]",57.01751796098172,0.8913318157196045,0.2017512917518615,0.9587587714195251,-0.0922469198703765,0.8168930026723529,"[88.0, 115.0]"
normal_1556_PPE,0,1,9,normal,"[138.0, 121.0]",45.254833995939045,0.9312805414199828,0.2202423810958862,0.9864475131034852,-0.1026245057582855,0.6185451370083218,"[155.0, 118.0]"
normal_1557_PPE,0,1,9,normal,"[99.0, 125.0]",45.254833995939045,0.9181118249893188,0.2038866281509399,0.9825295805931092,-0.1322724521160125,0.6685436963188058,"[90.0, 137.0]"
normal_1558_PPE,0,1,9,normal,"[133.0, 118.0]",45.254833995939045,0.9771645843982696,0.2694844603538513,0.96623295545578,-0.1565852761268615,0.7423058983988962,"[143.0, 124.0]"
normal_1559_PPE,0,1,9,normal,"[105.0, 122.0]",45.254833995939045,0.9743527114391326,0.2713969945907593,0.9606159925460817,-0.1526226103305816,0.5889704238135655,"[94.0, 137.0]"
normal_1560_PPE,0,1,9,normal,"[140.0, 123.0]",57.01751796098172,0.9102791726589202,0.2195221781730651,0.9646050930023192,-0.0776671469211578,0.6337860053447057,"[160.0, 129.0]"
normal_1561_PPE,0,1,9,normal,"[101.0, 132.0]",57.01751796098172,0.8951000928878784,0.2097020149230957,0.9546535611152648,-0.0857029259204864,0.5528550087814985,"[78.0, 143.0]"
normal_1562_PPE,0,3,9,normal,"[128.0, 114.0]",45.254833995939045,0.9316472053527832,0.2172567844390869,0.981873631477356,-0.1353943943977356,-0.0281677422726311,"[82.0, 121.0]"
normal_1563_PPE,0,1,9,normal,"[101.0, 121.0]",45.254833995939045,0.9186437427997588,0.2062489986419677,0.975706160068512,-0.1470021605491638,0.6782615580941562,"[87.0, 125.0]"
normal_1564_PPE,0,1,9,normal,"[125.0, 122.0]",45.254833995939045,0.952864134311676,0.2373707294464111,0.9879769682884216,-0.1195476353168487,0.3471067995069944,"[152.0, 110.0]"
normal_1565_PPE,0,1,9,normal,"[106.0, 123.0]",57.01751796098172,0.939410462975502,0.2378173470497131,0.9838327169418336,-0.0645510703325271,0.4950260704529589,"[79.0, 133.0]"
normal_1566_PPE,0,1,9,normal,"[137.0, 120.0]",45.254833995939045,0.9569264531135558,0.2497854828834533,0.9647743701934814,-0.1589945554733276,0.5580582617584078,"[153.0, 108.0]"
normal_1567_PPE,0,1,9,normal,"[102.0, 122.0]",45.254833995939045,0.9724927127361296,0.2555413246154785,0.9826837182044984,-0.1453639268875122,0.2785377262115502,"[81.0, 97.0]"
normal_1568_PPE,0,3,9,normal,"[125.0, 111.0]",57.01751796098172,0.951322156190872,0.2485895156860351,0.9806843996047974,-0.0812678039073944,-0.1931316521587935,"[187.0, 83.0]"
normal_1569_PPE,0,3,9,normal,"[108.0, 114.0]",71.83757109179989,0.9380460858345032,0.2394784688949585,0.9824846982955932,-0.0541416406631469,0.3173377301650608,"[59.0, 112.0]"
normal_1569_PPE,1,4,9,normal,"[122.0, 72.0]",35.918785545899944,0.8124417662620543,0.1184403300285339,0.9795620441436768,-0.0415400266647338,-1.0776240536267494,"[59.0, 112.0]"
normal_1570_PPE,0,2,9,normal,"[126.0, 128.0]",45.254833995939045,0.9059534430503844,0.2003973722457885,0.9656910300254822,-0.1478617489337921,0.0552364713855642,"[168.0, 120.0]"
normal_1571_PPE,0,3,9,normal,"[116.0, 118.0]",35.918785545899944,0.7867052733898162,0.2205826044082641,0.7711538076400757,-0.1315750181674957,-0.1745955654748991,"[94.0, 82.0]"
normal_1572_PPE,0,1,9,normal,"[124.0, 122.0]",71.83757109179989,0.8287795215845107,0.1461595892906189,0.956838607788086,-0.0641645342111587,0.5682464709322268,"[153.0, 111.0]"
normal_1573_PPE,0,1,9,normal,"[104.0, 120.0]",71.83757109179989,0.9447614073753356,0.2620790004730224,0.9567567706108092,-0.0647633373737335,0.505682593809427,"[85.0, 90.0]"
normal_1574_PPE,0,2,9,normal,"[124.0, 116.0]",45.254833995939045,0.9073618531227112,0.2005006670951843,0.9670196175575256,-0.1497372686862945,0.1576980017535278,"[162.0, 119.0]"
normal_1575_PPE,0,3,9,normal,"[116.0, 110.0]",45.254833995939045,0.9291977763175964,0.2154287099838256,0.983828604221344,-0.1254452168941497,-0.471738979914577,"[72.0, 160.0]"
normal_1576_PPE,0,1,9,normal,"[132.0, 120.0]",45.254833995939045,1.071657508611679,0.3565317988395691,0.9829734563827516,-0.1352214515209198,0.4149485866609671,"[158.0, 115.0]"
normal_1577_PPE,0,2,9,normal,"[125.0, 117.0]",45.254833995939045,0.9728293538093566,0.2572125196456909,0.9813823103904724,-0.1432460844516754,0.1103349471570775,"[164.0, 127.0]"
normal_1578_PPE,0,3,9,normal,"[121.0, 125.0]",45.254833995939045,0.9404819071292876,0.2222424745559692,0.991695761680603,-0.1202619969844818,-0.2203515118604146,"[74.0, 154.0]"
normal_1579_PPE,0,1,9,normal,"[136.0, 118.0]",71.83757109179989,0.8517104297876357,0.1476163864135742,0.9871272444725036,-0.0655248612165451,0.5364312698137041,"[161.0, 96.0]"
normal_1580_PPE,0,1,9,normal,"[116.0, 124.0]",71.83757109179989,0.8883772045373917,0.2031213641166687,0.9603685736656188,-0.0649891942739486,0.5322698871613392,"[89.0, 104.0]"
normal_1581_PPE,0,1,9,normal,"[125.0, 129.0]",57.01751796098172,0.994793939590454,0.2871333360671997,0.991482675075531,-0.0681136548519134,0.2700961812850356,"[159.0, 105.0]"
normal_1582_PPE,0,1,9,normal,"[112.0, 116.0]",71.83757109179989,0.9654288470745086,0.2867541313171386,0.9499722123146056,-0.0684708356857299,0.5684709334007733,"[81.0, 116.0]"
normal_1583_PPE,0,2,9,normal,"[111.0, 115.0]",35.918785545899944,0.8062190294265746,0.1230385303497314,0.9479736685752868,-0.0979946553707122,0.2529587144390413,"[135.0, 103.0]"
normal_1584_PPE,0,3,9,normal,"[119.0, 116.0]",45.254833995939045,0.9018509209156036,0.1935942769050598,0.9729065895080566,-0.1361101567745208,-0.202617587805866,"[68.0, 97.0]"
normal_1584_PPE,1,4,9,normal,"[32.0, 56.0]",228.07007184392688,0.5812395051121712,0.0893387198448181,0.7022017240524292,-0.001797892153263,0.76076698261334,"[68.0, 97.0]"
normal_1585_PPE,0,1,9,normal,"[154.0, 108.0]",71.83757109179989,0.8787275463342666,0.1852132678031921,0.9745215773582458,-0.0567458719015121,0.7716902281412339,"[167.0, 118.0]"
normal_1585_PPE,1,3,9,normal,"[135.0, 151.0]",35.918785545899944,0.7945673167705536,0.1028564572334289,0.976276159286499,-0.0415877401828765,-0.2797587401585157,"[167.0, 118.0]"
normal_1586_PPE,0,2,9,normal,"[126.0, 126.0]",57.01751796098172,0.9577201545238496,0.2643423080444336,0.9656589031219482,-0.0870830714702606,0.0514622336073949,"[177.0, 108.0]"
normal_1587_PPE,0,3,9,normal,"[118.0, 133.0]",45.254833995939045,0.9431207358837128,0.2273029685020446,0.9853395819664,-0.1304003000259399,-0.156883272525798,"[72.0, 158.0]"
normal_1588_PPE,0,1,9,normal,"[114.0, 119.0]",45.254833995939045,1.0289092540740967,0.3138485550880432,0.9905120730400084,-0.1085112392902374,0.4619007700711699,"[91.0, 111.0]"
normal_1589_PPE,0,3,9,normal,"[114.0, 129.0]",35.918785545899944,0.9446405291557312,0.2362687587738037,0.9673116207122804,-0.1562681794166565,-0.1013757923176961,"[152.0, 140.0]"
normal_1590_PPE,0,3,9,normal,"[120.0, 124.0]",45.254833995939045,0.9837185502052308,0.2642511129379272,0.9838680028915404,-0.1537991762161255,0.2677890928837512,"[87.0, 121.0]"
normal_1591_PPE,0,3,9,normal,"[123.0, 125.0]",35.918785545899944,0.9213595867156984,0.2188160419464111,0.9596097469329834,-0.1540836095809936,0.21600200973744,"[151.0, 128.0]"
normal_1591_PPE,1,4,9,normal,"[160.0, 232.0]",228.07007184392688,0.4994017980992793,0.0798407793045044,0.5989781618118286,-0.0013815276324748,0.5422955065426369,"[151.0, 128.0]"
normal_1592_PPE,0,3,9,normal,"[125.0, 124.0]",45.254833995939045,0.989094704389572,0.2744420766830444,0.9762899875640868,-0.1562481820583343,-0.1068412967765524,"[75.0, 121.0]"
normal_1592_PPE,1,4,9,normal,"[200.0, 180.0]",228.07007184392688,0.6378088906407355,0.2008437514305114,0.6236693859100342,-0.0019828453660011,0.3939386521563777,"[75.0, 121.0]"
normal_1593_PPE,0,3,9,normal,"[123.0, 116.0]",35.918785545899944,0.8816164076328277,0.197761595249176,0.9322147965431212,-0.1565222740173339,-0.1143191949302353,"[162.0, 107.0]"
normal_1594_PPE,0,3,9,normal,"[120.0, 112.0]",35.918785545899944,0.8398044884204864,0.2064027190208435,0.8614398837089539,-0.1519692540168762,0.0239899330360876,"[85.0, 110.0]"
normal_1595_PPE,0,1,9,normal,"[142.0, 106.0]",71.83757109179989,0.9346385657787322,0.2395712733268737,0.9767014980316162,-0.0568812191486358,0.3613330978411242,"[186.0, 119.0]"
normal_1595_PPE,1,3,9,normal,"[122.0, 72.0]",35.918785545899944,0.7865293622016906,0.0987334847450256,0.9700720906257628,-0.0437270700931549,-1.210654645406993,"[186.0, 119.0]"
normal_1595_PPE,2,3,9,normal,"[194.0, 100.0]",35.918785545899944,0.7753545284271239,0.0785378217697143,0.9847424030303956,-0.037485122680664,0.4260516380281258,"[186.0, 119.0]"
normal_1596_PPE,0,2,9,normal,"[114.0, 128.0]",57.01751796098172,0.9692067503929136,0.2735241055488586,0.9662358164787292,-0.0965878665447235,0.2673620556931798,"[73.0, 136.0]"
normal_1597_PPE,0,4,9,normal,"[88.0, 41.0]",35.918785545899944,0.5030156195163726,-0.0374851822853088,0.7711828351020813,-0.003364086151123,-1.5487443500643794,"[78.0, 132.0]"
normal_1597_PPE,1,4,9,normal,"[90.0, 33.0]",45.254833995939045,0.4630228579044342,-0.0644313097000122,0.7526007294654846,-0.0031682848930358,-1.2036236137893424,"[78.0, 132.0]"
normal_1598_PPE,0,3,9,normal,"[117.0, 120.0]",35.918785545899944,0.8693863272666931,0.1688232421875,0.9582890272140504,-0.1488038301467895,-0.0714104673892728,"[152.0, 136.0]"
normal_1599_PPE,0,3,9,normal,"[123.0, 116.0]",35.918785545899944,0.8852809607982635,0.1742655038833618,0.97262841463089,-0.150877833366394,-0.1974688364741448,"[80.0, 115.0]"
normal_1600_PPE,0,1,9,normal,"[135.0, 123.0]",57.01751796098172,0.8661087274551391,0.1640456318855285,0.9803060293197632,-0.0792443752288818,0.7166573537546995,"[150.0, 117.0]"
normal_1601_PPE,0,3,9,normal,"[123.0, 129.0]",35.918785545899944,0.9156879782676696,0.2179359197616577,0.9567688703536988,-0.1400692462921142,-0.2870061340529282,"[159.0, 100.0]"
normal_1602_PPE,0,3,9,normal,"[121.0, 121.0]",35.918785545899944,0.8426299512386322,0.2134718894958496,0.8560630679130554,-0.149569571018219,-0.0656072535943055,"[85.0, 134.0]"
normal_1603_PPE,0,1,9,normal,"[114.0, 132.0]",71.83757109179989,0.9043261259794234,0.2035318613052368,0.9894883036613464,-0.040762260556221,0.5372680371568996,"[146.0, 123.0]"
normal_1603_PPE,1,3,9,normal,"[84.0, 106.0]",35.918785545899944,0.7381297767162323,0.0389879345893859,0.9900292158126832,-0.0306069552898406,-0.7898270129325158,"[146.0, 123.0]"
normal_1604_PPE,0,1,9,normal,"[120.0, 136.0]",71.83757109179989,0.9622499525547028,0.2632749080657959,0.9793537259101868,-0.0671371817588806,0.5604624943771499,"[89.0, 130.0]"
normal_1605_PPE,0,4,9,normal,"[33.0, 113.0]",45.254833995939045,0.6067466914653777,-0.0189113616943359,0.8929600119590759,-0.0029302239418029,-1.852236649762779,"[152.0, 163.0]"
normal_1605_PPE,1,4,9,normal,"[46.0, 168.0]",35.918785545899944,0.5796627342700957,-0.0262168049812316,0.8646957278251648,-0.0029626488685607,-1.9543832675053128,"[152.0, 163.0]"
normal_1605_PPE,2,4,9,normal,"[49.0, 175.0]",35.918785545899944,0.5739132404327393,-0.0289077758789062,0.8603280782699585,-0.0029568076133728,-1.886976034019498,"[152.0, 163.0]"
normal_1605_PPE,3,4,9,normal,"[50.0, 177.0]",35.918785545899944,0.5717339396476745,-0.0302112102508544,0.8590770959854126,-0.0029559135437011,-1.866363654703862,"[152.0, 163.0]"
normal_1605_PPE,4,4,9,normal,"[51.0, 179.0]",35.918785545899944,0.5695988416671753,-0.0315515995025634,0.8579421043395996,-0.0029548406600952,-1.84696356891174,"[152.0, 163.0]"
normal_1605_PPE,5,4,9,normal,"[52.0, 181.0]",35.918785545899944,0.5690696656703949,-0.0318741202354431,0.8576470017433167,-0.0029544234275817,-1.828800718699203,"[152.0, 163.0]"
normal_1605_PPE,6,4,9,normal,"[53.0, 183.0]",35.918785545899944,0.5683453857898711,-0.0323421955108642,0.8572812676429749,-0.0029534697532653,-1.8118990791304448,"[152.0, 163.0]"
normal_1605_PPE,7,4,9,normal,"[32.0, 115.0]",45.254833995939045,0.6046097278594971,-0.0197898745536804,0.8911620378494263,-0.0029308795928955,-1.8559149146989653,"[152.0, 163.0]"
normal_1605_PPE,8,4,9,normal,"[32.0, 118.0]",45.254833995939045,0.6039869964122772,-0.0198014378547668,0.8902888894081116,-0.0029310584068298,-1.831963900061228,"[152.0, 163.0]"
normal_1605_PPE,9,4,9,normal,"[32.0, 120.0]",45.254833995939045,0.6032613515853882,-0.0200340747833251,0.8895848989486694,-0.0029299855232238,-1.8167502607171264,"[152.0, 163.0]"
normal_1605_PPE,10,4,9,normal,"[49.0, 189.0]",45.254833995939045,0.5321662425994873,-0.0633655786514282,0.8499550819396973,-0.0028163194656372,-1.3473930020876348,"[152.0, 163.0]"
normal_1606_PPE,0,3,9,normal,"[118.0, 120.0]",45.254833995939045,0.9029046773910522,0.188283085823059,0.9829931259155272,-0.1326320171356201,-0.3089610025703593,"[63.0, 98.0]"
normal_1607_PPE,0,1,9,normal,"[123.0, 123.0]",45.254833995939045,0.8960965394973754,0.2175229787826538,0.9267959594726562,-0.1490819454193115,0.418716398820679,"[149.0, 119.0]"
normal_1608_PPE,0,1,9,normal,"[126.0, 129.0]",57.01751796098172,0.8065097510814666,0.0993410348892211,0.9863994121551514,-0.0834456384181976,0.2493207237229161,"[160.0, 103.0]"
normal_1609_PPE,0,1,9,normal,"[116.0, 122.0]",57.01751796098172,0.7925138980150223,0.088230013847351,0.9910730123519896,-0.0526638776063919,0.2671521608473589,"[77.0, 137.0]"
normal_1610_PPE,0,3,9,normal,"[124.0, 121.0]",45.254833995939045,0.9634610533714294,0.2598564028739929,0.9622238874435424,-0.1502396464347839,-0.1879111130467632,"[175.0, 138.0]"
normal_1611_PPE,0,3,9,normal,"[120.0, 120.0]",35.918785545899944,0.8647169589996337,0.2475059628486633,0.8377246856689453,-0.1540185809135437,-0.1579809298680097,"[79.0, 127.0]"
normal_1612_PPE,0,1,9,normal,"[98.0, 124.0]",57.01751796098172,0.87552250623703,0.1840837001800537,0.962119460105896,-0.0897759199142456,0.6312747942480474,"[89.0, 143.0]"
normal_1613_PPE,0,2,9,normal,"[117.0, 125.0]",45.254833995939045,0.980780655145645,0.2968872785568237,0.9334806203842164,-0.1522847115993499,0.0560120333129241,"[157.0, 110.0]"
normal_1614_PPE,0,3,9,normal,"[127.0, 127.0]",45.254833995939045,0.9567875862121582,0.2419748902320861,0.9778386354446412,-0.1516282558441162,0.1576980017535278,"[89.0, 124.0]"
normal_1615_PPE,0,2,9,normal,"[122.0, 127.0]",45.254833995939045,0.9533584356307984,0.2449824213981628,0.9663821458816528,-0.1595425605773925,0.2338968329917962,"[151.0, 146.0]"
normal_1616_PPE,0,2,9,normal,"[125.0, 124.0]",45.254833995939045,0.970866709947586,0.2829769253730774,0.9376691579818726,-0.1576068699359893,0.0117882311973814,"[85.0, 144.0]"
normal_1617_PPE,0,1,9,normal,"[128.0, 133.0]",57.01751796098172,0.9508542001247404,0.2427076697349548,0.99214506149292,-0.0682249367237091,0.2991192209958466,"[162.0, 112.0]"
normal_1618_PPE,0,1,9,normal,"[125.0, 126.0]",57.01751796098172,1.0248085916042329,0.3313086628913879,0.9659749269485474,-0.0865873992443084,0.2076570568501082,"[146.0, 86.0]"
normal_1619_PPE,0,2,9,normal,"[115.0, 121.0]",35.918785545899944,0.8715860128402709,0.1672691106796264,0.9650378227233888,-0.1439521312713623,0.3112619656337511,"[91.0, 115.0]"
normal_1620_PPE,0,2,9,normal,"[113.0, 129.0]",45.254833995939045,0.9767954528331756,0.2616426348686218,0.980158507823944,-0.1452093124389648,0.1370811705322453,"[74.0, 131.0]"
normal_1621_PPE,0,1,9,normal,"[134.0, 123.0]",45.254833995939045,0.9618991732597352,0.2702287435531616,0.9418731927871704,-0.161795973777771,0.4874618916607274,"[157.0, 126.0]"
normal_1622_PPE,0,2,9,normal,"[120.0, 117.0]",57.01751796098172,1.0261411428451537,0.3272379040718078,0.973008930683136,-0.0889849364757537,0.2493207237229161,"[154.0, 143.0]"
normal_1623_PPE,0,2,9,normal,"[117.0, 118.0]",57.01751796098172,0.9966037303209304,0.2950670719146728,0.983444333076477,-0.0656281262636184,0.2897461181957086,"[79.0, 132.0]"
normal_1624_PPE,0,2,9,normal,"[115.0, 120.0]",35.918785545899944,0.8741127789020537,0.185243010520935,0.9437066912651062,-0.1413754224777221,0.2199666267546737,"[143.0, 119.0]"
normal_1625_PPE,0,3,9,normal,"[126.0, 124.0]",35.918785545899944,0.8699916720390319,0.2172289490699768,0.8866305351257324,-0.1606067419052124,-0.059406508392501,"[88.0, 126.0]"
normal_1625_PPE,1,4,9,normal,"[204.0, 180.0]",228.07007184392688,0.6091775730252266,0.2029619812965393,0.5798617601394653,-0.0015617981553077,0.4389745424320842,"[88.0, 126.0]"
normal_1626_PPE,0,1,9,normal,"[134.0, 126.0]",71.83757109179989,0.876660966873169,0.199529230594635,0.951296091079712,-0.0561223626136779,0.590355332288184,"[163.0, 121.0]"
normal_1626_PPE,1,3,9,normal,"[176.0, 130.0]",35.918785545899944,0.8104647159576416,0.1190707087516784,0.9762345552444458,-0.0401490926742553,0.559801700961275,"[163.0, 121.0]"
normal_1626_PPE,2,3,9,normal,"[114.0, 158.0]",35.918785545899944,0.7925658345222473,0.1036419868469238,0.972093403339386,-0.0422923266887664,-0.7094209840021646,"[163.0, 121.0]"
normal_1627_PPE,0,1,9,normal,"[110.0, 124.0]",71.83757109179989,0.950361630320549,0.2528623342514038,0.9791513085365297,-0.0604669004678726,0.4198393495920021,"[74.0, 103.0]"
normal_1627_PPE,1,3,9,normal,"[107.0, 88.0]",35.918785545899944,0.8079493403434752,0.1059991121292114,0.9892861247062684,-0.0472497045993804,-0.0091972033537053,"[74.0, 103.0]"
normal_1628_PPE,0,2,9,normal,"[124.0, 126.0]",57.01751796098172,0.9064809739589692,0.229645550251007,0.9419220089912416,-0.087450087070465,0.3551183226379191,"[158.0, 112.0]"
normal_1629_PPE,0,3,9,normal,"[126.0, 115.0]",45.254833995939045,0.913273686170578,0.2095504403114318,0.9639574885368348,-0.144765019416809,0.1026841240399232,"[86.0, 108.0]"
normal_1629_PPE,1,4,9,normal,"[196.0, 40.0]",228.07007184392688,0.597919049859047,0.1179715991020202,0.6850585341453552,-0.00203238427639,0.432975557743872,"[86.0, 108.0]"
normal_1630_PPE,0,1,9,normal,"[132.0, 124.0]",71.83757109179989,0.9635488033294678,0.2777313590049743,0.9630632400512696,-0.0583658814430236,0.6264793572195206,"[156.0, 136.0]"
normal_1630_PPE,1,3,9,normal,"[96.0, 109.0]",35.918785545899944,0.7753037452697754,0.0863723754882812,0.972390353679657,-0.0412906110286712,-0.8317750892302733,"[156.0, 136.0]"
normal_1631_PPE,0,1,9,normal,"[130.0, 126.0]",71.83757109179989,0.9007604598999024,0.2157721519470214,0.957819402217865,-0.0725736320018768,0.5265053900566439,"[161.0, 112.0]"
normal_1632_PPE,0,2,9,normal,"[114.0, 120.0]",57.01751796098172,0.9363894879817962,0.2379815578460693,0.9767662882804872,-0.0733576416969299,0.0769365039043016,"[81.0, 79.0]"
normal_1633_PPE,0,1,9,normal,"[109.0, 119.0]",45.254833995939045,0.9654374837875366,0.2696934938430786,0.947961688041687,-0.1608540415763855,0.4846117967977924,"[89.0, 107.0]"
normal_1634_PPE,0,3,9,normal,"[123.0, 119.0]",35.918785545899944,0.8127296566963196,0.1227986216545105,0.9482164978981018,-0.1308974325656891,0.1657109873815312,"[150.0, 132.0]"
normal_1635_PPE,0,2,9,normal,"[120.0, 117.0]",35.918785545899944,0.8726562857627868,0.1614204049110412,0.97213876247406,-0.1536937355995178,0.0335667148027504,"[86.0, 124.0]"
normal_1636_PPE,0,2,9,normal,"[124.0, 122.0]",35.918785545899944,0.8913389980793,0.178359568119049,0.97586590051651,-0.1493664979934692,0.0728625396274084,"[146.0, 147.0]"
normal_1637_PPE,0,2,9,normal,"[121.0, 124.0]",45.254833995939045,0.8957184970378875,0.1963878273963928,0.9559096097946168,-0.1509697139263153,0.3061373965257963,"[90.0, 129.0]"
normal_1638_PPE,0,3,9,normal,"[122.0, 119.0]",35.918785545899944,0.847715675830841,0.200795292854309,0.8856194615364075,-0.1349337995052337,-0.3040572781801134,"[167.0, 106.0]"
normal_1639_PPE,0,3,9,normal,"[119.0, 124.0]",35.918785545899944,0.7396591782569885,0.1764997839927673,0.7647861242294312,-0.1390455365180969,-0.1115333925846391,"[82.0, 139.0]"
normal_1640_PPE,0,4,9,normal,"[46.0, 76.0]",45.254833995939045,0.6509772419929504,-0.0050976872444152,0.9364633560180664,-0.0027529001235961,-1.8968261187893205,"[165.0, 131.0]"
normal_1640_PPE,1,4,9,normal,"[45.0, 78.0]",45.254833995939045,0.6495089054107666,-0.0063461065292358,0.9361494779586792,-0.002751886844635,-1.898763879871901,"[165.0, 131.0]"
normal_1640_PPE,2,4,9,normal,"[41.0, 88.0]",45.254833995939045,0.6509756624698638,-0.0050364136695861,0.9363759160041808,-0.0027446746826171,-1.9001111239485289,"[165.0, 131.0]"
normal_1641_PPE,0,1,9,normal,"[126.0, 122.0]",71.83757109179989,0.9944816201925276,0.308904767036438,0.9626317620277404,-0.0586730986833572,0.5200021552083159,"[96.0, 105.0]"
normal_1642_PPE,0,3,9,normal,"[128.0, 123.0]",45.254833995939045,0.9558940589427948,0.2495623230934143,0.9645752310752868,-0.1556453704833984,-0.0031688074546576,"[83.0, 117.0]"
normal_1643_PPE,0,2,9,normal,"[127.0, 123.0]",57.01751796098172,0.9413741827011108,0.2383233904838562,0.9823747277259828,-0.0769424140453338,0.2532235840005264,"[169.0, 130.0]"
normal_1644_PPE,0,2,9,normal,"[120.0, 129.0]",57.01751796098172,0.935147613286972,0.2402224540710449,0.9682499766349792,-0.0857508778572082,0.1192265129407221,"[79.0, 100.0]"
normal_1645_PPE,0,1,9,normal,"[131.0, 126.0]",35.918785545899944,0.8509366929531097,0.1945807933807373,0.8998795747756958,-0.1322009861469268,0.2199666267546737,"[154.0, 110.0]"
normal_1646_PPE,0,2,9,normal,"[118.0, 126.0]",45.254833995939045,1.018815678358078,0.2993435263633728,0.984718143939972,-0.1508472561836242,0.097258948396607,"[156.0, 141.0]"
normal_1647_PPE,0,2,9,normal,"[116.0, 122.0]",45.254833995939045,1.0021845757961274,0.3016737699508667,0.9564539790153505,-0.1549651026725769,0.1194373247746644,"[78.0, 134.0]"
normal_1648_PPE,0,3,9,normal,"[124.0, 126.0]",45.254833995939045,0.8738215446472168,0.1603947877883911,0.9843766689300536,-0.1218154430389404,-0.1202155205584325,"[171.0, 107.0]"
normal_1649_PPE,0,1,9,normal,"[96.0, 130.0]",71.83757109179989,1.0290545731782912,0.3427867889404297,0.9666878581047058,-0.0479314178228378,0.2450887936825672,"[42.0, 125.0]"
normal_1650_PPE,0,2,9,normal,"[117.0, 124.0]",45.254833995939045,0.8989398896694183,0.1946913599967956,0.9622780680656432,-0.1532694101333618,0.0508535907195351,"[156.0, 142.0]"
normal_1651_PPE,0,3,9,normal,"[121.0, 120.0]",35.918785545899944,0.7825793743133544,0.173738956451416,0.8316144347190857,-0.1335515677928924,-0.2752082027902407,"[84.0, 93.0]"
normal_1652_PPE,0,1,9,normal,"[133.0, 119.0]",45.254833995939045,0.9176187753677368,0.202481210231781,0.9924331307411194,-0.1021718680858612,0.412865805373252,"[158.0, 128.0]"
normal_1653_PPE,0,1,9,normal,"[116.0, 124.0]",57.01751796098172,0.9546431452035904,0.2711086869239807,0.9530358910560608,-0.0820466727018356,0.2215606075185935,"[157.0, 141.0]"
normal_1654_PPE,0,2,9,normal,"[117.0, 121.0]",57.01751796098172,0.9556972444057464,0.2582083344459533,0.968926191329956,-0.0962028801441192,0.0050879020452785,"[74.0, 158.0]"
normal_1655_PPE,0,2,9,normal,"[110.0, 131.0]",45.254833995939045,0.9756146669387816,0.2556304335594177,0.9865004420280457,-0.1471696197986602,0.1670248165461351,"[124.0, 166.0]"
normal_1656_PPE,0,2,9,normal,"[122.0, 132.0]",57.01751796098172,0.9790075421333312,0.2788955569267273,0.9729200005531312,-0.0953399240970611,0.2068810106864667,"[85.0, 106.0]"
normal_1657_PPE,0,1,9,normal,"[116.0, 124.0]",35.918785545899944,0.8811275660991669,0.2328360080718994,0.8870021104812622,-0.1369504034519195,0.0935762248811388,"[84.0, 118.0]"
normal_1658_PPE,0,3,9,normal,"[118.0, 125.0]",35.918785545899944,0.9106476068496704,0.2029147744178772,0.9699395895004272,-0.1438755989074707,-0.3559250934391085,"[164.0, 141.0]"
normal_1659_PPE,0,3,9,normal,"[120.0, 122.0]",35.918785545899944,0.8377755224704743,0.1902822256088256,0.8901419043540955,-0.1219698190689086,-0.618589452048744,"[62.0, 126.0]"
normal_1660_PPE,0,1,9,normal,"[138.0, 128.0]",71.83757109179989,0.8759646505117417,0.1834827661514282,0.9702240228652954,-0.0666253417730331,0.389884522325877,"[163.0, 164.0]"
normal_1661_PPE,0,3,9,normal,"[110.0, 129.0]",45.254833995939045,0.9624839067459106,0.2474305629730224,0.9829093217849731,-0.1350840926170349,0.1356677071287919,"[89.0, 162.0]"
normal_1662_PPE,0,1,9,normal,"[134.0, 124.0]",71.83757109179989,0.942834773659706,0.2605565190315246,0.9576825499534608,-0.0595023483037948,0.4563952012014658,"[159.0, 94.0]"
normal_1663_PPE,0,1,9,normal,"[111.0, 124.0]",57.01751796098172,0.8946063637733459,0.198231816291809,0.9693884253501892,-0.0890132486820221,0.6594645201456383,"[92.0, 128.0]"
normal_1664_PPE,0,2,9,normal,"[116.0, 123.0]",57.01751796098172,0.9386265873908995,0.2456257939338684,0.9708443880081176,-0.0670486092567443,0.0660044539430795,"[86.0, 79.0]"
normal_1665_PPE,0,3,9,normal,"[130.0, 116.0]",57.01751796098172,0.8918413281440734,0.2061207890510559,0.9561951160430908,-0.08191978931427,-0.0685520349834296,"[186.0, 140.0]"
normal_1665_PPE,1,3,9,normal,"[124.0, 118.0]",45.254833995939045,0.8624563455581664,0.1616114974021911,0.9777516722679138,-0.0820933878421783,-0.4537129187016255,"[186.0, 140.0]"
normal_1666_PPE,0,3,9,normal,"[104.0, 116.0]",57.01751796098172,0.8730300784111023,0.1780469417572021,0.9737472534179688,-0.0668002963066101,0.183189206505786,"[59.0, 104.0]"
normal_1667_PPE,0,1,9,normal,"[134.0, 130.0]",71.83757109179989,0.7973267197608948,0.0988118648529052,0.9896360635757446,-0.0288480520248413,0.7733940562202847,"[145.0, 142.0]"
normal_1667_PPE,1,4,9,normal,"[55.0, 65.0]",35.918785545899944,0.6893719732761383,0.0235877633094787,0.9484042525291444,-0.0095061659812927,-2.2975524598732533,"[145.0, 142.0]"
normal_1668_PPE,0,1,9,normal,"[122.0, 119.0]",57.01751796098172,0.9235582768917084,0.2217676043510437,0.983169436454773,-0.067860335111618,0.280922750301808,"[82.0, 110.0]"
normal_1669_PPE,0,1,9,normal,"[132.0, 134.0]",71.83757109179989,0.9610853672027588,0.2773934602737427,0.957940638065338,-0.0656673014163971,0.4585381982382546,"[169.0, 122.0]"
normal_1670_PPE,0,1,9,normal,"[128.0, 128.0]",71.83757109179989,0.8955269873142242,0.2028834819793701,0.9697862863540648,-0.0689655244350433,0.5946349644824488,"[156.0, 120.0]"
normal_1671_PPE,0,2,9,normal,"[123.0, 125.0]",45.254833995939045,0.9509222209453582,0.2359728813171386,0.98377925157547,-0.1315193176269531,0.1743846991485683,"[87.0, 115.0]"
normal_1672_PPE,0,2,9,normal,"[111.0, 133.0]",45.254833995939045,0.983786779642105,0.2717167139053345,0.9895527958869934,-0.0969155430793762,0.1591484970578932,"[149.0, 131.0]"
normal_1673_PPE,0,2,9,normal,"[119.0, 116.0]",45.254833995939045,0.9851530015468596,0.277837872505188,0.967186689376831,-0.15142223238945,0.1896060950068787,"[83.0, 123.0]"
normal_1674_PPE,0,1,9,normal,"[133.0, 118.0]",45.254833995939045,0.9776157915592192,0.2682532668113708,0.9681491255760192,-0.158290684223175,0.6016391005005637,"[143.0, 103.0]"
normal_1675_PPE,0,2,9,normal,"[113.0, 141.0]",57.01751796098172,1.0239585757255554,0.3323181271553039,0.9632083773612976,-0.0869729220867157,0.2037843898723962,"[158.0, 135.0]"
normal_1676_PPE,0,3,9,normal,"[114.0, 112.0]",45.254833995939045,1.006794202327728,0.294514536857605,0.9845621585845948,-0.1154307723045349,-0.2022115038544589,"[62.0, 128.0]"
normal_1677_PPE,0,2,9,normal,"[111.0, 116.0]",57.01751796098172,1.0184156596660614,0.3263830542564392,0.9638996124267578,-0.0865143835544586,0.1009075051813684,"[159.0, 134.0]"
normal_1678_PPE,0,2,9,normal,"[124.0, 124.0]",45.254833995939045,0.9560111820697784,0.2382621169090271,0.9932605028152466,-0.1123335659503936,-0.258176383699837,"[75.0, 153.0]"
normal_1679_PPE,0,1,9,normal,"[126.0, 132.0]",71.83757109179989,0.9360406845808028,0.2712411284446716,0.933560073375702,-0.0565375238656997,0.1482418846689273,"[186.0, 144.0]"
normal_1680_PPE,0,1,9,normal,"[106.0, 136.0]",71.83757109179989,0.9697554618120192,0.2796139717102051,0.9707521200180054,-0.0530750304460525,0.3463388751341612,"[64.0, 157.0]"
normal_1680_PPE,1,3,9,normal,"[71.0, 121.0]",35.918785545899944,0.8100643754005431,0.109841763973236,0.9874322414398192,-0.0451002120971679,-0.0210323396073393,"[64.0, 157.0]"
normal_1681_PPE,0,2,9,normal,"[114.0, 116.0]",57.01751796098172,0.9889684200286863,0.2903545498847961,0.9792563915252686,-0.0656719803810119,0.0170630521805469,"[60.0, 131.0]"
normal_1682_PPE,0,2,9,normal,"[121.0, 135.0]",45.254833995939045,0.9847972571849822,0.2939056158065796,0.9483840465545654,-0.1351140439510345,0.3797052112100249,"[149.0, 137.0]"
normal_1683_PPE,0,2,9,normal,"[121.0, 138.0]",45.254833995939045,0.9581398129463196,0.2432072758674621,0.9871361255645752,-0.1196862459182739,0.2066561078258686,"[86.0, 146.0]"
normal_1684_PPE,0,4,9,normal,"[172.0, 210.0]",35.918785545899944,0.528138506412506,-0.038028061389923,0.8078380823135376,-0.0033995509147644,-1.3154597904611087,"[198.0, 131.0]"
normal_1684_PPE,1,4,9,normal,"[170.0, 211.0]",35.918785545899944,0.5241051614284515,-0.0410724282264709,0.8064253926277161,-0.0033990740776062,-1.3597256731677936,"[198.0, 131.0]"
normal_1684_PPE,2,4,9,normal,"[36.0, 122.0]",57.01751796098172,0.4462342441082,-0.0765300989151001,0.7460107207298279,-0.0027841925621032,-1.8456132991778151,"[198.0, 131.0]"
normal_1684_PPE,3,4,9,normal,"[37.0, 125.0]",57.01751796098172,0.4479193568229674,-0.075859248638153,0.7474597692489624,-0.0027838349342346,-1.825653732613244,"[198.0, 131.0]"
normal_1685_PPE,0,2,9,normal,"[120.0, 118.0]",35.918785545899944,0.9366620481014252,0.255475103855133,0.9326744079589844,-0.1415742933750152,0.371887773974801,"[98.0, 113.0]"
normal_1686_PPE,0,2,9,normal,"[118.0, 130.0]",71.83757109179989,0.9267137050628662,0.2346928715705871,0.970281720161438,-0.0641181468963623,0.1711871423056347,"[66.0, 101.0]"
normal_1687_PPE,0,2,9,normal,"[116.0, 128.0]",57.01751796098172,0.9369148790836334,0.2412325143814087,0.9690542817115784,-0.0867218375205993,0.2045574149188488,"[160.0, 117.0]"
normal_1688_PPE,0,2,9,normal,"[124.0, 133.0]",57.01751796098172,0.9796692192554474,0.2765905261039734,0.9777164459228516,-0.0933859050273895,0.2456419031665515,"[89.0, 158.0]"
normal_1689_PPE,0,2,9,normal,"[120.0, 119.0]",45.254833995939045,1.0050062835216522,0.2882081866264343,0.9788275361061096,-0.1580941081047058,0.0766695810816152,"[159.0, 104.0]"
normal_1690_PPE,0,3,9,normal,"[122.0, 105.0]",35.918785545899944,0.9333208501338958,0.2211750745773315,0.9747628569602966,-0.1490588784217834,-0.2441346572228326,"[88.0, 134.0]"
normal_1691_PPE,0,4,9,normal,"[118.0, 49.0]",35.918785545899944,0.5203146755695343,-0.0331929922103881,0.7896731495857239,-0.0036823153495788,-1.0926788238931602,"[175.0, 98.0]"
normal_1691_PPE,1,4,9,normal,"[174.0, 52.0]",35.918785545899944,0.5191234648227692,-0.0031439661979675,0.7451725602149963,-0.0032331943511962,-0.2809694866357031,"[175.0, 98.0]"
normal_1691_PPE,2,4,9,normal,"[177.0, 53.0]",35.918785545899944,0.5156539261341095,-0.0032500028610229,0.740367591381073,-0.0032330751419067,-0.2540630712767113,"[175.0, 98.0]"
normal_1691_PPE,3,4,9,normal,"[179.0, 54.0]",35.918785545899944,0.5143044948577881,-0.003188133239746,0.7383511066436768,-0.0032342672348022,-0.2300372464511753,"[175.0, 98.0]"
normal_1691_PPE,4,4,9,normal,"[186.0, 58.0]",35.918785545899944,0.5052294671535492,-0.0067031979560852,0.7304074168205261,-0.0032373666763305,-0.1549649130639525,"[175.0, 98.0]"
normal_1691_PPE,5,4,9,normal,"[189.0, 60.0]",35.918785545899944,0.4990260303020477,-0.0101876854896545,0.7265235781669617,-0.0032360553741455,-0.1274577591406291,"[175.0, 98.0]"
normal_1691_PPE,6,4,9,normal,"[49.0, 181.0]",35.918785545899944,0.4871952593326568,-0.0402926802635192,0.7526925206184387,-0.0030158758163452,-3.200608269991143,"[175.0, 98.0]"
normal_1691_PPE,7,4,9,normal,"[117.0, 42.0]",45.254833995939045,0.4990716814994812,-0.0463451147079467,0.7781761884689331,-0.003467321395874,-0.7815241017174028,"[175.0, 98.0]"
normal_1692_PPE,0,1,9,normal,"[116.0, 118.0]",71.83757109179989,1.011347261071205,0.3341057300567627,0.948493719100952,-0.0664796382188797,0.2523105223122684,"[69.0, 144.0]"
normal_1693_PPE,0,2,9,normal,"[121.0, 126.0]",57.01751796098172,0.828509896993637,0.1364690661430359,0.9624277949333192,-0.0917068719863891,0.0678175591570752,"[174.0, 130.0]"
normal_1693_PPE,1,4,9,normal,"[184.0, 200.0]",228.07007184392688,0.5437208861112593,-0.0243864059448242,0.811070442199707,-0.0017899125814437,0.689960732037461,"[174.0, 130.0]"
normal_1694_PPE,0,3,9,normal,"[116.0, 117.0]",45.254833995939045,0.8426065146923065,0.1297603249549865,0.9830117225646972,-0.1236899197101593,-0.4053816763605535,"[177.0, 99.0]"
normal_1695_PPE,0,2,9,normal,"[121.0, 127.0]",45.254833995939045,0.92869690656662,0.2129683494567871,0.9788004159927368,-0.1528413295745849,0.1379303609916424,"[160.0, 126.0]"
normal_1696_PPE,0,2,9,normal,"[114.0, 126.0]",45.254833995939045,0.8902892112731934,0.1727281808853149,0.9898006916046144,-0.1235027313232421,0.0187300957432762,"[150.0, 100.0]"
normal_1697_PPE,0,1,9,normal,"[125.0, 127.0]",35.918785545899944,0.9315462708473206,0.238287091255188,0.9468107223510742,-0.152458369731903,0.2155078413995207,"[100.0, 140.0]"
normal_1698_PPE,0,2,9,normal,"[119.0, 129.0]",45.254833995939045,0.9917718529701232,0.2714990377426147,0.9922573566436768,-0.128463327884674,0.1496209484882639,"[154.0, 145.0]"
normal_1699_PPE,0,2,9,normal,"[128.0, 128.0]",57.01751796098172,0.9678184092044828,0.2778177857398987,0.9591262936592102,-0.093061089515686,0.144741070729926,"[81.0, 115.0]"
normal_1700_PPE,0,2,9,normal,"[120.0, 131.0]",57.01751796098172,1.028348648548126,0.3251509666442871,0.9767661690711976,-0.0973068177700042,0.0599314903586395,"[133.0, 183.0]"
normal_1701_PPE,0,3,9,normal,"[125.0, 122.0]",35.918785545899944,0.7402130126953125,0.0700123906135559,0.922674596309662,-0.1216420233249664,-0.730824782202991,"[186.0, 134.0]"
normal_1702_PPE,0,3,9,normal,"[121.0, 127.0]",35.918785545899944,0.8275097608566284,0.122073233127594,0.9667842388153076,-0.1434378027915954,-0.0872095975970683,"[83.0, 118.0]"
normal_1703_PPE,0,3,9,normal,"[124.0, 119.0]",35.918785545899944,0.7345123469829559,0.0978305339813232,0.8763133883476257,-0.1163122057914733,-0.7530728004503024,"[170.0, 162.0]"
normal_1704_PPE,0,3,9,normal,"[107.0, 105.0]",57.01751796098172,0.9251371592283248,0.2177759408950805,0.9914876222610474,-0.0665994137525558,-0.2793469008816809,"[46.0, 145.0]"
normal_1705_PPE,0,3,9,normal,"[130.0, 130.0]",45.254833995939045,0.9339123129844664,0.2174350619316101,0.990070104598999,-0.1171408891677856,0.0352906849729294,"[89.0, 145.0]"
normal_1706_PPE,0,2,9,normal,"[126.0, 129.0]",57.01751796098172,1.0097428858280182,0.3130450844764709,0.9707362651824952,-0.0859120786190033,0.1514207677941736,"[172.0, 144.0]"
normal_1707_PPE,0,2,9,normal,"[123.0, 146.0]",57.01751796098172,0.9544270128011704,0.2576233744621277,0.978249967098236,-0.060143306851387,0.2930016917067732,"[88.0, 166.0]"
normal_1708_PPE,0,3,9,normal,"[122.0, 130.0]",45.254833995939045,1.0119995057582851,0.3104375004768371,0.9608842134475708,-0.144715279340744,-0.0497860645150516,"[81.0, 106.0]"
normal_1709_PPE,0,2,9,normal,"[115.0, 120.0]",45.254833995939045,0.9515203475952148,0.232928454875946,0.9850523471832277,-0.1452762484550476,0.238050916235212,"[145.0, 103.0]"
normal_1710_PPE,0,1,9,normal,"[111.0, 114.0]",57.01751796098172,0.9480799734592436,0.2454034090042114,0.985145092010498,-0.0653750002384185,0.3881612470592334,"[80.0, 98.0]"
normal_1711_PPE,0,3,9,normal,"[121.0, 121.0]",35.918785545899944,0.8454560935497284,0.1376610398292541,0.9706090688705444,-0.1418435275554657,-0.7153054109879364,"[61.0, 107.0]"
normal_1712_PPE,0,2,9,normal,"[114.0, 132.0]",57.01751796098172,0.9052996933460234,0.2114410400390625,0.9710195064544678,-0.070724993944168,-0.0205520721495593,"[169.0, 151.0]"
normal_1713_PPE,0,3,9,normal,"[123.0, 128.0]",45.254833995939045,0.9748094260692596,0.258596122264862,0.9808279871940612,-0.1481685638427734,-0.1701028266780657,"[71.0, 138.0]"
normal_1714_PPE,0,3,9,normal,"[126.0, 125.0]",45.254833995939045,0.8671256065368652,0.1587622165679931,0.97055584192276,-0.1448715031147003,0.094019436604736,"[166.0, 134.0]"
normal_1715_PPE,0,3,9,normal,"[115.0, 124.0]",57.01751796098172,0.8502600252628326,0.1447982788085937,0.986488401889801,-0.0745993256568908,0.217815719855168,"[82.0, 94.0]"
normal_1716_PPE,0,2,9,normal,"[118.0, 131.0]",45.254833995939045,0.9177139461040495,0.2231331467628479,0.9490005373954772,-0.1514021158218383,-0.0307764064044151,"[158.0, 155.0]"
normal_1717_PPE,0,2,9,normal,"[122.0, 128.0]",45.254833995939045,0.9203203558921812,0.208633542060852,0.9730409979820251,-0.1527905762195587,0.0426578948724757,"[81.0, 142.0]"
normal_1718_PPE,0,2,9,normal,"[126.0, 121.0]",45.254833995939045,0.8996078193187713,0.1831697821617126,0.9900719523429872,-0.1169383525848388,0.1283546449386654,"[92.0, 101.0]"
normal_1719_PPE,0,3,9,normal,"[119.0, 130.0]",45.254833995939045,0.8940125405788422,0.1806908845901489,0.9865646362304688,-0.1136320531368255,-0.0481568644530263,"[164.0, 115.0]"
normal_1720_PPE,0,3,9,normal,"[120.0, 127.0]",45.254833995939045,0.9548561871051788,0.2396979331970214,0.97821044921875,-0.1520546972751617,-0.2655285457072867,"[68.0, 151.0]"
normal_1721_PPE,0,2,9,normal,"[123.0, 122.0]",45.254833995939045,0.9599169492721557,0.2599904537200928,0.9570754766464232,-0.1498683094978332,0.0117882311973814,"[167.0, 114.0]"
normal_1722_PPE,0,2,9,normal,"[120.0, 122.0]",45.254833995939045,0.9686906278133391,0.2719128131866455,0.9510306119918824,-0.1552819311618805,0.1661459959921042,"[88.0, 142.0]"
normal_1723_PPE,0,1,9,normal,"[130.0, 120.0]",45.254833995939045,1.0391354382038116,0.3242608904838562,0.982188045978546,-0.1367145776748657,0.4475728271980098,"[154.0, 113.0]"
normal_1724_PPE,0,3,9,normal,"[120.0, 119.0]",45.254833995939045,0.8909123241901398,0.1749252676963806,0.9937566518783568,-0.1017870008945465,-0.3992883235773818,"[181.0, 136.0]"
normal_1725_PPE,0,2,9,normal,"[108.0, 116.0]",71.83757109179989,0.982240143418312,0.299823522567749,0.9547333717346193,-0.0705163031816482,0.3071944416255702,"[62.0, 97.0]"
normal_1726_PPE,0,1,0,normal,"[116.0, 130.0]",71.83757109179989,1.0465567231178283,0.3521573543548584,0.9714223742485046,-0.0720185339450836,-0.809691560017008,"[117.0, 0.0]"
normal_1727_PPE,0,1,9,normal,"[116.0, 126.0]",71.83757109179989,1.05219447016716,0.3524609208106994,0.9793099164962769,-0.0710830390453338,0.3386762197155947,"[80.0, 157.0]"
normal_1728_PPE,0,2,9,normal,"[117.0, 123.0]",45.254833995939045,0.9585541367530822,0.2473086714744568,0.9727506637573242,-0.1516000032424926,0.1968689202564753,"[153.0, 118.0]"
normal_1729_PPE,0,2,9,normal,"[119.0, 119.0]",45.254833995939045,1.012078809738159,0.2917500734329223,0.9868864417076112,-0.1475411355495453,0.0467469348331472,"[88.0, 89.0]"
normal_1730_PPE,0,1,9,normal,"[135.0, 120.0]",57.01751796098172,0.9170918881893158,0.2283631563186645,0.9592810273170472,-0.0861600637435913,0.575801015024064,"[159.0, 123.0]"
normal_1731_PPE,0,3,9,normal,"[130.0, 122.0]",35.918785545899944,0.9404054105281828,0.2230975031852722,0.981087863445282,-0.1527320146560669,-0.0494829676735679,"[95.0, 108.0]"
normal_1732_PPE,0,3,9,normal,"[119.0, 114.0]",45.254833995939045,0.897901690006256,0.1779250502586364,0.9918720722198486,-0.1283309459686279,-0.3486466016900051,"[69.0, 149.0]"
normal_1733_PPE,0,2,9,normal,"[138.0, 123.0]",57.01751796098172,0.9927244246006012,0.291425883769989,0.9770821928977966,-0.0867050290107727,0.191516503436539,"[168.0, 158.0]"
normal_1734_PPE,0,3,9,normal,"[112.0, 127.0]",45.254833995939045,0.9519377827644347,0.2600933313369751,0.954220414161682,-0.1194508075714111,0.0117882311973814,"[72.0, 107.0]"
normal_1735_PPE,0,1,9,normal,"[136.0, 132.0]",71.83757109179989,0.9522679954767226,0.2542093396186828,0.979147970676422,-0.0632753819227218,0.1234635997748487,"[182.0, 89.0]"
normal_1736_PPE,0,1,9,normal,"[110.0, 120.0]",45.254833995939045,0.945010071992874,0.2444677948951721,0.958501398563385,-0.1479564905166626,0.3920288606767588,"[84.0, 111.0]"
normal_1737_PPE,0,2,9,normal,"[120.0, 124.0]",57.01751796098172,1.029331225156784,0.3325550556182861,0.9712050557136536,-0.0846631526947021,0.1390058250496133,"[79.0, 151.0]"
normal_1738_PPE,0,3,9,normal,"[114.0, 122.0]",45.254833995939045,0.9974921226501464,0.2803027629852295,0.9817755222320556,-0.1497324705123901,-0.0535004894398483,"[161.0, 130.0]"
normal_1739_PPE,0,3,9,normal,"[127.0, 120.0]",45.254833995939045,1.0033491849899292,0.2942527532577514,0.9693185687065125,-0.1528671681880951,-0.06914283715975,"[81.0, 105.0]"
normal_1740_PPE,0,1,9,normal,"[136.0, 122.0]",71.83757109179989,0.8536964267492294,0.1657279133796692,0.9636005163192748,-0.067240759730339,0.5642259167561074,"[164.0, 108.0]"
normal_1741_PPE,0,1,9,normal,"[111.0, 118.0]",57.01751796098172,0.8785650551319122,0.1813210844993591,0.9709110260009766,-0.0880312621593475,0.7003025017271229,"[95.0, 124.0]"
normal_1742_PPE,0,3,9,normal,"[120.0, 107.0]",45.254833995939045,0.8730840682983398,0.1612845659255981,0.9862791299819946,-0.1070205569267273,0.0695578168150371,"[78.0, 110.0]"
normal_1743_PPE,0,2,9,normal,"[117.0, 130.0]",57.01751796098172,0.9057616770267486,0.2242878079414367,0.9503154754638672,-0.0812651813030242,0.2427929549758598,"[159.0, 140.0]"
normal_1744_PPE,0,3,9,normal,"[125.0, 132.0]",45.254833995939045,0.9428622782230376,0.2293158769607544,0.9814224243164062,-0.1327535212039947,-0.0504835196232256,"[81.0, 114.0]"
normal_1745_PPE,0,3,9,normal,"[121.0, 121.0]",35.918785545899944,0.694836789369583,0.1672019958496093,0.7151749134063721,-0.1350617706775665,0.0745360743137993,"[154.0, 125.0]"
normal_1746_PPE,0,3,9,normal,"[123.0, 127.0]",35.918785545899944,0.8661811470985412,0.1840718984603881,0.9357184171676636,-0.1355317831039428,0.019236609138689,"[94.0, 107.0]"
normal_1747_PPE,0,1,9,normal,"[128.0, 124.0]",45.254833995939045,0.9019205868244172,0.1886372566223144,0.9818557500839232,-0.1299215257167816,0.3808871013700329,"[144.0, 147.0]"
normal_1748_PPE,0,1,9,normal,"[140.0, 126.0]",57.01751796098172,0.958338862657547,0.2748448848724365,0.9477522373199464,-0.1003370583057403,0.5860772568430206,"[159.0, 140.0]"
normal_1749_PPE,0,1,9,normal,"[130.0, 122.0]",71.83757109179989,0.975196349620819,0.3075295090675354,0.9425624012947084,-0.0393657982349395,0.0281681626789108,"[185.0, 79.0]"
normal_1750_PPE,0,1,9,normal,"[90.0, 142.0]",71.83757109179989,0.8712953597307205,0.1990829706192016,0.9486217498779296,-0.0408858209848403,0.7297168105233454,"[79.0, 158.0]"
normal_1750_PPE,1,3,9,normal,"[72.0, 151.0]",45.254833995939045,0.7882839918136596,0.108789324760437,0.9594045877456664,-0.0395572781562805,0.78125,"[79.0, 158.0]"
normal_1750_PPE,2,3,9,normal,"[80.0, 152.0]",57.01751796098172,0.7959956377744675,0.1215588450431823,0.9520078301429749,-0.0401565581560134,0.893317654857218,"[79.0, 158.0]"
normal_1751_PPE,0,1,9,normal,"[140.0, 126.0]",71.83757109179989,0.9254885852336884,0.2252315878868103,0.9821709990501404,-0.0636864900588989,0.5941572211987767,"[167.0, 137.0]"
normal_1752_PPE,0,2,9,normal,"[122.0, 126.0]",57.01751796098172,0.9225424826145172,0.2160196900367736,0.9833196401596068,-0.0909952223300933,0.0247601599234194,"[156.0, 170.0]"
normal_1753_PPE,0,4,9,normal,"[209.0, 133.0]",57.01751796098172,0.4404674649238586,-0.0901795625686645,0.757056713104248,-0.0035366415977478,-1.4508716891558868,"[71.0, 111.0]"
normal_1754_PPE,0,1,9,normal,"[128.0, 130.0]",71.83757109179989,0.90666084587574,0.2253029942512512,0.9527256488800048,-0.072249487042427,0.2684227407031212,"[177.0, 149.0]"
normal_1755_PPE,0,1,9,normal,"[108.0, 127.0]",57.01751796098172,1.0064363956451416,0.2980443239212036,0.9840239882469176,-0.0978763997554779,0.0323595472133572,"[68.0, 89.0]"
normal_1756_PPE,0,1,9,normal,"[136.0, 108.0]",57.01751796098172,0.9304299533367156,0.2224884033203125,0.9854257702827454,-0.0907175540924072,0.2053311919357244,"[178.0, 125.0]"
normal_1757_PPE,0,3,9,normal,"[120.0, 121.0]",45.254833995939045,0.8681922316551208,0.1639972329139709,0.9740372896194458,-0.1118444800376892,0.0135191176459628,"[77.0, 109.0]"
normal_1758_PPE,0,1,9,normal,"[102.0, 126.0]",57.01751796098172,0.967038494348526,0.2751476168632507,0.9628419280052184,-0.0895076394081115,0.5058009079508943,"[77.0, 139.0]"
normal_1759_PPE,0,3,9,normal,"[119.0, 122.0]",35.918785545899944,0.8216569185256958,0.1492992043495178,0.9165217876434326,-0.1539623141288757,-0.2129040879155477,"[162.0, 129.0]"
normal_1760_PPE,0,3,9,normal,"[119.0, 117.0]",35.918785545899944,0.8148728609085083,0.1725149750709533,0.8833146095275879,-0.120188295841217,-0.0118817531936645,"[83.0, 122.0]"
normal_1761_PPE,0,2,9,normal,"[114.0, 134.0]",57.01751796098172,0.9257757306098938,0.2225470542907714,0.978580892086029,-0.0911102592945098,-0.0123814719214649,"[170.0, 148.0]"
normal_1762_PPE,0,3,9,normal,"[115.0, 111.0]",45.254833995939045,0.9170401513576508,0.2073613405227661,0.9854215979576112,-0.0994184613227844,-0.4750529651507431,"[49.0, 101.0]"
normal_1763_PPE,0,3,9,normal,"[126.0, 129.0]",45.254833995939045,0.8896848380565643,0.187499463558197,0.958972990512848,-0.1545214056968689,-0.0997602721729857,"[80.0, 148.0]"
normal_1764_PPE,0,1,9,normal,"[132.0, 120.0]",57.01751796098172,0.9612192392349242,0.2537524700164795,0.9913956522941588,-0.0674490630626678,0.2012772253939992,"[177.0, 127.0]"
normal_1765_PPE,0,3,9,normal,"[123.0, 124.0]",35.918785545899944,0.8862973213195801,0.2349433898925781,0.8927494883537292,-0.1321464478969574,-0.2951109758153296,"[81.0, 144.0]"
normal_1766_PPE,0,1,9,normal,"[127.0, 135.0]",57.01751796098172,1.0044034779071809,0.3086917996406555,0.9654199481010436,-0.0995885729789733,0.2623410629973692,"[167.0, 148.0]"
normal_1767_PPE,0,2,9,normal,"[114.0, 125.0]",45.254833995939045,0.956676799058914,0.2453172206878662,0.9737321138381958,-0.1487354934215545,0.0899862638399352,"[78.0, 145.0]"
normal_1768_PPE,0,1,9,normal,"[136.0, 119.0]",45.254833995939045,0.9059472799301148,0.2631214261054992,0.8790251016616821,-0.1375414133071899,0.6436951796565195,"[150.0, 127.0]"
normal_1769_PPE,0,1,9,normal,"[120.0, 120.0]",45.254833995939045,0.912100213766098,0.1944891810417175,0.9823310375213624,-0.1498965322971344,0.2066561078258686,"[155.0, 112.0]"
normal_1770_PPE,0,2,9,normal,"[127.0, 127.0]",57.01751796098172,1.0921865701675413,0.4063006043434143,0.953568160533905,-0.0919412672519683,0.2275105499816444,"[99.0, 161.0]"
normal_1771_PPE,0,3,9,normal,"[119.0, 122.0]",35.918785545899944,0.8270313143730164,0.1621541976928711,0.9108837246894836,-0.1362925469875335,-0.2300372464511753,"[163.0, 118.0]"
normal_1772_PPE,0,3,9,normal,"[121.0, 120.0]",35.918785545899944,0.7751480937004088,0.1432814598083496,0.8624916672706604,-0.1406123340129852,-0.327327442719816,"[74.0, 112.0]"
normal_1773_PPE,0,2,9,normal,"[133.0, 123.0]",57.01751796098172,0.9594045400619506,0.2529997229576111,0.9898499250411988,-0.0675493478775024,0.215655799317684,"[177.0, 131.0]"
normal_1774_PPE,0,1,9,normal,"[130.0, 122.0]",45.254833995939045,1.0059106469154355,0.2977297306060791,0.9666035175323486,-0.1577922701835632,0.5531140735601534,"[150.0, 119.0]"
normal_1775_PPE,0,2,9,normal,"[121.0, 122.0]",45.254833995939045,0.9264411270618438,0.2076553702354431,0.991388201713562,-0.1240700781345367,-0.3184389443580615,"[63.0, 108.0]"
normal_1776_PPE,0,2,9,normal,"[118.0, 134.0]",71.83757109179989,0.9613480061292649,0.2906396985054016,0.9442756175994872,-0.0485768765211105,0.3203247030646304,"[158.0, 106.0]"
normal_1777_PPE,0,3,9,normal,"[124.0, 132.0]",45.254833995939045,0.916314136981964,0.2034415602684021,0.990328311920166,-0.098213791847229,-0.2074799428976035,"[79.0, 101.0]"
normal_1778_PPE,0,1,9,normal,"[112.0, 126.0]",71.83757109179989,0.9804576516151428,0.3385317921638489,0.8986733555793762,-0.0642725527286529,0.4285893735035646,"[146.0, 149.0]"
normal_1778_PPE,1,3,9,normal,"[86.0, 132.0]",35.918785545899944,0.8352649390697479,0.15268474817276,0.957602083683014,-0.0612936615943908,-0.7361903071857601,"[146.0, 149.0]"
normal_1778_PPE,2,1,9,normal,"[105.0, 127.0]",57.01751796098172,0.969499984383583,0.2925523519515991,0.9487537145614624,-0.0641001611948013,0.1839427221583283,"[146.0, 149.0]"
normal_1779_PPE,0,2,9,normal,"[128.0, 120.0]",45.254833995939045,0.8933650374412536,0.1764527559280395,0.9867859482765198,-0.1308105885982513,0.5778357473091783,"[114.0, 107.0]"
normal_1780_PPE,0,1,9,normal,"[110.0, 120.0]",45.254833995939045,0.915504664182663,0.2675246000289917,0.8851025104522705,-0.1420415341854095,0.5801553486704875,"[91.0, 120.0]"
normal_1781_PPE,0,2,9,normal,"[111.0, 120.0]",45.254833995939045,0.897319746017456,0.1854537725448608,0.9857558012008668,-0.1091845631599426,0.2162539872509717,"[144.0, 133.0]"
normal_1782_PPE,0,2,9,normal,"[126.0, 126.0]",45.254833995939045,0.8953448593616485,0.1826358437538147,0.9787628054618835,-0.1378752589225769,0.3844463873877435,"[100.0, 136.0]"
normal_1783_PPE,0,1,9,normal,"[136.0, 120.0]",71.83757109179989,1.0883966207504272,0.395207405090332,0.969703197479248,-0.0719848871231079,0.3071944416255702,"[182.0, 139.0]"
normal_1784_PPE,0,1,9,normal,"[114.0, 126.0]",71.83757109179989,1.0327319175004956,0.34683358669281,0.95998877286911,-0.0695309489965438,0.3818386959993135,"[78.0, 152.0]"
normal_1785_PPE,0,1,9,normal,"[105.0, 120.0]",45.254833995939045,0.9911281049251556,0.2741535305976867,0.9897001385688782,-0.1209223866462707,0.5709521806954381,"[94.0, 104.0]"
normal_1786_PPE,0,1,9,normal,"[136.0, 122.0]",71.83757109179989,0.8652253031730652,0.177821397781372,0.9629741311073304,-0.0666100680828094,0.5015835441571133,"[165.0, 143.0]"
normal_1787_PPE,0,2,9,normal,"[110.0, 118.0]",57.01751796098172,0.9467625558376312,0.2422354221343994,0.9870744943618774,-0.067874938249588,0.1818722240648156,"[70.0, 94.0]"
normal_1788_PPE,0,3,9,normal,"[162.0, 115.0]",45.254833995939045,0.766680908203125,0.0797414183616638,0.9747234582901,-0.0231653451919555,0.40625,"[143.0, 134.0]"
normal_1788_PPE,1,4,9,normal,"[165.0, 100.0]",35.918785545899944,0.7572113513946532,0.0711622834205627,0.9736385345458984,-0.0225104689598083,-0.1274577591406291,"[143.0, 134.0]"
normal_1788_PPE,2,2,9,normal,"[154.0, 121.0]",57.01751796098172,0.7644751250743865,0.0787609219551086,0.9727954268455504,-0.0237870216369628,0.7013306265351646,"[143.0, 134.0]"
normal_1788_PPE,3,1,9,normal,"[140.0, 124.0]",71.83757109179989,0.7598676443099975,0.074014663696289,0.9731056690216064,-0.0233950614929199,0.8546678799096774,"[143.0, 134.0]"
normal_1789_PPE,0,1,9,normal,"[120.0, 121.0]",57.01751796098172,1.0034076660871505,0.3006991744041443,0.9838010668754578,-0.0702387243509292,0.5871934550362813,"[97.0, 126.0]"
normal_1790_PPE,0,1,9,normal,"[119.0, 128.0]",57.01751796098172,0.9041599690914152,0.2004377245903015,0.9857959747314452,-0.0683253109455108,0.2982420231819543,"[159.0, 129.0]"
normal_1791_PPE,0,1,9,normal,"[130.0, 129.0]",57.01751796098172,0.9646314024925232,0.2662243247032165,0.9725594520568848,-0.0880773067474365,0.1983940872455541,"[85.0, 137.0]"
normal_1792_PPE,0,1,9,normal,"[130.0, 120.0]",45.254833995939045,0.9849218189716338,0.3004941940307617,0.9323660731315612,-0.1588568687438964,0.509365047871638,"[148.0, 107.0]"
normal_1793_PPE,0,2,9,normal,"[124.0, 123.0]",57.01751796098172,0.9533151566982268,0.2642369270324707,0.9619197845458984,-0.0786719024181366,0.1901859783854791,"[168.0, 109.0]"
normal_1794_PPE,0,3,9,normal,"[128.0, 123.0]",57.01751796098172,0.9831173956394196,0.2859531044960022,0.970678210258484,-0.0884477198123931,-0.0253631869591688,"[71.0, 136.0]"
normal_1795_PPE,0,1,9,normal,"[146.0, 114.0]",71.83757109179989,0.8643460005521774,0.1767382025718689,0.96489018201828,-0.0609233528375625,0.5510840566702379,"[174.0, 98.0]"
normal_1795_PPE,1,3,9,normal,"[189.0, 122.0]",35.918785545899944,0.8003387928009033,0.0981335043907165,0.9918047785758972,-0.0397097170352935,0.2120573408584962,"[174.0, 98.0]"
normal_1796_PPE,0,1,9,normal,"[129.0, 122.0]",35.918785545899944,0.9904045820236206,0.3080982565879822,0.9334813356399536,-0.1443469524383545,0.3875071312785169,"[151.0, 122.0]"
normal_1797_PPE,0,3,9,normal,"[115.0, 120.0]",35.918785545899944,0.6949620306491852,0.2049590945243835,0.664147138595581,-0.1254996955394745,-0.2450688092682647,"[75.0, 140.0]"
normal_1798_PPE,0,1,9,normal,"[110.0, 120.0]",45.254833995939045,1.0007537066936494,0.2932339906692505,0.9651239514350892,-0.1596647500991821,0.6140909676491104,"[94.0, 113.0]"
normal_1799_PPE,0,3,9,normal,"[120.0, 138.0]",57.01751796098172,0.9073532581329344,0.2114784717559814,0.9747879505157472,-0.0676161050796508,-0.0760104752840336,"[62.0, 118.0]"
normal_1800_PPE,0,1,9,normal,"[131.0, 128.0]",45.254833995939045,0.94348224401474,0.2270153164863586,0.9894818663597108,-0.1191481053829193,0.7093581994103395,"[144.0, 130.0]"
normal_1801_PPE,0,1,9,normal,"[104.0, 121.0]",57.01751796098172,0.9119569778442382,0.2217394709587097,0.9581771492958068,-0.0974675118923187,0.7646967397953053,"[92.0, 115.0]"
normal_1802_PPE,0,1,9,normal,"[135.0, 118.0]",57.01751796098172,0.8535120874643325,0.149311363697052,0.9870849251747132,-0.0662063807249069,0.4554594710038574,"[165.0, 126.0]"
normal_1803_PPE,0,3,9,normal,"[114.0, 111.0]",35.918785545899944,0.8268566071987151,0.1473754644393921,0.9357571005821228,-0.1222558617591857,-0.6706670852784391,"[59.0, 135.0]"
normal_1804_PPE,0,1,9,normal,"[146.0, 123.0]",45.254833995939045,1.0086917221546172,0.2940754890441894,0.990068793296814,-0.1078403890132904,0.4458078796572438,"[169.0, 113.0]"
normal_1805_PPE,0,1,9,normal,"[102.0, 123.0]",45.254833995939045,1.0208818316459656,0.3063515424728393,0.9890577793121338,-0.1109492182731628,0.5449931319199677,"[84.0, 113.0]"
normal_1806_PPE,0,1,9,normal,"[138.0, 120.0]",35.918785545899944,0.806766664981842,0.1746872067451477,0.859094500541687,-0.1535665392875671,0.64784136076902,"[150.0, 124.0]"
normal_1807_PPE,0,1,9,normal,"[108.0, 128.0]",45.254833995939045,0.9823324799537658,0.2911908030509949,0.9413059949874878,-0.1611374020576477,0.5795742485289466,"[89.0, 129.0]"
normal_1808_PPE,0,1,9,normal,"[121.0, 122.0]",35.918785545899944,0.8684244871139526,0.1816568374633789,0.9398993849754332,-0.1441904008388519,0.3818386959993135,"[99.0, 119.0]"
normal_1809_PPE,0,1,9,normal,"[136.0, 122.0]",57.01751796098172,0.916306334733963,0.2203863859176635,0.9750230312347412,-0.0670191347599029,0.5277622562578325,"[159.0, 108.0]"
normal_1810_PPE,0,1,9,normal,"[112.0, 127.0]",57.01751796098172,0.8725544124841689,0.1755552887916565,0.9760714769363404,-0.0687454491853714,0.2313026668117068,"[92.0, 88.0]"
normal_1811_PPE,0,3,9,normal,"[115.0, 130.0]",45.254833995939045,0.9086062371730804,0.1937900185585022,0.9891798496246338,-0.1119516193866729,-0.1977354935460498,"[158.0, 163.0]"
normal_1812_PPE,0,1,9,normal,"[132.0, 122.0]",45.254833995939045,0.9195468544960022,0.2083197236061096,0.9849468469619752,-0.10882169008255,0.4692097577667804,"[156.0, 123.0]"
normal_1813_PPE,0,1,9,normal,"[107.0, 125.0]",57.01751796098172,0.899564790725708,0.216468870639801,0.9508928656578064,-0.0873545706272125,0.4006050034542457,"[75.0, 113.0]"
normal_1814_PPE,0,1,9,normal,"[129.0, 124.0]",45.254833995939045,0.9402068078517912,0.2402238249778747,0.9563374519348145,-0.1527338325977325,0.6898526056050125,"[143.0, 125.0]"
normal_1815_PPE,0,1,9,normal,"[115.0, 120.0]",45.254833995939045,0.9570062220096588,0.2692499756813049,0.9397954940795898,-0.1494970023632049,0.4692097577667804,"[91.0, 121.0]"
normal_1816_PPE,0,1,9,normal,"[133.0, 122.0]",45.254833995939045,0.9813223004341124,0.2666056752204895,0.9869406819343568,-0.1192907392978668,0.4511197478046782,"[152.0, 138.0]"
normal_1817_PPE,0,1,9,normal,"[98.0, 119.0]",57.01751796098172,0.911669796705246,0.2430683970451355,0.9280843138694764,-0.0947118997573852,0.693703798041084,"[81.0, 115.0]"
normal_1818_PPE,0,1,9,normal,"[128.0, 124.0]",45.254833995939045,1.014039808511734,0.3017317056655884,0.974046528339386,-0.1523776650428772,0.4033786533738506,"[155.0, 124.0]"
normal_1819_PPE,0,1,9,normal,"[135.0, 118.0]",57.01751796098172,0.9782084107398986,0.291948139667511,0.95355886220932,-0.0938453376293182,0.5931982338242239,"[158.0, 121.0]"
normal_1820_PPE,0,1,9,normal,"[130.0, 142.0]",71.83757109179989,0.8736549049615859,0.1780925989151001,0.9822410941123962,-0.0399677008390426,0.6011405017136013,"[155.0, 128.0]"
normal_1820_PPE,1,3,9,normal,"[164.0, 153.0]",35.918785545899944,0.775905755162239,0.0820821523666381,0.981343388557434,-0.0344161540269851,0.260257269076687,"[155.0, 128.0]"
normal_1820_PPE,2,1,9,normal,"[124.0, 134.0]",90.50966799187808,0.8005546182394027,0.1410080790519714,0.9307899475097656,-0.0399678796529769,0.6511388505974046,"[155.0, 128.0]"
normal_1821_PPE,0,1,9,normal,"[110.0, 119.0]",45.254833995939045,1.0028185606002806,0.2876712083816528,0.9826072454452516,-0.1366114020347595,0.3622396365012953,"[82.0, 112.0]"
normal_1822_PPE,0,1,9,normal,"[140.0, 116.0]",45.254833995939045,1.0267357170581817,0.3292868137359619,0.9517876505851746,-0.1559877395629882,0.5219669206006764,"[158.0, 104.0]"
normal_1823_PPE,0,1,9,normal,"[105.0, 127.0]",45.254833995939045,1.045329874753952,0.3367530107498169,0.9674413800239564,-0.1568394899368286,0.509365047871638,"[83.0, 124.0]"
normal_1824_PPE,0,1,9,normal,"[140.0, 125.0]",45.254833995939045,0.978289657831192,0.2727473974227905,0.965426504611969,-0.1487185359001159,0.7480544453656703,"[147.0, 134.0]"
normal_1825_PPE,0,1,9,normal,"[101.0, 114.0]",45.254833995939045,0.9756453633308412,0.2634549140930176,0.9840880632400512,-0.1166440248489379,0.6217587988465562,"[84.0, 112.0]"
normal_1826_PPE,0,1,9,normal,"[120.0, 132.0]",71.83757109179989,0.990441283583641,0.2979718446731567,0.9698917269706726,-0.0677261501550674,0.5766308327347835,"[150.0, 137.0]"
normal_1827_PPE,0,4,9,normal,"[187.0, 176.0]",35.918785545899944,0.5303836286067962,-0.0299093127250671,0.799376904964447,-0.0036455392837524,-2.964327243432496,"[63.0, 106.0]"
normal_1827_PPE,1,4,9,normal,"[127.0, 32.0]",45.254833995939045,0.4865029692649841,-0.0515479445457458,0.7677894830703735,-0.0029913783073425,-1.1619038195534972,"[63.0, 106.0]"
normal_1828_PPE,0,1,9,normal,"[136.0, 120.0]",45.254833995939045,0.9468953907489776,0.2321240305900573,0.9904800057411194,-0.1071767807006836,0.2967014103170688,"[158.0, 143.0]"
normal_1829_PPE,0,1,9,normal,"[114.0, 123.0]",57.01751796098172,0.9393651604652404,0.2562323808670044,0.949989914894104,-0.0906991958618164,0.4492808866618277,"[83.0, 118.0]"
normal_1830_PPE,0,1,9,normal,"[111.0, 120.0]",57.01751796098172,0.9530584216117858,0.2716094255447387,0.9488664269447328,-0.0862124860286712,0.4806125056129714,"[82.0, 114.0]"
normal_1831_PPE,0,2,9,normal,"[123.0, 123.0]",57.01751796098172,0.8920616149902344,0.1905807256698608,0.9830409288406372,-0.0667611956596374,-0.0460046725605818,"[74.0, 157.0]"
normal_1832_PPE,0,1,9,normal,"[105.0, 118.0]",57.01751796098172,0.9651834070682525,0.286306619644165,0.941134512424469,-0.1004131436347961,0.4913843843598154,"[85.0, 97.0]"
normal_1833_PPE,0,1,9,normal,"[130.0, 123.0]",45.254833995939045,1.0981333374977111,0.3947994709014892,0.9603041410446168,-0.1556048393249511,0.6084386223080729,"[147.0, 128.0]"
normal_1834_PPE,0,1,9,normal,"[111.0, 123.0]",45.254833995939045,1.077318865060806,0.3749670386314392,0.9596709609031676,-0.1529107689857483,0.5133621405500801,"[89.0, 122.0]"
normal_1835_PPE,0,1,9,normal,"[128.0, 127.0]",45.254833995939045,0.9840731978416444,0.2712242603302002,0.9789057374000548,-0.1380746066570282,0.5108601299219211,"[149.0, 134.0]"
normal_1836_PPE,0,1,9,normal,"[112.0, 122.0]",45.254833995939045,0.9614659011363982,0.2486163973808288,0.9862501621246338,-0.112371951341629,0.5317711230071345,"[92.0, 115.0]"
normal_1837_PPE,0,1,9,normal,"[139.0, 113.0]",57.01751796098172,0.895721310377121,0.2440093159675598,0.902275323867798,-0.1005963385105133,0.8000306807673768,"[150.0, 116.0]"
normal_1838_PPE,0,1,9,normal,"[106.0, 123.0]",57.01751796098172,0.8946701288223265,0.2318201661109924,0.91744464635849,-0.1031935513019561,0.706001677840282,"[90.0, 118.0]"
normal_1839_PPE,0,2,9,normal,"[124.0, 126.0]",35.918785545899944,0.8720626533031464,0.1717468500137329,0.963875651359558,-0.1280142366886139,-0.1274577591406291,"[158.0, 148.0]"
normal_1840_PPE,0,2,9,normal,"[119.0, 126.0]",35.918785545899944,0.8821889638900756,0.1874939203262329,0.9547544121742249,-0.1318347752094268,0.1477870071383286,"[100.0, 150.0]"
normal_1841_PPE,0,1,9,normal,"[137.0, 121.0]",45.254833995939045,0.9778070867061616,0.2630494832992553,0.9809112548828124,-0.1405986249446869,0.412865805373252,"[162.0, 130.0]"
normal_1842_RFM,0,1,9,normal,"[197.0, 241.0]",45.254833995939045,0.905041754245758,0.2533290386199951,0.8857018351554871,-0.1586071550846099,0.6016391005005637,"[179.0, 240.0]"
normal_1843_RFM,0,1,0,normal,"[195.0, 214.0]",45.254833995939045,0.8035432934761048,0.1731054782867431,0.8577138185501099,-0.1501907110214233,-4.498801360864929,"[290.0, 444.0]"
normal_1844_RFM,0,1,9,normal,"[571.0, 273.0]",35.918785545899944,0.8928844034671782,0.2897410988807678,0.8186267018318176,-0.1505230665206909,0.2519218766249192,"[590.0, 292.0]"
normal_1845_RFM,0,1,9,normal,"[219.0, 297.0]",35.918785545899944,0.8670919954776763,0.2862576246261596,0.7863882184028625,-0.1518130898475647,0.049742472831236,"[201.0, 268.0]"
normal_1846_RFM,0,1,9,normal,"[572.0, 252.0]",45.254833995939045,0.898950707912445,0.2680409550666809,0.8573631048202515,-0.1537778973579406,0.2457801008658019,"[590.0, 281.0]"
normal_1847_RFM,0,1,9,normal,"[201.0, 223.0]",45.254833995939045,0.8792091667652129,0.2222635746002197,0.8958445191383362,-0.1492721438407898,0.6016391005005637,"[186.0, 213.0]"
normal_1848_RFM,0,1,9,normal,"[561.0, 229.0]",35.918785545899944,0.8901734471321106,0.2361853122711181,0.8891452550888062,-0.1579322814941406,0.4919569992817404,"[579.0, 226.0]"
normal_1849_RFM,0,1,9,normal,"[211.0, 253.0]",35.918785545899944,0.9005979776382446,0.2755507230758667,0.8511536121368408,-0.1461986303329467,0.0783126374863565,"[197.0, 223.0]"
normal_1850_RFM,0,1,0,normal,"[189.0, 289.0]",45.254833995939045,0.92069491147995,0.2992467880249023,0.8440337181091309,-0.15312260389328,-1.6894070268834351,"[247.0, 182.0]"
normal_1851_RFM,0,1,9,normal,"[192.0, 276.0]",45.254833995939045,0.9667608141899108,0.2797793745994568,0.9357377290725708,-0.1598251461982727,0.3471067995069944,"[165.0, 264.0]"
normal_1852_RFM,0,1,9,normal,"[183.0, 250.0]",45.254833995939045,0.871511822938919,0.2230632901191711,0.8838837742805481,-0.1486494541168213,0.4462485891665828,"[161.0, 238.0]"
normal_1853_RFM,0,1,9,normal,"[396.0, 253.0]",35.918785545899944,0.7364876508712769,0.2356594204902649,0.6787409782409668,-0.128547728061676,0.4094120078617783,"[375.0, 256.0]"
normal_1854_RFM,0,1,9,normal,"[377.0, 266.0]",45.254833995939045,0.8997546017169952,0.2560333013534546,0.8773661255836487,-0.1478250622749328,0.2303993527484531,"[355.0, 239.0]"
normal_1855_RFM,0,1,9,normal,"[393.0, 245.0]",45.254833995939045,0.8965386152267456,0.2569979429244995,0.872940182685852,-0.1424127221107483,0.552568091772614,"[412.0, 238.0]"
normal_1856_RFM,0,1,9,normal,"[375.0, 282.0]",35.918785545899944,0.8753798007965087,0.2354742288589477,0.8734126091003418,-0.1425837278366089,0.3306669422433488,"[368.0, 259.0]"
normal_1857_RFM,0,1,9,normal,"[391.0, 274.0]",35.918785545899944,0.8928812026977538,0.2431482076644897,0.8873088359832764,-0.1430840492248535,0.2649874664846021,"[407.0, 253.0]"
normal_1858_RFM,0,1,9,normal,"[560.0, 232.0]",45.254833995939045,0.8887642800807953,0.2911015152931213,0.8098480105400085,-0.1538457870483398,0.4692097577667804,"[584.0, 231.0]"
normal_1859_RFM,0,1,9,normal,"[202.0, 230.0]",45.254833995939045,0.9591897904872896,0.2907213568687439,0.9111842513084412,-0.1531972885131836,0.3557647459972406,"[175.0, 241.0]"
normal_1860_RFM,0,1,9,normal,"[390.0, 283.0]",35.918785545899944,0.8569934725761413,0.1693034172058105,0.9422582387924194,-0.140546441078186,0.601383486505136,"[404.0, 280.0]"
normal_1861_RFM,0,1,9,normal,"[388.0, 249.0]",45.254833995939045,0.8028555631637573,0.1386162042617797,0.9091017246246338,-0.1393407583236694,0.6090626249000999,"[375.0, 261.0]"
normal_1862_RFM,0,1,0,normal,"[208.0, 220.0]",35.918785545899944,0.6660115540027618,0.1447747945785522,0.6981698274612427,-0.1625894010066986,-0.1478967239437483,"[192.0, 258.0]"
normal_1863_RFM,0,4,0,normal,,,,,,,,"[523.0, 423.0]"
normal_1864_RFM,0,1,9,normal,"[198.0, 225.0]",35.918785545899944,0.8848788380622863,0.2534718513488769,0.8586677312850952,-0.1516978740692138,0.5433804562824677,"[185.0, 215.0]"
normal_1865_RFM,0,1,9,normal,"[387.0, 264.0]",35.918785545899944,0.6793601036071778,0.1586229801177978,0.6988858580589294,-0.1575851142406463,0.4260516380281258,"[403.0, 251.0]"
normal_1866_RFM,0,1,9,normal,"[191.0, 251.0]",45.254833995939045,0.9419514775276184,0.3092612624168396,0.8602741956710815,-0.1524913907051086,0.2925480360830144,"[166.0, 231.0]"
normal_1867_RFM,0,1,0,normal,"[582.0, 255.0]",45.254833995939045,0.9090640783309936,0.2539991736412048,0.8950467109680176,-0.1426610350608825,-3.4072472275786847,"[444.0, 399.0]"
normal_1868_RFM,0,1,9,normal,"[205.0, 228.0]",35.918785545899944,0.9564407050609588,0.2999230027198791,0.8969082236289978,-0.1434097290039062,0.4980967172656042,"[187.0, 227.0]"
normal_1869_RFM,0,1,9,normal,"[562.0, 216.0]",45.254833995939045,0.720145982503891,0.1989193558692932,0.7001199126243591,-0.1557134389877319,0.6994471240363853,"[575.0, 212.0]"
normal_1870_RFM,0,1,9,normal,"[210.0, 236.0]",35.918785545899944,0.7922057330608367,0.22305428981781,0.7679482102394104,-0.1579384803771972,0.6825684922887694,"[199.0, 233.0]"
normal_1871_RFM,0,1,9,normal,"[561.0, 222.0]",35.918785545899944,0.8978850424289703,0.2699358463287353,0.8530258536338806,-0.1541554927825927,0.4473801677978787,"[576.0, 235.0]"
normal_1872_RFM,0,1,9,normal,"[560.0, 234.0]",45.254833995939045,0.9181857287883758,0.261731207370758,0.8912330269813538,-0.1629570126533508,0.3279433385122948,"[587.0, 248.0]"
normal_1873_RFM,0,1,9,normal,"[327.0, 250.0]",57.01751796098172,0.9641298353672026,0.2734480500221252,0.9417102932929992,-0.1574229001998901,0.6862623197270736,"[319.0, 234.0]"
normal_1874_RFM,0,1,9,normal,"[566.0, 231.0]",35.918785545899944,0.7268055737018584,0.1575075387954712,0.7704232335090637,-0.1500088572502136,0.5545506409298304,"[582.0, 231.0]"
normal_1875_RFM,0,2,9,normal,"[423.0, 261.0]",45.254833995939045,1.0399233043193816,0.3921406865119934,0.8822111487388611,-0.1511740684509277,0.1779408476271309,"[453.0, 239.0]"
normal_1876_RFM,0,1,9,normal,"[560.0, 224.0]",35.918785545899944,0.8873801589012146,0.18964684009552,0.9510389566421508,-0.1600302457809448,0.609238769231708,"[574.0, 223.0]"
normal_1877_RFM,0,1,9,normal,"[575.0, 228.0]",45.254833995939045,0.8277949810028076,0.1577013731002807,0.9133278131484984,-0.1538206934928894,0.5778357473091783,"[594.0, 226.0]"
normal_1878_RFM,0,1,9,normal,"[571.0, 218.0]",45.254833995939045,0.8881881237030029,0.2303867936134338,0.8940356969833374,-0.1598817110061645,0.3888247745122517,"[592.0, 200.0]"
normal_1879_RFM,0,1,9,normal,"[198.0, 287.0]",45.254833995939045,0.8426471590995789,0.1717634797096252,0.915319800376892,-0.1507990956306457,0.5449931319199677,"[180.0, 297.0]"
normal_1880_RFM,0,1,9,normal,"[567.0, 245.0]",35.918785545899944,0.7835792541503905,0.1901217103004455,0.8057386875152588,-0.1472023129463195,0.559801700961275,"[580.0, 254.0]"
normal_1881_RFM,0,1,9,normal,"[205.0, 225.0]",35.918785545899944,0.8893142163753509,0.2621556520462036,0.8501221537590027,-0.1603652834892273,0.5510840566702379,"[189.0, 223.0]"
normal_1882_RFM,0,1,9,normal,"[403.0, 205.0]",35.918785545899944,0.9892015099525452,0.3100802302360534,0.925668239593506,-0.155767560005188,0.2676285549154772,"[429.0, 201.0]"
normal_1883_RFM,0,1,0,normal,"[195.0, 240.0]",35.918785545899944,0.8537123501300811,0.2110025882720947,0.873341977596283,-0.1568518877029419,-3.3787673412700645,"[274.0, 376.0]"
normal_1884_RFM,0,4,0,normal,,,,,,,,"[579.0, 224.0]"
normal_1885_RFM,0,1,9,normal,"[578.0, 238.0]",45.254833995939045,0.8757416963577269,0.2365963459014892,0.8710629940032959,-0.1470062732696533,0.3777403827581289,"[606.0, 241.0]"
normal_1886_RFM,0,1,9,normal,"[209.0, 232.0]",45.254833995939045,0.8726598381996155,0.2501353025436401,0.8480957746505737,-0.1442874670028686,0.4650861634805097,"[194.0, 213.0]"
normal_1887_RFM,0,1,9,normal,"[553.0, 233.0]",35.918785545899944,0.9647093832492828,0.2768680453300476,0.9394996762275696,-0.1509578227996826,0.227956936008113,"[578.0, 221.0]"
normal_1888_RFM,0,1,9,normal,"[571.0, 245.0]",45.254833995939045,0.8985740900039673,0.2522053122520447,0.8803110122680664,-0.1507553458213806,0.3235980993152074,"[590.0, 221.0]"
normal_1889_RFM,0,1,9,normal,"[545.0, 210.0]",35.918785545899944,0.8922116398811339,0.2550656199455261,0.8648321628570557,-0.1588175296783447,0.5467881124405694,"[561.0, 207.0]"
normal_1890_RFM,0,1,9,normal,"[213.0, 243.0]",35.918785545899944,0.8314177453517914,0.2191647291183471,0.8337286114692688,-0.1432149410247802,0.2299674682337404,"[192.0, 225.0]"
normal_1891_RFM,0,1,9,normal,"[565.0, 218.0]",35.918785545899944,0.8245466887950896,0.2278756499290466,0.8089887499809265,-0.1518945693969726,0.3977160607187251,"[583.0, 230.0]"
normal_1892_RFM,0,1,0,normal,"[201.0, 210.0]",35.918785545899944,0.8745716512203215,0.2465624809265136,0.8530752062797546,-0.1542826294898986,-0.2873072233386131,"[184.0, 253.0]"
normal_1893_RFM,0,1,9,normal,"[202.0, 244.0]",35.918785545899944,0.8372715055942535,0.2131381034851074,0.8473723530769348,-0.1548637747764587,0.4260516380281258,"[186.0, 231.0]"
normal_1894_RFM,0,1,0,normal,"[210.0, 228.0]",35.918785545899944,0.9754233837127684,0.2854898571968078,0.9426345825195312,-0.1504465937614441,-0.7629928137472517,"[193.0, 167.0]"
normal_1895_RFM,0,1,9,normal,"[214.0, 272.0]",57.01751796098172,0.8420412361621856,0.1643311977386474,0.9241235256195068,-0.1541178524494171,0.2313026668117068,"[194.0, 233.0]"
normal_1896_RFM,0,1,9,normal,"[180.0, 243.0]",45.254833995939045,0.8502639174461364,0.1967039704322815,0.8913465738296509,-0.1480867266654968,0.4650861634805097,"[165.0, 262.0]"
normal_1897_RFM,0,1,9,normal,"[584.0, 240.0]",35.918785545899944,0.8984683811664581,0.2262924909591674,0.9175319075584412,-0.1495177745819091,0.0412161716482033,"[599.0, 209.0]"
normal_1898_RFM,0,1,9,normal,"[423.0, 258.0]",45.254833995939045,0.8660609126091002,0.1751914620399475,0.9471781253814696,-0.1392238140106201,0.3988942480727705,"[445.0, 274.0]"
normal_1899_RFM,0,1,9,normal,"[197.0, 238.0]",45.254833995939045,0.8510406851768494,0.1853194832801818,0.908139944076538,-0.1501162052154541,0.4216638898961954,"[171.0, 241.0]"
normal_1900_RFM,0,1,9,normal,"[205.0, 231.0]",35.918785545899944,1.0051662802696226,0.3018102645874023,0.96068274974823,-0.1543904542922973,0.4186715196387095,"[185.0, 225.0]"
normal_1901_RFM,0,1,9,normal,"[570.0, 219.0]",45.254833995939045,0.8667207717895508,0.1887906193733215,0.9246283769607544,-0.1534514427185058,0.5385992793677062,"[590.0, 213.0]"
normal_1902_RFM,0,1,9,normal,"[569.0, 230.0]",45.254833995939045,0.7276120543479919,0.1452113986015319,0.7907401919364929,-0.1444126069545745,0.5732343661328856,"[587.0, 237.0]"
normal_1903_RFM,0,1,0,normal,"[207.0, 222.0]",45.254833995939045,0.8663071870803832,0.2639515995979309,0.8182121515274048,-0.1480354070663452,-0.0051138772547119,"[182.0, 260.0]"
normal_1904_RFM,0,1,9,normal,"[186.0, 244.0]",45.254833995939045,0.7996366322040557,0.073099672794342,0.9958694577217102,-0.147141695022583,0.1585679988852337,"[171.0, 279.0]"
normal_1905_RFM,0,1,0,normal,"[565.0, 228.0]",35.918785545899944,0.8457535326480865,0.1872594356536865,0.8973309397697449,-0.151812195777893,-5.418688972305946,"[442.0, 423.0]"
normal_1906_RFM,0,1,9,normal,"[572.0, 261.0]",45.254833995939045,0.922412461042404,0.2791926264762878,0.8737836480140686,-0.1578564047813415,0.2704614043794531,"[591.0, 234.0]"
normal_1907_RFM,0,1,0,normal,"[581.0, 247.0]",45.254833995939045,0.6880237758159637,0.1467928290367126,0.7366445660591125,-0.1278987526893615,-4.33199547835986,"[446.0, 447.0]"
normal_1908_RFM,0,1,0,normal,"[556.0, 247.0]",35.918785545899944,0.7857669651508331,0.1815278530120849,0.833663821220398,-0.103372186422348,-5.3406282791906605,"[426.0, 434.0]"
normal_1909_RFM,0,1,9,normal,"[379.0, 259.0]",35.918785545899944,0.8610878765583039,0.157952606678009,0.9602609276771544,-0.1547631025314331,0.4644756561412466,"[396.0, 250.0]"
normal_1910_RFM,0,1,9,normal,"[568.0, 332.0]",45.254833995939045,0.8726479172706604,0.1826489567756652,0.9408472776412964,-0.1570293307304382,0.3742192376718505,"[589.0, 313.0]"
normal_1911_RFM,0,1,0,normal,"[568.0, 242.0]",45.254833995939045,0.9330605924129486,0.3113490343093872,0.843271017074585,-0.1571092307567596,-1.9945425621036008,"[509.0, 120.0]"
normal_1912_RFM,0,1,9,normal,"[191.0, 244.0]",45.254833995939045,0.8594206690788269,0.1585322618484497,0.95767343044281,-0.1525850296020507,0.4619007700711699,"[183.0, 221.0]"
normal_1913_RFM,0,1,9,normal,"[582.0, 226.0]",45.254833995939045,0.8454428315162658,0.1662867665290832,0.926550567150116,-0.1528533399105072,0.6237001694127408,"[599.0, 225.0]"
normal_1914_RFM,0,1,9,normal,"[196.0, 215.0]",45.254833995939045,0.8568390607833862,0.1685343384742736,0.9438526630401612,-0.1380392909049987,0.6217587988465562,"[194.0, 198.0]"
normal_1915_RFM,0,1,0,normal,"[208.0, 235.0]",45.254833995939045,0.9434198200702668,0.2731181979179382,0.9139609932899476,-0.1526446342468261,-0.1490485194281396,"[188.0, 283.0]"
normal_1916_RFM,0,1,0,normal,"[200.0, 232.0]",45.254833995939045,0.8474853694438934,0.1935158967971801,0.8902972340583801,-0.1538070440292358,-4.318975832455906,"[354.0, 47.0]"
normal_1917_RFM,0,1,9,normal,"[563.0, 242.0]",35.918785545899944,1.0602570712566377,0.3807442784309387,0.9269686341285706,-0.1531737446784973,0.0020014286935797,"[577.0, 275.0]"
normal_1918_RFM,0,1,9,normal,"[214.0, 257.0]",35.918785545899944,1.0379379391670227,0.3614224195480346,0.923836588859558,-0.1491495370864868,0.4002954470436755,"[194.0, 265.0]"
normal_1919_RFM,0,1,0,normal,"[577.0, 236.0]",45.254833995939045,1.0099420189857482,0.3017430305480957,0.9670109748840332,-0.1564565300941467,-0.3984156772040279,"[571.0, 173.0]"
normal_1920_RFM,0,1,9,normal,"[563.0, 272.0]",35.918785545899944,0.936230969429016,0.257957398891449,0.9262739419937134,-0.1494090557098388,0.4821351848333427,"[578.0, 261.0]"
normal_1921_RFM,0,1,9,normal,"[565.0, 246.0]",35.918785545899944,0.9580631375312804,0.2684772610664367,0.939399003982544,-0.1600328683853149,-0.7759151030803602,"[550.0, 184.0]"
normal_1922_RFM,0,2,9,normal,"[525.0, 260.0]",57.01751796098172,0.7954671442508697,0.0968661308288574,0.9589665532112122,-0.1366221308708191,0.6384351885994768,"[544.0, 268.0]"
normal_1923_RFM,0,1,9,normal,"[187.0, 190.0]",57.01751796098172,0.7082610487937927,0.2077887952327728,0.6729564070701599,-0.1470138430595398,0.4036920368356457,"[171.0, 220.0]"
normal_1924_RFM,0,1,9,normal,"[111.0, 246.0]",57.01751796098172,0.9097552120685576,0.2583130002021789,0.8850879669189453,-0.1594031751155853,0.5123800799617098,"[89.0, 263.0]"
normal_1925_RFM,0,1,9,normal,"[134.0, 273.0]",45.254833995939045,0.8584263861179351,0.2369677424430847,0.8456975817680359,-0.1473516821861267,0.2775232486439443,"[104.0, 260.0]"
normal_1926_RFM,0,1,9,normal,"[190.0, 274.0]",35.918785545899944,0.7811367571353912,0.1304709315299987,0.8855672478675842,-0.1538437604904174,0.64784136076902,"[178.0, 278.0]"
normal_1927_RFM,0,2,9,normal,"[490.0, 270.0]",71.83757109179989,0.8121097326278687,0.122728407382965,0.9459567070007324,-0.1360581517219543,0.5786955009633133,"[520.0, 274.0]"
normal_1928_RFM,0,1,9,normal,"[564.0, 283.0]",35.918785545899944,0.7682175993919372,0.1191240549087524,0.8843684196472168,-0.1501782536506652,0.4321612564459516,"[584.0, 287.0]"
normal_1929_RFM,0,1,9,normal,"[116.0, 195.0]",57.01751796098172,0.8704311788082123,0.1782642602920532,0.9431459307670592,-0.1598238348960876,0.2777216189570008,"[96.0, 231.0]"
normal_1930_RFM,0,1,9,normal,"[544.0, 206.0]",57.01751796098172,0.8563758790493011,0.1468128561973571,0.9736163020133972,-0.1401580572128296,0.1433036597505688,"[563.0, 251.0]"
normal_1931_RFM,0,2,9,normal,"[429.0, 138.0]",57.01751796098172,0.7579761743545532,0.1756470799446106,0.7944746613502502,-0.1309841573238372,0.7144944014006425,"[445.0, 141.0]"
normal_1932_RFM,0,1,9,normal,"[129.0, 210.0]",45.254833995939045,0.96782306432724,0.2643174529075622,0.9606419801712036,-0.155281126499176,0.4961088907313407,"[111.0, 224.0]"
normal_1933_RFM,0,1,9,normal,"[582.0, 201.0]",45.254833995939045,0.8810041606426238,0.2534122467041015,0.8537195324897766,-0.1499412059783935,0.1393475403799743,"[601.0, 167.0]"
normal_1934_RFM,0,1,9,normal,"[164.0, 186.0]",57.01751796098172,0.9615182518959046,0.3031803369522095,0.895695686340332,-0.1567546725273132,0.4495602268336611,"[148.0, 213.0]"
normal_1935_RFM,0,1,9,normal,"[511.0, 276.0]",57.01751796098172,0.8943888783454895,0.2026990056037902,0.9462642669677734,-0.146524429321289,0.4492808866618277,"[536.0, 257.0]"
normal_1936_RFM,0,4,9,normal,"[350.0, 420.0]",45.254833995939045,0.6992150902748107,0.0201004743576049,0.9684844017028807,-0.005877673625946,-5.015807627097961,"[544.0, 229.0]"
normal_1937_RFM,0,1,9,normal,"[587.0, 308.0]",45.254833995939045,0.9379897832870484,0.2330843806266784,0.9620431661605836,-0.1573759317398071,0.552568091772614,"[606.0, 301.0]"
normal_1938_RFM,0,1,9,normal,"[173.0, 257.0]",45.254833995939045,0.9379656612873076,0.2448829412460327,0.945748507976532,-0.1552938222885131,0.5302094881758466,"[157.0, 271.0]"
normal_1939_RFM,0,1,9,normal,"[365.0, 278.0]",35.918785545899944,0.8908657133579254,0.1926478743553161,0.9553194642066956,-0.1474710702896118,0.6456472047170669,"[374.0, 269.0]"
normal_1940_RFM,0,1,9,normal,"[186.0, 286.0]",45.254833995939045,0.8676519393920898,0.1474456787109375,0.9817848205566406,-0.1647844314575195,0.5338614409319906,"[168.0, 275.0]"
normal_1941_RFM,0,1,9,normal,"[390.0, 242.0]",35.918785545899944,0.8981206476688385,0.1969072818756103,0.9626603722572328,-0.1367555260658264,0.3990043700854742,"[385.0, 263.0]"
normal_1942_RFM,0,1,9,normal,"[141.0, 263.0]",57.01751796098172,0.9230975329875946,0.2190297842025756,0.9615456461906432,-0.154928982257843,0.5950929891927396,"[118.0, 261.0]"
normal_1943_RFM,0,1,9,normal,"[563.0, 256.0]",45.254833995939045,0.8788335978984833,0.2787981033325195,0.8147456049919128,-0.1485678553581237,0.5240141808835057,"[583.0, 248.0]"
normal_1944_RFM,0,1,9,normal,"[184.0, 247.0]",45.254833995939045,0.9281717538833616,0.2605594992637634,0.9102071523666382,-0.1523362398147583,0.5014669958267557,"[162.0, 242.0]"
normal_1945_RFM,0,1,9,normal,"[184.0, 241.0]",57.01751796098172,0.8623628497123718,0.1500290036201477,0.9726717472076416,-0.157318115234375,0.2556990927439663,"[160.0, 206.0]"
normal_1946_RFM,0,1,9,normal,"[573.0, 215.0]",35.918785545899944,0.8113439559936523,0.1679439544677734,0.8799068927764893,-0.1373258829116821,0.5759448438961359,"[587.0, 209.0]"
normal_1947_RFM,0,1,9,normal,"[524.0, 236.0]",45.254833995939045,0.7952336132526397,0.1331884264945984,0.9065247178077698,-0.1373894214630127,0.5229894524226955,"[545.0, 241.0]"
normal_1948_RFM,0,1,9,normal,"[168.0, 242.0]",57.01751796098172,0.925494819879532,0.3145127892494201,0.8296694159507751,-0.1510671973228454,0.5787115055522659,"[144.0, 241.0]"
normal_1949_RFM,0,1,9,normal,"[260.0, 263.0]",45.254833995939045,0.8505641341209411,0.1744295954704284,0.9228435754776,-0.1507201790809631,0.1585679988852337,"[225.0, 248.0]"
normal_1950_RFM,0,2,0,normal,"[562.0, 331.0]",45.254833995939045,0.8002744138240814,0.0994063019752502,0.9617565274238586,-0.1381927132606506,-3.3582267753066724,"[462.0, 161.0]"
normal_1951_RFM,0,1,9,normal,"[555.0, 280.0]",57.01751796098172,0.9301857113838196,0.2705247402191162,0.897804856300354,-0.1559878587722778,0.3821577794437806,"[584.0, 260.0]"
normal_1952_RFM,0,1,9,normal,"[188.0, 252.0]",57.01751796098172,0.8747958958148956,0.2562024593353271,0.8421223759651184,-0.1455388665199279,0.607827899658842,"[166.0, 256.0]"
normal_1953_RFM,0,1,9,normal,"[557.0, 282.0]",45.254833995939045,0.9213261187076568,0.2510980367660522,0.9148431420326232,-0.1491894125938415,0.2338968329917962,"[586.0, 301.0]"
normal_1954_RFM,0,1,9,normal,"[201.0, 254.0]",57.01751796098172,0.8646269679069518,0.1957756280899047,0.9092069864273072,-0.1620322465896606,0.776771727066972,"[192.0, 245.0]"
normal_1955_RFM,0,4,9,normal,"[287.0, 149.0]",35.918785545899944,0.690005761384964,0.0144462585449218,0.9632371068000792,-0.0064676403999328,-7.998066716360642,"[560.0, 322.0]"
normal_1956_RFM,0,1,9,normal,"[575.0, 268.0]",45.254833995939045,0.8228699505329131,0.1152679920196533,0.9641788601875304,-0.1633837819099426,0.5466056834829092,"[589.0, 253.0]"
normal_1957_RFM,0,1,0,normal,"[202.0, 237.0]",35.918785545899944,0.8108108818531037,0.2068642377853393,0.8213630318641663,-0.1449626088142395,-2.2320269237473624,"[236.0, 126.0]"
normal_1958_RFM,0,1,9,normal,"[189.0, 298.0]",57.01751796098172,0.8975635051727295,0.1975118517875671,0.9544849395751952,-0.1595609784126281,0.3720346156695483,"[168.0, 269.0]"
normal_1959_RFM,0,1,9,normal,"[168.0, 238.0]",57.01751796098172,0.9326756536960602,0.3024855852127075,0.8588650822639465,-0.1449225544929504,0.2074629740687161,"[127.0, 257.0]"
normal_1960_RFM,0,1,9,normal,"[211.0, 214.0]",57.01751796098172,0.90922754406929,0.2227423787117004,0.934791624546051,-0.16065514087677,0.7660076316675812,"[198.0, 211.0]"
normal_1961_RFM,0,1,9,normal,"[517.0, 197.0]",57.01751796098172,0.8568202316761016,0.1604102849960327,0.9542821049690248,-0.1420623660087585,0.7693174499990206,"[530.0, 195.0]"
normal_1962_RFM,0,1,9,normal,"[545.0, 274.0]",57.01751796098172,0.9007264137268066,0.2767733335494995,0.8497922420501709,-0.1454925537109375,0.430877340164437,"[572.0, 292.0]"
normal_1963_RFM,0,1,9,normal,"[178.0, 234.0]",45.254833995939045,0.9871100127696992,0.3321817517280578,0.8909383416175842,-0.1563571095466613,0.3437500000000001,"[157.0, 213.0]"
normal_1964_RFM,0,2,9,normal,"[172.0, 252.0]",57.01751796098172,0.7073909044265747,0.1704789996147155,0.7280704975128174,-0.1363127827644348,0.4138371656758565,"[146.0, 231.0]"
normal_1965_RFM,0,1,0,normal,"[571.0, 247.0]",35.918785545899944,0.7845925450325012,0.1771740913391113,0.8287533521652222,-0.1364555358886718,-6.549112063174328,"[389.0, 46.0]"
normal_1966_RFM,0,1,9,normal,"[129.0, 256.0]",45.254833995939045,0.873844438791275,0.2137693166732788,0.899524986743927,-0.1520381569862365,0.2681225982106019,"[100.0, 240.0]"
normal_1967_RFM,0,1,9,normal,"[111.0, 222.0]",45.254833995939045,0.9291980624198912,0.2368789911270141,0.9466707706451416,-0.1482476592063903,0.8517682346796072,"[108.0, 216.0]"
normal_1968_RFM,0,1,9,normal,"[564.0, 259.0]",45.254833995939045,0.8704856693744659,0.1820000410079956,0.9432232975959778,-0.1411466002464294,0.7127378701429651,"[576.0, 264.0]"
normal_1969_RFM,0,1,9,normal,"[159.0, 242.0]",45.254833995939045,0.8862893044948577,0.2191203236579895,0.9105591177940368,-0.1488879919052124,0.105136183545228,"[121.0, 256.0]"
normal_1970_RFM,0,1,9,normal,"[545.0, 271.0]",45.254833995939045,0.7187133073806762,0.1766842603683471,0.7331650853157043,-0.1440674364566803,0.1370811705322453,"[583.0, 280.0]"
normal_1971_RFM,0,1,9,normal,"[116.0, 200.0]",45.254833995939045,0.8448678731918334,0.2331807613372802,0.8318121433258057,-0.1470930576324463,0.3797052112100249,"[88.0, 198.0]"
normal_1972_RFM,0,1,9,normal,"[569.0, 298.0]",35.918785545899944,0.8367569983005523,0.1335610151290893,0.9633802771568298,-0.1441489458084106,0.1883144423975532,"[596.0, 287.0]"
normal_1973_RFM,0,1,9,normal,"[497.0, 241.0]",57.01751796098172,0.9066520869731902,0.282801866531372,0.8500301241874695,-0.144145667552948,0.5559614183895212,"[522.0, 237.0]"
normal_1974_RFM,0,1,9,normal,"[235.0, 224.0]",57.01751796098172,0.7540292143821716,0.2064023613929748,0.7409858703613281,-0.1446837186813354,0.6279528784449533,"[214.0, 221.0]"
normal_1975_RFM,0,1,9,normal,"[194.0, 276.0]",57.01751796098172,0.9567566692829133,0.32337486743927,0.8629029393196106,-0.1467487215995788,0.458575203115791,"[166.0, 289.0]"
normal_1976_RFM,0,1,9,normal,"[152.0, 282.0]",45.254833995939045,0.8056991934776305,0.2305503487586975,0.7780685424804688,-0.1525043249130249,0.2396546837127225,"[132.0, 254.0]"
normal_1977_RFM,0,1,9,normal,"[489.0, 268.0]",45.254833995939045,0.9683522284030912,0.3161524534225464,0.8912108540534973,-0.1417608857154846,0.4990243893162063,"[506.0, 283.0]"
normal_1978_RFM,0,1,9,normal,"[218.0, 251.0]",45.254833995939045,0.9470853447914124,0.3212053179740906,0.8506019115447998,-0.1522934436798095,0.5338614409319906,"[200.0, 262.0]"
normal_1979_RFM,0,1,9,normal,"[183.0, 226.0]",45.254833995939045,0.7975914418697356,0.2183061242103576,0.7846713662147522,-0.1500768065452575,0.4237784714191945,"[157.0, 224.0]"
normal_1980_RFM,0,1,9,normal,"[572.0, 287.0]",35.918785545899944,0.7822905719280242,0.211317777633667,0.7728779911994934,-0.1497910022735595,0.2244510461309838,"[598.0, 277.0]"
normal_1981_RFM,0,1,9,normal,"[506.0, 254.0]",45.254833995939045,0.8163232445716858,0.189287781715393,0.8551429510116577,-0.1421769857406616,0.3714942074650386,"[534.0, 249.0]"
normal_1982_RFM,0,1,9,normal,"[156.0, 223.0]",45.254833995939045,0.7517942368984223,0.1818825006484985,0.7705768942832947,-0.1525395512580871,0.3565231161883125,"[128.0, 215.0]"
normal_1983_RFM,0,1,9,normal,"[195.0, 247.0]",57.01751796098172,0.8346290171146392,0.2688616514205932,0.7657670378684998,-0.1486521959304809,0.12923662543148,"[179.0, 200.0]"
normal_1984_RFM,0,1,9,normal,"[489.0, 298.0]",57.01751796098172,0.932979679107666,0.2769423723220825,0.8939859867095947,-0.1512355804443359,0.5601374225877109,"[514.0, 296.0]"
normal_1985_RFM,0,1,9,normal,"[457.0, 256.0]",45.254833995939045,0.8339478969573973,0.1970940232276916,0.8707609176635742,-0.1366061568260193,0.65625,"[468.0, 267.0]"
normal_1986_RFM,0,1,9,normal,"[224.0, 251.0]",45.254833995939045,0.8424695789813995,0.2459641098976135,0.8104509115219116,-0.1459491550922393,0.509365047871638,"[202.0, 248.0]"
normal_1987_RFM,0,2,9,normal,"[463.0, 254.0]",57.01751796098172,0.8525765538215637,0.2116371989250183,0.876354455947876,-0.1374561786651611,0.523547211700751,"[490.0, 251.0]"
normal_1988_RFM,0,1,9,normal,"[219.0, 243.0]",45.254833995939045,0.8035338282585144,0.2271743416786193,0.7863833904266357,-0.12945556640625,0.3064893430883705,"[203.0, 216.0]"
normal_1989_RFM,0,1,9,normal,"[229.0, 238.0]",45.254833995939045,0.9231010377407074,0.3107988238334656,0.8315322399139404,-0.1511482298374176,0.3576623502782979,"[210.0, 216.0]"
normal_1990_RFM,0,1,0,normal,"[225.0, 231.0]",45.254833995939045,0.8582570672035217,0.2884817719459533,0.7720521092414856,-0.1466940939426422,-0.0870329456828804,"[203.0, 187.0]"
normal_1991_RFM,0,1,0,normal,"[209.0, 282.0]",35.918785545899944,0.95078706741333,0.2341783046722412,0.9770395755767822,-0.1634052991867065,-7.599090964111584,"[335.0, 0.0]"
normal_1992_RFM,0,1,9,normal,"[148.0, 287.0]",35.918785545899944,0.9082953095436096,0.2993655800819397,0.8253087997436523,-0.1560678482055664,0.5677978957161018,"[133.0, 291.0]"
normal_1993_RFM,0,1,0,normal,"[537.0, 202.0]",35.918785545899944,0.8599049627780914,0.2439420223236084,0.8377624154090881,-0.1476462483406067,-3.98377576287787,"[470.0, 368.0]"
normal_1994_RFM,0,1,9,normal,"[231.0, 248.0]",45.254833995939045,0.8069523215293884,0.3003208339214325,0.6803542375564575,-0.1519176065921783,0.4542422126070944,"[208.0, 257.0]"
normal_1995_RFM,0,1,9,normal,"[525.0, 298.0]",35.918785545899944,0.9417294681072236,0.3128089308738708,0.8552290797233582,-0.1513009071350097,0.1351475652114837,"[551.0, 281.0]"
normal_1996_RFM,0,1,0,normal,"[566.0, 207.0]",35.918785545899944,0.7569988071918486,0.2553425431251526,0.6837568879127502,-0.1151322126388549,-7.156863790989821,"[282.0, 279.0]"
normal_1997_RFM,0,1,9,normal,"[465.0, 252.0]",45.254833995939045,0.9127093732357024,0.2939072847366333,0.8415257334709167,-0.1486703753471374,0.4650861634805097,"[484.0, 237.0]"
normal_1998_RFM,0,1,9,normal,"[222.0, 249.0]",35.918785545899944,0.8545621037483215,0.214227020740509,0.8746694326400757,-0.1403324007987976,0.7879724219480679,"[215.0, 252.0]"
normal_1999_RFM,0,1,9,normal,"[220.0, 237.0]",35.918785545899944,0.9324765682220458,0.299928069114685,0.863324761390686,-0.141105830669403,0.4048362715628576,"[199.0, 233.0]"
normal_2000_RFM,0,1,9,normal,"[509.0, 265.0]",35.918785545899944,0.8433878660202027,0.2056013345718383,0.8731590509414673,-0.1328759789466858,0.7160806282229758,"[519.0, 267.0]"
normal_2001_RFM,0,1,9,normal,"[460.0, 239.0]",45.254833995939045,0.8693600416183471,0.2459293007850647,0.85155189037323,-0.1367220878601074,0.5058941155986907,"[482.0, 243.0]"
normal_2002_RFM,0,1,9,normal,"[181.0, 253.0]",45.254833995939045,0.9076493501663208,0.2975077629089355,0.8291241526603699,-0.1487734019756317,0.7339158380324,"[173.0, 244.0]"
normal_2003_RFM,0,1,9,normal,"[495.0, 221.0]",35.918785545899944,0.6908287644386292,0.1773942708969116,0.6945985555648804,-0.1360775232315063,0.5408413104225007,"[511.0, 225.0]"
normal_2004_RFM,0,1,9,normal,"[462.0, 250.0]",35.918785545899944,0.7508291602134705,0.2397816181182861,0.6893281936645508,-0.1425890326499939,0.7133636345296138,"[471.0, 255.0]"
normal_2005_RFM,0,1,9,normal,"[525.0, 213.0]",45.254833995939045,0.8855372130870819,0.2088961601257324,0.9229853749275208,-0.1527564525604248,0.6457567484764177,"[541.0, 212.0]"
normal_2006_RFM,0,1,9,normal,"[215.0, 243.0]",45.254833995939045,0.9656258940696716,0.3142848610877991,0.8863145112991333,-0.1546043753623962,0.7231242945832914,"[204.0, 249.0]"
normal_2007_RFM,0,1,9,normal,"[481.0, 218.0]",35.918785545899944,0.7300743699073791,0.1657015085220337,0.7669545412063599,-0.1375234127044677,0.7755420283351189,"[489.0, 219.0]"
normal_2008_RFM,0,1,9,normal,"[460.0, 238.0]",45.254833995939045,0.8941307425498962,0.2986842393875122,0.8105175495147705,-0.1404210925102234,0.4761545433049935,"[481.0, 227.0]"
normal_2009_RFM,0,1,9,normal,"[473.0, 250.0]",45.254833995939045,0.8408721327781676,0.165609061717987,0.9253188371658324,-0.1376994252204895,0.6134588475983443,"[488.0, 241.0]"
normal_2010_RFM,0,1,9,normal,"[214.0, 247.0]",45.254833995939045,0.7577631413936615,0.2299039661884308,0.7151366472244263,-0.1363176107406616,0.8317135997770467,"[207.0, 250.0]"
normal_2011_RFM,0,1,9,normal,"[226.0, 220.0]",45.254833995939045,0.816418170928955,0.1691082715988159,0.8874335289001465,-0.1305321455001831,0.4678316760648,"[210.0, 238.0]"
normal_2012_RFM,0,1,9,normal,"[474.0, 231.0]",35.918785545899944,0.942277592420578,0.2411069273948669,0.9622889161109924,-0.1378421187400818,0.6285602683565882,"[487.0, 234.0]"
normal_2013_RFM,0,1,0,normal,"[458.0, 238.0]",35.918785545899944,0.9702590882778168,0.3210036158561706,0.885850727558136,-0.1457998156547546,-0.5944660539794562,"[482.0, 290.0]"
normal_2014_RFM,0,1,9,normal,"[225.0, 200.0]",35.918785545899944,0.916811603307724,0.272871196269989,0.8766269087791443,-0.1515078544616699,0.6122255230654919,"[212.0, 195.0]"
normal_2015_RFM,0,1,9,normal,"[565.0, 275.0]",35.918785545899944,0.9051488280296326,0.2086088061332702,0.9792417287826538,-0.0553540587425231,0.1883144423975532,"[590.0, 260.0]"
normal_2016_RFM,0,1,9,normal,"[491.0, 298.0]",35.918785545899944,0.7648687720298767,0.2057461142539978,0.7572314739227295,-0.1453031301498413,0.6254432369412497,"[500.0, 288.0]"
normal_2017_RFM,0,1,9,normal,"[456.0, 238.0]",35.918785545899944,0.9323767244815826,0.3006875514984131,0.8616275191307068,-0.142749547958374,0.4530192932252089,"[475.0, 243.0]"
normal_2018_RFM,0,1,9,normal,"[439.0, 226.0]",45.254833995939045,0.8876514017581939,0.2757676243782043,0.8349871039390564,-0.1369640231132507,0.5240141808835057,"[459.0, 218.0]"
normal_2019_RFM,0,1,9,normal,"[224.0, 251.0]",35.918785545899944,0.9553582668304444,0.2957193851470947,0.8969091176986694,-0.159012496471405,0.5074497719209882,"[212.0, 264.0]"
normal_2020_RFM,0,1,9,normal,"[218.0, 243.0]",45.254833995939045,0.9007907032966612,0.2525860667228699,0.8819942474365234,-0.1540433168411255,0.3576623502782979,"[199.0, 221.0]"
normal_2021_RFM,0,1,9,normal,"[440.0, 253.0]",45.254833995939045,0.8679986953735351,0.241482138633728,0.8559340238571167,-0.1368137001991272,0.7746530452835008,"[450.0, 255.0]"
normal_2022_RFM,0,1,9,normal,"[204.0, 250.0]",45.254833995939045,0.9489116311073305,0.3226391077041626,0.8516554832458496,-0.150568425655365,0.7779270249445016,"[194.0, 251.0]"
normal_2023_RFM,0,1,9,normal,"[519.0, 275.0]",35.918785545899944,0.8916873753070831,0.2810562252998352,0.8276880383491516,-0.1562476158142089,0.4022372909533198,"[538.0, 285.0]"
normal_2024_RFM,0,1,9,normal,"[228.0, 233.0]",35.918785545899944,1.0102805733680724,0.3001736998558044,0.9691992998123168,-0.1583368182182312,0.5408413104225007,"[212.0, 229.0]"
normal_2025_RFM,0,1,9,normal,"[209.0, 229.0]",35.918785545899944,0.6706003010272978,0.2464368045330047,0.5605472326278687,-0.1589021682739257,0.1722399005767366,"[189.0, 251.0]"
normal_2026_RFM,0,1,9,normal,"[239.0, 230.0]",35.918785545899944,0.952724689245224,0.2584661841392517,0.9464284777641296,-0.1587928533554077,0.6132262330613347,"[227.0, 223.0]"
normal_2027_RFM,0,1,9,normal,"[162.0, 268.0]",35.918785545899944,0.8580607652664184,0.2622523903846741,0.8063704967498779,-0.1567451357841491,0.4127022172625504,"[144.0, 257.0]"
normal_2028_RFM,0,1,9,normal,"[453.0, 231.0]",35.918785545899944,0.9514528751373292,0.3273354768753052,0.8508478403091431,-0.1426195502281189,0.4206749551681299,"[470.0, 219.0]"
normal_2029_RFM,0,1,9,normal,"[210.0, 221.0]",35.918785545899944,0.9500242233276366,0.3180006146430969,0.8597369194030762,-0.1510388255119323,0.2761447915109745,"[184.0, 221.0]"
normal_2030_RFM,0,1,9,normal,"[225.0, 247.0]",35.918785545899944,0.7828121244907379,0.2190361618995666,0.7628007531166077,-0.1490771770477295,0.4594336210466906,"[209.0, 236.0]"
normal_2031_RFM,0,1,9,normal,"[209.0, 240.0]",45.254833995939045,0.9918340265750883,0.3344258069992065,0.8967118859291077,-0.1485494971275329,0.59375,"[192.0, 247.0]"
normal_2032_RFM,0,1,9,normal,"[166.0, 276.0]",35.918785545899944,0.7046819865703582,0.1579242348670959,0.7361451387405396,-0.1572807729244232,0.5467881124405694,"[150.0, 273.0]"
normal_2033_RFM,0,1,9,normal,"[235.0, 240.0]",35.918785545899944,1.0222697973251342,0.3552603125572204,0.910319685935974,-0.1489285230636596,0.6380723957554872,"[223.0, 235.0]"
normal_2034_RFM,0,1,9,normal,"[457.0, 252.0]",35.918785545899944,0.8996180474758148,0.2733708620071411,0.853318989276886,-0.1446194648742675,0.7001477235218377,"[467.0, 248.0]"
normal_2035_RFM,0,1,9,normal,"[469.0, 256.0]",45.254833995939045,0.9095788896083832,0.2900660037994385,0.8436649441719055,-0.1447371244430542,0.661979567925251,"[484.0, 259.0]"
normal_2036_RFM,0,1,9,normal,"[150.0, 230.0]",35.918785545899944,0.6184451222419738,0.1496345102787017,0.6250388026237488,-0.1564172506332397,0.4881570734802078,"[133.0, 237.0]"
normal_2037_RFM,0,1,9,normal,"[226.0, 222.0]",35.918785545899944,0.961011642217636,0.3001489639282226,0.9004649519920349,-0.152686059474945,0.6043109423788899,"[217.0, 233.0]"
normal_2038_RFM,0,1,9,normal,"[456.0, 248.0]",45.254833995939045,0.9902771294116974,0.3287160992622375,0.9009984135627748,-0.1543107032775879,0.5153730493977868,"[471.0, 264.0]"
normal_2039_RFM,0,1,9,normal,"[214.0, 226.0]",35.918785545899944,0.8145189821720124,0.2285510897636413,0.7971717715263367,-0.1397382616996765,0.5750319146239581,"[201.0, 234.0]"
normal_2040_RFM,0,1,9,normal,"[468.0, 233.0]",35.918785545899944,0.9379760205745696,0.264555811882019,0.9244171977043152,-0.1316408514976501,0.5536814706222346,"[484.0, 232.0]"
normal_2041_RFM,0,1,9,normal,"[464.0, 257.0]",35.918785545899944,1.0050762712955474,0.3360691666603088,0.911639392375946,-0.154297649860382,0.735881020576765,"[473.0, 260.0]"
normal_2042_RFM,0,1,0,normal,"[147.0, 269.0]",35.918785545899944,0.6706190824508667,0.1974638700485229,0.6348161697387695,-0.1439194679260254,-1.69723403188173,"[166.0, 174.0]"
normal_2043_RFM,0,1,9,normal,"[219.0, 243.0]",45.254833995939045,0.9909136831760408,0.3491285443305969,0.8744999766349792,-0.1481757760047912,0.4846117967977924,"[199.0, 231.0]"
normal_2044_RFM,0,1,9,normal,"[207.0, 227.0]",45.254833995939045,0.9398262321949004,0.2458429336547851,0.9472724795341492,-0.1544628143310547,0.2751616559535498,"[181.0, 207.0]"
normal_2045_RFM,0,1,9,normal,"[226.0, 225.0]",35.918785545899944,0.8510602891445159,0.243169903755188,0.8267320990562439,-0.1458895802497863,0.4798949516709964,"[208.0, 230.0]"
normal_2046_RFM,0,1,0,normal,"[512.0, 275.0]",35.918785545899944,0.928245460987091,0.2978247404098511,0.8564471006393433,-0.1545387506484985,-1.8724414734948152,"[518.0, 172.0]"
normal_2047_RFM,0,1,9,normal,"[482.0, 269.0]",45.254833995939045,0.8072721600532531,0.198292076587677,0.830219030380249,-0.1391338109970092,0.3576623502782979,"[511.0, 267.0]"
normal_2048_RFM,0,1,9,normal,"[206.0, 222.0]",35.918785545899944,0.9207017838954924,0.2463150024414062,0.92205148935318,-0.1447536945343017,0.4594336210466906,"[190.0, 233.0]"
normal_2049_RFM,0,1,9,normal,"[443.0, 247.0]",35.918785545899944,0.9084657013416292,0.2453756332397461,0.9046980738639832,-0.1490070819854736,0.6062746719078522,"[457.0, 245.0]"
normal_2050_RFM,0,1,9,normal,"[436.0, 240.0]",35.918785545899944,0.9321209609508514,0.2803468108177185,0.8940034508705139,-0.1298586726188659,0.5741209423344636,"[451.0, 237.0]"
normal_2051_RFM,0,1,9,normal,"[459.0, 230.0]",35.918785545899944,0.9820836424827576,0.3021047711372375,0.9290509223937988,-0.1482161283493042,0.3106995008324811,"[476.0, 248.0]"
normal_2052_RFM,0,1,9,normal,"[183.0, 273.0]",45.254833995939045,0.8331718504428863,0.2842622995376587,0.7414736151695251,-0.1493901014328003,0.6994471240363853,"[172.0, 265.0]"
normal_2053_RFM,0,1,9,normal,"[579.0, 224.0]",45.254833995939045,0.890343952178955,0.2287473678588867,0.9001655578613281,-0.1574034690856933,0.4149485866609671,"[605.0, 229.0]"
normal_2054_RFM,0,4,0,normal,,,,,,,,"[390.0, 198.0]"
normal_2055_RFM,0,1,9,normal,"[244.0, 238.0]",35.918785545899944,0.9426764130592346,0.2794991731643677,0.9064861536026,-0.1431846618652343,0.0517838447424749,"[222.0, 212.0]"
normal_2056_RFM,0,1,9,normal,"[225.0, 248.0]",45.254833995939045,1.0280047595500943,0.367924690246582,0.8974819779396057,-0.1592134237289428,0.5709521806954381,"[221.0, 229.0]"
normal_2057_RFM,0,1,9,normal,"[466.0, 253.0]",45.254833995939045,0.9096075534820556,0.2749348878860473,0.8645755052566528,-0.1473490595817566,0.5613853485119313,"[479.0, 268.0]"
normal_2058_RFM,0,1,9,normal,"[470.0, 250.0]",35.918785545899944,0.8984298169612884,0.1897221803665161,0.9693589806556702,-0.1507817506790161,0.8031373359539261,"[477.0, 249.0]"
normal_2059_RFM,0,1,0,normal,"[191.0, 222.0]",45.254833995939045,0.8632362008094787,0.2134352922439575,0.8853725790977478,-0.1502005159854889,-3.889601530288537,"[301.0, 414.0]"
normal_2060_RFM,0,1,9,normal,"[473.0, 222.0]",35.918785545899944,1.0449615776538848,0.3628249168395996,0.9317658543586732,-0.1495028138160705,0.4866449788224937,"[487.0, 210.0]"
normal_2061_RFM,0,1,9,normal,"[232.0, 239.0]",35.918785545899944,0.979632955789566,0.330232560634613,0.8860655426979065,-0.1457725763320922,0.4206749551681299,"[215.0, 251.0]"
normal_2062_RFM,0,1,9,normal,"[473.0, 256.0]",35.918785545899944,0.999631416797638,0.2887717485427856,0.9730995893478394,-0.1484497785568237,0.2902015705574394,"[496.0, 245.0]"
normal_2063_RFM,0,1,9,normal,"[216.0, 238.0]",35.918785545899944,0.910932594537735,0.2703399658203125,0.8741769194602966,-0.1433439254760742,0.5741209423344636,"[201.0, 235.0]"
normal_2064_RFM,0,1,9,normal,"[526.0, 281.0]",45.254833995939045,0.8942272782325744,0.2828859090805053,0.8311739563941956,-0.147597998380661,0.4798963444658364,"[549.0, 276.0]"
normal_2065_RFM,0,1,9,normal,"[475.0, 233.0]",35.918785545899944,0.9680367708206176,0.2681998610496521,0.9595303535461426,-0.1408283114433288,0.5467881124405694,"[486.0, 221.0]"
normal_2066_RFM,0,1,9,normal,"[515.0, 236.0]",35.918785545899944,0.6310415387153626,0.1889911592006683,0.5882149338722229,-0.1514996290206909,0.2086218847577799,"[537.0, 254.0]"
normal_2067_RFM,0,1,9,normal,"[465.0, 250.0]",35.918785545899944,0.8572751283645629,0.3054649233818054,0.744275689125061,-0.1540861129760742,0.347674241441759,"[480.0, 232.0]"
normal_2068_RFM,0,1,9,normal,"[209.0, 222.0]",35.918785545899944,0.9251952052116392,0.2666969299316406,0.8964766263961792,-0.1548231840133667,0.6122255230654919,"[196.0, 217.0]"
normal_2069_RFM,0,1,9,normal,"[468.0, 244.0]",45.254833995939045,1.052302312850952,0.3489073514938354,0.9623003005981444,-0.1489237546920776,0.4747582401883872,"[490.0, 235.0]"
normal_2070_RFM,0,1,9,normal,"[238.0, 233.0]",35.918785545899944,0.9348580479621889,0.2636729478836059,0.9195106029510498,-0.1376383900642395,0.4002954470436755,"[218.0, 241.0]"
normal_2071_RFM,0,1,9,normal,"[481.0, 250.0]",45.254833995939045,0.9064159691333772,0.2495588660240173,0.8967519402503967,-0.1456537246704101,0.7118892357095973,"[492.0, 243.0]"
normal_2072_RFM,0,1,9,normal,"[465.0, 237.0]",45.254833995939045,0.9629507422447204,0.3000484704971313,0.904908299446106,-0.1473323106765747,0.4564835271585598,"[487.0, 226.0]"
normal_2073_RFM,0,1,9,normal,"[240.0, 211.0]",35.918785545899944,1.0033991158008575,0.3224978446960449,0.9284316897392272,-0.1549954414367675,0.5861199502883683,"[226.0, 216.0]"
normal_2074_RFM,0,1,9,normal,"[456.0, 233.0]",35.918785545899944,0.8836664974689483,0.2407109141349792,0.8806607127189636,-0.1324654221534729,0.4980967172656042,"[474.0, 234.0]"
normal_2075_RFM,0,2,9,normal,"[449.0, 277.0]",57.01751796098172,0.6504710912704468,0.1240222454071044,0.7178714871406555,-0.1196940243244171,0.7277297355019288,"[464.0, 281.0]"
normal_2076_RFM,0,1,9,normal,"[156.0, 266.0]",35.918785545899944,0.9012700736522674,0.2955951690673828,0.820169985294342,-0.157779574394226,0.3312462007315681,"[132.0, 267.0]"
normal_2077_RFM,0,1,9,normal,"[477.0, 248.0]",45.254833995939045,0.9341444492340087,0.2566659450531006,0.927395224571228,-0.1415092349052429,0.4951407993311403,"[498.0, 239.0]"
normal_2078_RFM,0,1,9,normal,"[169.0, 244.0]",35.918785545899944,0.6163482308387755,0.178885668516159,0.5817864537239075,-0.1510602235794067,0.3919524467236731,"[148.0, 238.0]"
normal_2079_RFM,0,1,9,normal,"[227.0, 221.0]",45.254833995939045,0.918741488456726,0.2332700490951538,0.9366711378097534,-0.1490082144737243,0.7746530452835008,"[217.0, 219.0]"
normal_2080_RFM,0,1,9,normal,"[447.0, 260.0]",35.918785545899944,0.8976062953472137,0.2712926864624023,0.8537690043449402,-0.1433765292167663,0.3875071312785169,"[469.0, 260.0]"
normal_2081_RFM,0,1,9,normal,"[218.0, 224.0]",45.254833995939045,0.8998864948749541,0.2668640613555908,0.8615435361862183,-0.1497097909450531,0.4898491338339217,"[211.0, 202.0]"
normal_2082_RFM,0,1,9,normal,"[223.0, 244.0]",45.254833995939045,0.7870002627372742,0.2294269204139709,0.7562141418457031,-0.1411172151565551,0.5153730493977868,"[203.0, 235.0]"
normal_2083_RFM,0,3,9,normal,"[262.0, 234.0]",90.50966799187808,0.8356118738651275,0.1491212248802185,0.9451935887336732,-0.1242756843566894,0.6327293977017763,"[231.0, 222.0]"
normal_2084_RFM,0,1,0,normal,"[191.0, 242.0]",35.918785545899944,0.9696036517620086,0.2628814578056335,0.9661833643913268,-0.1519691944122314,-5.7521310972085935,"[349.0, 426.0]"
normal_2085_RFM,0,1,9,normal,"[461.0, 233.0]",45.254833995939045,0.8439449429512024,0.162310242652893,0.9340775012969972,-0.1389022469520568,0.4956246127634697,"[472.0, 213.0]"
normal_2086_RFM,0,1,9,normal,"[452.0, 233.0]",35.918785545899944,0.9019665718078612,0.2210777997970581,0.9296091794967652,-0.1508117318153381,0.6613046661878269,"[464.0, 231.0]"
normal_2087_RFM,0,1,9,normal,"[470.0, 245.0]",35.918785545899944,0.8525968074798583,0.1572794318199157,0.9570553302764891,-0.1268932223320007,0.5242598759693973,"[476.0, 261.0]"
normal_2088_RFM,0,2,9,normal,"[465.0, 266.0]",57.01751796098172,0.8299006223678589,0.1742544174194336,0.8982882499694824,-0.134222149848938,0.756347794743421,"[477.0, 259.0]"
normal_2089_RFM,0,1,9,normal,"[217.0, 233.0]",35.918785545899944,0.8573477029800415,0.1724786162376403,0.939520001411438,-0.1360254287719726,0.8031373359539261,"[210.0, 232.0]"
normal_2090_RFM,0,1,9,normal,"[213.0, 238.0]",45.254833995939045,0.8696667671203613,0.1904756426811218,0.926606059074402,-0.152834415435791,0.4917670010221689,"[190.0, 238.0]"
normal_2091_RFM,0,1,9,normal,"[462.0, 255.0]",35.918785545899944,0.8934917390346526,0.3331441283226013,0.7602531313896179,-0.1408520936965942,-0.0088131130625896,"[479.0, 287.0]"
normal_2092_RFM,0,1,0,normal,"[452.0, 240.0]",35.918785545899944,0.722312182188034,0.2397188246250152,0.6456781625747681,-0.1530932188034057,-0.0746610038335144,"[463.0, 277.0]"
normal_2093_RFM,0,1,9,normal,"[224.0, 234.0]",45.254833995939045,0.8799093425273895,0.2304827570915222,0.882976233959198,-0.1567161083221435,0.4162018221165812,"[211.0, 257.0]"
normal_2094_RFM,0,1,9,normal,"[453.0, 246.0]",35.918785545899944,0.8257816612720489,0.1837610006332397,0.8811009526252747,-0.1262499690055847,0.3977160607187251,"[471.0, 234.0]"
normal_2095_RFM,0,1,9,normal,"[143.0, 272.0]",57.01751796098172,0.9137274146080016,0.3190585672855377,0.8079035878181458,-0.1456816792488098,0.4273750138164228,"[114.0, 257.0]"
normal_2096_RFM,0,1,9,normal,"[567.0, 274.0]",45.254833995939045,0.9895472764968872,0.3519043326377868,0.867820143699646,-0.1508442163467407,0.1291953254317016,"[590.0, 242.0]"
normal_2097_RFM,0,1,9,normal,"[529.0, 292.0]",45.254833995939045,0.6934068143367768,0.1603064537048339,0.7218824028968811,-0.1389133930206298,0.5240141808835057,"[549.0, 300.0]"
normal_2098_RFM,0,1,9,normal,"[168.0, 237.0]",45.254833995939045,0.7984097361564636,0.2362095117568969,0.7611277103424072,-0.1470541357994079,0.2949678642075952,"[141.0, 254.0]"
normal_2099_RFM,0,1,9,normal,"[185.0, 257.0]",45.254833995939045,0.930515730381012,0.3084390759468078,0.8479540348052979,-0.142544150352478,0.3988942480727705,"[159.0, 265.0]"
normal_2100_RFM,0,1,9,normal,"[486.0, 221.0]",57.01751796098172,0.8565930902957916,0.2588563561439514,0.8137888312339783,-0.1404227614402771,0.525163954700921,"[513.0, 223.0]"
normal_2101_RFM,0,1,9,normal,"[539.0, 289.0]",45.254833995939045,0.9431750118732452,0.265092670917511,0.9265986084938048,-0.147316575050354,0.5493060905670014,"[559.0, 285.0]"
normal_2102_RFM,0,1,9,normal,"[176.0, 211.0]",57.01751796098172,0.8847811818122864,0.2585466504096985,0.8517078161239624,-0.150195300579071,0.5601374225877109,"[153.0, 201.0]"
normal_2103_RFM,0,1,9,normal,"[109.0, 231.0]",57.01751796098172,0.8850968599319458,0.2987039387226105,0.7976430058479309,-0.1402140855789184,0.15523544276111,"[105.0, 183.0]"
normal_2104_RFM,0,1,9,normal,"[588.0, 261.0]",57.01751796098172,0.939099645614624,0.2450037598609924,0.947271466255188,-0.155029296875,0.6300255804862507,"[609.0, 259.0]"
normal_2105_RFM,0,1,9,normal,"[125.0, 186.0]",57.01751796098172,0.8908851623535157,0.2407065629959106,0.8845329284667969,-0.1550277471542358,0.578346595570947,"[102.0, 193.0]"
normal_2106_RFM,0,1,9,normal,"[261.0, 310.0]",45.254833995939045,0.905406504869461,0.208690345287323,0.9529898762702942,-0.1481162309646606,0.4912868563718842,"[242.0, 323.0]"
normal_2107_RFM,0,1,9,normal,"[488.0, 264.0]",57.01751796098172,0.8684962570667266,0.1829302310943603,0.9368180632591248,-0.148966908454895,0.6823648078005007,"[506.0, 262.0]"
normal_2108_RFM,0,1,9,normal,"[519.0, 308.0]",45.254833995939045,0.7526516199111938,0.165320336818695,0.7972128391265869,-0.1464114785194397,0.317847501470529,"[547.0, 321.0]"
normal_2109_RFM,0,1,9,normal,"[166.0, 173.0]",45.254833995939045,0.8361388802528381,0.2205439209938049,0.8364087343215942,-0.1505442261695861,0.6715031868495525,"[156.0, 184.0]"
normal_2110_RFM,0,1,0,normal,"[560.0, 250.0]",45.254833995939045,0.5978446036577225,0.2456012368202209,0.4598574340343475,-0.1517158150672912,-5.659403595668308,"[270.0, 332.0]"
normal_2111_RFM,0,1,9,normal,"[506.0, 246.0]",57.01751796098172,0.8794428527355194,0.240587830543518,0.8739625811576843,-0.1354060769081115,0.3508396652416085,"[535.0, 269.0]"
normal_2112_RFM,0,1,0,normal,"[208.0, 260.0]",45.254833995939045,0.888508003950119,0.2593171000480652,0.8552897572517395,-0.1524403691291809,-3.662694784805242,"[342.0, 423.0]"
normal_2113_RFM,0,1,9,normal,"[200.0, 222.0]",35.918785545899944,0.9652631402015686,0.2759410738945007,0.9410816431045532,-0.152824580669403,0.4980967172656042,"[190.0, 237.0]"
normal_2114_RFM,0,1,0,normal,"[213.0, 294.0]",35.918785545899944,0.955985188484192,0.2569878101348877,0.9555459022521972,-0.1505762338638305,-7.441024775976015,"[446.0, 100.0]"
normal_2115_RFM,0,1,9,normal,"[192.0, 227.0]",35.918785545899944,0.8303780913352966,0.2095370292663574,0.8442054986953735,-0.1494860649108886,0.7433224894112469,"[183.0, 229.0]"
normal_2116_RFM,0,1,9,normal,"[205.0, 300.0]",45.254833995939045,0.963933289051056,0.2971324920654297,0.9088563919067384,-0.1530066132545471,0.6685436963188058,"[193.0, 291.0]"
normal_2117_RFM,0,1,9,normal,"[561.0, 241.0]",45.254833995939045,0.9297558903694152,0.2603073120117187,0.9120917320251464,-0.1549218297004699,0.6836178635731783,"[574.0, 247.0]"
normal_2118_RFM,0,1,9,normal,"[584.0, 250.0]",45.254833995939045,0.8933465778827667,0.2228965163230896,0.9166372418403624,-0.1440199613571167,0.5778357473091783,"[603.0, 248.0]"
normal_2119_RFM,0,1,9,normal,"[564.0, 248.0]",45.254833995939045,0.9869214296340942,0.3309957981109619,0.8941200971603394,-0.1502078175544738,0.2949678642075952,"[581.0, 275.0]"
normal_2120_RFM,0,1,9,normal,"[200.0, 253.0]",45.254833995939045,1.0149805665016174,0.3582183122634887,0.8944512605667114,-0.1532318592071533,0.4166201655439229,"[179.0, 237.0]"
normal_2121_RFM,0,1,9,normal,"[567.0, 217.0]",35.918785545899944,0.9582498371601104,0.2672306299209595,0.9426297545433044,-0.1558918952941894,0.5823912258717161,"[576.0, 229.0]"
normal_2122_RFM,0,1,9,normal,"[198.0, 243.0]",35.918785545899944,0.936164939403534,0.2402135729789734,0.9514211416244508,-0.1497828364372253,-0.0270874399205445,"[178.0, 274.0]"
normal_2123_RFM,0,1,9,normal,"[182.0, 236.0]",35.918785545899944,0.907874572277069,0.2693192958831787,0.8682419061660767,-0.1539297103881836,0.4022372909533198,"[163.0, 246.0]"
normal_2124_RFM,0,1,9,normal,"[175.0, 229.0]",45.254833995939045,0.861836314201355,0.1864801049232483,0.9269481897354126,-0.1324623823165893,0.7204915028125263,"[163.0, 233.0]"
normal_2125_RFM,0,1,9,normal,"[184.0, 242.0]",45.254833995939045,0.8555045962333678,0.1678769588470459,0.9355810880661012,-0.1636043787002563,0.3174896978799514,"[169.0, 215.0]"
normal_2126_RFM,0,1,9,normal,"[577.0, 241.0]",45.254833995939045,0.879195612668991,0.2181491255760193,0.9007099270820618,-0.1527476906776428,0.5778357473091783,"[596.0, 239.0]"
normal_2127_RFM,0,2,9,normal,"[405.0, 273.0]",57.01751796098172,0.808665668964386,0.1271173357963562,0.9354201555252076,-0.1337711215019226,0.7123477125384443,"[415.0, 260.0]"
normal_2128_RFM,0,1,9,normal,"[185.0, 236.0]",45.254833995939045,0.8706523597240448,0.1686596870422363,0.95759516954422,-0.1583802700042724,0.509365047871638,"[163.0, 233.0]"
normal_2129_RFM,0,1,0,normal,"[554.0, 229.0]",57.01751796098172,0.8670799434185028,0.2208139896392822,0.8803661465644836,-0.1500482559204101,-0.8535266616686583,"[566.0, 334.0]"
normal_2130_RFM,0,1,9,normal,"[580.0, 229.0]",45.254833995939045,0.8802638530731202,0.1943174004554748,0.9365737438201904,-0.1517241597175598,0.4116196755074147,"[602.0, 214.0]"
normal_2131_RFM,0,1,9,normal,"[202.0, 235.0]",45.254833995939045,0.8558788657188415,0.2451260089874267,0.8299275040626526,-0.1490180194377899,0.5830729979960521,"[186.0, 245.0]"
normal_2132_RFM,0,1,9,normal,"[573.0, 240.0]",35.918785545899944,0.8749580204486846,0.1975858807563781,0.9220417141914368,-0.1597146987915039,0.4769228986306698,"[590.0, 248.0]"
normal_2133_RFM,0,1,9,normal,"[565.0, 233.0]",45.254833995939045,0.7865980267524718,0.1700266599655151,0.8404203653335571,-0.1413855552673339,0.5871923495742841,"[583.0, 238.0]"
normal_2134_RFM,0,1,9,normal,"[190.0, 249.0]",45.254833995939045,0.8103489875793457,0.1775979995727539,0.8602741956710815,-0.1527952551841735,0.4366326132087517,"[173.0, 230.0]"
normal_2135_RFM,0,1,9,normal,"[383.0, 258.0]",45.254833995939045,0.8455268204212188,0.2190937399864196,0.8544433116912842,-0.1416138112545013,0.5,"[399.0, 242.0]"
normal_2136_RFM,0,1,9,normal,"[201.0, 232.0]",45.254833995939045,0.8781994581222534,0.2239971160888672,0.891051173210144,-0.152332603931427,0.3192805965377512,"[176.0, 250.0]"
normal_2137_RFM,0,1,0,normal,"[566.0, 228.0]",35.918785545899944,0.8264915943145752,0.2152482271194458,0.8279299736022949,-0.1584619283676147,-3.146845547828158,"[485.0, 103.0]"
normal_2138_RFM,0,1,9,normal,"[245.0, 209.0]",35.918785545899944,0.8350783884525298,0.2221180200576782,0.8293406367301941,-0.1621096134185791,0.3429386020790482,"[231.0, 190.0]"
normal_2139_RFM,0,1,0,normal,"[563.0, 233.0]",35.918785545899944,0.8850002110004425,0.3038153946399688,0.7835367918014526,-0.1635453104972839,-0.7064711612969456,"[569.0, 294.0]"
normal_2140_RFM,0,1,9,normal,"[217.0, 234.0]",35.918785545899944,1.0395802676677706,0.3866159319877624,0.8917935490608215,-0.1435442566871643,0.3868747172032634,"[200.0, 220.0]"
normal_2141_RFM,0,1,9,normal,"[555.0, 233.0]",35.918785545899944,1.0702839434146882,0.4058668911457062,0.9032409191131592,-0.1607420444488525,0.4362711204296854,"[572.0, 222.0]"
normal_2142_RFM,0,1,9,normal,"[569.0, 303.0]",45.254833995939045,0.7839608192443847,0.0622505545616149,0.993761658668518,-0.1303855180740356,0.5967660031073769,"[587.0, 300.0]"
normal_2143_RFM,0,1,9,normal,"[568.0, 243.0]",45.254833995939045,0.9178420782089232,0.3122225999832153,0.8225787878036499,-0.1490716338157653,0.4798963444658364,"[591.0, 238.0]"
normal_2144_RFM,0,1,9,normal,"[194.0, 236.0]",45.254833995939045,0.925859534740448,0.3236005902290344,0.8200893402099609,-0.1409820318222046,0.629585325277197,"[178.0, 241.0]"
normal_2145_RFM,0,1,9,normal,"[215.0, 220.0]",45.254833995939045,0.8269363820552825,0.1788921952247619,0.8826290965080261,-0.1510190963745117,0.650614378515658,"[200.0, 225.0]"
normal_2146_RFM,0,1,0,normal,"[550.0, 252.0]",45.254833995939045,0.871828019618988,0.2257765531539917,0.879325270652771,-0.1526188850402832,-3.4904956053034946,"[426.0, 413.0]"
normal_2147_RFM,0,1,9,normal,"[569.0, 230.0]",35.918785545899944,0.7625776171684264,0.1662758588790893,0.8078190088272095,-0.1541422605514526,0.5750319146239581,"[582.0, 238.0]"
normal_2148_RFM,0,1,9,normal,"[207.0, 301.0]",45.254833995939045,0.8658336341381072,0.2355088591575622,0.8583722710609436,-0.1473209261894226,0.5118593952558341,"[185.0, 299.0]"
normal_2149_RFM,0,1,9,normal,"[405.0, 271.0]",45.254833995939045,0.8264156699180603,0.1627963185310363,0.9075309038162231,-0.1417385935783386,0.661979567925251,"[420.0, 268.0]"
normal_2150_RFM,0,1,9,normal,"[272.0, 205.0]",45.254833995939045,0.8618075966835022,0.1972355246543884,0.90732741355896,-0.1472144126892089,0.5925498496748345,"[260.0, 191.0]"
normal_2151_RFM,0,1,9,normal,"[206.0, 228.0]",45.254833995939045,0.9461254596710204,0.242013394832611,0.9615253210067748,-0.1552217006683349,0.3872290140272633,"[194.0, 203.0]"
normal_2152_RFM,0,1,9,normal,"[213.0, 235.0]",45.254833995939045,0.82968230843544,0.2636550068855285,0.7672778964042664,-0.1446638703346252,0.7746530452835008,"[203.0, 233.0]"
normal_2153_RFM,0,1,9,normal,"[558.0, 227.0]",45.254833995939045,0.9078758656978606,0.217778205871582,0.9415267109870912,-0.1551448106765747,0.6217587988465562,"[575.0, 225.0]"
normal_2154_RFM,0,1,9,normal,"[550.0, 242.0]",35.918785545899944,0.869134497642517,0.2743793129920959,0.8093196153640747,-0.1411572694778442,0.6556309828168756,"[562.0, 245.0]"
normal_2155_RFM,0,4,0,normal,,,,,,,,"[403.0, 160.0]"
normal_2156_RFM,0,1,9,normal,"[198.0, 240.0]",45.254833995939045,0.8893508315086365,0.2738480567932129,0.8391003608703613,-0.1406626105308532,0.5255554234159695,"[179.0, 230.0]"
normal_2157_RFM,0,1,9,normal,"[210.0, 246.0]",45.254833995939045,0.8491180956363678,0.248717188835144,0.8152281641960144,-0.1487059593200683,0.5014669958267557,"[188.0, 241.0]"
normal_2158_RFM,0,1,0,normal,"[185.0, 230.0]",35.918785545899944,0.9263371467590332,0.2713077068328857,0.8918806314468384,-0.1535649895668029,-5.33818294529876,"[290.0, 432.0]"
normal_2159_RFM,0,1,9,normal,"[194.0, 226.0]",35.918785545899944,0.8498822510242461,0.2560837864875793,0.8089433312416077,-0.1376906633377075,0.4594336210466906,"[178.0, 215.0]"
normal_2160_RFM,0,1,0,normal,"[567.0, 264.0]",45.254833995939045,0.9425188839435577,0.3160234093666076,0.8532546162605286,-0.1460862159729004,-0.1226103091678785,"[576.0, 214.0]"
normal_2161_RFM,0,1,9,normal,"[557.0, 231.0]",45.254833995939045,0.9040682196617126,0.2429398894309997,0.9004065990447998,-0.1542185544967651,0.4655427694847791,"[581.0, 234.0]"
normal_2162_RFM,0,1,9,normal,"[213.0, 215.0]",35.918785545899944,0.8833470046520232,0.2262230515480041,0.8947901129722595,-0.1538543701171875,0.47176204115353,"[195.0, 209.0]"
normal_2163_RFM,0,1,0,normal,"[200.0, 226.0]",45.254833995939045,0.870172119140625,0.2878354787826538,0.788157045841217,-0.1531335413455963,-4.309971824901711,"[327.0, 430.0]"
normal_2164_RFM,0,1,9,normal,"[572.0, 239.0]",35.918785545899944,0.9946546912193298,0.3631631135940552,0.8584074974060059,-0.1530316472053527,0.0695245001691933,"[593.0, 213.0]"
normal_2165_RFM,0,1,9,normal,"[381.0, 270.0]",45.254833995939045,0.7420516729354858,0.1421831846237182,0.818053662776947,-0.1361546218395233,0.3761729756975898,"[370.0, 244.0]"
normal_2166_RFM,0,1,9,normal,"[393.0, 276.0]",35.918785545899944,0.6982838928699493,0.1635857224464416,0.7275685667991638,-0.1270008683204651,0.7973174822412243,"[400.0, 278.0]"
normal_2167_RFM,0,1,9,normal,"[218.0, 236.0]",35.918785545899944,0.8360192954540252,0.2196333408355713,0.8378214240074158,-0.1495547890663147,0.4146852205021597,"[199.0, 245.0]"
normal_2168_RFM,0,1,9,normal,"[575.0, 252.0]",35.918785545899944,0.9473793148994446,0.3179300427436828,0.8543330430984497,-0.1570807099342346,0.4919569992817404,"[593.0, 249.0]"
normal_2169_RFM,0,1,9,normal,"[566.0, 275.0]",35.918785545899944,1.038975155353546,0.3578478693962097,0.9290953874588012,-0.1538025736808776,0.2477888168661454,"[587.0, 258.0]"
normal_2170_RFM,0,1,9,normal,"[211.0, 234.0]",35.918785545899944,0.8612605988979339,0.2502588629722595,0.8324659466743469,-0.1413778662681579,0.7621299379846986,"[203.0, 237.0]"
normal_2171_RFM,0,1,0,normal,"[576.0, 237.0]",35.918785545899944,0.9374526679515838,0.2387381196022033,0.9535759091377258,-0.156057059764862,-6.797352143353144,"[322.0, 355.0]"
normal_2172_RFM,0,1,9,normal,"[564.0, 244.0]",45.254833995939045,0.8715145885944366,0.2471992969512939,0.8490576148033142,-0.1498748064041137,0.4841383118994007,"[587.0, 240.0]"
normal_2173_RFM,0,1,0,normal,"[556.0, 254.0]",45.254833995939045,0.953703248500824,0.3038031458854675,0.8862018585205078,-0.1477940082550048,-3.8127536459131166,"[415.0, 420.0]"
normal_2174_RFM,0,1,9,normal,"[557.0, 258.0]",45.254833995939045,0.8524731040000915,0.2578789591789245,0.8068531155586243,-0.14898481965065,0.5755288216498087,"[572.0, 246.0]"
normal_2175_RFM,0,1,0,normal,"[205.0, 238.0]",45.254833995939045,0.8596720457077026,0.2815265655517578,0.7839345932006836,-0.1469563245773315,-1.7216220462253755,"[228.0, 117.0]"
normal_2176_RFM,0,1,0,normal,"[171.0, 302.0]",35.918785545899944,0.691787827014923,0.0774794816970825,0.8407647609710693,-0.1288650631904602,-4.579589410905468,"[330.0, 180.0]"
normal_2177_RFM,0,1,9,normal,"[216.0, 244.0]",35.918785545899944,0.9216662168502808,0.2606719136238098,0.9019811153411864,-0.1480376124382019,0.3688102826155496,"[201.0, 261.0]"
normal_2178_RFM,0,1,9,normal,"[208.0, 218.0]",45.254833995939045,0.9748575627803804,0.2838297486305237,0.9450450539588928,-0.1474813818931579,0.1556714946183566,"[182.0, 190.0]"
normal_2179_RFM,0,1,9,normal,"[192.0, 228.0]",45.254833995939045,0.957650899887085,0.326805830001831,0.8575499057769775,-0.1528006792068481,0.460541359323998,"[178.0, 208.0]"
normal_2180_RFM,0,1,9,normal,"[186.0, 252.0]",35.918785545899944,0.8635667204856873,0.2236022353172302,0.8702021837234497,-0.1541147828102111,0.3572501850952557,"[164.0, 259.0]"
normal_2181_RFM,0,1,9,normal,"[572.0, 238.0]",45.254833995939045,0.8920044362545012,0.2752837538719177,0.8391682505607605,-0.1465145349502563,0.5575061794216782,"[592.0, 239.0]"
normal_2182_RFM,0,1,0,normal,"[212.0, 225.0]",35.918785545899944,1.0054079413414,0.3394009470939636,0.9096540212631226,-0.1462458968162536,-4.722577887503425,"[329.0, 394.0]"
normal_2183_RFM,0,1,9,normal,"[553.0, 211.0]",45.254833995939045,0.7246615767478942,0.1819783449172973,0.7361112833023071,-0.1370266675949096,0.1875000000000001,"[567.0, 245.0]"
normal_2184_RFM,0,1,9,normal,"[556.0, 249.0]",35.918785545899944,1.048233503103256,0.3650113344192505,0.9318268895149232,-0.1547167301177978,0.3524445120923352,"[566.0, 270.0]"
normal_2185_RFM,0,1,9,normal,"[200.0, 255.0]",45.254833995939045,0.8218762278556823,0.172334611415863,0.8861210346221924,-0.1462844610214233,0.3546288616230193,"[177.0, 273.0]"
normal_2186_RFM,0,1,0,normal,"[218.0, 253.0]",45.254833995939045,0.8829909920692443,0.2453804016113281,0.8672745227813721,-0.152592122554779,-3.229557914989461,"[304.0, 82.0]"
normal_2187_RFM,0,1,9,normal,"[204.0, 235.0]",35.918785545899944,0.7679738402366638,0.2125394940376281,0.7473950386047363,-0.161289095878601,0.4260516380281258,"[184.0, 230.0]"
normal_2188_RFM,0,1,0,normal,"[556.0, 217.0]",35.918785545899944,0.7636668622493743,0.1799080967903137,0.7877563834190369,-0.1616464853286743,-2.768261996290104,"[512.0, 89.0]"
normal_2189_RFM,0,1,0,normal,"[197.0, 240.0]",45.254833995939045,0.860206925868988,0.2560797333717346,0.8199796676635742,-0.1507071256637573,-4.407694893621495,"[350.0, 431.0]"
normal_2190_RFM,0,1,9,normal,"[561.0, 224.0]",45.254833995939045,0.8681146502494811,0.2109636068344116,0.8954049348831177,-0.151837944984436,0.5276182356927821,"[582.0, 228.0]"
normal_2191_RFM,0,1,9,normal,"[193.0, 246.0]",35.918785545899944,0.8399247527122498,0.2001870274543762,0.868521511554718,-0.1588633358478546,0.1532616654695672,"[171.0, 267.0]"
normal_2192_RFM,0,1,9,normal,"[395.0, 259.0]",35.918785545899944,0.8455026268959045,0.1781879067420959,0.9150269031524658,-0.1339794397354126,0.6988580303593626,"[404.0, 253.0]"
normal_2193_RFM,0,1,9,normal,"[557.0, 234.0]",35.918785545899944,0.7912269294261932,0.1290143132209777,0.9022336602211,-0.1532452702522277,0.6434665515486087,"[565.0, 224.0]"
normal_2194_RFM,0,1,9,normal,"[195.0, 241.0]",45.254833995939045,0.8169477939605713,0.2147855162620544,0.8157103061676025,-0.1558253169059753,0.5058941155986907,"[173.0, 237.0]"
normal_2195_RFM,0,1,9,normal,"[561.0, 240.0]",45.254833995939045,0.8922120094299316,0.2124090194702148,0.9268397092819214,-0.1550759673118591,0.6243495224946467,"[576.0, 232.0]"
normal_2196_RFM,0,1,0,normal,"[196.0, 230.0]",35.918785545899944,0.9191046714782716,0.2211333513259887,0.9510883092880248,-0.1610475182533264,-0.0402100966580072,"[186.0, 194.0]"
normal_2197_RFM,0,1,9,normal,"[559.0, 250.0]",35.918785545899944,0.8651091635227203,0.1973529458045959,0.9100168347358704,-0.1537221670150756,0.3651369845775386,"[577.0, 236.0]"
normal_2198_RFM,0,1,9,normal,"[581.0, 244.0]",45.254833995939045,0.8202078342437743,0.1708998680114746,0.8850803375244141,-0.1487586498260498,0.3012287570313158,"[599.0, 218.0]"
normal_2199_RFM,0,1,9,normal,"[563.0, 240.0]",35.918785545899944,0.9529678344726562,0.3095099925994873,0.8733022809028625,-0.1607312262058258,0.1624656163683522,"[592.0, 232.0]"
normal_2200_RFM,0,1,9,normal,"[553.0, 244.0]",45.254833995939045,0.7972640752792358,0.20567387342453,0.8016707897186279,-0.1521032452583313,0.5493060905670014,"[573.0, 248.0]"
normal_2201_RFM,0,1,9,normal,"[554.0, 252.0]",45.254833995939045,0.920334142446518,0.232348620891571,0.9401777386665344,-0.149305522441864,0.4687500000000001,"[577.0, 245.0]"
normal_2202_RFM,0,1,9,normal,"[211.0, 246.0]",45.254833995939045,0.9044694542884826,0.2258000969886779,0.9273668527603148,-0.1475628018379211,0.5401894072011825,"[194.0, 258.0]"
normal_2203_RFM,0,1,9,normal,"[556.0, 230.0]",35.918785545899944,1.017807161808014,0.3018901348114013,0.9765373468399048,-0.161704421043396,-0.0301016428497671,"[568.0, 265.0]"
normal_2204_RFM,0,1,9,normal,"[572.0, 217.0]",35.918785545899944,0.9472179412841796,0.2558362483978271,0.9427729845046996,-0.1572030186653137,0.1013052280988757,"[603.0, 208.0]"
normal_2205_RFM,0,1,0,normal,"[557.0, 226.0]",35.918785545899944,0.8015132069587707,0.2209262251853943,0.7830559015274048,-0.1622392535209655,-1.3533117991419772,"[541.0, 143.0]"
normal_2206_RFM,0,1,9,normal,"[578.0, 306.0]",45.254833995939045,0.8697172820568084,0.1590871214866638,0.969792664051056,-0.1588764786720276,0.4070729387184288,"[602.0, 294.0]"
normal_2207_RFM,0,1,9,normal,"[210.0, 299.0]",45.254833995939045,0.8712591171264649,0.1900021433830261,0.9277318716049194,-0.1592233180999755,0.5807372542187894,"[192.0, 293.0]"
normal_2208_RFM,0,1,9,normal,"[195.0, 234.0]",35.918785545899944,0.8920212388038634,0.2642208337783813,0.855960488319397,-0.1431403160095214,0.5536814706222346,"[179.0, 235.0]"
normal_2209_RFM,0,1,9,normal,"[194.0, 217.0]",45.254833995939045,0.7857341349124908,0.1872734427452087,0.8120612502098083,-0.1500890851020813,0.3557647459972406,"[191.0, 188.0]"
normal_2210_RFM,0,1,9,normal,"[554.0, 238.0]",45.254833995939045,0.8051481902599334,0.2653599083423614,0.7276602983474731,-0.1521303653717041,0.418716398820679,"[580.0, 234.0]"
normal_2211_RFM,0,1,9,normal,"[565.0, 253.0]",35.918785545899944,0.8000770926475526,0.2747309803962707,0.7095649242401123,-0.1432533264160156,0.4369590143766655,"[585.0, 250.0]"
normal_2212_RFM,0,1,9,normal,"[545.0, 235.0]",45.254833995939045,0.8093614637851715,0.1469836235046386,0.9053910374641418,-0.1430205702781677,0.9088913766430422,"[549.0, 234.0]"
normal_2213_RFM,0,1,9,normal,"[205.0, 248.0]",45.254833995939045,0.817820692062378,0.2240244746208191,0.8086705207824707,-0.1386342644691467,0.7035364693592144,"[193.0, 242.0]"
normal_2214_RFM,0,4,9,normal,,,,,,,,"[189.0, 238.0]"
normal_2215_RFM,0,1,9,normal,"[204.0, 232.0]",45.254833995939045,0.9616580188274384,0.3383467197418213,0.847904622554779,-0.1488903164863586,0.6541258809190835,"[197.0, 246.0]"
normal_2216_RFM,0,1,9,normal,"[555.0, 229.0]",45.254833995939045,0.9529079973697662,0.3326497673988342,0.8430601954460144,-0.1505804657936096,0.4475728271980098,"[575.0, 244.0]"
normal_2217_RFM,0,1,9,normal,"[204.0, 230.0]",45.254833995939045,0.834227430820465,0.2074935436248779,0.853577733039856,-0.1461473703384399,0.5778357473091783,"[185.0, 232.0]"
normal_2218_RFM,0,1,9,normal,"[528.0, 265.0]",57.01751796098172,0.9100637018680572,0.2396480441093444,0.9131278395652772,-0.156130850315094,0.6384351885994768,"[541.0, 249.0]"
normal_2219_RFM,0,1,9,normal,"[565.0, 253.0]",45.254833995939045,0.7961802899837493,0.1739066243171692,0.8447087407112122,-0.1548877358436584,0.4961088907313407,"[587.0, 259.0]"
normal_2220_RFM,0,1,9,normal,"[512.0, 236.0]",45.254833995939045,0.9360614120960236,0.271140992641449,0.906832993030548,-0.1506866216659546,0.4149485866609671,"[538.0, 241.0]"
normal_2221_RFM,0,1,9,normal,"[576.0, 241.0]",45.254833995939045,0.9163212656974792,0.2299609780311584,0.9346224069595336,-0.160623013973236,0.1244421421173812,"[603.0, 270.0]"
normal_2222_RFM,0,1,0,normal,"[197.0, 240.0]",45.254833995939045,0.9089235365390778,0.2246983051300048,0.9331650137901306,-0.1550486087799072,-1.823329843686352,"[211.0, 367.0]"
normal_2223_RFM,0,1,0,normal,"[578.0, 241.0]",45.254833995939045,0.9272042751312256,0.2783194780349731,0.8835902214050293,-0.1518582105636596,-5.074086865529665,"[372.0, 423.0]"
normal_2224_RFM,0,1,0,normal,"[194.0, 240.0]",45.254833995939045,0.9008723497390748,0.2561804056167602,0.8782827854156494,-0.1494699716567993,-0.4644218142324976,"[200.0, 174.0]"
normal_2225_RFM,0,1,9,normal,"[437.0, 193.0]",57.01751796098172,0.875149631500244,0.2449188232421875,0.8625260591506958,-0.1323128342628479,0.433314707509399,"[467.0, 205.0]"
normal_2226_RFM,0,1,9,normal,"[203.0, 242.0]",45.254833995939045,0.8926715672016143,0.2572186589241028,0.8634380102157593,-0.1552315056324005,0.6457567484764177,"[187.0, 241.0]"
normal_2227_RFM,0,1,9,normal,"[204.0, 221.0]",45.254833995939045,0.9306661009788512,0.279601514339447,0.8859410285949707,-0.154529333114624,0.7051880896232312,"[191.0, 224.0]"
normal_2228_RFM,0,1,9,normal,"[566.0, 243.0]",45.254833995939045,0.796792858839035,0.2033972144126892,0.8051113486289978,-0.1490885019302368,0.0843696672510244,"[580.0, 204.0]"
normal_2229_RFM,0,1,9,normal,"[570.0, 258.0]",45.254833995939045,0.7982046425342559,0.2193761467933654,0.7839586138725281,-0.1502873301506042,0.2785377262115502,"[585.0, 287.0]"
normal_2230_RFM,0,1,9,normal,"[202.0, 276.0]",45.254833995939045,0.9054599106311796,0.2300294041633606,0.9226481318473816,-0.1478840708732605,0.4250509533445594,"[176.0, 275.0]"
normal_2231_RFM,0,1,9,normal,"[180.0, 254.0]",45.254833995939045,0.8416616201400756,0.1439184546470642,0.952261209487915,-0.1558015942573547,0.3576623502782979,"[151.0, 256.0]"
normal_2232_RFM,0,1,9,normal,"[550.0, 248.0]",35.918785545899944,0.7162664651870727,0.1642696261405944,0.7485145330429077,-0.1401833295822143,0.3524445120923352,"[571.0, 238.0]"
normal_2233_RFM,0,4,9,normal,,,,,,,,"[186.0, 207.0]"
normal_2234_RFM,0,1,0,normal,"[570.0, 354.0]",35.918785545899944,0.8817160964012145,0.1700866818428039,0.9784802198410034,-0.1334663033485412,-1.883618068807881,"[588.0, 252.0]"
normal_2235_RFM,0,1,0,normal,"[190.0, 249.0]",45.254833995939045,0.811256581544876,0.2288783192634582,0.7893080115318298,-0.1493132710456848,-0.3481034131326868,"[189.0, 310.0]"
normal_2236_RFM,0,1,9,normal,"[492.0, 239.0]",45.254833995939045,0.793232375383377,0.2179711461067199,0.7816553711891174,-0.1405123472213745,0.2928932188134525,"[524.0, 239.0]"
normal_2237_RFM,0,1,9,normal,"[196.0, 270.0]",35.918785545899944,0.859740912914276,0.1743920445442199,0.9337880611419678,-0.1584861278533935,0.1969547476249669,"[180.0, 246.0]"
normal_2238_RFM,0,1,9,normal,"[191.0, 246.0]",45.254833995939045,0.7929754674434661,0.2239089012145996,0.7699443697929382,-0.150527536869049,0.4784900228662926,"[172.0, 232.0]"
normal_2239_RFM,0,1,9,normal,"[221.0, 236.0]",45.254833995939045,0.8262702763080597,0.2552903294563293,0.7742074131965637,-0.1451737880706787,0.5444568832152109,"[205.0, 249.0]"
normal_2240_RFM,0,1,9,normal,"[182.0, 244.0]",45.254833995939045,0.9121411681175232,0.2680513858795166,0.8789627552032471,-0.1440792679786682,0.2867054868429171,"[151.0, 253.0]"
normal_2241_RFM,0,1,9,normal,"[551.0, 257.0]",45.254833995939045,0.9214322388172148,0.3151635527610779,0.8221811652183533,-0.1537093520164489,0.2329413932104014,"[574.0, 283.0]"
normal_2242_RFM,0,1,9,normal,"[565.0, 262.0]",45.254833995939045,0.8299654185771942,0.1883235573768615,0.8750147223472595,-0.1456577777862548,0.3932347550328875,"[592.0, 257.0]"
normal_2243_RFM,0,1,9,normal,"[215.0, 295.0]",45.254833995939045,0.938850748538971,0.2332825660705566,0.9623700380325316,-0.1595457792282104,0.5401894072011825,"[203.0, 278.0]"
normal_2244_RFM,0,1,9,normal,"[562.0, 210.0]",45.254833995939045,0.7224274218082428,0.1934348940849304,0.7107176780700684,-0.1574507653713226,0.6198273418563613,"[576.0, 220.0]"
normal_2245_RFM,0,1,9,normal,"[183.0, 234.0]",35.918785545899944,0.7148541927337646,0.1350306868553161,0.7864317893981934,-0.1466062664985656,0.3572501850952557,"[176.0, 256.0]"
normal_2246_RFM,0,1,9,normal,"[483.0, 253.0]",57.01751796098172,0.8407002329826355,0.2473126649856567,0.807941734790802,-0.1391417682170868,0.8411824039002503,"[492.0, 252.0]"
normal_2247_RFM,0,1,9,normal,"[195.0, 246.0]",35.918785545899944,0.9569832384586332,0.2544787526130676,0.9593939185142516,-0.154643714427948,0.2989919831267091,"[170.0, 243.0]"
normal_2248_RFM,0,1,9,normal,"[186.0, 259.0]",45.254833995939045,0.8199317753314972,0.2102671265602111,0.8281809687614441,-0.1496898531913757,0.0769340320161294,"[155.0, 231.0]"
normal_2249_RFM,0,1,9,normal,"[185.0, 234.0]",45.254833995939045,0.8939854383468627,0.1953247785568237,0.9590723514556884,-0.1365500688552856,0.1705494100008127,"[160.0, 262.0]"
normal_2250_RFM,0,1,9,normal,"[510.0, 237.0]",45.254833995939045,0.8421819686889649,0.2182021737098693,0.8500963449478149,-0.144561767578125,0.2162539872509717,"[533.0, 210.0]"
normal_2251_RFM,0,1,9,normal,"[212.0, 234.0]",45.254833995939045,0.9074209690093994,0.2154341340065002,0.9415241479873656,-0.1645996570587158,0.6875,"[202.0, 244.0]"
normal_2252_RFM,0,1,9,normal,"[490.0, 240.0]",57.01751796098172,0.8470488488674164,0.2575777769088745,0.8022285103797913,-0.1395555734634399,0.7538358499361003,"[504.0, 241.0]"
normal_2253_RFM,0,1,9,normal,"[138.0, 239.0]",57.01751796098172,0.8559919714927673,0.3089008331298828,0.7403305172920227,-0.1442988812923431,0.5831153389687087,"[115.0, 245.0]"
normal_2254_RFM,0,1,9,normal,"[197.0, 224.0]",35.918785545899944,0.7298891484737396,0.1236452460289001,0.8196552395820618,-0.1624261736869812,0.3639172658442039,"[176.0, 215.0]"
normal_2255_RFM,0,1,0,normal,"[227.0, 307.0]",35.918785545899944,0.7742396056652068,0.0992662906646728,0.9192697405815125,-0.1574224829673767,-5.058318548869418,"[359.0, 134.0]"
normal_2256_RFM,0,1,9,normal,"[570.0, 236.0]",45.254833995939045,0.752006721496582,0.1755930185317993,0.7826073169708252,-0.1429429054260254,0.4912868563718842,"[593.0, 235.0]"
normal_2257_RFM,0,1,9,normal,"[507.0, 243.0]",57.01751796098172,0.9376266419887542,0.3165953755378723,0.8460812568664551,-0.143871933221817,0.354641515417613,"[532.0, 216.0]"
normal_2258_RFM,0,1,9,normal,"[551.0, 231.0]",45.254833995939045,0.7926910996437072,0.1451063752174377,0.8822808265686035,-0.1499407291412353,0.5271016890493264,"[568.0, 218.0]"
normal_2259_RFM,0,1,9,normal,"[198.0, 244.0]",45.254833995939045,0.9910225033760072,0.3092882633209228,0.9303309917449952,-0.1525127291679382,0.5889704238135655,"[187.0, 229.0]"
normal_2260_RFM,0,1,0,normal,"[574.0, 234.0]",35.918785545899944,0.8608340144157409,0.1296309232711792,0.9978500604629515,-0.163540244102478,-1.4039825196581033,"[554.0, 150.0]"
normal_2261_RFM,0,1,9,normal,"[197.0, 251.0]",57.01751796098172,0.9322851538658142,0.2963906526565552,0.8653002977371216,-0.1509214639663696,0.3713002961230157,"[164.0, 265.0]"
normal_2262_RFM,0,1,0,normal,"[191.0, 241.0]",45.254833995939045,0.8332672595977783,0.1866753697395324,0.8811630606651306,-0.1488887369632721,-1.1213203435596424,"[191.0, 145.0]"
normal_2263_RFM,0,1,9,normal,"[207.0, 242.0]",45.254833995939045,0.8315913319587708,0.1251043677330017,0.9667211771011353,-0.1489107012748718,0.5749540466020174,"[188.0, 239.0]"
normal_2264_RFM,0,1,9,normal,"[489.0, 236.0]",57.01751796098172,0.9360007464885712,0.2793646454811096,0.8957406878471375,-0.1480880975723266,0.7018460184178228,"[504.0, 244.0]"
normal_2265_RFM,0,1,9,normal,"[207.0, 246.0]",35.918785545899944,0.8586790561676025,0.1841998696327209,0.918274998664856,-0.1584334373474121,0.5333067541267781,"[191.0, 251.0]"
normal_2266_RFM,0,1,9,normal,"[220.0, 278.0]",57.01751796098172,0.9279929459095,0.2972478866577148,0.8571850657463074,-0.1535775661468505,0.612562545260359,"[198.0, 276.0]"
normal_2267_RFM,0,1,9,normal,"[564.0, 245.0]",45.254833995939045,0.8767050683498382,0.2010008096694946,0.9211198091506958,-0.1546019613742828,0.3920288606767588,"[590.0, 254.0]"
normal_2268_RFM,0,1,9,normal,"[212.0, 282.0]",35.918785545899944,0.6606908917427062,0.1284167766571045,0.7152978181838989,-0.1578282117843628,0.4710288861041737,"[193.0, 282.0]"
normal_2269_RFM,0,1,0,normal,"[187.0, 228.0]",45.254833995939045,0.8822808861732483,0.247430145740509,0.8634324669837952,-0.1522400677204132,-5.039340428598143,"[370.0, 431.0]"
normal_2270_RFM,0,3,9,normal,"[488.0, 224.0]",143.67514218359975,0.9664927601814268,0.2928146719932556,0.938341736793518,-0.0841943621635437,0.4333568875529288,"[560.0, 262.0]"
normal_2271_RFM,0,1,9,normal,"[197.0, 267.0]",45.254833995939045,0.8587552547454833,0.1661857962608337,0.9423508644104004,-0.1646192669868469,0.3078989190515594,"[188.0, 237.0]"
normal_2272_RFM,0,1,9,normal,"[511.0, 243.0]",45.254833995939045,0.9103815972805024,0.2905811667442322,0.8457617163658142,-0.1388361454010009,0.5778357473091783,"[530.0, 241.0]"
normal_2273_RFM,0,1,9,normal,"[192.0, 249.0]",57.01751796098172,0.8752829611301421,0.2645347118377685,0.830994188785553,-0.1452615857124328,0.4169942595548055,"[168.0, 272.0]"
normal_2274_RFM,0,1,9,normal,"[209.0, 295.0]",45.254833995939045,0.9002527117729187,0.1762896180152893,0.9872667789459229,-0.164381742477417,0.3932347550328875,"[186.0, 280.0]"
normal_2275_RFM,0,1,0,normal,"[204.0, 274.0]",45.254833995939045,0.8232836425304413,0.2332286238670349,0.8005042672157288,-0.1485101580619812,-0.7117756223436529,"[189.0, 198.0]"
normal_2276_RFM,0,1,9,normal,"[543.0, 241.0]",45.254833995939045,0.8080157101154327,0.1658311486244201,0.8767064213752747,-0.1424503326416015,0.6656103975151142,"[558.0, 239.0]"
normal_2277_RFM,0,1,9,normal,"[161.0, 241.0]",45.254833995939045,0.7945528864860534,0.1640207767486572,0.8580615520477295,-0.1494451165199279,0.4655427694847791,"[140.0, 229.0]"
normal_2278_RFM,0,1,0,normal,"[210.0, 231.0]",35.918785545899944,0.7590087175369263,0.2735384702682495,0.6469785571098328,-0.1629262864589691,-2.7979701080915733,"[269.0, 108.0]"
normal_2279_RFM,0,1,9,normal,"[498.0, 257.0]",57.01751796098172,0.8893174409866332,0.2564790844917297,0.861808717250824,-0.1478612720966339,0.5604872139570796,"[510.0, 235.0]"
normal_2280_RFM,0,1,9,normal,"[585.0, 317.0]",45.254833995939045,0.9633884072303772,0.2668623328208923,0.95062255859375,-0.1554514169692993,0.1968689202564753,"[621.0, 322.0]"
normal_2281_RFM,0,1,9,normal,"[530.0, 285.0]",45.254833995939045,0.7390845239162445,0.1680842638015747,0.7744750380516052,-0.1443386673927307,0.6457567484764177,"[546.0, 286.0]"
normal_2282_RFM,0,1,0,normal,"[205.0, 258.0]",45.254833995939045,0.9332447350025176,0.2817968726158142,0.8868762850761414,-0.1531723141670227,-0.0606601717798211,"[205.0, 210.0]"
normal_2283_RFM,0,1,9,normal,"[514.0, 260.0]",71.83757109179989,0.8667948305606842,0.1836320161819458,0.9347123503684998,-0.1443208456039428,0.6139784680040565,"[539.0, 272.0]"
normal_2284_RFM,0,1,9,normal,"[184.0, 252.0]",57.01751796098172,0.9381443977355955,0.2716083526611328,0.910014033317566,-0.1476311087608337,0.6487924218622722,"[164.0, 251.0]"
normal_2285_RFM,0,1,9,normal,"[504.0, 235.0]",45.254833995939045,0.9519402742385864,0.3153735399246216,0.8690581321716309,-0.1411302089691162,0.3797052112100249,"[532.0, 237.0]"
normal_2286_RFM,0,1,9,normal,"[196.0, 262.0]",57.01751796098172,0.857565551996231,0.2573346495628357,0.8159699440002441,-0.1452597081661224,0.5450127527491022,"[173.0, 250.0]"
normal_2287_RFM,0,1,9,normal,"[165.0, 252.0]",45.254833995939045,0.834190845489502,0.2702508270740509,0.7641825079917908,-0.1450613141059875,0.5317711230071345,"[145.0, 259.0]"
normal_2288_RFM,0,1,9,normal,"[507.0, 241.0]",57.01751796098172,0.7882504940032958,0.2119542360305786,0.7849984169006348,-0.1339868307113647,0.4820952020276547,"[533.0, 227.0]"
normal_2289_RFM,0,1,9,normal,"[197.0, 232.0]",45.254833995939045,0.8133932411670685,0.2210239768028259,0.8068099617958069,-0.1380114555358886,0.4822487023193472,"[179.0, 217.0]"
normal_2290_RFM,0,1,9,normal,"[186.0, 246.0]",57.01751796098172,0.921535277366638,0.2545384764671325,0.9075454473495485,-0.1585749387741089,0.5909361120324078,"[166.0, 234.0]"
normal_2291_RFM,0,1,9,normal,"[562.0, 310.0]",45.254833995939045,0.973693597316742,0.2881028652191162,0.9360065460205078,-0.1519307494163513,0.53125,"[583.0, 307.0]"
normal_2292_RFM,0,1,9,normal,"[505.0, 270.0]",45.254833995939045,0.9097078084945678,0.2307276129722595,0.9304198026657104,-0.1384316682815551,0.4237784714191945,"[531.0, 268.0]"
normal_2293_RFM,0,1,9,normal,"[146.0, 225.0]",57.01751796098172,0.9022607386112212,0.2849647998809814,0.8402318358421326,-0.1456682682037353,0.2673620556931798,"[115.0, 253.0]"
normal_2294_RFM,0,1,0,normal,"[495.0, 293.0]",57.01751796098172,0.9089518189430236,0.2201741337776184,0.9409185647964478,-0.1506734490394592,-0.505552728317078,"[507.0, 378.0]"
normal_2295_RFM,0,1,9,normal,"[477.0, 262.0]",45.254833995939045,0.649380213022232,0.1270661354064941,0.7120701670646667,-0.1193248033523559,0.482720457586036,"[499.0, 270.0]"
normal_2296_RFM,0,1,9,normal,"[527.0, 268.0]",57.01751796098172,0.8868462681770325,0.2399756908416748,0.8847211599349976,-0.1378288269042968,0.5174529869359912,"[553.0, 259.0]"
normal_2297_RFM,0,1,9,normal,"[176.0, 248.0]",57.01751796098172,0.8706084966659545,0.2350227236747741,0.8670477867126465,-0.1432616114616394,0.5033174797894169,"[157.0, 227.0]"
normal_2298_RFM,0,1,9,normal,"[211.0, 231.0]",45.254833995939045,0.8060034871101378,0.2322256565093994,0.7778317928314209,-0.1464778780937194,0.4166201655439229,"[190.0, 215.0]"
normal_2299_RFM,0,1,9,normal,"[215.0, 270.0]",35.918785545899944,0.9214544892311096,0.220218539237976,0.9581960439682008,-0.1524935960769653,0.2155078413995207,"[190.0, 257.0]"
normal_2300_RFM,0,1,9,normal,"[527.0, 280.0]",45.254833995939045,0.8345564126968383,0.1963669657707214,0.8725807666778564,-0.1369145512580871,0.5749540466020174,"[546.0, 283.0]"
normal_2301_RFM,0,1,0,normal,"[564.0, 277.0]",35.918785545899944,0.9133580327033995,0.2223623991012573,0.9458101987838744,-0.1446424722671508,-1.9642052651694604,"[554.0, 171.0]"
normal_2302_RFM,0,1,9,normal,"[535.0, 260.0]",45.254833995939045,0.9417564153671264,0.3138836026191711,0.8556158542633057,-0.1447085738182068,0.2500000000000001,"[559.0, 284.0]"
normal_2303_RFM,0,1,9,normal,"[369.0, 259.0]",45.254833995939045,0.9667674243450164,0.2844032049179077,0.9303752779960632,-0.1555076241493225,0.3672357271463566,"[357.0, 233.0]"
normal_2304_RFM,0,1,9,normal,"[200.0, 247.0]",45.254833995939045,0.983321863412857,0.3480001091957092,0.864788830280304,-0.1498478651046753,0.2329413932104014,"[166.0, 254.0]"
normal_2305_RFM,0,1,9,normal,"[545.0, 259.0]",57.01751796098172,0.8369558930397033,0.1619907021522522,0.9225008487701416,-0.1460729837417602,0.3965135225332412,"[573.0, 239.0]"
normal_2306_RFM,0,1,9,normal,"[158.0, 251.0]",57.01751796098172,0.806907695531845,0.1417502164840698,0.9111968278884888,-0.1365984976291656,0.5061122144964623,"[130.0, 248.0]"
normal_2307_RFM,0,1,9,normal,"[142.0, 232.0]",57.01751796098172,0.8626072227954864,0.2201225161552429,0.87533038854599,-0.1487671732902526,0.473553688181441,"[127.0, 206.0]"
normal_2308_RFM,0,1,0,normal,"[596.0, 184.0]",35.918785545899944,0.7875533878803253,0.1353389620780944,0.8974664807319641,-0.1199394464492797,-3.559825479964969,"[561.0, 344.0]"
normal_2309_RFM,0,1,9,normal,"[523.0, 292.0]",57.01751796098172,0.9141485631465912,0.2470405101776123,0.9100891351699828,-0.1502282917499542,0.4738459148549815,"[553.0, 292.0]"
normal_2310_RFM,0,1,9,normal,"[208.0, 217.0]",45.254833995939045,0.7888516187667847,0.1679664254188537,0.8484594821929932,-0.1348177790641784,0.6898526056050125,"[194.0, 216.0]"
normal_2311_RFM,0,1,9,normal,"[170.0, 256.0]",35.918785545899944,0.7741807579994201,0.2519329488277435,0.703765332698822,-0.1480603814125061,0.7373524469528321,"[162.0, 261.0]"
normal_2312_RFM,0,1,9,normal,"[496.0, 270.0]",45.254833995939045,1.0142682492733002,0.3821917474269867,0.8599056005477905,-0.1507129073143005,0.4951407993311403,"[517.0, 261.0]"
normal_2313_RFM,0,1,9,normal,"[210.0, 229.0]",45.254833995939045,0.9740420758724212,0.2820596098899841,0.9435901045799256,-0.1573469638824463,0.5444568832152109,"[194.0, 216.0]"
normal_2314_RFM,0,1,9,normal,"[222.0, 259.0]",35.918785545899944,0.8450150787830352,0.2597168087959289,0.7926784157752991,-0.1521168947219848,0.465199827322913,"[207.0, 247.0]"
normal_2315_RFM,0,1,9,normal,"[384.0, 261.0]",45.254833995939045,0.8458676397800444,0.183369755744934,0.9095351099967957,-0.1291165351867675,0.5034297318102905,"[363.0, 253.0]"
normal_2316_RFM,0,1,9,normal,"[462.0, 218.0]",45.254833995939045,0.9835019409656524,0.2907357811927795,0.9479123950004578,-0.1461374163627624,0.5597186623873323,"[481.0, 212.0]"
normal_2317_RFM,0,1,9,normal,"[233.0, 245.0]",45.254833995939045,0.7533682107925415,0.2286096215248108,0.7084531784057617,-0.1442068219184875,0.3064893430883705,"[206.0, 229.0]"
normal_2318_RFM,0,2,9,normal,"[345.0, 215.0]",57.01751796098172,0.8393178641796112,0.2095746397972107,0.8609238266944885,-0.1354827284812927,0.7410476010138274,"[338.0, 202.0]"
normal_2319_RFM,0,1,0,normal,"[226.0, 229.0]",45.254833995939045,0.8250453889369964,0.2939972281455993,0.7157673239707947,-0.1500551700592041,-0.5206906325745548,"[186.0, 173.0]"
normal_2320_RFM,0,1,0,normal,"[218.0, 229.0]",45.254833995939045,0.954018360376358,0.3117159008979797,0.8732700943946838,-0.155066967010498,-0.0387981336621663,"[189.0, 266.0]"
normal_2321_RFM,0,1,9,normal,"[219.0, 238.0]",35.918785545899944,1.0227471470832823,0.3156183362007141,0.9672409296035768,-0.1503008008003235,0.7215941505811441,"[211.0, 232.0]"
normal_2322_RFM,0,1,9,normal,"[508.0, 272.0]",35.918785545899944,0.798287320137024,0.2325553894042968,0.7667368650436401,-0.1450806260108947,0.11960340192255,"[534.0, 254.0]"
normal_2323_RFM,0,1,9,normal,"[472.0, 254.0]",45.254833995939045,0.9236875772476196,0.2707833051681518,0.8920215368270874,-0.1424459815025329,0.8112024066625848,"[480.0, 251.0]"
normal_2324_RFM,0,1,9,normal,"[464.0, 257.0]",45.254833995939045,0.8389671981334687,0.2443644404411316,0.809537947177887,-0.1396309733390808,0.7962749248374172,"[473.0, 255.0]"
normal_2325_RFM,0,1,9,normal,"[470.0, 256.0]",45.254833995939045,0.9061658442020416,0.2384880781173706,0.9164708256721495,-0.1307409405708313,0.6715031868495525,"[481.0, 266.0]"
normal_2326_RFM,0,1,9,normal,"[168.0, 244.0]",45.254833995939045,0.9319090008735657,0.3472690880298614,0.7917463183403015,-0.1520874500274658,0.5558540498890033,"[148.0, 246.0]"
normal_2327_RFM,0,1,9,normal,"[460.0, 233.0]",35.918785545899944,0.9370150864124298,0.2476523518562317,0.9457047581672668,-0.1368470191955566,0.6062746719078522,"[474.0, 235.0]"
normal_2328_RFM,0,1,9,normal,"[458.0, 248.0]",35.918785545899944,0.8604026615619659,0.2741620540618896,0.7972763180732727,-0.140735924243927,0.7160806282229758,"[468.0, 246.0]"
normal_2329_RFM,0,1,9,normal,"[517.0, 296.0]",45.254833995939045,0.9010324716567992,0.2819105386734009,0.8417723178863525,-0.1494065523147583,0.4678316760648,"[541.0, 298.0]"
normal_2330_RFM,0,1,9,normal,"[216.0, 227.0]",45.254833995939045,0.7812920987606048,0.2677350640296936,0.6916929483413696,-0.1468598544597625,0.1956538952353906,"[194.0, 198.0]"
normal_2331_RFM,0,1,9,normal,"[454.0, 250.0]",35.918785545899944,0.7925061106681823,0.1546196341514587,0.8739331960678101,-0.1306661963462829,0.5234459487292551,"[471.0, 248.0]"
normal_2332_RFM,0,1,9,normal,"[226.0, 218.0]",45.254833995939045,0.8661809802055358,0.2062416076660156,0.9013159275054932,-0.1450911164283752,0.4366326132087517,"[207.0, 201.0]"
normal_2333_RFM,0,1,9,normal,"[479.0, 234.0]",45.254833995939045,0.8668062329292296,0.2225726842880249,0.8796718120574951,-0.1423164010047912,0.552568091772614,"[498.0, 227.0]"
normal_2334_RFM,0,1,9,normal,"[449.0, 228.0]",35.918785545899944,0.9251691102981566,0.3009535670280456,0.852986216545105,-0.135625958442688,0.5946349644824488,"[463.0, 232.0]"
normal_2335_RFM,0,1,9,normal,"[218.0, 243.0]",45.254833995939045,0.9541711747646332,0.3495676815509796,0.8213506937026978,-0.1482900381088256,0.4366326132087517,"[199.0, 226.0]"
normal_2336_RFM,0,1,9,normal,"[224.0, 226.0]",45.254833995939045,0.7742560684680938,0.1911032795906067,0.7926099896430969,-0.1416289806365966,0.5658611253296937,"[205.0, 221.0]"
normal_2337_RFM,0,1,9,normal,"[455.0, 238.0]",35.918785545899944,0.9719059228897096,0.2697623968124389,0.9643449783325196,-0.1355102062225341,0.601383486505136,"[469.0, 235.0]"
normal_2338_RFM,0,1,0,normal,"[573.0, 243.0]",35.918785545899944,0.7496860861778258,0.1485065817832946,0.8161226511001587,-0.1494682431221008,-0.2023136391455173,"[577.0, 286.0]"
normal_2339_RFM,0,1,9,normal,"[239.0, 220.0]",45.254833995939045,0.914613938331604,0.2807774543762207,0.863664984703064,-0.1463549733161926,0.5148695407418743,"[228.0, 239.0]"
normal_2340_RFM,0,1,9,normal,"[467.0, 263.0]",45.254833995939045,0.9645520687103272,0.3238351345062256,0.8716307878494263,-0.1528769135475158,0.2474003388254815,"[493.0, 241.0]"
normal_2341_RFM,0,1,9,normal,"[237.0, 241.0]",35.918785545899944,0.941831225156784,0.2831650972366333,0.8983895182609558,-0.1489673256874084,0.3266260850053568,"[213.0, 238.0]"
normal_2342_RFM,0,1,9,normal,"[459.0, 268.0]",35.918785545899944,0.9751315295696258,0.2826245427131653,0.9497637152671814,-0.1383619308471679,0.274006366738443,"[473.0, 246.0]"
normal_2343_RFM,0,1,9,normal,"[239.0, 245.0]",35.918785545899944,1.0156968474388122,0.3199024200439453,0.9503771066665648,-0.1526522636413574,-0.0236858530395842,"[213.0, 219.0]"
normal_2344_RFM,0,1,9,normal,"[456.0, 253.0]",45.254833995939045,0.9114064753055572,0.2543535828590393,0.895165741443634,-0.1521843671798706,0.7529470577993453,"[467.0, 251.0]"
normal_2345_RFM,0,1,9,normal,"[219.0, 217.0]",35.918785545899944,0.9899042427539824,0.3027334213256836,0.93754905462265,-0.1544324159622192,0.4881570734802078,"[212.0, 200.0]"
normal_2346_RFM,0,1,0,normal,"[127.0, 244.0]",35.918785545899944,0.7525643408298492,0.1938657164573669,0.7621563076972961,-0.125946044921875,-4.512506122552458,"[245.0, 85.0]"
normal_2347_RFM,0,1,9,normal,"[166.0, 287.0]",45.254833995939045,0.8992531955242157,0.2455544471740722,0.8883379697799683,-0.1593108475208282,0.5108601299219211,"[145.0, 280.0]"
normal_2348_RFM,0,1,9,normal,"[220.0, 229.0]",45.254833995939045,0.8764044404029846,0.2739380002021789,0.8214517831802368,-0.1372509598731994,0.5658611253296937,"[201.0, 234.0]"
normal_2349_RFM,0,1,9,normal,"[216.0, 232.0]",45.254833995939045,0.8813421130180359,0.271101176738739,0.8300884366035461,-0.1458951532840728,0.3407805278209692,"[197.0, 255.0]"
normal_2350_RFM,0,1,9,normal,"[215.0, 241.0]",45.254833995939045,0.9672335624694824,0.3084743022918701,0.9005181789398193,-0.1419826745986938,0.4961088907313407,"[201.0, 223.0]"
normal_2351_RFM,0,1,9,normal,"[227.0, 241.0]",35.918785545899944,0.8719423115253447,0.2460389137268066,0.8496509194374084,-0.1557387709617614,0.664754963293384,"[218.0, 233.0]"
normal_2352_RFM,0,1,9,normal,"[476.0, 234.0]",45.254833995939045,0.7336367785930633,0.1928750276565551,0.733771026134491,-0.1356101632118225,0.731177335404918,"[488.0, 236.0]"
normal_2353_RFM,0,1,9,normal,"[554.0, 214.0]",35.918785545899944,0.9668671369552612,0.2836881279945373,0.9300609827041626,-0.1606816053390503,0.151432854841176,"[574.0, 237.0]"
normal_2354_RFM,0,1,9,normal,"[454.0, 249.0]",45.254833995939045,0.890825057029724,0.236542522907257,0.8935190439224243,-0.1440960168838501,0.6237001694127408,"[471.0, 250.0]"
normal_2355_RFM,0,2,9,normal,"[443.0, 230.0]",57.01751796098172,0.8378290176391602,0.2023785710334777,0.870897650718689,-0.1291104555130005,0.6283664940498184,"[463.0, 223.0]"
normal_2356_RFM,0,1,0,normal,"[199.0, 247.0]",35.918785545899944,0.9623510539531708,0.2837687134742737,0.9238985180854796,-0.1592668890953064,-0.6576257153887306,"[191.0, 188.0]"
normal_2357_RFM,0,1,9,normal,"[213.0, 292.0]",35.918785545899944,0.7868767321109771,0.2758571803569793,0.6841362714767456,-0.1606208086013794,0.4866449788224937,"[195.0, 288.0]"
normal_2358_RFM,0,1,9,normal,"[162.0, 219.0]",35.918785545899944,0.7310894548892974,0.1931076645851135,0.7239362597465515,-0.1561320424079895,0.5333067541267781,"[146.0, 214.0]"
normal_2359_RFM,0,1,9,normal,"[453.0, 241.0]",45.254833995939045,0.8774242162704468,0.261422336101532,0.8362146019935608,-0.1532582938671112,0.7051880896232312,"[466.0, 238.0]"
normal_2360_RFM,0,1,9,normal,"[463.0, 225.0]",35.918785545899944,0.924711352586746,0.262112021446228,0.90434592962265,-0.1477859020233154,0.2902015705574394,"[486.0, 236.0]"
normal_2361_RFM,0,1,9,normal,"[431.0, 234.0]",35.918785545899944,0.8409546494483948,0.2001247406005859,0.8763027191162109,-0.1370900273323059,0.5408413104225007,"[447.0, 230.0]"
normal_2362_RFM,0,1,9,normal,"[577.0, 234.0]",45.254833995939045,0.9433892846107482,0.2496910095214843,0.9463514089584352,-0.1562614440917968,0.5271016890493264,"[594.0, 247.0]"
normal_2363_RFM,0,1,0,normal,"[244.0, 228.0]",35.918785545899944,0.7448001086711884,0.1712188720703125,0.7776239514350891,-0.1462223529815673,-0.4586447396103421,"[232.0, 177.0]"
normal_2364_RFM,0,1,9,normal,"[464.0, 256.0]",45.254833995939045,0.7301294088363647,0.1749132871627807,0.7575594186782837,-0.124622642993927,0.7118892357095973,"[477.0, 257.0]"
normal_2365_RFM,0,1,9,normal,"[232.0, 241.0]",45.254833995939045,0.8116552531719207,0.1732287406921386,0.872276246547699,-0.1391656994819641,0.4692097577667804,"[208.0, 242.0]"
normal_2366_RFM,0,1,9,normal,"[471.0, 232.0]",45.254833995939045,0.7157243549823761,0.2109594047069549,0.6817956566810608,-0.1375399529933929,0.4475728271980098,"[491.0, 247.0]"
normal_2367_RFM,0,1,9,normal,"[478.0, 252.0]",35.918785545899944,0.9916530668735504,0.31271493434906,0.9267393946647644,-0.1511027812957763,0.3524445120923352,"[499.0, 242.0]"
normal_2368_RFM,0,1,9,normal,"[520.0, 288.0]",45.254833995939045,0.8979840338230133,0.2079415917396545,0.9423410296440125,-0.1520186066627502,0.5153730493977868,"[536.0, 273.0]"
normal_2369_RFM,0,1,9,normal,"[459.0, 253.0]",45.254833995939045,0.8779229938983917,0.1998343467712402,0.9275992512702942,-0.1438458561897277,0.4784900228662926,"[478.0, 267.0]"
normal_2370_RFM,0,1,9,normal,"[224.0, 228.0]",35.918785545899944,0.917736953496933,0.2914057374000549,0.8512628674507141,-0.1522360444068908,0.6102318108136016,"[210.0, 228.0]"
normal_2371_RFM,0,1,0,normal,"[161.0, 286.0]",35.918785545899944,0.9869986474514006,0.2777432203292846,0.9677934050559998,-0.1590002179145813,-1.5592146325989606,"[174.0, 195.0]"
normal_2372_RFM,0,1,9,normal,"[204.0, 220.0]",45.254833995939045,0.8992613315582275,0.2402587532997131,0.8979140520095825,-0.1523137092590332,0.6685436963188058,"[192.0, 211.0]"
normal_2373_RFM,0,1,9,normal,"[240.0, 237.0]",45.254833995939045,0.930419224500656,0.2901629209518432,0.8731942772865295,-0.1451015472412109,0.6548324682128981,"[230.0, 225.0]"
normal_2374_RFM,0,1,9,normal,"[463.0, 230.0]",45.254833995939045,0.8653783977031707,0.3027627170085907,0.7622731924057007,-0.145122230052948,0.2873903593130389,"[491.0, 214.0]"
normal_2375_RFM,0,1,9,normal,"[510.0, 286.0]",35.918785545899944,0.9696145594120024,0.2612640261650085,0.9677992463111876,-0.154455304145813,0.5043124776027623,"[521.0, 300.0]"
normal_2376_RFM,0,1,9,normal,"[473.0, 254.0]",35.918785545899944,0.9564567685127258,0.3401347994804382,0.8386380672454834,-0.1463766098022461,0.3849813767744123,"[495.0, 252.0]"
normal_2377_RFM,0,1,9,normal,"[444.0, 255.0]",35.918785545899944,0.8872577548027037,0.2798090577125549,0.8311268091201782,-0.1282996535301208,0.0534201119758896,"[474.0, 239.0]"
normal_2378_RFM,0,1,9,normal,"[241.0, 214.0]",45.254833995939045,0.7144300580024718,0.2164321839809417,0.6707874536514282,-0.1422332823276519,0.5575061794216782,"[221.0, 215.0]"
normal_2379_RFM,0,1,9,normal,"[461.0, 245.0]",35.918785545899944,0.9029770374298096,0.3214457035064697,0.7908226251602173,-0.1397774815559387,0.4710288861041737,"[480.0, 245.0]"
normal_2380_RFM,0,1,9,normal,"[382.0, 238.0]",45.254833995939045,0.8533738195896149,0.1908648610115051,0.9016618132591248,-0.156728446483612,0.5755288216498087,"[367.0, 250.0]"
normal_2381_RFM,0,1,9,normal,"[239.0, 249.0]",35.918785545899944,0.8127175390720367,0.2299873232841491,0.7939072251319885,-0.134975790977478,0.5258919223712375,"[226.0, 238.0]"
normal_2382_RFM,0,1,9,normal,"[221.0, 257.0]",35.918785545899944,0.9240445017814636,0.3247606754302978,0.8123588562011719,-0.1531631350517273,0.371887773974801,"[199.0, 252.0]"
normal_2383_RFM,0,1,9,normal,"[438.0, 239.0]",35.918785545899944,0.9890951693058012,0.2815585136413574,0.9654170870780944,-0.1587234735488891,0.2086218847577799,"[456.0, 261.0]"
normal_2384_RFM,0,1,9,normal,"[467.0, 228.0]",45.254833995939045,0.9405880570411682,0.2565704584121704,0.9364330768585204,-0.1425722241401672,0.5848334295129243,"[484.0, 220.0]"
normal_2385_RFM,0,1,9,normal,"[466.0, 263.0]",57.01751796098172,0.8511511921882629,0.1964995265007019,0.8949967622756958,-0.1407696604728698,0.5615382623791512,"[490.0, 256.0]"
normal_2386_RFM,0,1,9,normal,"[463.0, 270.0]",45.254833995939045,0.9176403760910034,0.2698667645454407,0.8846635818481445,-0.1425455212593078,0.6634271995540935,"[477.0, 276.0]"
normal_2387_RFM,0,1,9,normal,"[237.0, 242.0]",45.254833995939045,0.8119904160499573,0.2684344053268432,0.7375446557998657,-0.13637375831604,0.6140909676491104,"[220.0, 238.0]"
normal_2388_RFM,0,1,9,normal,"[214.0, 237.0]",35.918785545899944,0.893917590379715,0.2132685780525207,0.9297204613685608,-0.1492234468460083,0.3260507974890694,"[195.0, 222.0]"
normal_2389_RFM,0,1,0,normal,"[530.0, 266.0]",45.254833995939045,0.6087183713912964,0.1827847063541412,0.5679517984390259,-0.1418370306491851,-5.8274277389987805,"[261.0, 114.0]"
normal_2390_RFM,0,1,9,normal,"[229.0, 233.0]",35.918785545899944,0.78181334733963,0.1667395830154419,0.8365983963012695,-0.1472744345664978,0.5019724762926941,"[213.0, 225.0]"
normal_2391_RFM,0,1,9,normal,"[544.0, 250.0]",35.918785545899944,0.7929999947547912,0.1868320107460022,0.8226702213287354,-0.1514941453933715,0.8031373359539261,"[549.0, 255.0]"
normal_2392_RFM,0,1,9,normal,"[579.0, 241.0]",45.254833995939045,0.9266276001930236,0.2794368863105774,0.8801921606063843,-0.1552810072898864,0.6859413868399722,"[590.0, 232.0]"
normal_2393_RFM,0,1,9,normal,"[183.0, 183.0]",57.01751796098172,0.8277605235576628,0.2024902701377868,0.8525334000587463,-0.1424843668937683,0.7260403484679439,"[171.0, 173.0]"
normal_2394_RFM,0,1,9,normal,"[108.0, 245.0]",45.254833995939045,0.6975249767303466,0.147928237915039,0.7415642738342285,-0.1525087356567382,0.4564835271585598,"[86.0, 234.0]"
normal_2395_RFM,0,1,9,normal,"[232.0, 228.0]",35.918785545899944,0.8054957151412964,0.2525018453598022,0.7468087673187256,-0.1511386632919311,0.5066635779201043,"[215.0, 223.0]"
normal_2396_RFM,0,1,9,normal,"[197.0, 205.0]",57.01751796098172,0.955310559272766,0.2577319145202636,0.9513181447982788,-0.1582797169685363,0.7166573537546995,"[182.0, 199.0]"
normal_2397_RFM,0,1,9,normal,"[217.0, 239.0]",35.918785545899944,0.9299872219562528,0.3614701628684997,0.7681755423545837,-0.1539708971977234,0.601383486505136,"[203.0, 236.0]"
normal_2398_RFM,0,1,9,normal,"[496.0, 230.0]",71.83757109179989,0.879703676700592,0.2550218105316162,0.8509364128112793,-0.1451318860054016,0.6691184252647611,"[519.0, 236.0]"
normal_2399_RFM,0,1,9,normal,"[206.0, 242.0]",45.254833995939045,0.9794378340244292,0.3440712094306946,0.8638554215431213,-0.153339147567749,0.2785377262115502,"[177.0, 227.0]"
normal_2400_RFM,0,1,9,normal,"[176.0, 229.0]",45.254833995939045,0.8513757884502411,0.3748311400413513,0.6379099488258362,-0.1500384211540222,0.4822487023193472,"[158.0, 244.0]"
normal_2401_RFM,0,1,9,normal,"[222.0, 246.0]",35.918785545899944,0.8908602178096771,0.3120554983615875,0.7847491502761841,-0.1474015712738037,0.3639172658442039,"[201.0, 255.0]"
normal_2402_RFM,0,1,0,normal,"[400.0, 276.0]",35.918785545899944,1.0347716867923735,0.3313238620758056,0.9595932364463806,-0.1586627960205078,-0.2224521551289593,"[362.0, 254.0]"
normal_2403_RFM,0,1,9,normal,"[468.0, 309.0]",57.01751796098172,0.7783101439476013,0.2986412048339844,0.6455605030059814,-0.1388829350471496,0.6838207445357983,"[486.0, 308.0]"
normal_2404_RFM,0,1,0,normal,"[217.0, 226.0]",35.918785545899944,0.6491716891527176,0.2638775259256363,0.5048315525054932,-0.1595603823661804,-1.0746373508374774,"[274.0, 274.0]"
normal_2405_RFM,0,1,9,normal,"[515.0, 267.0]",45.254833995939045,0.7507966578006744,0.1891036629676818,0.760481059551239,-0.1467812657356262,0.4103761792464623,"[541.0, 273.0]"
normal_2406_RFM,0,1,9,normal,"[470.0, 229.0]",45.254833995939045,1.012586271762848,0.3652465939521789,0.8814393281936646,-0.1516607403755188,0.5302094881758466,"[484.0, 213.0]"
normal_2407_RFM,0,1,9,normal,"[250.0, 234.0]",57.01751796098172,0.8493634700775147,0.1812770366668701,0.9104366898536682,-0.1539037525653839,0.672354350726849,"[232.0, 229.0]"
normal_2408_RFM,0,1,9,normal,"[454.0, 230.0]",35.918785545899944,0.9277975499629972,0.3292905986309051,0.812853217124939,-0.147548496723175,0.3266260850053568,"[478.0, 233.0]"
normal_2409_RFM,0,1,9,normal,"[210.0, 276.0]",45.254833995939045,0.8443314552307128,0.2067315578460693,0.8665784597396851,-0.15497487783432,0.6217587988465562,"[193.0, 274.0]"
normal_2410_RFM,0,1,0,normal,"[449.0, 240.0]",35.918785545899944,0.9812277257442472,0.342244029045105,0.8718132376670837,-0.1435721516609192,-0.1616565386580279,"[479.0, 211.0]"
normal_2411_RFM,0,1,9,normal,"[475.0, 230.0]",45.254833995939045,0.8919272661209107,0.2076836228370666,0.9379749298095704,-0.1383059620857238,0.5058941155986907,"[497.0, 226.0]"
normal_2412_RFM,0,1,9,normal,"[223.0, 239.0]",35.918785545899944,0.8871366918087005,0.3059103190898895,0.7875444889068604,-0.1497261524200439,0.218477538463416,"[195.0, 237.0]"
normal_2413_RFM,0,1,9,normal,"[175.0, 201.0]",45.254833995939045,0.8568770229816436,0.3151285946369171,0.7297625541687012,-0.1545732021331787,0.3370873926376118,"[151.0, 183.0]"
normal_2414_RFM,0,1,9,normal,"[521.0, 252.0]",35.918785545899944,0.6235259115695952,0.2383705973625183,0.5045906901359558,-0.1597091555595398,0.1518896877922718,"[533.0, 224.0]"
normal_2415_RFM,0,1,9,normal,"[513.0, 245.0]",45.254833995939045,0.9019318282604216,0.3198692202568054,0.7917506098747253,-0.1391859054565429,0.509365047871638,"[531.0, 258.0]"
normal_2416_RFM,0,1,9,normal,"[287.0, 217.0]",45.254833995939045,0.9359483480453492,0.2608230710029602,0.9229779243469238,-0.1452036499977111,0.4659997659176543,"[265.0, 207.0]"
normal_2417_RFM,0,1,9,normal,"[461.0, 253.0]",35.918785545899944,0.9201828241348268,0.2652444839477539,0.8951888084411621,-0.1415308713912964,0.5677978957161018,"[476.0, 249.0]"
normal_2418_RFM,0,1,9,normal,"[421.0, 272.0]",45.254833995939045,0.8778021574020386,0.2191634774208068,0.9005169868469238,-0.141383945941925,0.4542422126070944,"[442.0, 259.0]"
normal_2419_RFM,0,1,0,normal,"[457.0, 247.0]",45.254833995939045,0.711983996629715,0.2034789621829986,0.6879957914352417,-0.1345399022102356,-0.1202155205584325,"[476.0, 200.0]"
normal_2420_RFM,0,1,9,normal,"[192.0, 228.0]",45.254833995939045,0.903691416978836,0.2048647403717041,0.9575433135032654,-0.1427317857742309,0.5133621405500801,"[170.0, 227.0]"
normal_2421_RFM,0,1,9,normal,"[462.0, 234.0]",35.918785545899944,0.8704553246498107,0.2807275652885437,0.8010759353637695,-0.1448730230331421,0.4260516380281258,"[482.0, 239.0]"
normal_2422_RFM,0,1,9,normal,"[499.0, 260.0]",57.01751796098172,0.8583707451820373,0.1760032773017883,0.9329380989074708,-0.1465539932250976,0.5123800799617098,"[516.0, 282.0]"
normal_2423_RFM,0,1,9,normal,"[205.0, 247.0]",35.918785545899944,0.9111853182315826,0.3227406144142151,0.7963938117027283,-0.1548451781272888,0.5677978957161018,"[190.0, 251.0]"
normal_2424_RFM,0,1,9,normal,"[212.0, 247.0]",45.254833995939045,0.8725626528263092,0.2748096585273742,0.8105995059013367,-0.1516667008399963,0.4422947407007892,"[191.0, 233.0]"
normal_2425_RFM,0,1,9,normal,"[482.0, 273.0]",45.254833995939045,0.8435161411762238,0.2995405495166778,0.7394503355026245,-0.1318017840385437,0.5317711230071345,"[502.0, 266.0]"
normal_2426_RFM,0,1,9,normal,"[182.0, 234.0]",45.254833995939045,0.9518631160259248,0.2600471377372741,0.9450765252113342,-0.1513120532035827,0.6342281277900117,"[167.0, 227.0]"
normal_2427_RFM,0,1,9,normal,"[183.0, 194.0]",57.01751796098172,0.9038487911224364,0.2439365983009338,0.897138237953186,-0.1595771312713623,0.4034341739206032,"[169.0, 163.0]"
normal_2428_RFM,0,1,9,normal,"[495.0, 255.0]",57.01751796098172,0.9266136765480042,0.2382673025131225,0.9393525123596193,-0.1539980769157409,0.3615900735750678,"[529.0, 242.0]"
normal_2429_RFM,0,1,9,normal,"[189.0, 249.0]",57.01751796098172,0.8797743558883667,0.23421311378479,0.8776566386222839,-0.1560079753398895,0.6246603618614581,"[172.0, 236.0]"
normal_2430_RFM,0,1,9,normal,"[473.0, 322.0]",45.254833995939045,0.9214068710803984,0.2324261665344238,0.9414384961128236,-0.1498687863349914,0.1717276074563393,"[500.0, 296.0]"
normal_2431_RFM,0,1,9,normal,"[512.0, 245.0]",57.01751796098172,1.0002808690071106,0.3182392120361328,0.9293613433837892,-0.1574435830116272,0.577617721380555,"[536.0, 247.0]"
normal_2432_RFM,0,1,9,normal,"[178.0, 261.0]",57.01751796098172,0.97015580534935,0.3165004849433899,0.8885214924812317,-0.1584513783454895,0.5330022269715398,"[156.0, 246.0]"
normal_2433_RFM,0,1,0,normal,"[582.0, 250.0]",35.918785545899944,0.8008498311042784,0.1473054885864257,0.892589807510376,-0.143657386302948,-0.0743003188078046,"[602.0, 283.0]"
normal_2434_RFM,0,1,9,normal,"[201.0, 256.0]",35.918785545899944,0.8162422239780426,0.2073572874069214,0.8268945813179016,-0.1502936482429504,0.4530192932252089,"[182.0, 251.0]"
normal_2435_RFM,0,1,9,normal,"[580.0, 241.0]",57.01751796098172,0.8874685108661651,0.1931700110435485,0.9480262398719788,-0.1534006595611572,0.7172006766827093,"[594.0, 233.0]"
normal_2436_RFM,0,1,9,normal,"[192.0, 259.0]",45.254833995939045,0.8529569506645203,0.1944501996040344,0.8975355625152588,-0.1511592864990234,0.2168772446161458,"[158.0, 269.0]"
normal_2437_RFM,0,1,9,normal,"[569.0, 252.0]",45.254833995939045,0.7923734307289123,0.1665292978286743,0.8520419597625732,-0.1470738053321838,0.3254052142211593,"[595.0, 236.0]"
normal_2438_RFM,0,1,9,normal,"[573.0, 299.0]",35.918785545899944,0.8799705147743225,0.1539843082427978,0.9928274154663086,-0.1550350785255432,0.4881570734802078,"[590.0, 292.0]"
normal_2439_RFM,0,1,9,normal,"[207.0, 237.0]",35.918785545899944,0.8883910417556762,0.24074387550354,0.8833805322647095,-0.146403968334198,0.4980967172656042,"[189.0, 236.0]"
normal_2440_RFM,0,1,0,normal,"[564.0, 242.0]",35.918785545899944,0.7923613131046295,0.1730480790138244,0.8393647074699402,-0.1587896943092346,-1.200110922445761,"[566.0, 163.0]"
normal_2441_RFM,0,1,0,normal,"[201.0, 227.0]",45.254833995939045,0.7796081304550171,0.1547726988792419,0.8508226871490479,-0.1462977528572082,-0.8566813471891184,"[203.0, 143.0]"
normal_2442_RFM,0,1,9,normal,"[221.0, 256.0]",35.918785545899944,0.9329617202281952,0.2425153255462646,0.941851794719696,-0.1557506918907165,0.1117151712628087,"[194.0, 239.0]"
normal_2443_RFM,0,1,9,normal,"[555.0, 231.0]",45.254833995939045,0.8468423187732697,0.2112581133842468,0.8642943501472473,-0.1528908014297485,0.6342281277900117,"[570.0, 224.0]"
normal_2444_RFM,0,1,9,normal,"[563.0, 245.0]",45.254833995939045,0.925175803899765,0.2697745561599731,0.8946139216423035,-0.1458575129508972,0.4990243893162063,"[580.0, 260.0]"
normal_2445_RFM,0,1,0,normal,"[555.0, 270.0]",35.918785545899944,0.8910662651062011,0.2389847040176391,0.8897558450698853,-0.1462623476982116,-6.918187353411412,"[294.0, 383.0]"
normal_2446_RFM,0,1,0,normal,"[595.0, 197.0]",45.254833995939045,0.8541996479034424,0.1746460795402526,0.9389262199401855,-0.111526072025299,-1.9331750075643288,"[581.0, 329.0]"
normal_2447_RFM,0,2,9,normal,"[368.0, 252.0]",45.254833995939045,0.7648959457874298,0.1652419567108154,0.8193261027336121,-0.1306285858154297,0.6548324682128981,"[356.0, 262.0]"
normal_2448_RFM,0,1,9,normal,"[191.0, 233.0]",45.254833995939045,0.8778985559940338,0.271718680858612,0.8228691220283508,-0.1508574485778808,0.5271016890493264,"[174.0, 220.0]"
normal_2449_RFM,0,1,9,normal,"[184.0, 236.0]",45.254833995939045,0.9171985268592834,0.2158355116844177,0.9606591463088988,-0.1445080637931823,0.4841383118994007,"[168.0, 219.0]"
normal_2450_RFM,0,1,9,normal,"[190.0, 237.0]",45.254833995939045,0.8301913559436798,0.1701844930648803,0.8996069431304932,-0.1514100134372711,0.3367192101002774,"[160.0, 236.0]"
normal_2451_RFM,0,1,9,normal,"[514.0, 230.0]",45.254833995939045,0.8979354500770569,0.2887822389602661,0.8268511295318604,-0.1517871022224426,0.2644623565037612,"[542.0, 212.0]"
normal_2452_RFM,0,1,0,normal,"[265.0, 206.0]",45.254833995939045,0.8361608803272248,0.2861137092113495,0.7469148635864258,-0.136033833026886,-0.0317233762011985,"[233.0, 240.0]"
normal_2453_RFM,0,1,0,normal,"[191.0, 225.0]",45.254833995939045,0.8903633594512939,0.2993116378784179,0.8010073900222778,-0.1517327427864074,-1.002196059955168,"[208.0, 136.0]"
normal_2454_RFM,0,1,9,normal,"[563.0, 226.0]",45.254833995939045,0.8977284312248229,0.2164216041564941,0.9330620765686036,-0.1408168673515319,0.3988942480727705,"[589.0, 234.0]"
normal_2455_RFM,0,4,9,normal,,,,,,,,"[425.0, 246.0]"
normal_2456_RFM,0,1,9,normal,"[187.0, 242.0]",35.918785545899944,0.8892884314060211,0.2443273663520813,0.8760376572608948,-0.1586735248565673,0.2989919831267091,"[162.0, 239.0]"
normal_2457_RFM,0,1,9,normal,"[583.0, 247.0]",45.254833995939045,0.8474018156528472,0.2328313589096069,0.8386399149894714,-0.1376125812530517,0.5108601299219211,"[604.0, 240.0]"
normal_2458_RFM,0,1,9,normal,"[193.0, 219.0]",45.254833995939045,0.7956759452819824,0.173552393913269,0.8473141193389893,-0.1450183391571045,0.3061373965257963,"[168.0, 200.0]"
normal_2459_RFM,0,4,9,normal,,,,,,,,"[207.0, 288.0]"
normal_2460_RFM,0,1,9,normal,"[194.0, 227.0]",45.254833995939045,0.8421816527843475,0.2812583148479461,0.7576721906661987,-0.1527640223503112,0.5778357473091783,"[180.0, 214.0]"
normal_2461_RFM,0,1,9,normal,"[566.0, 264.0]",45.254833995939045,0.903941535949707,0.3062922358512878,0.8104053139686584,-0.1518279016017913,0.4898491338339217,"[589.0, 262.0]"
normal_2462_RFM,0,1,9,normal,"[198.0, 214.0]",45.254833995939045,1.018939697742462,0.3416428565979004,0.921725869178772,-0.1604436635971069,0.0937500000000001,"[199.0, 173.0]"
normal_2463_RFM,0,1,9,normal,"[564.0, 264.0]",45.254833995939045,0.8382489800453186,0.1831603050231933,0.8917656540870667,-0.1542635858058929,0.5558540498890033,"[584.0, 262.0]"
normal_2464_RFM,0,1,9,normal,"[202.0, 278.0]",35.918785545899944,0.741296249628067,0.1895394921302795,0.742926836013794,-0.1585398614406585,0.4769228986306698,"[185.0, 270.0]"
normal_2465_RFM,0,4,0,normal,"[614.0, 190.0]",35.918785545899944,0.8342304170131682,0.1402733325958252,0.9662259221076964,-0.0879946947097778,-4.946751550382535,"[414.0, 115.0]"
normal_2466_RFM,0,1,9,normal,"[554.0, 262.0]",35.918785545899944,0.9134774088859556,0.2868573069572449,0.8528081178665161,-0.1482720971107483,-0.0583084878780248,"[576.0, 293.0]"
normal_2467_RFM,0,1,0,normal,"[582.0, 240.0]",45.254833995939045,0.8646600365638732,0.1743727326393127,0.940497100353241,-0.1596966683864593,-2.3138263853889507,"[521.0, 377.0]"
normal_2468_RFM,0,1,0,normal,"[210.0, 264.0]",45.254833995939045,0.9716179132461548,0.2603864073753357,0.9727802276611328,-0.1514267325401306,-4.161881394535329,"[350.0, 77.0]"
normal_2469_RFM,0,2,9,normal,"[407.0, 254.0]",57.01751796098172,0.8427311718463897,0.2220096588134765,0.8463190197944641,-0.1414909958839416,0.7947174775526111,"[418.0, 250.0]"
normal_2470_RFM,0,1,0,normal,"[183.0, 196.0]",35.918785545899944,0.8225411713123322,0.219009518623352,0.8190001845359802,-0.1511576175689697,-6.32847543441409,"[326.0, 417.0]"
normal_2471_RFM,0,1,9,normal,"[554.0, 243.0]",45.254833995939045,0.8067136406898499,0.2120252847671508,0.8076766729354858,-0.1465734243392944,0.4458078796572438,"[579.0, 245.0]"
normal_2472_RFM,0,1,9,normal,"[208.0, 239.0]",45.254833995939045,0.7564011931419372,0.2098994851112365,0.7390211820602417,-0.1459344029426574,0.5871923495742841,"[190.0, 234.0]"
normal_2473_RFM,0,1,0,normal,"[195.0, 235.0]",35.918785545899944,0.9742786228656768,0.3258033394813537,0.8811009526252747,-0.1585230827331543,-0.0918337718334059,"[182.0, 272.0]"
normal_2474_RFM,0,1,9,normal,"[568.0, 216.0]",45.254833995939045,0.9156003773212432,0.2763916850090027,0.869798481464386,-0.151748776435852,0.7051880896232312,"[581.0, 213.0]"
normal_2475_RFM,0,1,9,normal,"[206.0, 246.0]",35.918785545899944,0.9307508528232574,0.229810893535614,0.95815247297287,-0.1511661410331726,0.4260516380281258,"[186.0, 251.0]"
normal_2476_RFM,0,1,9,normal,"[382.0, 237.0]",45.254833995939045,0.936608725786209,0.2753075361251831,0.9040618538856506,-0.1422894597053527,0.4687500000000001,"[399.0, 254.0]"
normal_2477_RFM,0,1,9,normal,"[199.0, 226.0]",45.254833995939045,0.7918769598007201,0.1885002851486206,0.8190979957580566,-0.1500403881072998,0.4529018312496377,"[181.0, 209.0]"
normal_2478_RFM,0,1,9,normal,"[568.0, 237.0]",35.918785545899944,0.9401709139347076,0.2500888109207153,0.9432983994483948,-0.1488661170005798,0.2772163764190019,"[593.0, 244.0]"
normal_2479_RFM,0,1,9,normal,"[578.0, 226.0]",45.254833995939045,0.8274559319019318,0.1392760276794433,0.943747341632843,-0.1377838253974914,0.418716398820679,"[604.0, 230.0]"
normal_2480_RFM,0,4,9,normal,,,,,,,,"[579.0, 259.0]"
normal_2481_RFM,0,1,9,normal,"[209.0, 226.0]",45.254833995939045,0.8786782503128051,0.2069936394691467,0.9168838262557985,-0.149329662322998,0.2269176951966887,"[179.0, 244.0]"
normal_2482_RFM,0,1,9,normal,"[205.0, 227.0]",45.254833995939045,0.8645028352737426,0.2401663064956665,0.849661111831665,-0.1478687524795532,0.7529470577993453,"[195.0, 232.0]"
normal_2483_RFM,0,1,9,normal,"[577.0, 240.0]",45.254833995939045,0.7703101873397827,0.2119211554527282,0.7548721432685852,-0.149892657995224,0.8517682346796072,"[580.0, 246.0]"
normal_2484_RFM,0,1,9,normal,"[195.0, 233.0]",45.254833995939045,0.777272367477417,0.2156184315681457,0.7599341869354248,-0.1485000252723693,0.6185451370083218,"[178.0, 236.0]"
normal_2485_RFM,0,1,0,normal,"[563.0, 233.0]",45.254833995939045,0.904465490579605,0.2642152309417724,0.8720950484275818,-0.1489186286926269,-0.6467890157819245,"[548.0, 160.0]"
normal_2486_RFM,0,2,9,normal,"[213.0, 222.0]",35.918785545899944,0.8128266036510468,0.3028444349765777,0.6852062940597534,-0.151688814163208,0.2692177895805938,"[188.0, 230.0]"
normal_2487_RFM,0,1,0,normal,"[201.0, 222.0]",45.254833995939045,0.9708533346652984,0.2704989314079284,0.954520046710968,-0.1609518527984619,-0.8260538481244193,"[231.0, 145.0]"
normal_2488_RFM,0,1,9,normal,"[556.0, 226.0]",45.254833995939045,0.9470856547355652,0.3172781467437744,0.8569592237472534,-0.1496802568435669,0.5219669206006764,"[574.0, 214.0]"
normal_2489_RFM,0,1,9,normal,"[217.0, 254.0]",45.254833995939045,0.908593475818634,0.3031544089317322,0.823095440864563,-0.1463612914085388,0.3626225608009019,"[201.0, 278.0]"
normal_2490_RFM,0,1,9,normal,"[209.0, 233.0]",45.254833995939045,0.9153199374675752,0.2429575324058532,0.9163764119148254,-0.1544945836067199,0.5255554234159695,"[190.0, 223.0]"
normal_2491_RFM,0,1,9,normal,"[564.0, 260.0]",45.254833995939045,0.920700979232788,0.2603740096092224,0.8988308310508728,-0.1557269394397735,0.4747582401883872,"[586.0, 269.0]"
normal_2492_RFM,0,1,9,normal,"[192.0, 233.0]",57.01751796098172,0.8313607037067412,0.1657131910324096,0.909023106098175,-0.1466566920280456,0.3891675614787436,"[165.0, 255.0]"
normal_2493_RFM,0,1,9,normal,"[199.0, 237.0]",45.254833995939045,0.8804870605468749,0.315540075302124,0.7619593739509583,-0.157877117395401,0.4422947407007892,"[178.0, 251.0]"
normal_2494_RFM,0,1,0,normal,"[589.0, 238.0]",45.254833995939045,0.8775717258453368,0.2167264223098755,0.9037628173828124,-0.1410566568374633,-4.192815424338708,"[448.0, 426.0]"
normal_2495_RFM,0,1,0,normal,"[568.0, 253.0]",45.254833995939045,0.9592274606227876,0.2599068880081177,0.9534546732902528,-0.1595115065574646,-4.930917403741178,"[354.0, 415.0]"
normal_2496_RFM,0,1,9,normal,"[575.0, 244.0]",45.254833995939045,0.855895733833313,0.2525526881217956,0.8196651935577393,-0.1478870511054992,0.5647378663379963,"[593.0, 236.0]"
normal_2497_RFM,0,1,9,normal,"[579.0, 302.0]",45.254833995939045,0.8963654100894927,0.2081693410873413,0.9422127604484558,-0.1432356834411621,0.4254757402859301,"[603.0, 312.0]"
normal_2498_RFM,0,1,0,normal,"[576.0, 250.0]",45.254833995939045,0.9026283025741576,0.2617924213409424,0.8726412057876587,-0.1499351859092712,-0.0791435406145004,"[609.0, 286.0]"
normal_2499_RFM,0,1,9,normal,"[204.0, 234.0]",45.254833995939045,0.9305680453777312,0.3058206439018249,0.8502331376075745,-0.1479210257530212,0.5889704238135655,"[189.0, 245.0]"
normal_2500_RFM,0,1,9,normal,"[287.0, 237.0]",45.254833995939045,0.9102721214294434,0.2565197348594665,0.8921282291412354,-0.1463131308555603,0.702714100149368,"[277.0, 228.0]"
normal_2501_RFM,0,1,9,normal,"[200.0, 225.0]",35.918785545899944,0.8137229979038239,0.1614850759506225,0.8898671269416809,-0.1466546654701233,0.2400999167125794,"[176.0, 238.0]"
normal_2502_RFM,0,1,0,normal,"[567.0, 235.0]",45.254833995939045,0.8585063338279724,0.2033820152282714,0.8939765095710754,-0.1467038094997406,-4.347038461849699,"[390.0, 400.0]"
normal_2503_RFM,0,1,0,normal,"[204.0, 244.0]",35.918785545899944,0.9716555714607238,0.3271949887275696,0.8770767450332642,-0.1525343060493469,-0.9114949052870948,"[189.0, 177.0]"
normal_2504_RFM,0,1,9,normal,"[387.0, 248.0]",45.254833995939045,0.8128288447856902,0.2183766961097717,0.8121160864830017,-0.1298544406890869,0.3668500128326623,"[362.0, 234.0]"
normal_2505_RFM,0,1,9,normal,"[195.0, 222.0]",45.254833995939045,0.7929690599441528,0.203294575214386,0.797256588935852,-0.157974362373352,0.5597186623873323,"[189.0, 203.0]"
normal_2506_RFM,0,1,9,normal,"[578.0, 241.0]",45.254833995939045,0.9684744596481324,0.3068580031394958,0.9005521535873413,-0.1561497449874878,0.4846117967977924,"[598.0, 229.0]"
normal_2507_RFM,0,1,9,normal,"[558.0, 233.0]",35.918785545899944,1.0198867201805115,0.3539906144142151,0.9084532260894777,-0.1498942375183105,0.4798949516709964,"[576.0, 228.0]"
normal_2508_RFM,0,1,9,normal,"[197.0, 225.0]",45.254833995939045,0.9356337249279022,0.2883608937263489,0.8809583783149719,-0.153009831905365,0.1169455530659505,"[176.0, 191.0]"
normal_2509_RFM,0,1,9,normal,"[216.0, 259.0]",35.918785545899944,0.932430100440979,0.2155051231384277,0.9786640405654908,-0.1593007445335388,0.348268615832659,"[194.0, 267.0]"
normal_2510_RFM,0,2,9,normal,"[390.0, 258.0]",57.01751796098172,0.8777310252189636,0.2061690092086792,0.9177778959274292,-0.1455874443054199,0.6775591613189595,"[407.0, 251.0]"
papilledema_0001_EDD,0,1,9,papilledema,"[288.0, 212.0]",71.83757109179989,0.8265436291694641,0.1118260025978088,0.9786758422851562,-0.1482226848602295,0.9377465595365868,"[286.0, 216.0]"
papilledema_0002_EDD,0,2,9,papilledema,"[256.0, 208.0]",90.50966799187808,0.8647001922130584,0.170350432395935,0.9492329359054564,-0.1494335234165191,0.7392450114331464,"[275.0, 194.0]"
papilledema_0003_EDD,0,1,9,papilledema,"[268.0, 226.0]",71.83757109179989,0.791195648908615,0.0915710926055908,0.96001797914505,-0.1380598545074463,0.929020157055744,"[267.0, 231.0]"
papilledema_0004_EDD,0,1,9,papilledema,"[143.0, 217.0]",57.01751796098172,0.8161107420921325,0.1171580553054809,0.9560649394989014,-0.1485361456871032,0.8015748685039751,"[135.0, 225.0]"
papilledema_0004_EDD,1,4,9,papilledema,"[200.0, 327.0]",35.918785545899944,0.6783526986837386,0.0422854423522949,0.8970513343811035,-0.0406566113233566,-2.367329970103903,"[135.0, 225.0]"
papilledema_0005_EDD,0,2,9,papilledema,"[328.0, 214.0]",114.03503592196344,0.8781791925430298,0.1590733528137207,0.9874171018600464,-0.139569342136383,0.7574549510309617,"[346.0, 193.0]"
papilledema_0005_EDD,1,4,9,papilledema,"[380.0, 153.0]",35.918785545899944,0.739530062675476,0.0283876657485961,0.994051456451416,-0.0765318870544433,-0.4615644208388123,"[346.0, 193.0]"
papilledema_0005_EDD,2,4,9,papilledema,"[260.0, 195.0]",35.918785545899944,0.7309660732746124,0.020578384399414,0.994764506816864,-0.0702626705169677,-1.3949376729482896,"[346.0, 193.0]"
papilledema_0005_EDD,3,3,9,papilledema,"[291.0, 249.0]",35.918785545899944,0.7151180267333984,0.0075970888137817,0.9966115951538086,-0.0494641065597534,-1.1852642459878862,"[346.0, 193.0]"
papilledema_0005_EDD,4,3,9,papilledema,"[377.0, 262.0]",35.918785545899944,0.732621544599533,0.0223623514175415,0.995029628276825,-0.0686922669410705,-1.1059704955682823,"[346.0, 193.0]"
papilledema_0006_EDD,0,2,9,papilledema,"[316.0, 258.0]",90.50966799187808,0.8331422507762909,0.141965627670288,0.9482455849647522,-0.1370235681533813,0.7211473703503946,"[330.0, 237.0]"
papilledema_0007_EDD,0,1,9,papilledema,"[416.0, 200.0]",57.01751796098172,0.8065954387187957,0.1055294275283813,0.9654121994972228,-0.126387357711792,0.6149516993159178,"[435.0, 189.0]"
papilledema_0007_EDD,1,2,9,papilledema,"[418.0, 178.0]",45.254833995939045,0.800824075937271,0.0962385535240173,0.9713284373283386,-0.1232780814170837,0.552568091772614,"[435.0, 189.0]"
papilledema_0007_EDD,2,4,9,papilledema,"[349.0, 313.0]",45.254833995939045,0.7228294730186462,0.044836401939392,0.9477224946022034,-0.0729366242885589,-2.3345375428985653,"[435.0, 189.0]"
papilledema_0007_EDD,3,4,9,papilledema,"[347.0, 309.0]",57.01751796098172,0.7274755775928498,0.0560023784637451,0.9384718537330629,-0.0727145075798034,-1.6098751265135576,"[435.0, 189.0]"
papilledema_0007_EDD,4,2,9,papilledema,"[412.0, 214.0]",71.83757109179989,0.8003322243690489,0.1113828420639038,0.9480885863304138,-0.1264368593692779,0.5271196535930245,"[435.0, 189.0]"
papilledema_0008_EDD,0,1,9,papilledema,"[266.0, 230.0]",71.83757109179989,0.8132856905460357,0.1086268424987793,0.9670712351799012,-0.1385449171066284,0.6943869612177602,"[255.0, 211.0]"
papilledema_0009_EDD,0,1,9,papilledema,"[153.0, 204.0]",57.01751796098172,0.7966309249401092,0.0931428074836731,0.9670290350914,-0.1328389644622802,0.6997897596956539,"[136.0, 202.0]"
papilledema_0009_EDD,1,4,9,papilledema,"[214.0, 300.0]",35.918785545899944,0.6880480945110321,0.0325416326522827,0.923795998096466,-0.0442463159561157,-2.4870818874082627,"[136.0, 202.0]"
papilledema_0010_EDD,0,1,9,papilledema,"[404.0, 242.0]",71.83757109179989,0.9250876247882842,0.2826905846595764,0.8767568469047546,-0.1433362364768982,0.5364312698137041,"[426.0, 267.0]"
papilledema_0011_EDD,0,1,9,papilledema,"[178.0, 214.0]",57.01751796098172,0.828410130739212,0.1349872946739196,0.9509595036506652,-0.1387559175491333,0.7557173869491196,"[165.0, 209.0]"
papilledema_0011_EDD,1,4,9,papilledema,"[234.0, 320.0]",35.918785545899944,0.6610680013895034,0.0423628687858581,0.8732761144638062,-0.037059262394905,-2.638712263746644,"[165.0, 209.0]"
papilledema_0012_EDD,0,1,9,papilledema,"[282.0, 228.0]",71.83757109179989,0.8094115734100341,0.1205270886421203,0.9436365365982056,-0.1416945457458496,0.7683201599922546,"[268.0, 237.0]"
papilledema_0013_EDD,0,1,9,papilledema,"[140.0, 191.0]",45.254833995939045,0.8182726800441742,0.1172930002212524,0.9603971838951112,-0.1435082554817199,0.7529470577993453,"[130.0, 196.0]"
papilledema_0013_EDD,1,4,9,papilledema,"[240.0, 165.0]",35.918785545899944,0.6725123763084411,0.0391595363616943,0.8943953514099121,-0.0363804697990417,-2.181753792666365,"[130.0, 196.0]"
papilledema_0013_EDD,2,4,9,papilledema,"[266.0, 270.0]",35.918785545899944,0.6457570374011993,0.0229079723358154,0.8830640912055969,-0.0235210061073303,-3.3105281960561346,"[130.0, 196.0]"
papilledema_0013_EDD,3,4,9,papilledema,"[254.0, 264.0]",57.01751796098172,0.6540574312210082,0.0347886085510253,0.878089189529419,-0.0230319499969482,-1.4803141437003116,"[130.0, 196.0]"
papilledema_0014_EDD,0,1,9,papilledema,"[307.0, 226.0]",57.01751796098172,0.8166633844375609,0.1130777597427368,0.9666092395782472,-0.1347957849502563,0.7369229574274907,"[319.0, 235.0]"
papilledema_0015_EDD,0,1,9,papilledema,"[423.0, 211.0]",45.254833995939045,0.872684782743454,0.1665982007980346,0.9680867791175842,-0.1421291828155517,0.5871923495742841,"[441.0, 206.0]"
papilledema_0015_EDD,1,4,9,papilledema,"[352.0, 319.0]",35.918785545899944,0.7038930594921112,0.061893343925476,0.8990823030471802,-0.063210517168045,-3.0045950026641046,"[441.0, 206.0]"
papilledema_0016_EDD,0,1,9,papilledema,"[168.0, 222.0]",71.83757109179989,0.8066052079200744,0.105991780757904,0.9616340398788452,-0.1373479962348938,0.6909193479996567,"[150.0, 235.0]"
papilledema_0016_EDD,1,4,9,papilledema,"[248.0, 318.0]",35.918785545899944,0.6805794119834899,0.0317648649215698,0.9182392358779908,-0.0302354097366333,-2.575429221263565,"[150.0, 235.0]"
papilledema_0017_EDD,0,2,9,papilledema,"[260.0, 240.0]",90.50966799187808,0.8393824517726898,0.1319366693496704,0.96922105550766,-0.1449552178382873,0.7823689331689981,"[252.0, 258.0]"
papilledema_0018_EDD,0,1,9,papilledema,"[152.0, 174.0]",71.83757109179989,0.813255923986435,0.1140512824058532,0.959688127040863,-0.1371147632598877,0.7633550279939725,"[144.0, 159.0]"
papilledema_0018_EDD,1,4,9,papilledema,"[177.0, 270.0]",35.918785545899944,0.7059431493282318,0.0300861001014709,0.9499882459640504,-0.0543263852596282,-2.223983011500544,"[144.0, 159.0]"
papilledema_0019_EDD,0,2,9,papilledema,"[270.0, 228.0]",90.50966799187808,0.8404056012630463,0.1493699550628662,0.9459733963012696,-0.1442713439464569,0.6171077889111611,"[245.0, 204.0]"
papilledema_0020_EDD,0,1,9,papilledema,"[159.0, 215.0]",57.01751796098172,0.831135094165802,0.1341744065284729,0.9559290409088136,-0.1390517950057983,0.6283664940498184,"[139.0, 208.0]"
papilledema_0021_EDD,0,1,9,papilledema,"[268.0, 236.0]",71.83757109179989,0.8537961483001708,0.1563671231269836,0.9554685354232788,-0.1430052518844604,0.6451007852787197,"[279.0, 213.0]"
papilledema_0022_EDD,0,1,9,papilledema,"[364.0, 208.0]",71.83757109179989,0.8546042263507843,0.1683539152145385,0.9389179348945618,-0.1450387835502624,0.7040505225559315,"[378.0, 192.0]"
papilledema_0023_EDD,0,1,9,papilledema,"[386.0, 210.0]",71.83757109179989,0.8742613792419434,0.2016832828521728,0.91910719871521,-0.1460152864456176,0.8169071387288693,"[399.0, 212.0]"
papilledema_0024_EDD,0,2,9,papilledema,"[276.0, 212.0]",71.83757109179989,0.765468853712082,0.0663964748382568,0.962311327457428,-0.1272722482681274,0.929020157055744,"[275.0, 217.0]"
papilledema_0025_EDD,0,1,9,papilledema,"[324.0, 234.0]",71.83757109179989,0.8809415161609649,0.2050461769104004,0.924159586429596,-0.144918143749237,0.6995021850427371,"[329.0, 213.0]"
papilledema_0026_EDD,0,1,9,papilledema,"[152.0, 218.0]",35.918785545899944,0.8349734425544738,0.1430041790008545,0.9472103118896484,-0.1446102261543274,0.47176204115353,"[134.0, 224.0]"
papilledema_0026_EDD,1,4,9,papilledema,"[319.0, 160.0]",45.254833995939045,0.6343790084123612,0.0379612445831298,0.8436383605003357,-0.0293545573949813,-3.325670558566613,"[134.0, 224.0]"
papilledema_0027_EDD,0,1,0,papilledema,"[400.0, 197.0]",57.01751796098172,0.8261136710643768,0.1447939872741699,0.9340199828147888,-0.1375284790992736,-3.269924012424529,"[312.0, 424.0]"
papilledema_0028_EDD,0,1,9,papilledema,"[284.0, 210.0]",71.83757109179989,0.8182094633579253,0.1480636596679687,0.9178243279457092,-0.138343870639801,0.4671963732028472,"[305.0, 242.0]"
papilledema_0029_EDD,0,1,9,papilledema,"[262.0, 220.0]",57.01751796098172,0.7919869065284728,0.1079977750778198,0.9391870498657228,-0.132790982723236,0.7123477125384443,"[252.0, 233.0]"
papilledema_0030_EDD,0,1,9,papilledema,"[244.0, 207.0]",57.01751796098172,0.8466210484504699,0.1390065550804138,0.9682437181472778,-0.1492194533348083,0.7277297355019288,"[229.0, 211.0]"
papilledema_0031_EDD,0,1,9,papilledema,"[460.0, 200.0]",45.254833995939045,0.8112914860248566,0.1335064768791198,0.927504301071167,-0.142659991979599,0.28125,"[483.0, 223.0]"
papilledema_0031_EDD,1,4,9,papilledema,"[359.0, 167.0]",35.918785545899944,0.6403084725141525,0.0328972339630126,0.8594980239868164,-0.0288131088018417,-2.787956879546849,"[483.0, 223.0]"
papilledema_0031_EDD,2,4,9,papilledema,"[369.0, 263.0]",35.918785545899944,0.6484067738056183,0.0338639020919799,0.8670411109924316,-0.0380704700946807,-2.363529825637501,"[483.0, 223.0]"
papilledema_0031_EDD,3,4,9,papilledema,"[305.0, 288.0]",35.918785545899944,0.6354246467351914,0.027295708656311,0.8606281876564026,-0.0284460335969924,-4.275699023178542,"[483.0, 223.0]"
papilledema_0032_EDD,0,1,9,papilledema,"[144.0, 182.0]",57.01751796098172,0.8218225598335266,0.1089369654655456,0.9764852523803712,-0.1467295885086059,0.6780364981294296,"[135.0, 198.0]"
papilledema_0032_EDD,1,4,9,papilledema,"[254.0, 152.0]",35.918785545899944,0.6693098902702331,0.0236490964889526,0.9136316776275636,-0.0305930972099304,-2.5519393169880606,"[135.0, 198.0]"
papilledema_0033_EDD,0,2,9,papilledema,"[308.0, 208.0]",90.50966799187808,0.8337307333946228,0.1097887754440307,0.9907310009002686,-0.1521512866020202,0.8201427432309166,"[324.0, 211.0]"
papilledema_0034_EDD,0,2,9,papilledema,"[434.0, 194.0]",90.50966799187808,0.8230540752410889,0.104616641998291,0.9850864410400392,-0.1443846225738525,0.5295603369586064,"[476.0, 187.0]"
papilledema_0035_EDD,0,1,9,papilledema,"[306.0, 210.0]",71.83757109179989,0.8162401616573334,0.1085301041603088,0.9688097834587096,-0.1477160453796386,0.6576060774512272,"[328.0, 199.0]"
papilledema_0036_EDD,0,1,9,papilledema,"[150.0, 198.0]",57.01751796098172,0.8770747721195221,0.1728163361549377,0.963622510433197,-0.1486133933067321,0.6023753942950674,"[135.0, 215.0]"
papilledema_0037_EDD,0,1,9,papilledema,"[196.0, 188.0]",71.83757109179989,0.8069839477539062,0.1179335713386535,0.9432180523872375,-0.143988698720932,0.804619384615854,"[182.0, 187.0]"
papilledema_0038_EDD,0,1,9,papilledema,"[328.0, 218.0]",90.50966799187808,0.8275667369365692,0.1151937842369079,0.9740176796913148,-0.1528028845787048,0.4645159534939439,"[346.0, 173.0]"
papilledema_0039_EDD,0,2,9,papilledema,"[180.0, 212.0]",90.50966799187808,0.7789030134677887,0.087403655052185,0.9569697976112366,-0.1081025004386901,0.4793099155327615,"[135.0, 198.0]"
papilledema_0039_EDD,1,4,9,papilledema,"[227.0, 287.0]",45.254833995939045,0.7298685193061829,0.0357700586318969,0.9695509076118468,-0.0770641267299652,-1.828513440174892,"[135.0, 198.0]"
papilledema_0039_EDD,2,1,9,papilledema,"[153.0, 200.0]",57.01751796098172,0.7659375250339507,0.0585015416145324,0.975779354572296,-0.1219521760940551,0.6823648078005007,"[135.0, 198.0]"
papilledema_0040_EDD,0,1,9,papilledema,"[148.0, 188.0]",71.83757109179989,0.8466906666755676,0.1367498040199279,0.9713181257247924,-0.1500908732414245,0.8051159054068008,"[134.0, 188.0]"
papilledema_0041_EDD,0,3,9,papilledema,"[316.0, 210.0]",114.03503592196344,0.878771811723709,0.1643329858779907,0.981671154499054,-0.136345088481903,0.7614510242616451,"[332.0, 188.0]"
papilledema_0041_EDD,1,4,9,papilledema,"[349.0, 142.0]",35.918785545899944,0.7462740242481232,0.0380417108535766,0.9921249747276306,-0.0687241554260253,-0.3653245396698783,"[332.0, 188.0]"
papilledema_0041_EDD,2,4,9,papilledema,"[258.0, 298.0]",35.918785545899944,0.7486763715744018,0.0361972451210022,0.9921859502792358,-0.0897448062896728,-2.6909518331013147,"[332.0, 188.0]"
papilledema_0042_EDD,0,1,9,papilledema,"[448.0, 209.0]",57.01751796098172,0.8729539573192596,0.1578887701034546,0.982178032398224,-0.1377028226852417,0.3090644311430123,"[464.0, 173.0]"
papilledema_0043_EDD,0,1,9,papilledema,"[144.0, 200.0]",71.83757109179989,0.8387286126613617,0.136060893535614,0.963340938091278,-0.1416453123092651,0.7490483586328021,"[126.0, 201.0]"
papilledema_0043_EDD,1,4,9,papilledema,"[207.0, 309.0]",45.254833995939045,0.7036745846271515,0.05008465051651,0.9263009428977966,-0.0258963704109191,-1.983106733130747,"[126.0, 201.0]"
papilledema_0044_EDD,0,1,9,papilledema,"[302.0, 214.0]",90.50966799187808,0.848271644115448,0.1505001187324524,0.956265389919281,-0.1419287621974945,0.586306178285196,"[323.0, 183.0]"
papilledema_0044_EDD,1,4,9,papilledema,"[260.0, 295.0]",45.254833995939045,0.7575396180152892,0.0721014738082885,0.957839846611023,-0.0747512578964233,-1.839540153132193,"[323.0, 183.0]"
papilledema_0045_EDD,0,3,9,papilledema,"[162.0, 240.0]",114.03503592196344,0.8387390434741974,0.1300119161605835,0.982053816318512,-0.1064472794532775,0.5309483962642104,"[112.0, 221.0]"
papilledema_0045_EDD,1,3,9,papilledema,"[143.0, 157.0]",35.918785545899944,0.7402019262313843,0.0312955975532531,0.9916034936904908,-0.0739194154739379,-0.9798160129710028,"[112.0, 221.0]"
papilledema_0045_EDD,2,4,9,papilledema,"[124.0, 310.0]",35.918785545899944,0.7393934607505799,0.034513235092163,0.9879499673843384,-0.0665762424468994,-1.500233337169691,"[112.0, 221.0]"
papilledema_0045_EDD,3,4,9,papilledema,"[129.0, 308.0]",45.254833995939045,0.7437446534633636,0.0412773489952087,0.9847872257232666,-0.0655812323093414,-0.9588042430268522,"[112.0, 221.0]"
papilledema_0045_EDD,4,2,9,papilledema,"[129.0, 184.0]",57.01751796098172,0.7681567192077636,0.0572595596313476,0.991847038269043,-0.0830211639404296,0.2858590201897385,"[112.0, 221.0]"
papilledema_0046_EDD,0,3,9,papilledema,"[296.0, 232.0]",143.67514218359975,0.8598076879978179,0.150257408618927,0.993614673614502,-0.0701000392436981,0.8300811757661576,"[316.0, 218.0]"
papilledema_0046_EDD,1,4,9,papilledema,"[294.0, 125.0]",35.918785545899944,0.7253599405288695,0.0206807255744934,0.9937244057655334,-0.045360654592514,-1.6606336812411189,"[316.0, 218.0]"
papilledema_0046_EDD,2,4,9,papilledema,"[206.0, 148.0]",35.918785545899944,0.7260674476623534,0.0210447907447814,0.995174765586853,-0.0420016050338745,-2.6299681663077843,"[316.0, 218.0]"
papilledema_0046_EDD,3,4,9,papilledema,"[226.0, 340.0]",45.254833995939045,0.7418846726417541,0.0406736731529235,0.9926482439041138,-0.0317861437797546,-2.3500233208143486,"[316.0, 218.0]"
papilledema_0047_EDD,0,1,9,papilledema,"[278.0, 212.0]",71.83757109179989,0.890402603149414,0.2064795494079589,0.9343887567520142,-0.1492546200752258,0.6434665515486087,"[262.0, 192.0]"
papilledema_0048_EDD,0,1,9,papilledema,"[166.0, 216.0]",71.83757109179989,0.8540283441543579,0.1938416957855224,0.9021416306495668,-0.1434375345706939,0.4628498405960977,"[146.0, 249.0]"
papilledema_0049_EDD,0,1,9,papilledema,"[388.0, 222.0]",57.01751796098172,0.8272349536418914,0.1502521634101867,0.925064504146576,-0.1471881866455078,0.6982567612666206,"[402.0, 212.0]"
papilledema_0050_EDD,0,1,9,papilledema,"[300.0, 222.0]",57.01751796098172,0.8132028043270111,0.1335008144378662,0.9314932227134703,-0.1382836699485778,0.8336154690739577,"[297.0, 213.0]"
papilledema_0051_EDD,0,1,9,papilledema,"[282.0, 214.0]",90.50966799187808,0.8264346897602081,0.1108838319778442,0.97908753156662,-0.1509479284286499,0.9301228757031316,"[284.0, 220.0]"
papilledema_0052_EDD,0,1,9,papilledema,"[169.0, 190.0]",45.254833995939045,0.8459685325622558,0.1424178481101989,0.963070273399353,-0.1470074653625488,0.3626225608009019,"[153.0, 214.0]"
papilledema_0053_EDD,0,1,9,papilledema,"[314.0, 203.0]",57.01751796098172,0.8302854716777801,0.1521319150924682,0.9269281029701232,-0.1465194225311279,0.9276870377198954,"[318.0, 202.0]"
papilledema_0054_EDD,0,1,9,papilledema,"[280.0, 246.0]",114.03503592196344,0.919892567396164,0.2175580859184265,0.9592119455337524,-0.1544305980205536,0.6530883638535725,"[269.0, 208.0]"
papilledema_0055_EDD,0,1,0,papilledema,"[428.0, 214.0]",90.50966799187808,0.9081072151660918,0.1964356303215026,0.9716535210609436,-0.1575706005096435,-0.620825467258119,"[373.0, 350.0]"
papilledema_0055_EDD,1,3,0,papilledema,"[472.0, 173.0]",35.918785545899944,0.7774203658103943,0.0775293707847595,0.9771507978439332,-0.0794271826744079,-4.646218887737886,"[373.0, 350.0]"
papilledema_0056_EDD,0,3,9,papilledema,"[286.0, 228.0]",114.03503592196344,0.8744500935077666,0.1605151891708374,0.981468379497528,-0.1345351934432983,0.9332154978135356,"[283.0, 235.0]"
papilledema_0056_EDD,1,4,9,papilledema,"[361.0, 194.0]",35.918785545899944,0.7359510838985442,0.0256378650665283,0.9919421076774596,-0.0797687172889709,-1.4532911138555868,"[283.0, 235.0]"
papilledema_0056_EDD,2,4,9,papilledema,"[356.0, 194.0]",45.254833995939045,0.733226978778839,0.0256627798080444,0.9880695343017578,-0.079577624797821,-0.8500950144519603,"[283.0, 235.0]"
papilledema_0057_EDD,0,1,9,papilledema,"[296.0, 222.0]",90.50966799187808,0.874183201789856,0.1759266257286071,0.9537999629974364,-0.152983009815216,0.7765570367800767,"[316.0, 219.0]"
papilledema_0058_EDD,0,1,9,papilledema,"[460.0, 210.0]",90.50966799187808,0.9102429926395416,0.2110304236412048,0.9548062086105348,-0.1542411148548126,0.1258374543312898,"[438.0, 134.0]"
papilledema_0058_EDD,1,4,9,papilledema,"[298.0, 205.0]",35.918785545899944,0.6559718340635299,0.0303068757057189,0.8883402347564697,-0.0191339701414108,-3.3702624640474736,"[438.0, 134.0]"
papilledema_0059_EDD,0,1,0,papilledema,"[416.0, 212.0]",90.50966799187808,0.846088033914566,0.1386047601699829,0.9706665873527528,-0.1400833129882812,-0.4874556847390445,"[346.0, 97.0]"
papilledema_0059_EDD,1,3,0,papilledema,"[412.0, 263.0]",45.254833995939045,0.7588049173355103,0.050558865070343,0.984289050102234,-0.0962185859680175,-2.9474081686595315,"[346.0, 97.0]"
papilledema_0060_EDD,0,1,9,papilledema,"[316.0, 218.0]",114.03503592196344,0.8732104301452637,0.1591254472732544,0.976521134376526,-0.1526009440422058,0.8237405628915971,"[318.0, 198.0]"
papilledema_0060_EDD,1,4,9,papilledema,"[371.0, 175.0]",35.918785545899944,0.7370950758457183,0.0281727313995361,0.9912938475608826,-0.0750832557678222,-0.6085016913722494,"[318.0, 198.0]"
papilledema_0060_EDD,2,3,9,papilledema,"[376.0, 266.0]",35.918785545899944,0.7370455384254455,0.0277550816535949,0.9900659322738647,-0.0812215209007263,-1.4882693144456651,"[318.0, 198.0]"
papilledema_0060_EDD,3,3,9,papilledema,"[370.0, 259.0]",45.254833995939045,0.7415139019489287,0.0322626233100891,0.9902303814888,-0.0804500579833984,-0.7712162576179116,"[318.0, 198.0]"
papilledema_0060_EDD,4,3,9,papilledema,"[294.0, 279.0]",45.254833995939045,0.7388316571712493,0.0280927419662475,0.9913850426673888,-0.0838469266891479,-0.8667788517256134,"[318.0, 198.0]"
papilledema_0061_EDD,0,1,9,papilledema,"[463.0, 205.0]",57.01751796098172,0.8291060447692871,0.1186433434486389,0.9785690307617188,-0.1273218989372253,0.6972390746043123,"[480.0, 208.0]"
papilledema_0061_EDD,1,4,9,papilledema,"[365.0, 195.0]",35.918785545899944,0.7265351772308348,0.0429997444152832,0.9587408304214478,-0.0620842576026916,-2.222059106801986,"[480.0, 208.0]"
papilledema_0061_EDD,2,4,9,papilledema,"[382.0, 272.0]",35.918785545899944,0.6967564702033996,0.0216835141181945,0.953797459602356,-0.0370736718177795,-2.258656920836705,"[480.0, 208.0]"
papilledema_0061_EDD,3,4,9,papilledema,"[369.0, 197.0]",45.254833995939045,0.724357098340988,0.0449025630950927,0.9528721570968628,-0.0622201263904571,-1.4647911295888745,"[480.0, 208.0]"
papilledema_0061_EDD,4,4,9,papilledema,"[379.0, 278.0]",45.254833995939045,0.6933787584304809,0.0239149928092956,0.94584459066391,-0.0368627607822418,-1.7154254098115085,"[480.0, 208.0]"
papilledema_0061_EDD,5,1,9,papilledema,"[456.0, 208.0]",71.83757109179989,0.8213802814483643,0.1257703304290771,0.9574830532073976,-0.1268590688705444,0.6659129806973728,"[480.0, 208.0]"
papilledema_0062_EDD,0,1,9,papilledema,"[148.0, 188.0]",71.83757109179989,0.8466906666755676,0.1367498040199279,0.9713181257247924,-0.1500908732414245,0.8051159054068008,"[134.0, 188.0]"
papilledema_0063_EDD,0,1,9,papilledema,"[336.0, 232.0]",71.83757109179989,0.7885380625724793,0.0964434742927551,0.948447585105896,-0.1409063935279846,0.7799008504806375,"[351.0, 227.0]"
papilledema_0064_EDD,0,1,9,papilledema,"[324.0, 234.0]",71.83757109179989,0.8282611608505249,0.1471593976020813,0.9324495792388916,-0.1419352889060974,0.8716612447056235,"[331.0, 240.0]"
papilledema_0065_EDD,0,1,0,papilledema,"[148.0, 173.0]",57.01751796098172,0.8756298243999481,0.1595713496208191,0.9805038571357728,-0.1485288739204406,-1.4431409074098602,"[167.0, 311.0]"
papilledema_0066_EDD,0,1,9,papilledema,"[471.0, 215.0]",57.01751796098172,0.850234979391098,0.1368534564971923,0.9740427136421204,-0.1577581167221069,0.6169540441450407,"[492.0, 209.0]"
papilledema_0066_EDD,1,4,9,papilledema,"[219.0, 271.0]",35.918785545899944,0.7006573498249054,0.0366661548614501,0.93594092130661,-0.0441627502441406,-6.794021354222102,"[492.0, 209.0]"
papilledema_0066_EDD,2,4,9,papilledema,"[216.0, 263.0]",45.254833995939045,0.7053397446870804,0.0446192026138305,0.9314973950386048,-0.0433618277311325,-5.214430032191205,"[492.0, 209.0]"
papilledema_0066_EDD,3,4,9,papilledema,"[212.0, 248.0]",57.01751796098172,0.7105011910200119,0.0536937117576599,0.9259989857673644,-0.0430409461259841,-3.958178372211517,"[492.0, 209.0]"
papilledema_0067_EDD,0,2,9,papilledema,"[312.0, 220.0]",90.50966799187808,0.8103518962860108,0.0994554758071899,0.9740638732910156,-0.1452585458755493,0.9056012033312923,"[304.0, 223.0]"
papilledema_0068_EDD,0,2,0,papilledema,"[282.0, 214.0]",90.50966799187808,0.8223774909973144,0.1180841922760009,0.9639425873756408,-0.1476674377918243,-0.4417820055620405,"[312.0, 341.0]"
papilledema_0069_EDD,0,1,9,papilledema,"[398.0, 221.0]",57.01751796098172,0.8585689425468445,0.2015377879142761,0.8970173597335815,-0.1455950140953064,0.8211420035125994,"[408.0, 219.0]"
papilledema_0070_EDD,0,1,9,papilledema,"[290.0, 232.0]",57.01751796098172,0.8609476029872893,0.1867296695709228,0.922363817691803,-0.1428163051605224,0.8111049025031329,"[300.0, 236.0]"
papilledema_0071_EDD,0,1,9,papilledema,"[156.0, 217.0]",45.254833995939045,0.88660209774971,0.2013883590698242,0.9377912878990172,-0.1437991857528686,0.53125,"[141.0, 202.0]"
papilledema_0072_EDD,0,1,9,papilledema,"[280.0, 227.0]",57.01751796098172,0.8411744058132171,0.1736080050468444,0.9136608242988586,-0.1400191187858581,0.7753980016522417,"[270.0, 219.0]"
papilledema_0073_EDD,0,1,9,papilledema,"[282.0, 214.0]",90.50966799187808,0.8264346897602081,0.1108838319778442,0.97908753156662,-0.1509479284286499,0.9301228757031316,"[284.0, 220.0]"
papilledema_0074_EDD,0,2,9,papilledema,"[266.0, 218.0]",71.83757109179989,0.7819570779800414,0.1012879610061645,0.9353580474853516,-0.1295924186706543,0.8494290151796813,"[257.0, 224.0]"
papilledema_0075_EDD,0,1,9,papilledema,"[161.0, 200.0]",45.254833995939045,0.8052480518817902,0.1102262139320373,0.9533758759498596,-0.1382936239242553,0.6898526056050125,"[147.0, 201.0]"
papilledema_0075_EDD,1,4,9,papilledema,"[261.0, 317.0]",35.918785545899944,0.6598144441843032,0.0312345027923584,0.8869063258171082,-0.0387275665998458,-3.528012454749069,"[147.0, 201.0]"
papilledema_0076_EDD,0,3,9,papilledema,"[252.0, 214.0]",90.50966799187808,0.8142810761928558,0.1283580064773559,0.9527847170829772,-0.0948688387870788,0.489251277228714,"[288.0, 243.0]"
papilledema_0076_EDD,1,2,9,papilledema,"[292.0, 248.0]",35.918785545899944,0.7382649958133697,0.0370810031890869,0.9775455594062804,-0.0845105051994323,0.8217332757743043,"[288.0, 243.0]"
papilledema_0076_EDD,2,3,9,papilledema,"[250.0, 179.0]",45.254833995939045,0.7516937911510467,0.05357426404953,0.9743818640708924,-0.0802611112594604,-0.6447121708675958,"[288.0, 243.0]"
papilledema_0076_EDD,3,1,9,papilledema,"[280.0, 247.0]",45.254833995939045,0.7466984510421752,0.0453956127166748,0.9768781661987304,-0.0874406099319458,0.8023576462394764,"[288.0, 243.0]"
papilledema_0076_EDD,4,1,9,papilledema,"[272.0, 237.0]",57.01751796098172,0.7459187626838684,0.0487107038497924,0.9720513820648192,-0.0838604569435119,0.7003025017271229,"[288.0, 243.0]"
papilledema_0077_EDD,0,1,9,papilledema,"[345.0, 211.0]",57.01751796098172,0.9334616303443908,0.2585283517837524,0.921004056930542,-0.1511521935462951,0.3676414890715966,"[365.0, 181.0]"
papilledema_0078_EDD,0,3,9,papilledema,"[296.0, 202.0]",114.03503592196344,0.8443659543991089,0.1286868453025818,0.9914988279342652,-0.1081496477127075,0.4685380698307448,"[344.0, 239.0]"
papilledema_0078_EDD,1,4,9,papilledema,"[391.0, 169.0]",35.918785545899944,0.7322317063808441,0.0250661969184875,0.9948670864105223,-0.0537927448749542,-1.3473757453514383,"[344.0, 239.0]"
papilledema_0078_EDD,2,4,9,papilledema,"[221.0, 239.0]",35.918785545899944,0.7431929707527161,0.0326761007308959,0.9944800138473512,-0.0719043016433715,-2.4243919478519285,"[344.0, 239.0]"
papilledema_0078_EDD,3,4,9,papilledema,"[383.0, 244.0]",35.918785545899944,0.726802134513855,0.0183079242706298,0.9945845603942872,-0.0614250898361206,-0.0946697084852639,"[344.0, 239.0]"
papilledema_0079_EDD,0,1,9,papilledema,"[404.0, 211.0]",57.01751796098172,0.8607634425163269,0.1831973195075988,0.92606782913208,-0.1465932130813598,0.788081866666605,"[415.0, 216.0]"
papilledema_0080_EDD,0,1,9,papilledema,"[285.0, 219.0]",57.01751796098172,0.8694939255714417,0.1745539903640747,0.9516006708145142,-0.1440973281860351,0.8586003383413546,"[292.0, 223.0]"
papilledema_0081_EDD,0,1,9,papilledema,"[167.0, 219.0]",57.01751796098172,0.8299813389778137,0.1562075018882751,0.922094464302063,-0.1415385603904724,0.893317654857218,"[161.0, 220.0]"
papilledema_0081_EDD,1,4,9,papilledema,"[226.0, 325.0]",35.918785545899944,0.5996563732624054,0.0267900824546813,0.813014805316925,-0.0187796354293823,-2.4380586224018628,"[161.0, 220.0]"
papilledema_0082_EDD,0,1,9,papilledema,"[277.0, 228.0]",57.01751796098172,0.8418432533740997,0.1517292261123657,0.9461641907691956,-0.1389954686164856,0.8735282978143193,"[273.0, 234.0]"
papilledema_0083_EDD,0,1,9,papilledema,"[414.0, 186.0]",35.918785545899944,0.8722589612007141,0.1852898597717285,0.9406588077545166,-0.1425396800041198,0.8329564903486864,"[414.0, 180.0]"
papilledema_0083_EDD,1,4,9,papilledema,"[345.0, 268.0]",57.01751796098172,0.6724332273006439,0.0642805099487304,0.8550894260406494,-0.0479505956172943,-0.9612526345967622,"[414.0, 180.0]"
papilledema_0084_EDD,0,1,9,papilledema,"[312.0, 184.0]",71.83757109179989,0.8213000059127807,0.1172345280647277,0.9646400213241576,-0.1440873146057129,0.6887327976829338,"[316.0, 206.0]"
papilledema_0085_EDD,0,1,9,papilledema,"[277.0, 228.0]",45.254833995939045,0.8227322697639464,0.1306314468383789,0.950914740562439,-0.1323025226593017,0.8391307790470781,"[275.0, 221.0]"
papilledema_0086_EDD,0,1,9,papilledema,"[181.0, 197.0]",57.01751796098172,0.8219069778919219,0.130475640296936,0.9471572041511536,-0.1421064734458923,0.4065359236694026,"[170.0, 229.0]"
papilledema_0086_EDD,1,4,9,papilledema,"[221.0, 311.0]",35.918785545899944,0.6309871375560759,0.0265463590621948,0.8575667142868042,-0.0207203924655914,-1.688455027404529,"[170.0, 229.0]"
papilledema_0087_EDD,0,1,9,papilledema,"[237.0, 189.0]",57.01751796098172,0.8246144831180572,0.1241290569305419,0.960410177707672,-0.1409915089607238,0.292132074762691,"[210.0, 159.0]"
papilledema_0088_EDD,0,1,9,papilledema,"[164.0, 180.0]",45.254833995939045,0.8434050798416137,0.1379337906837463,0.9655911922454834,-0.1477872729301452,0.7823689331689981,"[160.0, 189.0]"
papilledema_0088_EDD,1,4,9,papilledema,"[267.0, 323.0]",35.918785545899944,0.6311487600207328,0.0238472819328308,0.861066460609436,-0.0227747783064842,-3.774071814090792,"[160.0, 189.0]"
papilledema_0089_EDD,0,1,9,papilledema,"[306.0, 214.0]",57.01751796098172,0.7839684963226319,0.087407648563385,0.9562069177627563,-0.1360800266265869,0.6448730590978543,"[313.0, 233.0]"
papilledema_0090_EDD,0,1,9,papilledema,"[409.0, 190.0]",45.254833995939045,0.802753859758377,0.1157680749893188,0.9434871077537536,-0.1327240467071533,0.7823689331689981,"[413.0, 199.0]"
papilledema_0091_EDD,0,1,9,papilledema,"[284.0, 208.0]",57.01751796098172,0.8041519105434417,0.110612154006958,0.9516353011131288,-0.1369752287864685,0.8876990008261209,"[280.0, 213.0]"
papilledema_0092_EDD,0,1,9,papilledema,"[166.0, 230.0]",57.01751796098172,0.843355107307434,0.1457358598709106,0.956347107887268,-0.1408813595771789,0.9123076524758302,"[163.0, 226.0]"
papilledema_0092_EDD,1,4,9,papilledema,"[272.0, 197.0]",35.918785545899944,0.6571025699377059,0.0437835454940795,0.8657958507537842,-0.0363096445798873,-2.1401909046343897,"[163.0, 226.0]"
papilledema_0093_EDD,0,1,9,papilledema,"[282.0, 236.0]",71.83757109179989,0.8286933839321136,0.1342356204986572,0.9505669474601746,-0.1453045010566711,0.868676223476416,"[287.0, 228.0]"
papilledema_0094_EDD,0,1,9,papilledema,"[292.0, 216.0]",71.83757109179989,0.8413716316223144,0.147665798664093,0.9485968351364136,-0.1484402418136596,0.9559801700961276,"[289.0, 215.0]"
papilledema_0095_EDD,0,1,9,papilledema,"[453.0, 184.0]",57.01751796098172,0.809283584356308,0.1205561757087707,0.945517122745514,-0.1343271136283874,0.6448730590978543,"[460.0, 203.0]"
papilledema_0096_EDD,0,1,9,papilledema,"[424.0, 215.0]",57.01751796098172,0.8286422073841094,0.1431843638420105,0.938043177127838,-0.1441380977630615,0.8345424096062464,"[432.0, 210.0]"
papilledema_0096_EDD,1,4,9,papilledema,"[315.0, 180.0]",35.918785545899944,0.6504670798778533,0.0417385101318359,0.8601239919662476,-0.0332088768482208,-2.3627231822978976,"[432.0, 210.0]"
papilledema_0096_EDD,2,4,9,papilledema,"[334.0, 333.0]",57.01751796098172,0.646872118115425,0.0540723800659179,0.8417786359786987,-0.0177734643220901,-1.75822754167292,"[432.0, 210.0]"
papilledema_0097_EDD,0,4,9,papilledema,"[342.0, 307.0]",35.918785545899944,0.7435895979404449,0.0381088852882385,0.9787009358406068,-0.1019502878189086,-3.043791054260124,"[438.0, 198.0]"
papilledema_0097_EDD,1,4,9,papilledema,"[214.0, 298.0]",35.918785545899944,0.7077861815690994,0.0373867154121398,0.9460094571113586,-0.0409642308950424,-5.829517367448768,"[438.0, 198.0]"
papilledema_0097_EDD,2,4,9,papilledema,"[345.0, 299.0]",45.254833995939045,0.7425376296043396,0.0417881608009338,0.9715749621391296,-0.103234976530075,-2.033826224835562,"[438.0, 198.0]"
papilledema_0098_EDD,0,3,9,papilledema,"[280.0, 252.0]",114.03503592196344,0.8492914974689483,0.1346831321716308,0.9806458353996276,-0.1407814025878906,0.5931037276628429,"[317.0, 224.0]"
papilledema_0098_EDD,1,4,9,papilledema,"[224.0, 236.0]",35.918785545899944,0.7375609517097472,0.0288198590278625,0.9934921264648438,-0.0664830207824707,-1.610639425119162,"[317.0, 224.0]"
papilledema_0098_EDD,2,3,9,papilledema,"[348.0, 242.0]",35.918785545899944,0.7409730434417724,0.0327807068824768,0.991997241973877,-0.0689713358879089,0.0020014286935797,"[317.0, 224.0]"
papilledema_0098_EDD,3,4,9,papilledema,"[316.0, 312.0]",35.918785545899944,0.7353001296520233,0.0270596146583557,0.9921075701713562,-0.0688260793685913,-1.4501296549212777,"[317.0, 224.0]"
papilledema_0098_EDD,4,4,9,papilledema,"[230.0, 332.0]",35.918785545899944,0.7331755638122558,0.0229973196983337,0.9910722970962524,-0.082138180732727,-2.861018402158784,"[317.0, 224.0]"
papilledema_0098_EDD,5,4,9,papilledema,"[314.0, 304.0]",45.254833995939045,0.740186321735382,0.0325744748115539,0.9915589094161988,-0.067603051662445,-0.7690094774336287,"[317.0, 224.0]"
papilledema_0098_EDD,6,4,9,papilledema,"[231.0, 320.0]",45.254833995939045,0.7387248277664183,0.0286995768547058,0.990991711616516,-0.0816552639007568,-1.848039347516112,"[317.0, 224.0]"
papilledema_0099_EDD,0,2,9,papilledema,"[412.0, 198.0]",90.50966799187808,0.8641704738140106,0.1686637997627258,0.9517483115196228,-0.1464142799377441,0.3517978589783894,"[463.0, 169.0]"
papilledema_0100_EDD,0,4,9,papilledema,"[336.0, 261.0]",35.918785545899944,0.7852331161499023,0.0948168039321899,0.9616696834564208,-0.0862376689910888,-1.110933295675538,"[279.0, 211.0]"
papilledema_0100_EDD,1,1,9,papilledema,"[322.0, 200.0]",71.83757109179989,0.7610976636409759,0.0799030661582946,0.9355366826057434,-0.1315945982933044,0.3821522447407647,"[279.0, 211.0]"
papilledema_0101_EDD,0,3,9,papilledema,"[169.0, 179.0]",45.254833995939045,0.8205581903457642,0.1113238334655761,0.9819791316986084,-0.1092448234558105,0.6016391005005637,"[154.0, 189.0]"
papilledema_0101_EDD,1,3,9,papilledema,"[211.0, 267.0]",35.918785545899944,0.7962167501449584,0.0919365286827087,0.9791566133499146,-0.0943529605865478,-1.6896080048467912,"[154.0, 189.0]"
papilledema_0101_EDD,2,3,9,papilledema,"[216.0, 260.0]",45.254833995939045,0.7810231983661652,0.0826677083969116,0.9715034365653992,-0.0915154218673706,-1.0828775543103824,"[154.0, 189.0]"
papilledema_0101_EDD,3,2,9,papilledema,"[182.0, 183.0]",57.01751796098172,0.7879671156406401,0.0870633721351623,0.9692798256874084,-0.1120393276214599,0.4977746638121169,"[154.0, 189.0]"
papilledema_0101_EDD,4,2,9,papilledema,"[218.0, 208.0]",90.50966799187808,0.7937774062156677,0.1056262254714965,0.9441223740577698,-0.1363275945186615,0.2623907655048645,"[154.0, 189.0]"
papilledema_0102_EDD,0,1,9,papilledema,"[164.0, 240.0]",45.254833995939045,0.8011986613273621,0.0898648500442504,0.978298544883728,-0.1326241493225097,0.6715031868495525,"[159.0, 226.0]"
papilledema_0102_EDD,1,4,9,papilledema,"[271.0, 174.0]",45.254833995939045,0.7083268046379089,0.0447046160697937,0.9303938746452332,-0.0617323815822601,-1.728609994117884,"[159.0, 226.0]"
papilledema_0103_EDD,0,1,9,papilledema,"[279.0, 207.0]",57.01751796098172,0.7846876382827759,0.0883786678314209,0.9572737216949464,-0.1310868263244629,0.8823483698976526,"[282.0, 213.0]"
papilledema_0104_EDD,0,1,9,papilledema,"[423.0, 206.0]",45.254833995939045,0.7961067616939543,0.1009866595268249,0.954874575138092,-0.1335394978523254,0.7962749248374172,"[432.0, 208.0]"
papilledema_0104_EDD,1,4,9,papilledema,"[313.0, 315.0]",35.918785545899944,0.6857401967048644,0.0365796089172363,0.9131033420562744,-0.0499412417411804,-3.455363524034997,"[432.0, 208.0]"
papilledema_0104_EDD,2,4,9,papilledema,"[338.0, 309.0]",57.01751796098172,0.7168429195880889,0.0664226412773132,0.9127829670906068,-0.0573610067367553,-1.4198639345287545,"[432.0, 208.0]"
papilledema_0105_EDD,0,1,9,papilledema,"[326.0, 258.0]",45.254833995939045,0.7991519153118133,0.0978651642799377,0.9656910300254822,-0.1265151500701904,0.7903686271093947,"[335.0, 255.0]"
papilledema_0105_EDD,1,1,9,papilledema,"[329.0, 252.0]",57.01751796098172,0.7711252868175507,0.0875861644744873,0.9403628706932068,-0.126425564289093,0.8823483698976526,"[335.0, 255.0]"
papilledema_0106_EDD,0,1,9,papilledema,"[455.0, 183.0]",57.01751796098172,0.8236883759498597,0.1084430217742919,0.9837907552719116,-0.1329591274261474,0.6250703452040641,"[459.0, 204.0]"
papilledema_0106_EDD,1,4,9,papilledema,"[347.0, 164.0]",35.918785545899944,0.7251863479614257,0.041897177696228,0.9585153460502625,-0.0616421401500701,-2.3110403976930534,"[459.0, 204.0]"
papilledema_0107_EDD,0,2,9,papilledema,"[258.0, 202.0]",90.50966799187808,0.8507235109806061,0.1562188267707824,0.9494423270225524,-0.1494752764701843,0.5647378663379963,"[242.0, 166.0]"
papilledema_0108_EDD,0,1,9,papilledema,"[274.0, 228.0]",71.83757109179989,0.8748938620090484,0.1945363879203796,0.9277493357658386,-0.1546646952629089,0.8142801341782941,"[287.0, 231.0]"
papilledema_0109_EDD,0,1,9,papilledema,"[304.0, 246.0]",71.83757109179989,0.8576928496360778,0.1961103677749633,0.9031234383583068,-0.1469803750514984,0.4802676532941575,"[291.0, 211.0]"
papilledema_0110_EDD,0,1,9,papilledema,"[417.0, 177.0]",57.01751796098172,0.910331118106842,0.2118305563926696,0.95621657371521,-0.1457448005676269,0.6982567612666206,"[431.0, 187.0]"
papilledema_0110_EDD,1,4,9,papilledema,"[464.0, 72.0]",362.0386719675124,0.5674315862357615,0.065759539604187,0.7136474251747131,-0.0105942450463771,0.6695349438740723,"[431.0, 187.0]"
papilledema_0111_EDD,0,1,0,papilledema,"[147.0, 134.0]",57.01751796098172,0.8949484646320343,0.2026651501655578,0.946238100528717,-0.1495832204818725,-2.1230789630979947,"[200.0, 304.0]"
papilledema_0112_EDD,0,1,9,papilledema,"[147.0, 214.0]",57.01751796098172,0.803345251083374,0.0980653166770935,0.9689538478851318,-0.1350612044334411,0.756347794743421,"[140.0, 226.0]"
papilledema_0112_EDD,1,4,9,papilledema,"[236.0, 283.0]",35.918785545899944,0.6986127793788909,0.0377144217491149,0.9281520247459412,-0.0559597015380859,-2.1083112276415656,"[140.0, 226.0]"
papilledema_0113_EDD,0,2,9,papilledema,"[266.0, 214.0]",90.50966799187808,0.8210682928562164,0.1307811737060547,0.9459503293037416,-0.1406094431877136,0.8740272226828352,"[263.0, 225.0]"
papilledema_0114_EDD,0,1,9,papilledema,"[410.0, 208.0]",71.83757109179989,0.82540585398674,0.1510570645332336,0.9226906895637512,-0.142326533794403,0.7490483586328021,"[427.0, 214.0]"
papilledema_0115_EDD,0,1,9,papilledema,"[310.0, 232.0]",71.83757109179989,0.8381050288677214,0.1382203102111816,0.9581188559532166,-0.1460075974464416,0.8370671539581648,"[314.0, 243.0]"
papilledema_0116_EDD,0,1,9,papilledema,"[278.0, 226.0]",71.83757109179989,0.8469261169433593,0.1446003913879394,0.9603854417800904,-0.1502795815467834,0.570270853932169,"[265.0, 198.0]"
papilledema_0117_EDD,0,1,9,papilledema,"[482.0, 214.0]",71.83757109179989,0.8419383227825165,0.1366723179817199,0.964399516582489,-0.150931715965271,0.5861199502883683,"[504.0, 234.0]"
papilledema_0117_EDD,1,4,9,papilledema,"[380.0, 331.0]",35.918785545899944,0.6350716512650251,0.0250227451324462,0.87079918384552,-0.0024473872035741,-3.383013591255315,"[504.0, 234.0]"
papilledema_0118_EDD,0,1,0,papilledema,"[164.0, 206.0]",71.83757109179989,0.8294766843318939,0.146490216255188,0.933113157749176,-0.1490362882614135,-0.42348178445587,"[180.0, 307.0]"
papilledema_0119_EDD,0,2,9,papilledema,"[296.0, 204.0]",90.50966799187808,0.8475068509578704,0.1585828065872192,0.9431542158126832,-0.1435804665088653,0.8429706934199861,"[307.0, 195.0]"
papilledema_0120_EDD,0,1,9,papilledema,"[449.0, 198.0]",57.01751796098172,0.8442258238792418,0.1765650510787964,0.916167140007019,-0.1317188739776611,0.5996769898569319,"[469.0, 187.0]"
papilledema_0120_EDD,1,4,9,papilledema,"[342.0, 181.0]",35.918785545899944,0.6710073709487915,0.0532497763633728,0.8693507313728333,-0.0460604131221771,-2.539697997928086,"[469.0, 187.0]"
papilledema_0121_EDD,0,1,9,papilledema,"[257.0, 211.0]",57.01751796098172,0.889489197731018,0.1935817599296569,0.9532036781311036,-0.1433243155479431,0.8431311598635368,"[249.0, 215.0]"
papilledema_0121_EDD,1,4,9,papilledema,"[210.0, 295.0]",35.918785545899944,0.6337110459804535,0.0313572883605957,0.8519518971443176,-0.0299371480941772,-1.477812059827818,"[249.0, 215.0]"
papilledema_0122_EDD,0,1,9,papilledema,"[269.0, 222.0]",57.01751796098172,0.8121877372264862,0.1481131911277771,0.9071778655052184,-0.1452502012252807,0.9607827899658842,"[270.0, 220.0]"
papilledema_0123_EDD,0,1,9,papilledema,"[266.0, 197.0]",57.01751796098172,0.8361327767372131,0.1638851165771484,0.9181755781173706,-0.1476237773895263,0.9607827899658842,"[264.0, 196.0]"
papilledema_0124_EDD,0,1,9,papilledema,"[171.0, 186.0]",45.254833995939045,0.8946318924427031,0.197939932346344,0.9523252844810486,-0.1503213047981262,0.7962749248374172,"[162.0, 188.0]"
papilledema_0125_EDD,0,1,0,papilledema,"[412.0, 168.0]",45.254833995939045,0.8933251619338989,0.2103847861289978,0.9310640096664428,-0.1559778451919555,-0.8312606654979511,"[400.0, 250.0]"
papilledema_0126_EDD,0,1,9,papilledema,"[144.0, 213.0]",45.254833995939045,0.8545743525028229,0.154249906539917,0.9587708115577698,-0.1459243893623352,0.5848334295129243,"[136.0, 196.0]"
papilledema_0126_EDD,1,4,9,papilledema,"[210.0, 314.0]",35.918785545899944,0.6345162242650986,0.0365018248558044,0.8481414914131165,-0.021576777100563,-2.877744769345081,"[136.0, 196.0]"
papilledema_0126_EDD,2,4,9,papilledema,"[229.0, 314.0]",45.254833995939045,0.647892764210701,0.0508541464805603,0.8457666635513306,-0.0250097662210464,-2.3199356403776865,"[136.0, 196.0]"
papilledema_0127_EDD,0,1,9,papilledema,"[256.0, 240.0]",57.01751796098172,0.8233635425567627,0.1303119659423828,0.949722409248352,-0.1412294507026672,0.5761637333332099,"[246.0, 218.0]"
papilledema_0128_IFD,0,1,9,papilledema,"[356.0, 280.0]",90.50966799187808,0.803374046087265,0.1427960991859436,0.9071253538131714,-0.1279509961605072,0.0649772312264262,"[405.0, 349.0]"
papilledema_0129_IFD,0,1,9,papilledema,"[177.0, 271.0]",57.01751796098172,0.773299366235733,0.1934716701507568,0.7869394421577454,-0.1448504328727722,0.5787115055522659,"[153.0, 270.0]"
papilledema_0129_IFD,1,4,9,papilledema,"[291.0, 179.0]",45.254833995939045,0.5211782157421112,0.0398691296577453,0.6779592037200928,-0.0336882174015045,-2.6527092898628,"[153.0, 270.0]"
papilledema_0130_IFD,0,1,9,papilledema,"[470.0, 235.0]",57.01751796098172,0.6720522463321685,0.1554620862007141,0.6980254054069519,-0.1398618817329406,0.693703798041084,"[487.0, 231.0]"
papilledema_0131_IFD,0,1,9,papilledema,"[473.0, 241.0]",57.01751796098172,0.7144188702106475,0.1842881441116333,0.717413067817688,-0.1397078931331634,0.7646967397953053,"[485.0, 247.0]"
papilledema_0131_IFD,1,4,9,papilledema,"[332.0, 167.0]",35.918785545899944,0.4874967634677887,0.0310494899749755,0.6443853974342346,-0.0268874764442443,-3.806755802694609,"[485.0, 247.0]"
papilledema_0132_IFD,0,1,9,papilledema,"[130.0, 278.0]",71.83757109179989,0.6643761634826659,0.1730150878429412,0.6626714468002319,-0.1374553143978119,0.5677978957161018,"[122.0, 308.0]"
papilledema_0133_IFD,0,1,9,papilledema,"[414.0, 230.0]",71.83757109179989,0.6837510168552399,0.1360588073730468,0.7458992004394531,-0.127813845872879,0.6380723957554872,"[414.0, 256.0]"
papilledema_0134_IFD,0,1,9,papilledema,"[206.0, 254.0]",71.83757109179989,0.7147813618183135,0.1319295167922973,0.7940941452980042,-0.1349297165870666,0.9559801700961276,"[205.0, 251.0]"
papilledema_0135_IFD,0,1,9,papilledema,"[464.0, 256.0]",71.83757109179989,0.7278031527996063,0.1463221907615661,0.7913602590560913,-0.1376439034938812,0.2586872438278158,"[508.0, 226.0]"
papilledema_0136_IFD,0,1,9,papilledema,"[159.0, 267.0]",57.01751796098172,0.6475183606147765,0.1526463031768798,0.6666905879974365,-0.1409432291984558,0.8000306807673768,"[152.0, 276.0]"
papilledema_0137_IFD,0,1,9,papilledema,"[127.0, 298.0]",57.01751796098172,0.6298996984958649,0.1314879059791565,0.6790745258331299,-0.1152981221675872,0.8411824039002503,"[126.0, 307.0]"
papilledema_0137_IFD,1,3,9,papilledema,"[132.0, 267.0]",35.918785545899944,0.5593409836292267,0.0551996231079101,0.6929343342781067,-0.0954366326332092,-0.1260819712466689,"[126.0, 307.0]"
papilledema_0137_IFD,2,4,9,papilledema,"[242.0, 249.0]",45.254833995939045,0.4941923320293426,0.0296887755393981,0.6550381779670715,-0.0298841595649719,-1.8658141295275927,"[126.0, 307.0]"
papilledema_0137_IFD,3,4,9,papilledema,"[246.0, 186.0]",71.83757109179989,0.520475122332573,0.051996111869812,0.6560602188110352,-0.0461842864751815,-1.3722155231054691,"[126.0, 307.0]"
papilledema_0138_IFD,0,1,0,papilledema,"[496.0, 295.0]",57.01751796098172,0.6139378488063811,0.1059576272964477,0.6916521191596985,-0.1191186904907226,-2.4680521881132926,"[366.0, 146.0]"
papilledema_0138_IFD,1,2,0,papilledema,"[489.0, 295.0]",45.254833995939045,0.6027124464511872,0.0841040611267089,0.7063990235328674,-0.1206453442573547,-3.269372209412058,"[366.0, 146.0]"
papilledema_0138_IFD,2,4,0,papilledema,"[379.0, 197.0]",57.01751796098172,0.5402467668056489,0.0535067319869995,0.6745197772979736,-0.0728809535503387,0.0769365039043016,"[366.0, 146.0]"
papilledema_0139_IFD,0,3,9,papilledema,"[481.0, 297.0]",45.254833995939045,0.6549575090408325,0.0648953914642334,0.806647777557373,-0.1270433664321899,-0.1050752943804325,"[531.0, 296.0]"
papilledema_0139_IFD,1,4,9,papilledema,"[353.0, 204.0]",35.918785545899944,0.5895639359951019,0.0207355022430419,0.7942381501197815,-0.0643086433410644,-4.578408493952376,"[531.0, 296.0]"
papilledema_0140_IFD,0,1,0,papilledema,"[454.0, 216.0]",71.83757109179989,0.8245251715183258,0.1511901617050171,0.9237712621688844,-0.1334756314754486,-2.6004076947001744,"[250.0, 375.0]"
papilledema_0141_PPE,0,2,9,papilledema,"[111.0, 133.0]",35.918785545899944,0.679563021659851,0.1186549663543701,0.7569353580474854,-0.155266523361206,-0.0267100423550126,"[87.0, 105.0]"
papilledema_0142_PPE,0,1,9,papilledema,"[137.0, 129.0]",35.918785545899944,0.6641163170337677,0.1576588749885559,0.6786277890205383,-0.1570899486541748,0.4146852205021597,"[158.0, 128.0]"
papilledema_0143_PPE,0,1,9,papilledema,"[140.0, 173.0]",45.254833995939045,0.7775039970874785,0.0647628307342529,0.9897568225860596,-0.09955695271492,0.650614378515658,"[149.0, 186.0]"
papilledema_0144_PPE,0,2,9,papilledema,"[152.0, 181.0]",35.918785545899944,0.7746276378631591,0.0646761059761047,0.9806243777275084,-0.1175723373889923,0.3572501850952557,"[174.0, 174.0]"
papilledema_0145_PPE,0,2,9,papilledema,"[113.0, 117.0]",35.918785545899944,0.777121216058731,0.1588091850280761,0.840160071849823,-0.150999903678894,0.3774655953658676,"[91.0, 121.0]"
papilledema_0146_PPE,0,1,9,papilledema,"[141.0, 126.0]",45.254833995939045,0.8396956652402878,0.1352925896644592,0.9866601228713988,-0.0687049478292465,0.5613853485119313,"[154.0, 141.0]"
papilledema_0147_PPE,0,3,9,papilledema,"[104.0, 101.0]",35.918785545899944,0.5922021627426147,0.0729200839996337,0.7007406949996948,-0.1438179612159729,0.1364929418644536,"[75.0, 112.0]"
papilledema_0148_PPE,0,2,9,papilledema,"[109.0, 124.0]",35.918785545899944,0.7366572320461272,0.1359456181526184,0.8217548727989197,-0.1274160146713256,0.3818386959993135,"[91.0, 111.0]"
papilledema_0149_PPE,0,1,9,papilledema,"[105.0, 113.0]",35.918785545899944,0.7097763538360595,0.1113797426223754,0.817414402961731,-0.131032645702362,0.6370031833692216,"[92.0, 114.0]"
papilledema_0150_PPE,0,1,9,papilledema,"[119.0, 147.0]",35.918785545899944,0.7224964618682861,0.0758299231529235,0.894137978553772,-0.1038497686386108,0.5786955009633133,"[134.0, 149.0]"
papilledema_0151_PPE,0,1,9,papilledema,"[134.0, 129.0]",35.918785545899944,0.816524475812912,0.1699956655502319,0.8794869780540466,-0.154439628124237,0.6924906883872062,"[135.0, 140.0]"
papilledema_0151_PPE,1,4,9,papilledema,"[7.0, 100.0]",45.254833995939045,0.581837722659111,0.0243303179740905,0.7937860488891602,-0.0092858523130416,-1.9633173977824243,"[135.0, 140.0]"
papilledema_0152_PPE,0,3,9,papilledema,"[115.0, 130.0]",35.918785545899944,0.818229466676712,0.1065081357955932,0.9786322712898254,-0.1333937048912048,-0.6157136615887657,"[173.0, 128.0]"
papilledema_0153_PPE,0,1,9,papilledema,"[134.0, 121.0]",45.254833995939045,0.5740248203277587,0.1589412987232208,0.580206573009491,-0.0446946024894714,0.6016391005005637,"[149.0, 111.0]"
papilledema_0154_PPE,0,1,9,papilledema,"[91.0, 150.0]",35.918785545899944,0.7301264882087707,0.0576303601264953,0.9200117588043212,-0.1424394845962524,0.2503693088045944,"[65.0, 143.0]"
papilledema_0155_PPE,0,2,9,papilledema,"[110.0, 126.0]",35.918785545899944,0.8042553424835205,0.1222917437553405,0.9309009313583374,-0.1516647338867187,0.3645268325718176,"[90.0, 115.0]"
papilledema_0156_PPE,0,3,9,papilledema,"[119.0, 127.0]",35.918785545899944,0.8230850338935851,0.1157004237174987,0.974193036556244,-0.1272474229335785,0.0387939770640398,"[85.0, 133.0]"
papilledema_0157_PPE,0,2,9,papilledema,"[107.0, 130.0]",35.918785545899944,0.5843104064464569,0.1195039749145507,0.6286923885345459,-0.12360879778862,0.5786955009633133,"[92.0, 128.0]"
papilledema_0158_PPE,0,3,9,papilledema,"[123.0, 145.0]",35.918785545899944,0.7141718804836273,0.0750885605812072,0.8789160847663879,-0.1192103028297424,-0.199409105912649,"[163.0, 161.0]"
papilledema_0159_PPE,0,2,9,papilledema,"[126.0, 125.0]",35.918785545899944,0.8022336661815643,0.1025274395942688,0.962720513343811,-0.129009336233139,0.2676285549154772,"[152.0, 121.0]"
papilledema_0160_PPE,0,2,9,papilledema,"[132.0, 125.0]",35.918785545899944,0.7002173781394958,0.1412515044212341,0.753942608833313,-0.1560302376747131,0.4866449788224937,"[150.0, 129.0]"
papilledema_0161_PPE,0,2,9,papilledema,"[135.0, 127.0]",35.918785545899944,0.728009694814682,0.1477991938591003,0.7841511368751526,-0.1565235257148742,0.4594336210466906,"[154.0, 123.0]"
papilledema_0162_PPE,0,1,9,papilledema,"[108.0, 127.0]",35.918785545899944,0.7131851494312286,0.0866256952285766,0.8509194254875183,-0.1545792818069458,0.4957855617603935,"[90.0, 125.0]"
papilledema_0163_PPE,0,2,9,papilledema,"[110.0, 111.0]",45.254833995939045,0.7890914559364318,0.0794740915298461,0.9734817743301392,-0.1409006118774414,-0.1950826984983087,"[65.0, 141.0]"
papilledema_0164_PPE,0,1,9,papilledema,"[141.0, 140.0]",57.01751796098172,0.5459184288978576,0.0854386091232299,0.6511209011077881,-0.0234759449958801,0.8586003383413546,"[145.0, 147.0]"
papilledema_0165_PPE,0,1,9,papilledema,"[111.0, 123.0]",35.918785545899944,0.8042690336704253,0.1117467880249023,0.9518565535545348,-0.1311132907867431,0.2426542099339979,"[89.0, 139.0]"
papilledema_0166_PPE,0,1,9,papilledema,"[110.0, 123.0]",35.918785545899944,0.8561603903770446,0.1602782011032104,0.9536455869674684,-0.1416513919830322,0.3990043700854742,"[89.0, 118.0]"
papilledema_0167_PPE,0,2,0,papilledema,"[109.0, 120.0]",35.918785545899944,0.6959021210670471,0.1229579448699951,0.7741029262542725,-0.1553606390953064,-0.3847717762679532,"[84.0, 163.0]"
papilledema_0168_PPE,0,3,9,papilledema,"[133.0, 120.0]",35.918785545899944,0.7333798289299011,0.135439932346344,0.8160162568092346,-0.1336425840854644,0.2027669730102719,"[161.0, 126.0]"
papilledema_0169_PPE,0,1,9,papilledema,"[152.0, 142.0]",57.01751796098172,0.8650770843029022,0.1572310924530029,0.981201171875,-0.1050258576869964,0.6448730590978543,"[171.0, 135.0]"
papilledema_0170_PPE,0,2,9,papilledema,"[139.0, 166.0]",35.918785545899944,0.7939332902431488,0.0830389857292175,0.9804686903953552,-0.122831106185913,0.9212549343815704,"[137.0, 168.0]"
papilledema_0171_PPE,0,2,9,papilledema,"[129.0, 121.0]",35.918785545899944,0.811691927909851,0.1041483283042907,0.9724609851837158,-0.1341045498847961,0.3295099265867679,"[153.0, 119.0]"
papilledema_0172_PPE,0,1,9,papilledema,"[135.0, 115.0]",45.254833995939045,0.9021921932697295,0.1882675290107727,0.976307213306427,-0.15254807472229,0.5580582617584078,"[147.0, 99.0]"
papilledema_0173_PPE,0,1,9,papilledema,"[107.0, 114.0]",45.254833995939045,0.9264022171497344,0.2328801155090332,0.9478957056999208,-0.1499755382537841,0.6065725527495571,"[96.0, 128.0]"
papilledema_0174_PPE,0,1,9,papilledema,"[103.0, 155.0]",57.01751796098172,0.8593878924846649,0.15005624294281,0.98780357837677,-0.0893457233905792,0.4560246403611144,"[74.0, 144.0]"
papilledema_0175_PPE,0,1,9,papilledema,"[120.0, 148.0]",71.83757109179989,0.7957130461931229,0.0940849781036377,0.9918041825294496,-0.0368257015943527,0.6494959915633546,"[145.0, 145.0]"
papilledema_0175_PPE,1,3,9,papilledema,"[80.0, 140.0]",35.918785545899944,0.7304710209369659,0.0333421230316162,0.9886804819107056,-0.0252628028392791,-0.8149840831538921,"[145.0, 145.0]"
papilledema_0176_PPE,0,2,9,papilledema,"[112.0, 135.0]",35.918785545899944,0.7737415015697479,0.0813303589820861,0.9547815322875975,-0.1203203499317169,0.0133271558402087,"[78.0, 125.0]"
papilledema_0177_PPE,0,4,9,papilledema,"[192.0, 166.0]",35.918785545899944,0.4336926519870758,0.0643563866615295,0.5215241312980652,-0.0213468670845031,-2.511447235381755,"[80.0, 108.0]"
papilledema_0177_PPE,1,1,9,papilledema,"[86.0, 107.0]",57.01751796098172,0.4166892290115356,0.1137044131755828,0.4224171042442322,-0.0364642143249511,0.893317654857218,"[80.0, 108.0]"
papilledema_0178_PPE,0,3,9,papilledema,"[139.0, 111.0]",35.918785545899944,0.5677982151508332,0.0658884048461914,0.681459903717041,-0.124439388513565,0.1329099096350157,"[162.0, 90.0]"
papilledema_0179_PPE,0,2,9,papilledema,"[132.0, 118.0]",35.918785545899944,0.7433552265167236,0.097683846950531,0.8854636549949646,-0.129234105348587,0.2649874664846021,"[156.0, 107.0]"
papilledema_0180_PPE,0,2,9,papilledema,"[108.0, 156.0]",45.254833995939045,0.7950194537639618,0.0836552381515502,0.9866859912872314,-0.1034201085567474,0.5801553486704875,"[89.0, 156.0]"
papilledema_0181_PPE,0,2,9,papilledema,"[103.0, 137.0]",35.918785545899944,0.8078311264514922,0.0963719487190246,0.979663610458374,-0.1284732520580291,0.6370031833692216,"[92.0, 130.0]"
papilledema_0182_PPE,0,2,9,papilledema,"[100.0, 166.0]",45.254833995939045,0.7902448117733002,0.0778788924217224,0.987306833267212,-0.1062556803226471,0.7051880896232312,"[113.0, 169.0]"
papilledema_0183_PPE,0,3,9,papilledema,"[106.0, 113.0]",35.918785545899944,0.7752621114253997,0.0716599225997924,0.9730724692344666,-0.1122573018074035,0.1643185708144409,"[76.0, 114.0]"
papilledema_0184_PPE,0,2,9,papilledema,"[109.0, 115.0]",35.918785545899944,0.8049038589000701,0.1185858845710754,0.944047212600708,-0.1274246275424957,0.2027669730102719,"[83.0, 103.0]"
papilledema_0185_PPE,0,1,9,papilledema,"[103.0, 131.0]",35.918785545899944,0.8470147371292114,0.1651808023452758,0.9396970272064208,-0.1202300786972045,0.2503693088045944,"[77.0, 138.0]"
papilledema_0186_PPE,0,2,9,papilledema,"[124.0, 126.0]",35.918785545899944,0.8025795400142669,0.1326066851615905,0.92002534866333,-0.1297755539417266,0.4022372909533198,"[143.0, 116.0]"
papilledema_0187_PPE,0,3,9,papilledema,"[104.0, 141.0]",35.918785545899944,0.6110406219959259,0.0679006576538086,0.7415403127670288,-0.1203087270259857,0.0031670883142265,"[125.0, 170.0]"
papilledema_0188_PPE,0,2,9,papilledema,"[130.0, 124.0]",35.918785545899944,0.6112966358661651,0.1188915967941284,0.6677513122558594,-0.1248956024646759,0.2120573408584962,"[154.0, 139.0]"
papilledema_0189_PPE,0,1,9,papilledema,"[94.0, 154.0]",57.01751796098172,0.6229976058006286,0.139750063419342,0.6815496683120728,-0.0308138728141784,0.8823483698976526,"[91.0, 148.0]"
papilledema_0190_PPE,0,1,9,papilledema,"[120.0, 120.0]",45.254833995939045,0.5365145206451416,0.0432239174842834,0.6706523299217224,-0.1191698610782623,0.6715031868495525,"[134.0, 115.0]"
papilledema_0191_PPE,0,2,9,papilledema,"[98.0, 98.0]",35.918785545899944,0.65589160323143,0.0975110530853271,0.7620634436607361,-0.1246806979179382,0.275609593501821,"[124.0, 99.0]"
papilledema_0192_PPE,0,1,9,papilledema,"[114.0, 124.0]",35.918785545899944,0.7839560985565185,0.1761519908905029,0.8301224708557129,-0.133591890335083,0.7093357598193548,"[104.0, 121.0]"
papilledema_0193_PPE,0,2,9,papilledema,"[139.0, 133.0]",35.918785545899944,0.8070328056812286,0.1215554475784301,0.9420250058174132,-0.1302992701530456,0.4048362715628576,"[160.0, 137.0]"
papilledema_0194_PPE,0,3,9,papilledema,"[115.0, 149.0]",35.918785545899944,0.7246702849864959,0.0936001539230346,0.8716283440589905,-0.1046514511108398,-0.1798628365838968,"[75.0, 163.0]"
papilledema_0195_PPE,0,1,9,papilledema,"[106.0, 123.0]",35.918785545899944,0.7408082067966462,0.1904656291007995,0.7483394145965576,-0.1325249373912811,0.3152121549024544,"[84.0, 134.0]"
papilledema_0196_PPE,0,2,0,papilledema,"[108.0, 128.0]",35.918785545899944,0.872024393081665,0.1903444528579712,0.936342477798462,-0.1312010288238525,-0.1198700098263501,"[85.0, 95.0]"
papilledema_0197_PPE,0,2,9,papilledema,"[136.0, 120.0]",35.918785545899944,0.7005595684051513,0.1297851800918579,0.7713559865951538,-0.1541259884834289,-0.1916290728529694,"[162.0, 86.0]"
papilledema_0198_PPE,0,2,9,papilledema,"[111.0, 130.0]",35.918785545899944,0.6850234806537627,0.1467180848121643,0.7344276309013367,-0.1210302710533142,0.2951326884370587,"[86.0, 134.0]"
papilledema_0199_PPE,0,1,9,papilledema,"[101.0, 128.0]",45.254833995939045,0.9136244177818298,0.2266014814376831,0.9421480894088744,-0.1375963687896728,0.6541258809190835,"[87.0, 135.0]"
papilledema_0200_PPE,0,1,9,papilledema,"[94.0, 114.0]",45.254833995939045,0.789409875869751,0.1419143676757812,0.8944623470306396,-0.1068593263626098,0.6402854864618333,"[82.0, 125.0]"
papilledema_0201_PPE,0,1,9,papilledema,"[151.0, 135.0]",45.254833995939045,0.7740375101566315,0.1583250164985656,0.8481937646865845,-0.1098842918872833,0.1111585841670068,"[128.0, 102.0]"
papilledema_0201_PPE,1,1,9,papilledema,"[146.0, 134.0]",35.918785545899944,0.7370728552341461,0.1135967969894409,0.8592367172241211,-0.1100517809391021,-0.0221704031294174,"[128.0, 102.0]"
papilledema_0202_PPE,0,1,9,papilledema,"[128.0, 149.0]",45.254833995939045,0.7177725732326508,0.1473006606101989,0.7825813293457031,-0.1133249104022979,0.6994471240363853,"[141.0, 153.0]"
papilledema_0203_PPE,0,1,9,papilledema,"[125.0, 128.0]",35.918785545899944,0.7930244088172913,0.2748163640499115,0.7040295004844666,-0.1269369721412658,0.3542424484300515,"[148.0, 131.0]"
papilledema_0204_PPE,0,1,9,papilledema,"[125.0, 129.0]",35.918785545899944,0.832080066204071,0.209651231765747,0.853032648563385,-0.1265299022197723,0.3382368505295221,"[148.0, 135.0]"
papilledema_0205_PPE,0,2,9,papilledema,"[106.0, 134.0]",35.918785545899944,0.7522998392581939,0.1107228398323059,0.8801864981651306,-0.1272322535514831,0.3875071312785169,"[84.0, 134.0]"
papilledema_0206_PPE,0,3,9,papilledema,"[120.0, 130.0]",35.918785545899944,0.7574071824550628,0.153136134147644,0.8233968615531921,-0.1394662261009216,0.0745360743137993,"[151.0, 118.0]"
papilledema_0207_PPE,0,2,9,papilledema,"[138.0, 157.0]",57.01751796098172,0.4788835346698761,0.1150345504283905,0.5110447406768799,-0.0305883288383483,0.3799214640749221,"[169.0, 140.0]"
papilledema_0208_PPE,0,2,9,papilledema,"[126.0, 110.0]",35.918785545899944,0.6687968611717224,0.166465938091278,0.6795933842658997,-0.1330777704715728,0.5366403199845091,"[140.0, 101.0]"
papilledema_0209_PPE,0,2,9,papilledema,"[132.0, 129.0]",35.918785545899944,0.719341892004013,0.0939710140228271,0.8615308403968811,-0.1114964485168457,0.1405417078643381,"[160.0, 116.0]"
papilledema_0210_PPE,0,3,9,papilledema,"[121.0, 139.0]",35.918785545899944,0.7941217720508575,0.118687093257904,0.929335355758667,-0.1244996488094329,-0.4372322786524156,"[70.0, 131.0]"
papilledema_0211_PPE,0,2,9,papilledema,"[94.0, 147.0]",35.918785545899944,0.5827781438827514,0.0544272661209106,0.7230219841003418,-0.1111774444580078,0.4267272690592276,"[76.0, 137.0]"
papilledema_0212_PPE,0,2,9,papilledema,"[116.0, 136.0]",35.918785545899944,0.7504654884338379,0.1759489774703979,0.7820873856544495,-0.1352767050266266,0.5137850867965528,"[99.0, 132.0]"
papilledema_0213_PPE,0,2,9,papilledema,"[123.0, 117.0]",35.918785545899944,0.7693524718284606,0.1328887939453125,0.8727420568466187,-0.1277211904525756,0.1329099096350157,"[92.0, 114.0]"
papilledema_0214_PPE,0,3,9,papilledema,"[109.0, 123.0]",35.918785545899944,0.7371310949325561,0.0819205045700073,0.9000188708305359,-0.1259869039058685,-0.1455309693113693,"[72.0, 141.0]"
papilledema_0215_PPE,0,1,9,papilledema,"[110.0, 125.0]",35.918785545899944,0.7332638144493102,0.1042279601097107,0.853800892829895,-0.1568761467933654,0.4146852205021597,"[91.0, 116.0]"
papilledema_0216_PPE,0,2,9,papilledema,"[111.0, 100.0]",45.254833995939045,0.7761690855026244,0.0957788228988647,0.939998984336853,-0.1119548678398132,0.4458078796572438,"[88.0, 90.0]"
papilledema_0217_PPE,0,1,9,papilledema,"[143.0, 128.0]",45.254833995939045,0.8584975123405456,0.1418021321296692,0.9942432045936584,-0.1036256849765777,0.594351406695401,"[159.0, 119.0]"
papilledema_0218_PPE,0,2,9,papilledema,"[115.0, 100.0]",45.254833995939045,0.7410094738006592,0.0973484516143798,0.883771538734436,-0.1251047253608703,0.1749763260972446,"[80.0, 87.0]"
papilledema_0218_PPE,1,2,9,papilledema,"[118.0, 89.0]",35.918785545899944,0.7251806497573853,0.0744837522506713,0.8940963745117188,-0.1241471767425537,-0.059406508392501,"[80.0, 87.0]"
papilledema_0219_PPE,0,2,9,papilledema,"[131.0, 115.0]",35.918785545899944,0.7490266621112823,0.1256844997406005,0.8550103306770325,-0.1241746544837951,0.4041854635735152,"[148.0, 102.0]"
papilledema_0220_PPE,0,2,9,papilledema,"[114.0, 112.0]",35.918785545899944,0.7328990399837493,0.1135597825050354,0.848116397857666,-0.1282888948917389,0.3382368505295221,"[91.0, 106.0]"
papilledema_0221_PPE,0,2,9,papilledema,"[112.0, 127.0]",35.918785545899944,0.7627511978149414,0.1438310146331787,0.8466863036155701,-0.1311988532543182,0.3017616818942887,"[89.0, 117.0]"
papilledema_0222_PPE,0,1,9,papilledema,"[98.0, 120.0]",71.83757109179989,0.5995948970317841,0.2544775903224945,0.4782208204269409,-0.0518136620521545,0.4002954470436755,"[82.0, 160.0]"
papilledema_0222_PPE,1,3,9,papilledema,"[49.0, 141.0]",35.918785545899944,0.3918177962303161,0.0563295185565948,0.4731271862983703,-0.0214962363243103,-0.0601378902596601,"[82.0, 160.0]"
papilledema_0223_PPE,0,3,9,papilledema,"[123.0, 122.0]",35.918785545899944,0.5737833440303802,0.0820735692977905,0.6590035557746887,-0.152036428451538,-0.0914787616559726,"[84.0, 118.0]"
papilledema_0224_PPE,0,1,9,papilledema,"[106.0, 136.0]",71.83757109179989,0.6211093544960022,0.0918831229209899,0.7488621473312378,-0.0251136422157287,0.6251846544022972,"[80.0, 129.0]"
papilledema_0224_PPE,1,4,9,papilledema,"[165.0, 50.0]",35.918785545899944,0.6140164256095886,0.0444219708442688,0.8097076416015625,-0.0139955282211303,-2.2307076556009937,"[80.0, 129.0]"
papilledema_0225_PPE,0,1,9,papilledema,"[116.0, 119.0]",35.918785545899944,0.8893155515193939,0.2731186747550964,0.8425083160400391,-0.1322052776813507,0.4980967172656042,"[98.0, 120.0]"
papilledema_0226_PPE,0,1,9,papilledema,"[107.0, 164.0]",35.918785545899944,0.7724271655082703,0.1193467378616333,0.8987959027290344,-0.1196164786815643,0.3868747172032634,"[85.0, 163.0]"
papilledema_0227_PPE,0,1,9,papilledema,"[142.0, 135.0]",57.01751796098172,0.8172439098358154,0.1527636647224426,0.9384095668792723,-0.0379677414894104,0.7172006766827093,"[158.0, 133.0]"
papilledema_0227_PPE,1,4,9,papilledema,"[32.0, 193.0]",35.918785545899944,0.7411873519420623,0.0619003176689147,0.9643052220344543,-0.0213668942451477,-2.8853329274459885,"[158.0, 133.0]"
papilledema_0228_PPE,0,1,9,papilledema,"[132.0, 129.0]",35.918785545899944,0.8475058615207672,0.1570609211921692,0.9445552825927734,-0.146281212568283,0.4002954470436755,"[152.0, 121.0]"
papilledema_0229_PPE,0,1,9,papilledema,"[105.0, 131.0]",45.254833995939045,0.8947390019893646,0.176761507987976,0.984212040901184,-0.1451453268527984,0.7118892357095973,"[94.0, 124.0]"
papilledema_0230_PPE,0,1,9,papilledema,"[114.0, 146.0]",35.918785545899944,0.694054126739502,0.1337925195693969,0.7614800333976746,-0.1361279189586639,0.2863898139540958,"[90.0, 155.0]"
papilledema_0231_PPE,0,1,9,papilledema,"[136.0, 117.0]",35.918785545899944,0.7505965769290923,0.0762056708335876,0.931858777999878,-0.110448807477951,0.5258919223712375,"[147.0, 130.0]"
papilledema_0232_PPE,0,1,9,papilledema,"[133.0, 120.0]",35.918785545899944,0.6574702084064483,0.1278550624847412,0.7117438912391663,-0.1569721102714538,0.664754963293384,"[145.0, 121.0]"
papilledema_0233_PPE,0,2,9,papilledema,"[116.0, 126.0]",35.918785545899944,0.5956919252872466,0.1123886704444885,0.6533635854721069,-0.1297437250614166,-0.0957312924184157,"[81.0, 108.0]"
papilledema_0234_PPE,0,1,9,papilledema,"[138.0, 119.0]",35.918785545899944,0.7251730799674988,0.2111093997955322,0.7195734977722168,-0.0518111586570739,0.3774655953658676,"[158.0, 109.0]"
papilledema_0235_PPE,0,2,9,papilledema,"[97.0, 161.0]",35.918785545899944,0.6649660766124725,0.1233687400817871,0.7329047322273254,-0.142820119857788,0.6062746719078522,"[83.0, 163.0]"
papilledema_0236_PPE,0,2,9,papilledema,"[112.0, 117.0]",35.918785545899944,0.6294166147708893,0.1241198778152465,0.6809915900230408,-0.1430131196975708,0.4889147984352913,"[96.0, 126.0]"
papilledema_0237_PPE,0,2,9,papilledema,"[102.0, 153.0]",45.254833995939045,0.8148354411125183,0.1186516284942627,0.9675726294517516,-0.0944148600101471,0.5317711230071345,"[82.0, 160.0]"
papilledema_0238_PPE,0,2,9,papilledema,"[113.0, 130.0]",35.918785545899944,0.748939698934555,0.1340537667274475,0.8441009521484375,-0.1200763285160064,0.3868747172032634,"[91.0, 129.0]"
papilledema_0239_PPE,0,1,9,papilledema,"[111.0, 127.0]",35.918785545899944,0.664600521326065,0.1255463361740112,0.7351320385932922,-0.1223087906837463,0.4530192932252089,"[92.0, 132.0]"
papilledema_0240_PPE,0,2,9,papilledema,"[111.0, 129.0]",35.918785545899944,0.740216678380966,0.0967211723327636,0.8856029510498047,-0.1178672015666961,0.2649874664846021,"[87.0, 140.0]"
papilledema_0241_PPE,0,1,9,papilledema,"[113.0, 129.0]",35.918785545899944,0.6577684283256531,0.2034837007522583,0.6103404760360718,-0.1352319717407226,0.2140272005881128,"[87.0, 140.0]"
papilledema_0242_PPE,0,1,9,papilledema,"[100.0, 131.0]",45.254833995939045,0.8975515425205229,0.1778191924095153,0.9918646216392516,-0.1271355748176574,0.6656103975151142,"[85.0, 133.0]"
papilledema_0243_PPE,0,4,9,papilledema,"[163.0, 204.0]",35.918785545899944,0.5496838390827179,0.0516436696052551,0.6786190867424011,-0.1150340437889099,-2.346665288783256,"[66.0, 133.0]"
papilledema_0244_PPE,0,1,9,papilledema,"[115.0, 132.0]",35.918785545899944,0.8753685593605041,0.1943311691284179,0.9341295957565308,-0.1357333660125732,0.4681063715216954,"[102.0, 146.0]"
papilledema_0245_PPE,0,4,0,papilledema,"[120.0, 135.0]",35.918785545899944,0.5128307580947875,0.0508124232292175,0.6301650404930115,-0.1045140326023101,0.3887739224355203,"[109.0, 154.0]"
papilledema_0246_PPE,0,1,9,papilledema,"[96.0, 129.0]",45.254833995939045,0.8551354944705963,0.1374759674072265,0.985568344593048,-0.1388084292411804,0.5138640879342486,"[74.0, 129.0]"
papilledema_0247_PPE,0,1,9,papilledema,"[92.0, 119.0]",57.01751796098172,0.7854443430900574,0.0800278782844543,0.9898610711097716,-0.062568575143814,0.6023753942950674,"[75.0, 134.0]"
papilledema_0248_PPE,0,2,9,papilledema,"[111.0, 115.0]",35.918785545899944,0.6123933255672455,0.0869842767715454,0.7100245356559753,-0.1419593691825866,0.1351475652114837,"[85.0, 132.0]"
papilledema_0249_PPE,0,1,9,papilledema,"[98.0, 119.0]",45.254833995939045,0.8108773469924927,0.0979377031326294,0.9914596676826476,-0.0945893824100494,0.4116196755074147,"[83.0, 141.0]"
papilledema_0250_PPE,0,1,9,papilledema,"[109.0, 120.0]",35.918785545899944,0.6720217823982239,0.1457970738410949,0.7061165571212769,-0.1597155928611755,0.5651161609611727,"[97.0, 130.0]"
papilledema_0251_PPE,0,4,9,papilledema,"[80.0, 156.0]",143.67514218359975,0.7650416910648346,0.1526386737823486,0.8725296854972839,-0.008161187171936,0.3008603262600597,"[179.0, 139.0]"
papilledema_0251_PPE,1,2,9,papilledema,"[190.0, 170.0]",35.918785545899944,0.6898743569850921,0.0449404120445251,0.9158048033714294,-0.019352912902832,0.0842182466118538,"[179.0, 139.0]"
papilledema_0251_PPE,2,4,9,papilledema,"[47.0, 230.0]",35.918785545899944,0.6508893013000489,0.0319423079490661,0.8816295862197876,-0.0090314149856567,-3.4636194346564366,"[179.0, 139.0]"
papilledema_0251_PPE,3,1,9,papilledema,"[167.0, 149.0]",57.01751796098172,0.7543390393257141,0.100310206413269,0.9275012016296388,-0.0238899588584899,0.7260403484679439,"[179.0, 139.0]"
papilledema_0252_PPE,0,1,9,papilledema,"[111.0, 121.0]",35.918785545899944,0.7712069511413574,0.1321693062782287,0.8685824871063232,-0.1551495194435119,0.2761447915109745,"[111.0, 147.0]"
papilledema_0253_PPE,0,4,9,papilledema,"[45.0, 129.0]",45.254833995939045,0.6914193153381347,0.0272517800331115,0.9464592933654784,-0.0082301497459411,-1.6737475163616329,"[166.0, 129.0]"
papilledema_0253_PPE,1,4,9,papilledema,"[52.0, 132.0]",35.918785545899944,0.6885586678981781,0.0225895643234252,0.9489092230796814,-0.0086632370948791,-2.1749254636340742,"[166.0, 129.0]"
papilledema_0254_PPE,0,2,9,papilledema,"[138.0, 143.0]",35.918785545899944,0.7845757961273192,0.0793009400367736,0.973684012889862,-0.118480235338211,0.4424927210049673,"[158.0, 142.0]"
papilledema_0254_PPE,1,4,9,papilledema,"[188.0, 208.0]",181.01933598375612,0.609719243645668,0.0342379212379455,0.8195878267288208,-0.0088492184877395,0.5994998244382408,"[158.0, 142.0]"
papilledema_0255_PPE,0,2,9,papilledema,"[126.0, 127.0]",35.918785545899944,0.6932571053504943,0.2271488606929779,0.6301814913749695,-0.1249060034751892,0.1284518335122147,"[154.0, 141.0]"
papilledema_0256_PPE,0,1,9,papilledema,"[133.0, 118.0]",45.254833995939045,0.839666998386383,0.1334559321403503,0.9692606329917908,-0.1386431157588958,0.4250509533445594,"[159.0, 117.0]"
papilledema_0257_PPE,0,2,9,papilledema,"[128.0, 118.0]",35.918785545899944,0.7857716977596282,0.0743696689605712,0.980527639389038,-0.1251634061336517,0.2902015705574394,"[153.0, 113.0]"
papilledema_0258_PPE,0,1,9,papilledema,"[142.0, 125.0]",45.254833995939045,0.8644493877887726,0.146559476852417,0.985895037651062,-0.1388169229030609,0.6656103975151142,"[157.0, 123.0]"
papilledema_0259_PPE,0,2,9,papilledema,"[160.0, 114.0]",45.254833995939045,0.5829029202461242,0.099434494972229,0.6820101737976074,-0.0303065180778503,0.1850996993496689,"[196.0, 122.0]"
papilledema_0259_PPE,1,1,9,papilledema,"[164.0, 110.0]",57.01751796098172,0.5776862680912018,0.1067384481430053,0.6641333699226379,-0.0302723050117492,0.4006050034542457,"[196.0, 122.0]"
papilledema_0260_PPE,0,2,9,papilledema,"[140.0, 126.0]",35.918785545899944,0.5998703062534332,0.0868658423423767,0.7003769278526306,-0.1137030720710754,0.3272018644308631,"[162.0, 116.0]"
papilledema_0261_PPE,0,1,9,papilledema,"[110.0, 118.0]",35.918785545899944,0.7014065206050872,0.1679103970527649,0.7261133790016174,-0.1260837912559509,0.5823912258717161,"[98.0, 109.0]"
papilledema_0262_PPE,0,1,9,papilledema,"[106.0, 131.0]",35.918785545899944,0.7534462630748748,0.0840033888816833,0.9189717173576356,-0.1308133602142334,0.1051947644804169,"[74.0, 134.0]"
papilledema_0263_PPE,0,1,9,papilledema,"[119.0, 118.0]",35.918785545899944,0.8646391987800598,0.2202317714691162,0.9053395986557008,-0.0533485412597656,0.4881570734802078,"[102.0, 125.0]"
papilledema_0263_PPE,1,4,9,papilledema,"[192.0, 175.0]",35.918785545899944,0.6730639040470122,0.059251844882965,0.872532069683075,-0.0151980519294738,-1.866363654703862,"[102.0, 125.0]"
papilledema_0264_PPE,0,1,9,papilledema,"[96.0, 121.0]",45.254833995939045,0.845505154132843,0.1333081126213073,0.977489709854126,-0.1397712230682373,0.6016391005005637,"[78.0, 122.0]"
papilledema_0265_PPE,0,2,9,papilledema,"[111.0, 123.0]",35.918785545899944,0.8487226724624634,0.2151305079460144,0.8682911992073059,-0.1289416253566742,-0.0084288764792128,"[75.0, 119.0]"
papilledema_0266_PPE,0,2,9,papilledema,"[105.0, 126.0]",35.918785545899944,0.7031562685966491,0.1515038013458252,0.7451038360595703,-0.1503989100456237,0.559801700961275,"[92.0, 117.0]"
papilledema_0267_PPE,0,1,9,papilledema,"[130.0, 97.0]",35.918785545899944,0.6852418899536132,0.1001120805740356,0.799406886100769,-0.1277249455451965,0.2426542099339979,"[152.0, 81.0]"
papilledema_0268_PPE,0,1,9,papilledema,"[141.0, 122.0]",45.254833995939045,0.7606286585330962,0.1528638005256652,0.8350271582603455,-0.116229236125946,0.650614378515658,"[156.0, 127.0]"
papilledema_0268_PPE,1,1,9,papilledema,"[136.0, 122.0]",35.918785545899944,0.738165670633316,0.1170976161956787,0.8539276719093323,-0.1165934205055236,0.4260516380281258,"[156.0, 127.0]"
papilledema_0269_PPE,0,2,9,papilledema,"[101.0, 153.0]",35.918785545899944,0.7695405125617981,0.0571306347846984,0.9779268503189088,-0.1393054127693176,0.0062821987804151,"[66.0, 146.0]"
papilledema_0270_PPE,0,1,9,papilledema,"[134.0, 115.0]",35.918785545899944,0.8826246857643126,0.1847419142723083,0.956474781036377,-0.1417521238327026,0.5642259167561074,"[141.0, 129.0]"
papilledema_0271_PPE,0,1,9,papilledema,"[108.0, 132.0]",35.918785545899944,0.8051975071430205,0.1439417600631714,0.9092707633972168,-0.1238310635089874,0.4153477162204024,"[87.0, 132.0]"
papilledema_0272_PPE,0,1,9,papilledema,"[134.0, 125.0]",35.918785545899944,0.7933743357658386,0.1278753280639648,0.914132833480835,-0.1280301213264465,0.4957855617603935,"[152.0, 123.0]"
papilledema_0273_PPE,0,2,9,papilledema,"[141.0, 152.0]",35.918785545899944,0.7217575967311859,0.1017466187477111,0.8526049852371216,-0.1159374415874481,0.03839087114448,"[173.0, 139.0]"
papilledema_0274_PPE,0,2,9,papilledema,"[130.0, 137.0]",35.918785545899944,0.6880088090896607,0.0935477018356323,0.8156968951225281,-0.1173664033412933,0.4404111682295971,"[150.0, 139.0]"
papilledema_0275_PPE,0,1,9,papilledema,"[114.0, 124.0]",35.918785545899944,0.7499672114849091,0.1526426076889038,0.8097018599510193,-0.1526665091514587,0.2902015705574394,"[89.0, 119.0]"
papilledema_0276_PPE,0,1,9,papilledema,"[96.0, 162.0]",57.01751796098172,0.5987108707427978,0.1382902264595031,0.6486642360687256,-0.0317783951759338,0.4901762695564947,"[77.0, 140.0]"
papilledema_0276_PPE,1,1,9,papilledema,"[94.0, 150.0]",71.83757109179989,0.5689315021038056,0.1289314329624176,0.6193205118179321,-0.0323785543441772,0.7254489172787835,"[77.0, 140.0]"
papilledema_0277_PPE,0,1,9,papilledema,"[108.0, 112.0]",35.918785545899944,0.7698334157466888,0.1386729478836059,0.8678635954856873,-0.118279755115509,0.7202055841147985,"[98.0, 113.0]"
papilledema_0278_PPE,0,2,9,papilledema,"[116.0, 153.0]",35.918785545899944,0.7583286166191101,0.0496992468833923,0.9797120094299316,-0.1141548156738281,-0.0710486877175067,"[82.0, 135.0]"
papilledema_0279_PPE,0,2,9,papilledema,"[114.0, 125.0]",35.918785545899944,0.8417712867259979,0.1297463774681091,0.977986752986908,-0.1371709108352661,0.274006366738443,"[88.0, 123.0]"
papilledema_0280_PPE,0,2,9,papilledema,"[113.0, 119.0]",35.918785545899944,0.8692330539226532,0.1632935404777526,0.9683546423912048,-0.1404563188552856,0.2355236955213159,"[86.0, 114.0]"
papilledema_0281_PPE,0,1,9,papilledema,"[91.0, 156.0]",57.01751796098172,0.8206785202026367,0.1143687963485717,0.9907536506652832,-0.0639108419418335,0.6283664940498184,"[71.0, 149.0]"
papilledema_0282_PPE,0,1,9,papilledema,"[108.0, 124.0]",45.254833995939045,0.8529236137866973,0.1402517557144165,0.9801628589630128,-0.1327892839908599,0.3808871013700329,"[85.0, 108.0]"
papilledema_0283_PPE,0,2,9,papilledema,"[129.0, 135.0]",35.918785545899944,0.7993338823318481,0.1623907089233398,0.8718169927597046,-0.1333563923835754,0.4702967458037494,"[148.0, 134.0]"
papilledema_0284_PPE,0,1,9,papilledema,"[131.0, 123.0]",35.918785545899944,0.9383882045745848,0.2618453502655029,0.925594687461853,-0.1431328654289245,0.6741343079163296,"[142.0, 119.0]"
papilledema_0285_PPE,0,3,9,papilledema,"[107.0, 119.0]",35.918785545899944,0.6431491553783417,0.0801694989204406,0.7640179991722107,-0.1408352851867675,-0.1087405907025622,"[72.0, 100.0]"
papilledema_0286_PPE,0,1,9,papilledema,"[113.0, 124.0]",35.918785545899944,0.7416470646858214,0.1687081456184387,0.7832532525062561,-0.1233082115650177,0.4022372909533198,"[94.0, 114.0]"
papilledema_0287_PPE,0,2,9,papilledema,"[108.0, 130.0]",35.918785545899944,0.7145705342292785,0.0876020193099975,0.8641006946563721,-0.1104901432991027,0.0728625396274084,"[86.0, 155.0]"
papilledema_0288_PPE,0,2,9,papilledema,"[144.0, 129.0]",35.918785545899944,0.6388163745403289,0.0880824327468872,0.7505493760108948,-0.1267468929290771,0.3542424484300515,"[167.0, 126.0]"
papilledema_0289_PPE,0,2,9,papilledema,"[107.0, 120.0]",35.918785545899944,0.6498194873332978,0.1075478196144104,0.7369966506958008,-0.1318700611591339,-0.0267100423550126,"[71.0, 112.0]"
papilledema_0290_PPE,0,2,9,papilledema,"[125.0, 114.0]",35.918785545899944,0.7416882336139679,0.0736705660820007,0.9245246052742004,-0.1042522192001342,0.3645268325718176,"[145.0, 125.0]"
papilledema_0291_PPE,0,2,9,papilledema,"[120.0, 117.0]",35.918785545899944,0.7941386699676514,0.0985220670700073,0.9630522727966307,-0.1074000597000122,0.4404111682295971,"[140.0, 119.0]"
papilledema_0292_PPE,0,2,9,papilledema,"[110.0, 159.0]",45.254833995939045,0.6211460292339325,0.0637639760971069,0.7627090811729431,-0.1174284815788269,0.629585325277197,"[105.0, 175.0]"
papilledema_0292_PPE,1,2,9,papilledema,"[116.0, 157.0]",35.918785545899944,0.6142171800136565,0.0525441765785217,0.7683197855949402,-0.1192457675933837,0.4127022172625504,"[105.0, 175.0]"
papilledema_0293_PPE,0,1,9,papilledema,"[117.0, 137.0]",35.918785545899944,0.8088737249374389,0.1013230085372924,0.9743351936340332,-0.1275804042816162,0.3894083035899088,"[101.0, 152.0]"
papilledema_0294_PPE,0,2,9,papilledema,"[125.0, 149.0]",35.918785545899944,0.5386676013469696,0.0647308230400085,0.6407105922698975,-0.1271968185901641,0.0745360743137993,"[158.0, 145.0]"
papilledema_0295_PPE,0,2,9,papilledema,"[101.0, 137.0]",35.918785545899944,0.6644768476486206,0.102011501789093,0.7702046632766724,-0.1166104078292846,0.0485197519387944,"[89.0, 169.0]"
papilledema_0295_PPE,1,4,9,papilledema,"[56.0, 192.0]",181.01933598375612,0.4076193675398826,0.0174625515937805,0.5549936890602112,-0.0083061680197715,0.7777896460417517,"[89.0, 169.0]"
papilledema_0296_PPE,0,1,9,papilledema,"[107.0, 131.0]",35.918785545899944,0.7578787982463836,0.1091632843017578,0.886952817440033,-0.1392427086830139,0.274006366738443,"[81.0, 133.0]"
papilledema_0297_PPE,0,3,9,papilledema,"[113.0, 104.0]",35.918785545899944,0.8046335697174072,0.1064523458480835,0.9621186256408693,-0.1234909296035766,-0.3847717762679532,"[138.0, 61.0]"
papilledema_0298_PPE,0,2,9,papilledema,"[132.0, 112.0]",35.918785545899944,0.6803896248340606,0.1019397377967834,0.7857834696769714,-0.142007291316986,0.29568272153804,"[156.0, 120.0]"
papilledema_0299_PPE,0,2,9,papilledema,"[108.0, 125.0]",35.918785545899944,0.6501364350318908,0.0961302518844604,0.7493641376495361,-0.1472564339637756,0.6825684922887694,"[97.0, 128.0]"
papilledema_0300_PPE,0,1,9,papilledema,"[137.0, 164.0]",57.01751796098172,0.8004398226737975,0.1627331972122192,0.9022409915924072,-0.0306896567344665,0.5320152633351626,"[111.0, 158.0]"
papilledema_0300_PPE,1,4,9,papilledema,"[73.0, 70.0]",35.918785545899944,0.4846819937229156,0.0155876278877258,0.6673217415809631,-0.0098457336425781,-1.6686329805912834,"[111.0, 158.0]"
papilledema_0301_PPE,0,2,9,papilledema,"[112.0, 116.0]",35.918785545899944,0.7526940286159515,0.1728643774986267,0.784994900226593,-0.1516661047935485,0.1405417078643381,"[84.0, 103.0]"
papilledema_0302_PPE,0,2,9,papilledema,"[123.0, 146.0]",35.918785545899944,0.6779324233531951,0.0870149731636047,0.8124865293502808,-0.1108843982219696,0.5433804562824677,"[136.0, 156.0]"
papilledema_0303_PPE,0,2,9,papilledema,"[129.0, 129.0]",35.918785545899944,0.8151455700397492,0.2002236247062683,0.8423089981079102,-0.1265282332897186,0.6338142774577387,"[142.0, 131.0]"
papilledema_0304_PPE,0,1,9,papilledema,"[137.0, 113.0]",35.918785545899944,0.8497069358825683,0.1551300287246704,0.9470070600509644,-0.1583598256111145,0.4094120078617783,"[158.0, 116.0]"
papilledema_0305_PPE,0,2,9,papilledema,"[136.0, 133.0]",35.918785545899944,0.7475538134574891,0.1298877000808715,0.8479422330856323,-0.120532751083374,0.1013052280988757,"[167.0, 124.0]"
papilledema_0306_PPE,0,3,9,papilledema,"[143.0, 137.0]",35.918785545899944,0.5514711320400237,0.0502243638038635,0.6843007206916809,-0.1111813187599182,-0.1305471605269574,"[183.0, 144.0]"
papilledema_0306_PPE,1,4,9,papilledema,"[196.0, 176.0]",181.01933598375612,0.4530826732516289,0.0415650010108947,0.585691511631012,-0.0076680704951286,0.8091925821590654,"[183.0, 144.0]"
papilledema_0307_PPE,0,2,9,papilledema,"[108.0, 136.0]",35.918785545899944,0.806601345539093,0.118459939956665,0.9394696950912476,-0.1525630950927734,0.1984038530205115,"[81.0, 126.0]"
papilledema_0308_PPE,0,2,9,papilledema,"[115.0, 131.0]",35.918785545899944,0.8512260913848877,0.2019063830375671,0.8871656656265259,-0.1415187120437622,0.3447104562652352,"[92.0, 136.0]"
papilledema_0309_PPE,0,2,9,papilledema,"[137.0, 139.0]",35.918785545899944,0.6925791919231414,0.099141240119934,0.8120781779289246,-0.124916136264801,0.1364929418644536,"[168.0, 138.0]"
papilledema_0310_PPE,0,2,9,papilledema,"[138.0, 148.0]",35.918785545899944,0.6591481924057007,0.0690089464187622,0.809468686580658,-0.1175558269023895,0.2462447621798225,"[165.0, 150.0]"
papilledema_0311_PPE,0,4,9,papilledema,"[64.0, 144.0]",143.67514218359975,0.7815547585487366,0.0882105827331543,0.988211989402771,-0.0079789161682128,0.3662826029824287,"[155.0, 147.0]"
papilledema_0311_PPE,1,4,9,papilledema,"[26.0, 47.0]",35.918785545899944,0.6993901073932647,0.006136417388916,0.9889600872993468,-0.0049081444740295,-3.544160026283735,"[155.0, 147.0]"
papilledema_0311_PPE,2,4,9,papilledema,"[152.0, 51.0]",35.918785545899944,0.7134223103523254,0.0250658988952636,0.9800574779510498,-0.0115808844566345,-1.674000863385435,"[155.0, 147.0]"
papilledema_0311_PPE,3,4,9,papilledema,"[165.0, 188.0]",35.918785545899944,0.713916790485382,0.0240773558616638,0.9827715158462524,-0.0094968676567077,-0.1749254617222335,"[155.0, 147.0]"
papilledema_0311_PPE,4,4,9,papilledema,"[35.0, 57.0]",45.254833995939045,0.6998741030693053,0.0057795047760009,0.990265130996704,-0.0045450329780578,-2.314563036811941,"[155.0, 147.0]"
papilledema_0311_PPE,5,4,9,papilledema,"[159.0, 66.0]",45.254833995939045,0.7204131066799163,0.0314986109733581,0.980692446231842,-0.0121489167213439,-0.7920451392891863,"[155.0, 147.0]"
papilledema_0311_PPE,6,3,9,papilledema,"[166.0, 171.0]",45.254833995939045,0.7164024710655212,0.0260907411575317,0.9834204912185668,-0.0095869302749633,0.4166201655439229,"[155.0, 147.0]"
papilledema_0311_PPE,7,4,9,papilledema,"[50.0, 180.0]",45.254833995939045,0.6985683262348175,0.0030342936515808,0.9930705428123474,-0.0019232630729675,-1.4320853320761584,"[155.0, 147.0]"
papilledema_0311_PPE,8,3,9,papilledema,"[160.0, 82.0]",57.01751796098172,0.7176444172859192,0.0285689234733581,0.9807759523391724,-0.0126616358757019,-0.1433683257948679,"[155.0, 147.0]"
papilledema_0311_PPE,9,2,9,papilledema,"[150.0, 98.0]",71.83757109179989,0.7196815490722656,0.0282077193260192,0.9842345714569092,-0.0125481486320495,0.3143637698836214,"[155.0, 147.0]"
papilledema_0311_PPE,10,2,9,papilledema,"[134.0, 112.0]",90.50966799187808,0.7262491941452026,0.0338224172592163,0.9857355356216432,-0.0120595097541809,0.5490353221980684,"[155.0, 147.0]"
papilledema_0311_PPE,11,2,9,papilledema,"[134.0, 114.0]",90.50966799187808,0.726968878507614,0.0343239307403564,0.9860472083091736,-0.0120595097541809,0.567833853564396,"[155.0, 147.0]"
papilledema_0312_PPE,0,2,9,papilledema,"[106.0, 134.0]",45.254833995939045,0.7407456934452057,0.1608558893203735,0.7930575609207153,-0.1237475574016571,0.1989996488764814,"[91.0, 101.0]"
papilledema_0312_PPE,1,2,9,papilledema,"[107.0, 126.0]",35.918785545899944,0.7027281641960144,0.1157764196395874,0.8033120632171631,-0.1231665015220642,0.1736456645678612,"[91.0, 101.0]"
papilledema_0313_PPE,0,2,9,papilledema,"[127.0, 138.0]",35.918785545899944,0.8045370519161225,0.1270968914031982,0.9298887848854064,-0.1325900554656982,-0.2356955105184706,"[168.0, 155.0]"
papilledema_0314_PPE,0,1,9,papilledema,"[100.0, 119.0]",35.918785545899944,0.4668214797973632,0.0912368893623352,0.4938573837280273,-0.1494221091270446,0.4424927210049673,"[80.0, 118.0]"
papilledema_0315_PPE,0,1,9,papilledema,"[104.0, 121.0]",35.918785545899944,0.8070334017276763,0.1501255631446838,0.8929323554039001,-0.1592759490013122,0.51939698853202,"[87.0, 118.0]"
papilledema_0316_PPE,0,2,9,papilledema,"[110.0, 125.0]",35.918785545899944,0.7055724143981933,0.1149809956550598,0.8049036264419556,-0.1357944011688232,0.1086663788715217,"[78.0, 126.0]"
papilledema_0317_PPE,0,2,9,papilledema,"[106.0, 126.0]",35.918785545899944,0.7726580440998077,0.0945366024971008,0.935762882232666,-0.1154371201992034,0.5258919223712375,"[95.0, 139.0]"
papilledema_0318_PPE,0,2,9,papilledema,"[103.0, 118.0]",45.254833995939045,0.8440449774265288,0.2106590867042541,0.8704076409339905,-0.1205027103424072,0.4050177261043822,"[80.0, 104.0]"
papilledema_0319_PPE,0,2,9,papilledema,"[109.0, 132.0]",35.918785545899944,0.5950950860977172,0.1098124384880065,0.6638926863670349,-0.1027888357639312,0.3306669422433488,"[92.0, 149.0]"
papilledema_0320_PPE,0,4,0,papilledema,,,,,,,,"[54.0, 36.0]"
papilledema_0321_PPE,0,2,9,papilledema,"[132.0, 120.0]",35.918785545899944,0.7919600129127502,0.0983595848083496,0.945338010787964,-0.1593191027641296,0.1755237450309036,"[161.0, 126.0]"
papilledema_0322_PPE,0,2,9,papilledema,"[131.0, 123.0]",35.918785545899944,0.7610069811344147,0.1446834802627563,0.8373511433601379,-0.1508885025978088,0.2713421609658977,"[157.0, 120.0]"
papilledema_0323_PPE,0,4,9,papilledema,"[68.0, 124.0]",143.67514218359975,0.7568508982658385,0.0614827871322631,0.9920557737350464,-0.0046453475952148,0.3925103983221939,"[155.0, 117.0]"
papilledema_0323_PPE,1,4,9,papilledema,"[191.0, 68.0]",35.918785545899944,0.7107450067996979,0.0218738913536071,0.9813055396080016,-0.0097861886024475,-0.6927899852444086,"[155.0, 117.0]"
papilledema_0323_PPE,2,4,9,papilledema,"[189.0, 180.0]",35.918785545899944,0.7074995577335357,0.0183537602424621,0.9820418953895568,-0.0085823535919189,-0.9930825674743202,"[155.0, 117.0]"
papilledema_0323_PPE,3,4,9,papilledema,"[182.0, 70.0]",45.254833995939045,0.7115376651287079,0.0212385654449462,0.9832558035850524,-0.0101001858711242,-0.1977354935460498,"[155.0, 117.0]"
papilledema_0323_PPE,4,4,9,papilledema,"[181.0, 176.0]",45.254833995939045,0.7067189931869506,0.0160344243049621,0.9842921495437622,-0.0084003210067749,-0.4247052875068582,"[155.0, 117.0]"
papilledema_0323_PPE,5,4,9,papilledema,"[172.0, 78.0]",57.01751796098172,0.7083679556846618,0.0168060064315795,0.9852694272994996,-0.009366750717163,0.2538416912241057,"[155.0, 117.0]"
papilledema_0323_PPE,6,3,9,papilledema,"[171.0, 168.0]",57.01751796098172,0.7036539137363433,0.0119134187698364,0.9860473275184632,-0.0075368285179138,0.0625528088376515,"[155.0, 117.0]"
papilledema_0323_PPE,7,3,9,papilledema,"[158.0, 92.0]",71.83757109179989,0.7077418982982635,0.0146986246109008,0.9877544045448304,-0.0080759525299072,0.6494959915633546,"[155.0, 117.0]"
papilledema_0323_PPE,8,3,9,papilledema,"[158.0, 94.0]",71.83757109179989,0.7083209455013275,0.0151056051254272,0.988000214099884,-0.0080759525299072,0.6771212242150257,"[155.0, 117.0]"
papilledema_0323_PPE,9,2,9,papilledema,"[142.0, 114.0]",90.50966799187808,0.7110886871814728,0.0172812938690185,0.9891226887702942,-0.0071075558662414,0.8525940448116156,"[155.0, 117.0]"
papilledema_0324_PPE,0,1,9,papilledema,"[88.0, 142.0]",71.83757109179989,0.7548586547374725,0.1291319727897644,0.8879788517951965,-0.0207074284553527,0.7001477235218377,"[80.0, 162.0]"
papilledema_0324_PPE,1,3,9,papilledema,"[111.0, 186.0]",35.918785545899944,0.6716706275939941,0.0473744869232177,0.8875013589859009,-0.0152259469032287,-0.0914787616559726,"[80.0, 162.0]"
papilledema_0325_PPE,0,3,9,papilledema,"[88.0, 138.0]",114.03503592196344,0.7222048342227936,0.1621336340904235,0.7963431477546692,-0.0131549835205078,0.3339421275842817,"[163.0, 126.0]"
papilledema_0325_PPE,1,4,9,papilledema,"[40.0, 196.0]",35.918785545899944,0.6161199271678924,0.0286251902580261,0.8375882506370544,-0.0059148073196411,-2.940106755540289,"[163.0, 126.0]"
papilledema_0325_PPE,2,1,9,papilledema,"[147.0, 131.0]",57.01751796098172,0.6824268102645873,0.1103196740150451,0.809773325920105,-0.0263290405273437,0.706001677840282,"[163.0, 126.0]"
papilledema_0326_PPE,0,4,9,papilledema,"[224.0, 188.0]",228.07007184392688,0.5110721886157988,-0.0432997345924377,0.7916544079780579,-0.0010691881179809,0.5907011933385093,"[159.0, 121.0]"
papilledema_0326_PPE,1,4,9,papilledema,"[232.0, 188.0]",228.07007184392688,0.5021887496113777,-0.0506597757339477,0.7894781231880188,-0.0010691955685615,0.5655465858092635,"[159.0, 121.0]"
papilledema_0327_PPE,0,1,9,papilledema,"[139.0, 136.0]",35.918785545899944,0.8163195192813872,0.1517788767814636,0.9057884812355042,-0.152443528175354,0.3596665463366313,"[162.0, 136.0]"
papilledema_0328_PPE,0,2,0,papilledema,"[109.0, 144.0]",35.918785545899944,0.767008727788925,0.0754072666168212,0.952307403087616,-0.1249313950538635,-0.4881046574157455,"[93.0, 93.0]"
papilledema_0329_PPE,0,1,0,papilledema,"[111.0, 123.0]",35.918785545899944,0.8135685801506042,0.1365087032318115,0.921813428401947,-0.158952385187149,-0.1509312630952151,"[89.0, 88.0]"
papilledema_0330_PPE,0,2,9,papilledema,"[102.0, 141.0]",35.918785545899944,0.703392732143402,0.1152639985084533,0.80586838722229,-0.1201043128967285,0.2436783426405905,"[75.0, 138.0]"
papilledema_0331_PPE,0,1,9,papilledema,"[108.0, 139.0]",45.254833995939045,0.9159647405147552,0.1992170810699463,0.9862292408943176,-0.1319359540939331,0.6016391005005637,"[98.0, 124.0]"
papilledema_0332_PPE,0,1,9,papilledema,"[108.0, 131.0]",45.254833995939045,0.9066091835498808,0.2239669561386108,0.9382603764533995,-0.1292998194694519,0.6715031868495525,"[94.0, 126.0]"
papilledema_0333_PPE,0,1,9,papilledema,"[132.0, 136.0]",35.918785545899944,0.8248154103755951,0.1438751220703125,0.9348708391189576,-0.1326535046100616,0.2649874664846021,"[153.0, 120.0]"
papilledema_0334_PPE,0,2,9,papilledema,"[129.0, 141.0]",35.918785545899944,0.7854767203330993,0.1020753383636474,0.9393467903137208,-0.129293143749237,0.2395900876828768,"[154.0, 130.0]"
papilledema_0335_PPE,0,4,9,papilledema,"[34.0, 122.0]",71.83757109179989,0.6945179522037506,-0.0004780292510986,0.9925023913383484,-0.0012215375900268,-0.662353377070773,"[153.0, 132.0]"
papilledema_0336_PPE,0,2,9,papilledema,"[129.0, 131.0]",35.918785545899944,0.7574154675006867,0.130405843257904,0.8602923154830933,-0.1240250170230865,0.4397190358292809,"[147.0, 122.0]"
papilledema_0337_PPE,0,1,9,papilledema,"[131.0, 123.0]",45.254833995939045,0.930624496936798,0.2305593490600586,0.958703637123108,-0.1448630094528198,0.6436951796565195,"[147.0, 121.0]"
papilledema_0338_PPE,0,1,9,papilledema,"[127.0, 122.0]",35.918785545899944,0.877019190788269,0.2145581841468811,0.90959495306015,-0.1287226974964141,0.5861199502883683,"[137.0, 133.0]"
papilledema_0339_PPE,0,1,9,papilledema,"[131.0, 127.0]",35.918785545899944,0.7551766157150268,0.2128146290779113,0.7364150285720825,-0.1343573331832885,0.2902015705574394,"[154.0, 116.0]"
papilledema_0340_PPE,0,2,9,papilledema,"[117.0, 119.0]",35.918785545899944,0.7806315958499908,0.1310404539108276,0.892330527305603,-0.1247988641262054,0.3306669422433488,"[94.0, 126.0]"
papilledema_0341_PPE,0,1,9,papilledema,"[126.0, 166.0]",35.918785545899944,0.6048591434955597,0.1006289720535278,0.6862667798995972,-0.1192171275615692,0.2204636216272032,"[98.0, 166.0]"
papilledema_0342_PPE,0,1,9,papilledema,"[140.0, 130.0]",35.918785545899944,0.5678323209285736,0.0867077708244323,0.6549783945083618,-0.1131983697414398,0.51939698853202,"[157.0, 127.0]"
papilledema_0343_PPE,0,2,9,papilledema,"[131.0, 147.0]",35.918785545899944,0.559557157754898,0.0760385990142822,0.6590228080749512,-0.1110129654407501,0.443188301162288,"[147.0, 159.0]"
papilledema_0344_PPE,0,4,9,papilledema,"[125.0, 135.0]",35.918785545899944,0.6703754127025604,0.0488867163658142,0.8582342267036438,-0.1036236882209777,-0.1974688364741448,"[150.0, 170.0]"
papilledema_0345_PPE,0,2,9,papilledema,"[136.0, 129.0]",35.918785545899944,0.7225597143173217,0.0880601406097412,0.862834095954895,-0.1525785326957702,0.7621299379846986,"[144.0, 132.0]"
papilledema_0346_PPE,0,2,9,papilledema,"[137.0, 126.0]",35.918785545899944,0.6626616299152374,0.1142311692237854,0.7473892569541931,-0.1262899041175842,0.227956936008113,"[162.0, 114.0]"
papilledema_0347_PPE,0,1,9,papilledema,"[131.0, 128.0]",35.918785545899944,0.7314082503318786,0.1590597629547119,0.7746834754943848,-0.150350272655487,0.5984773738124834,"[143.0, 120.0]"
papilledema_0348_PPE,0,1,9,papilledema,"[142.0, 128.0]",35.918785545899944,0.8685497641563416,0.1571515202522277,0.973052144050598,-0.1513087153434753,0.5786955009633133,"[157.0, 126.0]"
papilledema_0349_PPE,0,1,9,papilledema,"[128.0, 121.0]",35.918785545899944,0.76164990067482,0.243249624967575,0.7031228542327881,-0.131071388721466,0.4267272690592276,"[146.0, 111.0]"
papilledema_0350_PPE,0,1,9,papilledema,"[130.0, 128.0]",35.918785545899944,0.7007442831993103,0.1373593807220459,0.7626275420188904,-0.1477281153202057,0.2204636216272032,"[158.0, 128.0]"
papilledema_0351_PPE,0,1,9,papilledema,"[121.0, 144.0]",35.918785545899944,0.6837935328483582,0.1339329481124878,0.7510322332382202,-0.120690107345581,0.2902015705574394,"[146.0, 149.0]"
papilledema_0352_PPE,0,2,9,papilledema,"[122.0, 143.0]",35.918785545899944,0.671629810333252,0.0883591771125793,0.8026733994483948,-0.1069962680339813,0.6636009322154315,"[127.0, 154.0]"
papilledema_0353_PPE,0,2,9,papilledema,"[141.0, 129.0]",35.918785545899944,0.7472319900989531,0.0864877104759216,0.9121676683425904,-0.1111345589160919,0.30398537645286,"[165.0, 122.0]"
papilledema_0354_PPE,0,2,9,papilledema,"[110.0, 122.0]",35.918785545899944,0.8622194588184356,0.2136231660842895,0.8831889033317566,-0.1518203020095825,0.3990043700854742,"[89.0, 117.0]"
papilledema_0355_PPE,0,1,9,papilledema,"[111.0, 117.0]",35.918785545899944,0.7198698103427887,0.1782354116439819,0.7380908727645874,-0.1248539388179779,0.1811838320056265,"[83.0, 126.0]"
papilledema_0356_PPE,0,2,9,papilledema,"[114.0, 127.0]",35.918785545899944,0.8355415880680084,0.135335087776184,0.963640570640564,-0.1282905042171478,0.1152123692063668,"[83.0, 134.0]"
papilledema_0357_PPE,0,2,9,papilledema,"[130.0, 106.0]",35.918785545899944,0.697061550617218,0.092799961566925,0.8306546211242676,-0.1140167713165283,0.1051947644804169,"[98.0, 109.0]"
papilledema_0358_PPE,0,2,9,papilledema,"[131.0, 114.0]",35.918785545899944,0.7023344159126281,0.0903720259666442,0.8388944864273071,-0.1236812472343444,-0.0038065654687915,"[95.0, 112.0]"
papilledema_0359_PPE,0,2,9,papilledema,"[116.0, 118.0]",35.918785545899944,0.7674913704395294,0.1671140789985656,0.8210620880126953,-0.1281691491603851,0.2863898139540958,"[92.0, 127.0]"
papilledema_0360_PPE,0,1,9,papilledema,"[107.0, 125.0]",45.254833995939045,0.8092947661876678,0.1760720610618591,0.8699495196342468,-0.1212902069091796,0.3557647459972406,"[80.0, 114.0]"
papilledema_0361_PPE,0,3,9,papilledema,"[115.0, 121.0]",35.918785545899944,0.7525411903858185,0.1160576939582824,0.8727788329124451,-0.1276915669441223,-0.013412588793878,"[80.0, 111.0]"
papilledema_0362_PPE,0,2,9,papilledema,"[108.0, 113.0]",35.918785545899944,0.7314541399478912,0.1018905043601989,0.8633005023002625,-0.1262664198875427,0.1964722932393762,"[80.0, 106.0]"
papilledema_0363_PPE,0,2,9,papilledema,"[121.0, 190.0]",35.918785545899944,0.6824589669704437,0.0561956763267517,0.8631234169006348,-0.1103844940662384,0.5669021390986375,"[132.0, 179.0]"
papilledema_0364_PPE,0,1,9,papilledema,"[143.0, 111.0]",45.254833995939045,0.8188697278499603,0.1007989048957824,0.9915755391120912,-0.1198397278785705,0.5466056834829092,"[157.0, 126.0]"
papilledema_0365_PPE,0,1,9,papilledema,"[136.0, 98.0]",71.83757109179989,0.8047809928655624,0.107035219669342,0.9813510179519652,-0.0540003031492233,0.3760664652100651,"[171.0, 70.0]"
papilledema_0365_PPE,1,4,9,papilledema,"[172.0, 36.0]",181.01933598375612,0.705014531314373,0.0662570595741272,0.9101577997207642,-0.0082350596785545,0.812093539518661,"[171.0, 70.0]"
papilledema_0366_PPE,0,1,9,papilledema,"[130.0, 128.0]",35.918785545899944,0.7596482336521149,0.1815680265426635,0.7806999087333679,-0.1579513549804687,0.6122255230654919,"[143.0, 123.0]"
papilledema_0367_PPE,0,2,9,papilledema,"[113.0, 131.0]",35.918785545899944,0.6675835609436035,0.1335625052452087,0.7183785438537598,-0.1557803750038147,0.21600200973744,"[86.0, 123.0]"
papilledema_0368_PPE,0,1,9,papilledema,"[94.0, 123.0]",35.918785545899944,0.6733059704303742,0.1368568539619445,0.7215831875801086,-0.1567044258117675,0.443188301162288,"[82.0, 107.0]"
papilledema_0369_PPE,0,1,9,papilledema,"[108.0, 135.0]",35.918785545899944,0.6818291425704955,0.1151466965675354,0.7668229341506958,-0.1495319604873657,0.4404111682295971,"[88.0, 133.0]"
papilledema_0370_PPE,0,3,9,papilledema,"[112.0, 125.0]",35.918785545899944,0.765400058031082,0.1090129613876342,0.8971325755119324,-0.141971468925476,-0.2087431696905113,"[78.0, 98.0]"
papilledema_0371_PPE,0,3,9,papilledema,"[112.0, 118.0]",35.918785545899944,0.5537900328636169,0.0670542120933532,0.6582536697387695,-0.129791259765625,0.1477870071383286,"[88.0, 99.0]"
papilledema_0372_PPE,0,2,9,papilledema,"[108.0, 118.0]",35.918785545899944,0.7204318284988404,0.1847313642501831,0.728932797908783,-0.1272375285625457,0.4980967172656042,"[91.0, 124.0]"
papilledema_0373_PPE,0,2,9,papilledema,"[139.0, 118.0]",35.918785545899944,0.6565987229347229,0.0817347168922424,0.7856499552726746,-0.1245451867580413,0.4644756561412466,"[136.0, 99.0]"
papilledema_0374_PPE,0,2,9,papilledema,"[102.0, 144.0]",35.918785545899944,0.7518125176429749,0.0648648738861084,0.9479562044143676,-0.1168915033340454,0.1257879001479914,"[71.0, 149.0]"
papilledema_0374_PPE,1,4,9,papilledema,"[28.0, 216.0]",181.01933598375612,0.6371378853917121,0.0618936419486999,0.8190457820892334,-0.0095609799027442,0.560204126717576,"[71.0, 149.0]"
papilledema_0375_PPE,0,2,9,papilledema,"[108.0, 127.0]",35.918785545899944,0.7946317911148071,0.1072749495506286,0.9450176954269408,-0.1292222738265991,0.348268615832659,"[86.0, 135.0]"
papilledema_0376_PPE,0,1,9,papilledema,"[123.0, 130.0]",35.918785545899944,0.8136578440666199,0.1091945171356201,0.9740352630615234,-0.1131932139396667,0.227956936008113,"[148.0, 118.0]"
papilledema_0377_PPE,0,1,9,papilledema,"[139.0, 131.0]",57.01751796098172,0.8382364451885223,0.131741464138031,0.9850547313690186,-0.0847833454608917,0.1563285179102082,"[172.0, 96.0]"
papilledema_0378_PPE,0,1,9,papilledema,"[135.0, 139.0]",35.918785545899944,0.7219867289066314,0.1474736332893371,0.7834206819534302,-0.1305930912494659,0.1364929418644536,"[164.0, 150.0]"
papilledema_0379_PPE,0,1,9,papilledema,"[133.0, 134.0]",35.918785545899944,0.6531142532825469,0.1459099650382995,0.6908366680145264,-0.1180931031703949,0.3226093323756538,"[157.0, 138.0]"
papilledema_0380_PPE,0,2,9,papilledema,"[124.0, 121.0]",35.918785545899944,0.7798573911190033,0.1850424408912658,0.8127622604370117,-0.1294068396091461,0.1624656163683522,"[152.0, 110.0]"
papilledema_0381_PPE,0,2,9,papilledema,"[110.0, 121.0]",35.918785545899944,0.5991842329502105,0.1521912515163421,0.6032027006149292,-0.1237554550170898,0.2902015705574394,"[87.0, 110.0]"
papilledema_0382_PPE,0,1,9,papilledema,"[111.0, 143.0]",35.918785545899944,0.6895458877086639,0.1358776092529297,0.7549334168434143,-0.1260744333267212,0.4206749551681299,"[99.0, 160.0]"
papilledema_0383_PPE,0,1,9,papilledema,"[128.0, 158.0]",71.83757109179989,0.6966852188110351,0.1057400107383728,0.8387161493301392,-0.0192195177078247,0.4571085936332308,"[92.0, 173.0]"
papilledema_0383_PPE,1,2,9,papilledema,"[88.0, 198.0]",35.918785545899944,0.604793781042099,0.0321623682975769,0.8149877190589905,-0.0107000470161437,0.2951326884370587,"[92.0, 173.0]"
papilledema_0384_PPE,0,2,9,papilledema,"[96.0, 118.0]",71.83757109179989,0.7979512453079224,0.146905779838562,0.9217393398284912,-0.0291396379470825,0.3282106658870128,"[56.0, 145.0]"
papilledema_0385_PPE,0,2,9,papilledema,"[98.0, 138.0]",71.83757109179989,0.8103168874979019,0.1087889671325683,0.9854536652565002,-0.0585517734289169,0.1081230483601514,"[45.0, 102.0]"
papilledema_0385_PPE,1,3,9,papilledema,"[16.0, 184.0]",181.01933598375612,0.7304675459861755,0.084998071193695,0.9186910390853882,-0.0119287371635437,0.5195153711973453,"[45.0, 102.0]"
papilledema_0386_PPE,0,1,9,papilledema,"[138.0, 135.0]",35.918785545899944,0.6527648746967316,0.127128005027771,0.7157525420188904,-0.1230504512786865,0.5467881124405694,"[154.0, 138.0]"
papilledema_0387_PPE,0,1,9,papilledema,"[112.0, 87.0]",45.254833995939045,0.8856220841407775,0.1703559756278991,0.9819247722625732,-0.1395938396453857,0.7559296976279171,"[101.0, 88.0]"
papilledema_0388_PPE,0,3,9,papilledema,"[97.0, 127.0]",35.918785545899944,0.5701775968074798,0.1261525452136993,0.6054116487503052,-0.1011844873428344,-0.5314852471168654,"[122.0, 78.0]"
papilledema_0389_PPE,0,2,9,papilledema,"[122.0, 119.0]",45.254833995939045,0.7994541347026825,0.0904116630554199,0.9888647794723512,-0.0841856300830841,0.650614378515658,"[107.0, 124.0]"
papilledema_0390_PPE,0,3,9,papilledema,"[133.0, 108.0]",45.254833995939045,0.6654403626918792,0.1776407957077026,0.6762934327125549,-0.0719708204269409,0.1956538952353906,"[146.0, 74.0]"
papilledema_0391_PPE,0,1,9,papilledema,"[87.0, 74.0]",45.254833995939045,0.6527445256710052,0.1314312219619751,0.7355213761329651,-0.0322417020797729,0.594351406695401,"[103.0, 65.0]"
papilledema_0391_PPE,1,1,9,papilledema,"[95.0, 84.0]",57.01751796098172,0.6436749279499054,0.1424674391746521,0.7071313261985779,-0.0310778021812438,0.6384351885994768,"[103.0, 65.0]"
papilledema_0392_PPE,0,2,9,papilledema,"[110.0, 124.0]",35.918785545899944,0.8271318614482879,0.2225386500358581,0.8196030259132385,-0.1543554663658142,0.3382368505295221,"[87.0, 130.0]"
papilledema_0393_PPE,0,1,0,papilledema,"[127.0, 121.0]",35.918785545899944,0.7917269945144653,0.2449621856212616,0.7357609868049622,-0.1586605906486511,-0.3366380518428054,"[126.0, 73.0]"
papilledema_0394_PPE,0,3,9,papilledema,"[113.0, 132.0]",35.918785545899944,0.74909428358078,0.117222249507904,0.867283046245575,-0.1238695085048675,0.2086218847577799,"[91.0, 114.0]"
papilledema_0395_PPE,0,3,9,papilledema,"[114.0, 132.0]",35.918785545899944,0.7827723562717438,0.1617471575736999,0.8498706221580505,-0.1305788159370422,0.4094120078617783,"[93.0, 129.0]"
papilledema_0396_PPE,0,2,9,papilledema,"[112.0, 113.0]",45.254833995939045,0.820343393087387,0.1131734251976013,0.9765211939811708,-0.1180256605148315,0.3856373983957031,"[95.0, 91.0]"
papilledema_0397_PPE,0,2,9,papilledema,"[111.0, 117.0]",35.918785545899944,0.6789777755737304,0.1462364792823791,0.7210180759429932,-0.1401432156562805,0.3645268325718176,"[100.0, 97.0]"
papilledema_0398_PPE,0,2,9,papilledema,"[126.0, 134.0]",35.918785545899944,0.7955065429210663,0.1075635552406311,0.946297824382782,-0.1276725530624389,0.1694355105010515,"[155.0, 127.0]"
papilledema_0399_PPE,0,1,9,papilledema,"[127.0, 109.0]",57.01751796098172,0.4166892468929291,0.1053822934627533,0.4354950189590454,-0.0323022007942199,0.4913843843598154,"[156.0, 109.0]"
papilledema_0400_PPE,0,1,9,papilledema,"[137.0, 120.0]",57.01751796098172,0.5218566834926605,0.1397968530654907,0.534929096698761,-0.0380473136901855,0.672354350726849,"[155.0, 125.0]"
papilledema_0401_PPE,0,2,9,papilledema,"[111.0, 138.0]",35.918785545899944,0.6417114973068238,0.0814418196678161,0.7688026428222656,-0.1105391383171081,0.3688102826155496,"[94.0, 123.0]"
papilledema_0402_PPE,0,1,9,papilledema,"[109.0, 147.0]",45.254833995939045,0.8495317161083221,0.1572440862655639,0.9502736330032348,-0.1354804337024688,0.6569609624984352,"[94.0, 151.0]"
papilledema_0403_PPE,0,1,9,papilledema,"[112.0, 125.0]",35.918785545899944,0.7622824311256408,0.08576500415802,0.9288524985313416,-0.1316033899784088,0.2299674682337404,"[85.0, 119.0]"
papilledema_0404_PPE,0,1,9,papilledema,"[130.0, 125.0]",35.918785545899944,0.7554623544216156,0.1995133161544799,0.7577452063560486,-0.127636969089508,0.3318259613947456,"[154.0, 125.0]"
papilledema_0405_PPE,0,1,9,papilledema,"[127.0, 124.0]",45.254833995939045,0.9002437174320221,0.1849668622016906,0.977865755558014,-0.1538541316986084,0.5493060905670014,"[147.0, 120.0]"
papilledema_0406_PPE,0,1,9,papilledema,"[109.0, 125.0]",35.918785545899944,0.6584646165370941,0.1184704303741455,0.7365466356277466,-0.12205770611763,0.4002954470436755,"[89.0, 117.0]"
papilledema_0407_PPE,0,2,9,papilledema,"[115.0, 137.0]",35.918785545899944,0.6317669510841369,0.0962896347045898,0.7317445874214172,-0.1162805259227752,0.2761447915109745,"[91.0, 147.0]"
papilledema_0408_PPE,0,2,9,papilledema,"[115.0, 139.0]",35.918785545899944,0.7832845985889434,0.0950443744659423,0.9429113268852234,-0.1410114765167236,0.1849790606311151,"[86.0, 135.0]"
papilledema_0409_PPE,0,2,9,papilledema,"[113.0, 131.0]",35.918785545899944,0.828940623998642,0.1541440486907959,0.922997772693634,-0.1434906721115112,0.1369418668015465,"[82.0, 131.0]"
papilledema_0410_PPE,0,1,9,papilledema,"[133.0, 127.0]",57.01751796098172,0.873124486207962,0.1696139574050903,0.978750228881836,-0.0919268429279327,0.5161797736066787,"[153.0, 108.0]"
papilledema_0411_PPE,0,4,9,papilledema,"[204.0, 172.0]",181.0193359837561,0.5523239403963088,0.0341741442680358,0.7382745146751404,-0.0067881792783737,0.8669579190162,"[186.0, 156.0]"
papilledema_0412_PPE,0,2,9,papilledema,"[130.0, 122.0]",35.918785545899944,0.6651262462139129,0.1809781193733215,0.6489658951759338,-0.1493600010871887,0.47176204115353,"[148.0, 116.0]"
papilledema_0413_PPE,0,2,9,papilledema,"[135.0, 128.0]",35.918785545899944,0.8063468217849731,0.0920936465263366,0.9799113273620604,-0.1415762305259704,0.3220374532804457,"[158.0, 120.0]"
papilledema_0414_PPE,0,1,9,papilledema,"[110.0, 122.0]",45.254833995939045,0.5719404458999634,0.1063852310180664,0.6561182737350464,-0.0313621163368225,0.629585325277197,"[94.0, 117.0]"
papilledema_0415_PPE,0,1,9,papilledema,"[111.0, 129.0]",35.918785545899944,0.6648066878318787,0.148371160030365,0.6946759223937988,-0.1508119106292724,0.4644756561412466,"[94.0, 120.0]"
papilledema_0416_PPE,0,1,9,papilledema,"[94.0, 99.0]",45.254833995939045,0.7874329686164856,0.1152321696281433,0.9290744662284852,-0.1092433631420135,0.5647378663379963,"[112.0, 107.0]"
papilledema_0416_PPE,1,4,9,papilledema,"[36.0, 52.0]",181.01933598375612,0.7189694613218307,0.1670238375663757,0.7860372066497803,-0.0085978955030441,0.4817479328761679,"[112.0, 107.0]"
papilledema_0417_PPE,0,2,9,papilledema,"[105.0, 122.0]",35.918785545899944,0.5948745429515838,0.1106355786323547,0.6477429270744324,-0.1540945768356323,0.1369418668015465,"[74.0, 122.0]"
papilledema_0418_PPE,0,2,9,papilledema,"[131.0, 124.0]",35.918785545899944,0.7145340919494629,0.0883573293685913,0.8540815114974976,-0.1415985226631164,0.275609593501821,"[157.0, 123.0]"
papilledema_0419_PPE,0,1,9,papilledema,"[128.0, 155.0]",57.01751796098172,0.7889903366565704,0.0807366967201232,0.987385094165802,-0.0854203701019287,0.6554237468240327,"[147.0, 160.0]"
papilledema_0420_PPE,0,1,9,papilledema,"[103.0, 115.0]",35.918785545899944,0.7535941779613494,0.0729170441627502,0.9385263323783876,-0.1185435056686401,0.5074497719209882,"[91.0, 128.0]"
papilledema_0421_PPE,0,2,9,papilledema,"[157.0, 124.0]",35.918785545899944,0.8178738176822662,0.1015787124633789,0.9840651154518129,-0.137247622013092,0.3743606663558426,"[138.0, 136.0]"
papilledema_0422_PPE,0,2,9,papilledema,"[128.0, 108.0]",35.918785545899944,0.6237456977367402,0.0796275734901428,0.7427729368209839,-0.1208853423595428,0.0303639445150573,"[155.0, 130.0]"
papilledema_0423_PPE,0,1,9,papilledema,"[149.0, 59.0]",57.01751796098172,0.5916832983493805,0.0967524647712707,0.7008727192878723,-0.0215996503829956,0.6877364281807419,"[163.0, 70.0]"
papilledema_0424_PPE,0,1,9,papilledema,"[137.0, 118.0]",45.254833995939045,0.8591563045978546,0.2046685814857483,0.8965367078781128,-0.1345601379871368,0.6355655065721688,"[153.0, 122.0]"
papilledema_0425_PPE,0,1,9,papilledema,"[141.0, 131.0]",35.918785545899944,0.8273820281028748,0.1079617738723754,0.9873867630958556,-0.1412476003170013,0.4623089945190942,"[159.0, 138.0]"
papilledema_0426_PPE,0,1,9,papilledema,"[135.0, 128.0]",35.918785545899944,0.6891920149326324,0.0562942028045654,0.870391845703125,-0.1181176006793975,0.3017616818942887,"[158.0, 138.0]"
papilledema_0427_PPE,0,2,9,papilledema,"[117.0, 126.0]",35.918785545899944,0.7723010659217834,0.1324949860572815,0.8783782124519348,-0.1247066557407379,0.3106995008324811,"[100.0, 144.0]"
papilledema_0428_PPE,0,2,9,papilledema,"[121.0, 122.0]",35.918785545899944,0.8550876915454864,0.1817814707756042,0.9252909421920776,-0.1280128061771392,0.0880349040070063,"[104.0, 150.0]"
papilledema_0429_PPE,0,2,9,papilledema,"[137.0, 129.0]",35.918785545899944,0.765110045671463,0.0980714559555053,0.918177366256714,-0.1215721666812896,0.3572501850952557,"[160.0, 127.0]"
papilledema_0430_PPE,0,1,9,papilledema,"[92.0, 110.0]",45.254833995939045,0.8012522220611572,0.1349955797195434,0.9253564476966858,-0.0925356447696685,0.7903686271093947,"[101.0, 107.0]"
papilledema_0431_PPE,0,1,9,papilledema,"[142.0, 120.0]",45.254833995939045,0.8277065336704253,0.1565852165222168,0.9297255873680116,-0.1015670299530029,0.5034297318102905,"[161.0, 108.0]"
papilledema_0431_PPE,1,2,9,papilledema,"[135.0, 119.0]",35.918785545899944,0.7784009933471678,0.1026520729064941,0.9368969202041626,-0.0996053814888,0.2140272005881128,"[161.0, 108.0]"
papilledema_0432_PPE,0,1,9,papilledema,"[110.0, 120.0]",45.254833995939045,0.9017199337482452,0.1856259107589721,0.9806900024414062,-0.1480551064014434,0.8317135997770467,"[103.0, 123.0]"
papilledema_0433_PPE,0,2,9,papilledema,"[117.0, 120.0]",35.918785545899944,0.8518616199493408,0.1805277466773986,0.9218424558639526,-0.1302207708358764,0.664754963293384,"[105.0, 121.0]"
papilledema_0434_PPE,0,1,9,papilledema,"[95.0, 130.0]",57.01751796098172,0.8916776716709137,0.1871839165687561,0.9809517860412598,-0.0891375243663787,0.6649280105876104,"[82.0, 116.0]"
papilledema_0435_PPE,0,1,9,papilledema,"[111.0, 118.0]",35.918785545899944,0.7785387337207794,0.193375289440155,0.7974891662597656,-0.1346051394939422,0.0259773308770638,"[81.0, 100.0]"
papilledema_0436_RFM,0,1,9,papilledema,"[414.0, 258.0]",71.83757109179989,0.7759907126426697,0.2308931946754455,0.7387540936470032,-0.1398482620716095,0.7564943327192659,"[429.0, 267.0]"
papilledema_0437_RFM,0,1,9,papilledema,"[368.0, 258.0]",71.83757109179989,0.7815317392349244,0.2245241403579712,0.7568651437759399,-0.1360099911689758,0.7351483729018747,"[349.0, 257.0]"
papilledema_0438_RFM,0,1,0,papilledema,"[408.0, 285.0]",45.254833995939045,0.7550426185131073,0.1245526075363159,0.8609874844551086,-0.1389938592910766,0.0498252627805768,"[408.0, 328.0]"
papilledema_0439_RFM,0,1,9,papilledema,"[207.0, 227.0]",57.01751796098172,0.7179449498653411,0.2005758881568908,0.6968949437141418,-0.1477130055427551,0.5136433461256434,"[182.0, 215.0]"
papilledema_0440_RFM,0,1,9,papilledema,"[513.0, 257.0]",57.01751796098172,0.5701164722442627,0.2073301076889038,0.4753303527832031,-0.1502755880355835,0.803913949829421,"[518.0, 267.0]"
papilledema_0441_RFM,0,1,9,papilledema,"[574.0, 257.0]",45.254833995939045,0.7625018000602722,0.1886158585548401,0.7770007848739624,-0.1499269604682922,0.6016391005005637,"[591.0, 263.0]"
papilledema_0442_RFM,0,2,9,papilledema,"[530.0, 291.0]",57.01751796098172,0.7896247923374176,0.192599356174469,0.8139365911483765,-0.1363491117954254,0.6137552749908222,"[552.0, 290.0]"
papilledema_0443_RFM,0,1,9,papilledema,"[376.0, 283.0]",45.254833995939045,0.7677171826362609,0.2030870914459228,0.7699276208877563,-0.1284037828445434,0.8406556402002254,"[382.0, 287.0]"
papilledema_0444_RFM,0,1,9,papilledema,"[382.0, 256.0]",71.83757109179989,0.765824431180954,0.2196085453033447,0.7398887276649475,-0.1414688825607299,0.832377481646692,"[394.0, 255.0]"
papilledema_0445_RFM,0,1,9,papilledema,"[380.0, 262.0]",71.83757109179989,0.8009269654750824,0.2413528561592102,0.7595909833908081,-0.1393021047115326,0.2529587144390413,"[356.0, 214.0]"
papilledema_0446_RFM,0,1,9,papilledema,"[232.0, 253.0]",35.918785545899944,0.60964577794075,0.2229816019535064,0.5059916973114014,-0.1623499393463134,0.3382368505295221,"[209.0, 247.0]"
papilledema_0447_RFM,0,1,9,papilledema,"[352.0, 224.0]",71.83757109179989,0.6716772019863129,0.1278910040855407,0.7363296747207642,-0.1417771279811859,0.9803137335953926,"[351.0, 223.0]"
papilledema_0448_RFM,0,1,9,papilledema,"[373.0, 269.0]",57.01751796098172,0.7300293445587158,0.1493276357650756,0.7898483276367188,-0.139039397239685,0.4289888028012849,"[397.0, 247.0]"
papilledema_0449_RFM,0,1,9,papilledema,"[561.0, 233.0]",45.254833995939045,0.8131241619586944,0.1818339228630066,0.8571083545684814,-0.1565719544887542,0.5338614409319906,"[582.0, 231.0]"
papilledema_0450_RFM,0,1,0,papilledema,"[218.0, 249.0]",45.254833995939045,0.8294515311717987,0.1591653227806091,0.915345013141632,-0.1477234959602356,-3.379963702047084,"[335.0, 409.0]"
papilledema_0451_RFM,0,1,9,papilledema,"[210.0, 241.0]",35.918785545899944,0.6873683452606201,0.1070796251296997,0.7883224487304688,-0.1423150300979614,0.4681063715216954,"[191.0, 239.0]"
papilledema_0452_RFM,0,1,9,papilledema,"[395.0, 266.0]",45.254833995939045,0.7341343939304351,0.0959014892578125,0.8741306662559509,-0.1317071914672851,0.5795742485289466,"[376.0, 267.0]"
papilledema_0453_RFM,0,1,9,papilledema,"[401.0, 283.0]",57.01751796098172,0.7495383560657501,0.1124131679534912,0.8731599450111389,-0.1295661330223083,0.7107481508795814,"[417.0, 279.0]"
papilledema_0454_RFM,0,1,9,papilledema,"[385.0, 283.0]",45.254833995939045,0.8647942304611205,0.1911513209342956,0.9231783151626588,-0.1370904445648193,0.5580582617584078,"[405.0, 283.0]"
papilledema_0455_RFM,0,1,9,papilledema,"[338.0, 242.0]",57.01751796098172,0.8454098343849181,0.1914397478103637,0.8962002992630005,-0.1331493854522705,0.575801015024064,"[314.0, 239.0]"
papilledema_0456_RFM,0,1,9,papilledema,"[290.0, 226.0]",71.83757109179989,0.907375007867813,0.205161452293396,0.9603248238563538,-0.1499308943748474,0.930398537645286,"[290.0, 221.0]"
papilledema_0457_RFM,0,1,9,papilledema,"[408.0, 248.0]",90.50966799187808,0.8794083595275879,0.2203592658042907,0.9007009863853455,-0.1427920162677765,0.743017434321898,"[398.0, 269.0]"
papilledema_0458_RFM,0,1,0,papilledema,"[206.0, 219.0]",45.254833995939045,0.7805181562900543,0.1963539719581604,0.7936839461326599,-0.1429271101951599,-1.03125,"[241.0, 134.0]"
papilledema_0459_RFM,0,1,9,papilledema,"[272.0, 215.0]",45.254833995939045,0.8753005325794219,0.2555052638053894,0.8433536887168884,-0.1472384333610534,0.7609834603003383,"[263.0, 221.0]"
papilledema_0460_RFM,0,1,9,papilledema,"[454.0, 222.0]",45.254833995939045,0.8771731615066528,0.2518208622932434,0.8514877557754517,-0.1465543508529663,0.8023576462394764,"[462.0, 218.0]"
papilledema_0461_RFM,0,1,9,papilledema,"[376.0, 270.0]",71.83757109179989,0.749592787027359,0.1506464481353759,0.8173927068710327,-0.1338572204113006,0.9498096717265604,"[378.0, 273.0]"
papilledema_0462_RFM,0,1,9,papilledema,"[169.0, 272.0]",57.01751796098172,0.7789504587650299,0.2174752950668335,0.7611356973648071,-0.1434008777141571,0.3475312183716106,"[147.0, 242.0]"
papilledema_0463_RFM,0,1,9,papilledema,"[378.0, 252.0]",71.83757109179989,0.7477628171443939,0.2312323749065399,0.6967118978500366,-0.1441605687141418,0.8546678799096774,"[381.0, 262.0]"
papilledema_0464_RFM,0,1,9,papilledema,"[363.0, 268.0]",57.01751796098172,0.7849534749984741,0.1483145952224731,0.8718633651733398,-0.1316726207733154,0.1779339357930756,"[337.0, 229.0]"
papilledema_0465_RFM,0,1,9,papilledema,"[395.0, 287.0]",57.01751796098172,0.8221697092056274,0.1687493324279785,0.8906198143959045,-0.1499325335025787,0.5048681626880812,"[421.0, 276.0]"
papilledema_0466_RFM,0,1,9,papilledema,"[204.0, 251.0]",57.01751796098172,0.8006250023841858,0.093467116355896,0.9700415134429932,-0.1406441330909729,0.4047246055119253,"[180.0, 227.0]"
papilledema_0467_RFM,0,1,9,papilledema,"[178.0, 228.0]",71.83757109179989,0.8027227401733398,0.0908955931663513,0.9780111312866212,-0.1360967755317688,0.5010007143467898,"[164.0, 195.0]"
papilledema_0468_RFM,0,1,9,papilledema,"[565.0, 244.0]",45.254833995939045,0.9741957783699036,0.3100378513336181,0.906085729598999,-0.1494895815849304,0.4366326132087517,"[582.0, 263.0]"
papilledema_0469_RFM,0,2,0,papilledema,"[222.0, 259.0]",35.918785545899944,0.6971019208431243,0.0717211961746215,0.8513809442520142,-0.1470703184604644,-0.6566902606215728,"[197.0, 205.0]"
papilledema_0470_RFM,0,1,9,papilledema,"[565.0, 237.0]",45.254833995939045,0.760083907842636,0.1748202443122863,0.7929928302764893,-0.1508434116840362,0.731177335404918,"[577.0, 239.0]"
papilledema_0471_RFM,0,1,9,papilledema,"[391.0, 241.0]",57.01751796098172,0.7240208506584167,0.1312299370765686,0.8085101842880249,-0.1341689229011535,0.5123800799617098,"[374.0, 219.0]"
papilledema_0472_RFM,0,1,9,papilledema,"[385.0, 253.0]",45.254833995939045,0.7963572978973388,0.1681110262870788,0.8607889413833618,-0.1284700632095337,0.59375,"[402.0, 246.0]"
papilledema_0473_RFM,0,1,9,papilledema,"[513.0, 236.0]",45.254833995939045,0.7410417437553405,0.1270678639411926,0.8393415212631226,-0.1321740746498108,0.6656103975151142,"[528.0, 234.0]"
papilledema_0474_RFM,0,1,9,papilledema,"[486.0, 233.0]",57.01751796098172,0.8536913752555847,0.1901670098304748,0.9077171087265016,-0.1406119465827942,0.897734028008102,"[483.0, 228.0]"
papilledema_0475_RFM,0,1,0,papilledema,"[206.0, 247.0]",45.254833995939045,0.8417104005813598,0.1745380759239196,0.9116053581237792,-0.1452428698539734,-2.794591648814138,"[298.0, 392.0]"
papilledema_0476_RFM,0,2,0,papilledema,"[547.0, 279.0]",57.01751796098172,0.635471075773239,0.122595191001892,0.6957922577857971,-0.1291065216064453,-2.140561584592933,"[426.0, 147.0]"
papilledema_0477_RFM,0,1,9,papilledema,"[215.0, 228.0]",45.254833995939045,0.810179454088211,0.2251277565956115,0.7953164577484131,-0.1416508853435516,0.6627026071105797,"[202.0, 220.0]"
papilledema_0478_RFM,0,1,9,papilledema,"[394.0, 240.0]",71.83757109179989,0.7781800031661987,0.1735643148422241,0.8244431018829346,-0.137527585029602,0.8877710141675594,"[395.0, 232.0]"
papilledema_0479_RFM,0,1,9,papilledema,"[571.0, 238.0]",45.254833995939045,0.7951161682605743,0.2051061391830444,0.8015863299369812,-0.1444979906082153,0.3718827736799444,"[589.0, 260.0]"
papilledema_0480_RFM,0,1,9,papilledema,"[224.0, 265.0]",45.254833995939045,0.7592505991458893,0.1838451623916626,0.7831516861915588,-0.1359962821006775,0.602252435582567,"[206.0, 265.0]"
papilledema_0481_RFM,0,1,9,papilledema,"[379.0, 269.0]",45.254833995939045,0.7777725756168365,0.1753185987472534,0.8257550597190857,-0.1221271753311157,0.5755288216498087,"[391.0, 254.0]"
papilledema_0482_RFM,0,2,9,papilledema,"[376.0, 256.0]",57.01751796098172,0.8556038498878478,0.2410351037979126,0.8387018442153931,-0.1373872756958007,0.9751968585629968,"[377.0, 257.0]"
papilledema_0483_RFM,0,1,0,papilledema,"[578.0, 252.0]",45.254833995939045,0.7173323154449462,0.1549497246742248,0.7648489475250244,-0.1349416375160217,-0.1918096140953049,"[568.0, 199.0]"
papilledema_0484_RFM,0,1,9,papilledema,"[195.0, 241.0]",45.254833995939045,0.9052018642425536,0.3026794195175171,0.8175197839736938,-0.1512929797172546,0.6224048133251696,"[179.0, 235.0]"
papilledema_0485_RFM,0,1,9,papilledema,"[212.0, 234.0]",57.01751796098172,0.7674321889877319,0.1986047029495239,0.77226722240448,-0.1412021517753601,0.473553688181441,"[197.0, 208.0]"
papilledema_0486_RFM,0,1,9,papilledema,"[217.0, 237.0]",57.01751796098172,0.6976272344589233,0.1698812842369079,0.7125582098960876,-0.1447760164737701,0.9255905756889906,"[214.0, 240.0]"
papilledema_0487_RFM,0,1,9,papilledema,"[526.0, 214.0]",57.01751796098172,0.6929270207881928,0.1607447862625122,0.7192501425743103,-0.1435356736183166,0.6823648078005007,"[544.0, 212.0]"
papilledema_0488_RFM,0,1,9,papilledema,"[400.0, 273.0]",57.01751796098172,0.7950004279613494,0.1595716476440429,0.8668709993362427,-0.1430954039096832,0.7947174775526111,"[411.0, 277.0]"
papilledema_0489_RFM,0,1,9,papilledema,"[368.0, 244.0]",71.83757109179989,0.7330604374408722,0.149774968624115,0.7921367883682251,-0.1439485847949981,0.7973174822412243,"[354.0, 248.0]"
papilledema_0490_RFM,0,1,9,papilledema,"[208.0, 237.0]",57.01751796098172,0.6995962023735046,0.1632300019264221,0.7258220314979553,-0.1414538919925689,0.827266107785753,"[204.0, 246.0]"
papilledema_0491_RFM,0,1,9,papilledema,"[446.0, 230.0]",71.83757109179989,0.7828095495700836,0.1466304063796997,0.8704245090484619,-0.1344099342823028,0.7755420283351189,"[462.0, 228.0]"
papilledema_0492_RFM,0,1,9,papilledema,"[288.0, 236.0]",45.254833995939045,0.7773118197917938,0.1418535709381103,0.8665328621864319,-0.1444262266159057,0.7266741299291266,"[276.0, 233.0]"
papilledema_0493_RFM,0,1,9,papilledema,"[217.0, 228.0]",35.918785545899944,0.7003102600574493,0.0739022493362426,0.8598453402519226,-0.1225813627243042,0.4041854635735152,"[204.0, 245.0]"
papilledema_0494_RFM,0,4,0,papilledema,,,,,,,,"[566.0, 208.0]"
papilledema_0495_RFM,0,2,9,papilledema,"[170.0, 214.0]",71.83757109179989,0.7280244052410125,0.1224334836006164,0.8286017775535583,-0.1278483867645263,0.6378047967509105,"[144.0, 215.0]"
papilledema_0496_RFM,0,1,9,papilledema,"[189.0, 250.0]",45.254833995939045,0.7006534755229951,0.1995076537132263,0.6722694039344788,-0.1527861952781677,0.4050177261043822,"[175.0, 227.0]"
papilledema_0497_RFM,0,1,0,papilledema,"[579.0, 223.0]",45.254833995939045,0.8399791300296784,0.1341360807418823,0.969981849193573,-0.1342787742614746,-1.0781837397713416,"[565.0, 130.0]"
papilledema_0498_RFM,0,1,9,papilledema,"[399.0, 258.0]",45.254833995939045,0.8633490443229676,0.1931115984916687,0.9175633192062378,-0.1397156119346618,0.3773481610883976,"[374.0, 245.0]"
papilledema_0499_RFM,0,1,9,papilledema,"[391.0, 274.0]",57.01751796098172,0.8551388800144195,0.2076485157012939,0.8859890103340149,-0.1364902853965759,0.6149516993159178,"[410.0, 285.0]"
papilledema_0500_RFM,0,1,9,papilledema,"[373.0, 256.0]",45.254833995939045,0.874555367231369,0.1748192906379699,0.9589902758598328,-0.1422144174575805,0.5219669206006764,"[355.0, 244.0]"
papilledema_0501_RFM,0,1,9,papilledema,"[394.0, 261.0]",45.254833995939045,0.869547414779663,0.1673082709312439,0.961429238319397,-0.1461933851242065,0.5,"[410.0, 245.0]"
papilledema_0502_RFM,0,1,9,papilledema,"[559.0, 251.0]",45.254833995939045,0.8217156648635864,0.1780979037284851,0.8766571283340454,-0.1497888565063476,0.827416234106449,"[565.0, 256.0]"
papilledema_0503_RFM,0,1,9,papilledema,"[327.0, 263.0]",57.01751796098172,0.8703680396080016,0.2066292762756347,0.907606601715088,-0.1420707106590271,0.0419435449229416,"[305.0, 213.0]"
papilledema_0504_RFM,0,1,0,papilledema,"[201.0, 222.0]",57.01751796098172,0.7927708685398102,0.1914042234420776,0.8195639252662659,-0.1383594870567321,-3.72865890698364,"[399.0, 39.0]"
papilledema_0505_RFM,0,1,0,papilledema,"[568.0, 255.0]",57.01751796098172,0.8549205362796782,0.1975033283233642,0.8998685479164124,-0.1375461220741272,-1.5236510812319248,"[521.0, 391.0]"
papilledema_0506_RFM,0,1,9,papilledema,"[555.0, 237.0]",57.01751796098172,0.6619419217109679,0.1398306488990783,0.7067779898643494,-0.1368333995342254,0.7507315135450491,"[564.0, 248.0]"
papilledema_0507_RFM,0,1,9,papilledema,"[401.0, 302.0]",45.254833995939045,0.7904000878334044,0.1987742781639099,0.8054819107055664,-0.1389423608779907,0.865588667702459,"[402.0, 296.0]"
papilledema_0508_RFM,0,1,9,papilledema,"[362.0, 253.0]",57.01751796098172,0.7664280116558074,0.1913480162620544,0.7824232578277588,-0.1369185745716095,0.8823483698976526,"[356.0, 256.0]"
papilledema_0509_RFM,0,1,9,papilledema,"[208.0, 293.0]",57.01751796098172,0.6903046369552612,0.1262834072113037,0.7656234502792358,-0.1404240727424621,0.3720346156695483,"[179.0, 272.0]"
papilledema_0510_RFM,0,1,9,papilledema,"[538.0, 239.0]",45.254833995939045,0.7718946039676666,0.1690853834152221,0.82094806432724,-0.1407278776168823,0.21875,"[569.0, 222.0]"
papilledema_0511_RFM,0,1,9,papilledema,"[195.0, 271.0]",45.254833995939045,0.7986346662044524,0.1882938146591186,0.8311401009559631,-0.1427139043807983,0.6134588475983443,"[180.0, 262.0]"
papilledema_0512_RFM,0,1,0,papilledema,"[214.0, 225.0]",57.01751796098172,0.8055039763450622,0.1782828569412231,0.8550074696540833,-0.1435794532299041,-2.4952194059470965,"[318.0, 395.0]"
papilledema_0513_RFM,0,1,9,papilledema,"[202.0, 230.0]",45.254833995939045,0.7977051734924316,0.1826105117797851,0.8379451036453247,-0.1426654458045959,0.8453203916154427,"[195.0, 230.0]"
papilledema_0514_RFM,0,1,9,papilledema,"[561.0, 226.0]",57.01751796098172,0.8132310807704926,0.1915030479431152,0.846612811088562,-0.1454953253269195,0.897734028008102,"[566.0, 229.0]"
papilledema_0515_RFM,0,1,0,papilledema,"[562.0, 231.0]",57.01751796098172,0.7598474442958831,0.1760845780372619,0.7928208112716675,-0.1439414918422699,-4.250099175031219,"[359.0, 451.0]"
papilledema_0516_RFM,0,2,9,papilledema,"[196.0, 228.0]",45.254833995939045,0.6519946932792663,0.1069048047065734,0.7380070686340332,-0.1424247026443481,-0.0357383386985343,"[187.0, 182.0]"
papilledema_0517_RFM,0,1,0,papilledema,"[216.0, 229.0]",57.01751796098172,0.810036152601242,0.2290844321250915,0.7885597348213196,-0.144799530506134,-3.715794088287757,"[399.0, 426.0]"
papilledema_0518_RFM,0,4,9,papilledema,"[352.0, 359.0]",35.918785545899944,1.0251107335090637,0.320834219455719,0.9654934406280518,-0.1421555280685424,-2.435690619002788,"[362.0, 236.0]"
papilledema_0519_RFM,0,1,9,papilledema,"[579.0, 213.0]",35.918785545899944,0.8031031548976898,0.1449453234672546,0.9015524983406068,-0.1353554129600525,0.7433224894112469,"[586.0, 207.0]"
papilledema_0520_RFM,0,1,9,papilledema,"[402.0, 242.0]",57.01751796098172,0.7960143566131591,0.1619125008583068,0.8689675331115723,-0.1291229128837585,0.6838207445357983,"[419.0, 236.0]"
papilledema_0521_RFM,0,1,9,papilledema,"[236.0, 237.0]",45.254833995939045,0.9456179320812224,0.2468268871307373,0.95484858751297,-0.1519851684570312,0.2441633360970109,"[227.0, 270.0]"
papilledema_0522_RFM,0,1,9,papilledema,"[360.0, 266.0]",57.01751796098172,0.7898505926132202,0.1975441575050354,0.8073971271514893,-0.1356422305107116,0.8263780099409782,"[353.0, 259.0]"
papilledema_0523_RFM,0,1,9,papilledema,"[356.0, 263.0]",57.01751796098172,0.7961504757404327,0.2343347668647766,0.7616176009178162,-0.143416941165924,0.2138930057828458,"[328.0, 228.0]"
papilledema_0524_RFM,0,1,9,papilledema,"[345.0, 223.0]",57.01751796098172,0.7731493890285492,0.2115917801856994,0.7608044147491455,-0.1449725925922393,0.0404998424554753,"[362.0, 275.0]"
papilledema_0525_RFM,0,1,9,papilledema,"[565.0, 239.0]",45.254833995939045,0.7735811471939087,0.1844096779823303,0.7987860441207886,-0.1501061916351318,0.7035364693592144,"[577.0, 245.0]"
papilledema_0526_RFM,0,1,9,papilledema,"[492.0, 224.0]",71.83757109179989,0.8498395204544067,0.2574938535690307,0.8065054416656494,-0.1389592885971069,0.9559801700961276,"[491.0, 221.0]"
papilledema_0527_RFM,0,1,9,papilledema,"[380.0, 252.0]",57.01751796098172,0.7291208982467651,0.1742257475852966,0.7547686100006104,-0.1327856183052063,0.8630201742339719,"[385.0, 246.0]"
papilledema_0528_RFM,0,1,9,papilledema,"[564.0, 220.0]",57.01751796098172,0.6740982115268708,0.104694664478302,0.7722818851470947,-0.144031137228012,0.5209717724614709,"[575.0, 195.0]"
papilledema_0529_RFM,0,1,9,papilledema,"[568.0, 223.0]",45.254833995939045,0.8213590562343598,0.2193964719772339,0.8170673251152039,-0.1500772833824157,0.6569609624984352,"[572.0, 208.0]"
papilledema_0530_RFM,0,1,0,papilledema,"[210.0, 236.0]",57.01751796098172,0.7291541218757629,0.1851140856742859,0.7366483211517334,-0.1419310569763183,-4.3904479603462,"[450.0, 428.0]"
papilledema_0531_RFM,0,1,0,papilledema,"[562.0, 226.0]",45.254833995939045,0.783025163412094,0.2192966341972351,0.7633729577064514,-0.1468372941017151,-2.0905918223699484,"[513.0, 357.0]"
papilledema_0532_WHC,0,4,9,papilledema,"[423.0, 210.0]",35.918785545899944,0.8107159674167632,0.1405856609344482,0.922177255153656,-0.1230311393737793,-2.9264109055774137,"[282.0, 207.0]"
papilledema_0533_WHC,0,4,9,papilledema,"[271.0, 66.0]",45.254833995939045,0.8416054606437683,0.179871380329132,0.9081554412841796,-0.1301263570785522,-3.355817320693098,"[250.0, 262.0]"
papilledema_0533_WHC,1,4,9,papilledema,"[387.0, 127.0]",35.918785545899944,0.735437422990799,0.0905820727348327,0.8917326331138611,-0.1032125353813171,-4.3548092120555895,"[250.0, 262.0]"
papilledema_0533_WHC,2,4,9,papilledema,"[354.0, 407.0]",45.254833995939045,0.7769324719905852,0.1222649812698364,0.9000138640403748,-0.1232889294624328,-2.943014491635809,"[250.0, 262.0]"
papilledema_0533_WHC,3,4,9,papilledema,"[280.0, 12.0]",143.67514218359975,0.5614979237318038,0.038368821144104,0.7339527606964111,-0.0468108505010604,-0.7525200421832272,"[250.0, 262.0]"
papilledema_0534_WHC,0,1,9,papilledema,"[276.0, 228.0]",71.83757109179989,0.818223449587822,0.1925186514854431,0.8799692988395691,-0.0486314445734024,0.3522949093439126,"[322.0, 221.0]"
papilledema_0534_WHC,1,4,9,papilledema,"[463.0, 238.0]",35.918785545899944,0.7765535235404968,0.0901643633842468,0.9490622282028198,-0.1102280020713806,-2.953951199371462,"[322.0, 221.0]"
papilledema_0534_WHC,2,2,9,papilledema,"[258.0, 220.0]",57.01751796098172,0.766905528306961,0.1457093358039856,0.8741961717605591,-0.0462943613529205,-0.122599059240406,"[322.0, 221.0]"
papilledema_0535_WHC,0,2,9,papilledema,"[289.0, 286.0]",45.254833995939045,0.8428685307502747,0.1471976637840271,0.9557955265045166,-0.1330699920654297,0.0619793112622729,"[248.0, 275.0]"
papilledema_0535_WHC,1,4,9,papilledema,"[388.0, 146.0]",45.254833995939045,0.8218705832958222,0.1421299576759338,0.93997985124588,-0.108773648738861,-3.20663770501454,"[248.0, 275.0]"
papilledema_0536_WHC,0,2,9,papilledema,"[406.0, 228.0]",90.50966799187808,0.9252783298492432,0.2484338283538818,0.9272098541259766,-0.1389880180358886,0.4465793516117238,"[456.0, 231.0]"
papilledema_0536_WHC,1,4,9,papilledema,"[526.0, 220.0]",35.918785545899944,0.7644427895545959,0.1013998389244079,0.9246425628662108,-0.0789657831192016,-0.9727564246758312,"[456.0, 231.0]"
papilledema_0537_WHC,0,2,9,papilledema,"[154.0, 122.0]",90.50966799187808,0.942564845085144,0.2462755441665649,0.9540746212005616,-0.1421853303909301,0.2703777464930912,"[210.0, 157.0]"
papilledema_0537_WHC,1,4,9,papilledema,"[270.0, 117.0]",35.918785545899944,0.7579393208026886,0.1096987128257751,0.9105557203292848,-0.0542580187320709,-1.007613130937583,"[210.0, 157.0]"
papilledema_0538_WHC,0,3,9,papilledema,"[268.0, 185.0]",35.918785545899944,0.7184106290340423,0.0150591135025024,0.9821077585220336,-0.0793804228305816,-0.7128183129262495,"[311.0, 229.0]"
papilledema_0539_WHC,0,1,9,papilledema,"[286.0, 270.0]",71.83757109179989,0.816702651977539,0.1300538778305053,0.943468451499939,-0.131104290485382,0.7020927317867576,"[303.0, 283.0]"
papilledema_0540_WHC,0,4,9,papilledema,"[404.0, 140.0]",45.254833995939045,0.7162069976329803,0.0733083486557006,0.9152045845985411,-0.0112771987915039,-2.6723736363556467,"[276.0, 246.0]"
papilledema_0540_WHC,1,2,9,papilledema,"[264.0, 219.0]",57.01751796098172,0.7086493968963623,0.0547523498535156,0.9209320545196532,-0.0462230443954467,0.4817983233572592,"[276.0, 246.0]"
papilledema_0541_WHC,0,4,9,papilledema,"[266.0, 436.0]",57.01751796098172,0.7778965771198272,0.0584765672683715,0.991506040096283,-0.126828908920288,-3.0369351005405854,"[275.0, 206.0]"
papilledema_0541_WHC,1,4,9,papilledema,"[395.0, 361.0]",35.918785545899944,0.7575651943683624,0.0440064668655395,0.990324318408966,-0.1016585230827331,-4.457393808279862,"[275.0, 206.0]"
papilledema_0541_WHC,2,4,9,papilledema,"[375.0, 389.0]",57.01751796098172,0.7690673410892487,0.0583155751228332,0.9831591248512268,-0.1127018928527832,-2.6574753067988435,"[275.0, 206.0]"
papilledema_0542_WHC,0,4,9,papilledema,"[274.0, 70.0]",45.254833995939045,0.7679279327392577,0.0510728955268859,0.990498423576355,-0.1175307035446167,-2.3969914308473013,"[297.0, 222.0]"
papilledema_0542_WHC,1,4,9,papilledema,"[438.0, 237.0]",35.918785545899944,0.7604982614517211,0.0461750030517578,0.991902470588684,-0.0999576449394226,-2.9476732139498343,"[297.0, 222.0]"
papilledema_0542_WHC,2,4,9,papilledema,"[416.0, 173.0]",45.254833995939045,0.7653636276721955,0.049275517463684,0.9908856749534608,-0.1123406887054443,-1.84375,"[297.0, 222.0]"
papilledema_0542_WHC,3,4,9,papilledema,"[435.0, 229.0]",45.254833995939045,0.7612045586109161,0.0514224171638488,0.9856133460998536,-0.099263995885849,-2.0533185071737927,"[297.0, 222.0]"
papilledema_0542_WHC,4,4,9,papilledema,"[292.0, 76.0]",57.01751796098172,0.7677639663219452,0.0567045807838439,0.982496738433838,-0.1165583431720733,-1.562117688982856,"[297.0, 222.0]"
papilledema_0543_WHC,0,2,9,papilledema,"[260.0, 226.0]",71.83757109179989,0.8733028173446654,0.2182962298393249,0.8985125422477722,-0.1302390396595001,0.4834464742253133,"[251.0, 262.0]"
papilledema_0544_WHC,0,1,9,papilledema,"[397.0, 262.0]",57.01751796098172,0.7998753309249877,0.0996915102005004,0.9645588994026184,-0.1249629557132721,0.8664309956270713,"[404.0, 265.0]"
papilledema_0544_WHC,1,4,9,papilledema,"[294.0, 114.0]",71.83757109179989,0.7432512760162353,0.0898534655570983,0.9214221239089966,-0.0420116186141967,-1.6005624981867586,"[404.0, 265.0]"
papilledema_0545_WHC,0,3,9,papilledema,"[219.0, 194.0]",45.254833995939045,0.80826136469841,0.1292328238487243,0.9288007616996764,-0.1443400382995605,0.2329413932104014,"[253.0, 201.0]"
papilledema_0546_WHC,0,4,9,papilledema,"[206.0, 443.0]",57.01751796098172,0.8432613849639893,0.1981390118598938,0.8881843090057373,-0.1169667840003967,-1.7979218850706244,"[219.0, 284.0]"
papilledema_0547_WHC,0,4,9,papilledema,"[343.0, 64.0]",45.254833995939045,0.8656239449977874,0.1816112399101257,0.9604723453521729,-0.0584103167057037,-2.836311399801898,"[313.0, 235.0]"
papilledema_0547_WHC,1,3,9,papilledema,"[278.0, 191.0]",57.01751796098172,0.7374134361743927,0.0520985722541809,0.953052818775177,-0.0908894538879394,0.0139386420510831,"[313.0, 235.0]"
papilledema_0548_WHC,0,1,9,papilledema,"[311.0, 219.0]",45.254833995939045,0.7899808704853057,0.0841578841209411,0.9719837307929992,-0.1271718740463256,0.5647378663379963,"[293.0, 211.0]"
papilledema_0548_WHC,1,1,9,papilledema,"[303.0, 216.0]",57.01751796098172,0.7806353449821472,0.0884024500846862,0.9522325992584229,-0.1283503770828247,0.803913949829421,"[293.0, 211.0]"
papilledema_0548_WHC,2,4,9,papilledema,"[311.0, 396.0]",57.01751796098172,0.6917903125286101,0.0380635857582092,0.9222083687782288,-0.0409043431282043,-2.259938692897414,"[293.0, 211.0]"
papilledema_0548_WHC,3,4,9,papilledema,"[304.0, 400.0]",71.83757109179989,0.7212716907262802,0.0713533163070678,0.9167946577072144,-0.0408105701208114,-1.635387476528987,"[293.0, 211.0]"
papilledema_0549_WHC,0,1,9,papilledema,"[374.0, 208.0]",57.01751796098172,0.8186881721019745,0.1259605288505554,0.9542486071586608,-0.1237680912017822,0.6649280105876104,"[387.0, 222.0]"
papilledema_0549_WHC,1,4,9,papilledema,"[301.0, 75.0]",35.918785545899944,0.803940850496292,0.1121969223022461,0.9561418890953064,-0.1122230291366577,-3.741489472532192,"[387.0, 222.0]"
papilledema_0550_WHC,0,3,9,papilledema,"[310.0, 235.0]",45.254833995939045,0.7828255236148834,0.1001591682434082,0.9420945048332214,-0.116001009941101,-0.0836588052749813,"[272.0, 204.0]"
papilledema_0550_WHC,1,3,9,papilledema,"[209.0, 225.0]",45.254833995939045,0.7161230504512787,0.0789813995361328,0.8941589593887329,-0.0561518967151641,-0.4674196102342367,"[272.0, 204.0]"
papilledema_0551_WHC,0,2,9,papilledema,"[253.0, 221.0]",57.01751796098172,0.8176047265529632,0.1284472346305847,0.9586929082870485,-0.0903622806072235,0.6492306099033209,"[233.0, 221.0]"
papilledema_0551_WHC,1,4,9,papilledema,"[325.0, 72.0]",57.01751796098172,0.8053713798522949,0.1298431158065796,0.9384649395942688,-0.0930140316486358,-2.071235905791037,"[233.0, 221.0]"
papilledema_0552_WHC,0,4,9,papilledema,"[410.0, 175.0]",57.01751796098172,0.7375376135110855,0.0846359133720398,0.9253585934638976,-0.0257534235715866,-2.17683608508324,"[247.0, 254.0]"
papilledema_0552_WHC,1,4,9,papilledema,"[423.0, 165.0]",35.918785545899944,0.7131224632263182,0.0580851435661315,0.9282497763633728,-0.026312381029129,-4.490809914288345,"[247.0, 254.0]"
papilledema_0552_WHC,2,4,9,papilledema,"[407.0, 282.0]",35.918785545899944,0.7288700997829437,0.0459369421005249,0.9484128952026368,-0.0952206552028656,-3.52218864210783,"[247.0, 254.0]"
papilledema_0552_WHC,3,4,9,papilledema,"[342.0, 426.0]",35.918785545899944,0.72943115234375,0.0738872289657592,0.9282681941986084,-0.0287809371948242,-4.470444702390671,"[247.0, 254.0]"
papilledema_0552_WHC,4,4,9,papilledema,"[416.0, 168.0]",45.254833995939045,0.7235505908727645,0.0691089034080505,0.9273471832275392,-0.0264932960271835,-3.1901227793765177,"[247.0, 254.0]"
papilledema_0553_WHC,0,4,9,papilledema,"[281.0, 450.0]",45.254833995939045,0.8576225161552429,0.166059672832489,0.9721106886863708,-0.0554268062114715,-3.3477387261943417,"[238.0, 258.0]"
papilledema_0553_WHC,1,4,9,papilledema,"[176.0, 432.0]",35.918785545899944,0.8329320430755615,0.1522539258003235,0.96546733379364,-0.0242549180984497,-4.142601438688844,"[238.0, 258.0]"
papilledema_0554_WHC,0,3,9,papilledema,"[261.0, 252.0]",35.918785545899944,0.740851205587387,0.0247220993041992,0.986882746219635,-0.1265559196472168,-0.4797473872203426,"[208.0, 256.0]"
papilledema_0554_WHC,1,4,9,papilledema,"[275.0, 106.0]",45.254833995939045,0.7226105540990828,0.0344851613044738,0.9705860614776612,-0.0435757488012313,-2.6301821794849354,"[208.0, 256.0]"
papilledema_0555_WHC,0,2,9,papilledema,"[342.0, 188.0]",114.03503592196344,0.7873693108558655,0.1249123811721801,0.9351063370704652,-0.0394124686717987,0.4861946784385054,"[290.0, 215.0]"
papilledema_0556_WHC,0,4,9,papilledema,"[344.0, 378.0]",57.01751796098172,0.7785288453102112,0.0715347528457641,0.9790031909942628,-0.1084592938423156,-2.6105826583411056,"[278.0, 183.0]"
papilledema_0557_WHC,0,1,9,papilledema,"[264.0, 240.0]",71.83757109179989,0.8376698017120361,0.1450476050376892,0.9482860565185548,-0.1441097855567932,0.8852103276056251,"[272.0, 242.0]"
papilledema_0557_WHC,1,4,9,papilledema,"[394.0, 184.0]",45.254833995939045,0.7017978161573409,0.0779192447662353,0.8865352869033813,-0.0165193527936935,-1.984988484064888,"[272.0, 242.0]"
papilledema_0558_WHC,0,2,9,papilledema,"[323.0, 272.0]",57.01751796098172,0.7860552132129669,0.1079418659210205,0.9327160120010376,-0.1260606944561004,0.5931982338242239,"[300.0, 269.0]"
papilledema_0558_WHC,1,4,9,papilledema,"[429.0, 257.0]",35.918785545899944,0.7280042052268981,0.0753169059753418,0.9119925498962402,-0.0714625716209411,-2.606940917436552,"[300.0, 269.0]"
papilledema_0558_WHC,2,2,9,papilledema,"[327.0, 272.0]",45.254833995939045,0.7832062304019928,0.0901484489440918,0.9538202881813048,-0.1269178986549377,0.3997071027406705,"[300.0, 269.0]"
papilledema_0559_WHC,0,1,9,papilledema,"[267.0, 252.0]",57.01751796098172,0.8875874996185302,0.1731689572334289,0.9795200824737548,-0.1437724232673645,0.7544614269323247,"[253.0, 252.0]"
papilledema_0560_WHC,0,1,9,papilledema,"[194.0, 260.0]",71.83757109179989,0.8377917647361754,0.1448270082473755,0.9481675624847412,-0.146237313747406,0.760506232705171,"[180.0, 250.0]"
papilledema_0561_WHC,0,3,9,papilledema,"[250.0, 296.0]",90.50966799187808,0.8173092007637023,0.1403207778930664,0.938874125480652,-0.0988826751708984,0.3123224661042068,"[207.0, 341.0]"
papilledema_0561_WHC,1,3,9,papilledema,"[258.0, 335.0]",35.918785545899944,0.7476866841316222,0.0530943870544433,0.9678466320037842,-0.0854982733726501,-0.4296621538122345,"[207.0, 341.0]"
papilledema_0562_WHC,0,4,0,papilledema,"[283.0, 267.0]",35.918785545899944,0.8392157614231109,0.1660168766975402,0.9281142354011536,-0.1175945997238159,0.6434665515486087,"[293.0, 275.0]"
papilledema_0563_WHC,0,1,9,papilledema,"[190.0, 171.0]",57.01751796098172,0.8550657272338866,0.1558389663696289,0.9575101137161256,-0.1448484063148498,0.8000306807673768,"[179.0, 168.0]"
papilledema_0564_WHC,0,1,0,papilledema,"[79.0, 187.0]",57.01751796098172,0.93930162191391,0.2236233353614807,0.9810945987701416,-0.1445603370666504,-2.950167959587533,"[301.0, 225.0]"
papilledema_0565_WHC,0,4,0,papilledema,"[356.0, 238.0]",90.50966799187808,0.7654102325439452,0.0769646763801574,0.9537520408630372,-0.1040956377983093,-0.8678248127835757,"[190.0, 270.0]"
papilledema_0566_WHC,0,2,9,papilledema,"[251.0, 280.0]",45.254833995939045,0.7838926136493682,0.0767179131507873,0.98175710439682,-0.0997236371040344,0.4533482598582531,"[275.0, 286.0]"
papilledema_0566_WHC,1,2,9,papilledema,"[245.0, 282.0]",35.918785545899944,0.7736319541931151,0.0614973902702331,0.9885672330856324,-0.1006875038146972,0.1573910019266267,"[275.0, 286.0]"
papilledema_0566_WHC,2,4,9,papilledema,"[152.0, 164.0]",71.83757109179989,0.7412760376930236,0.0378441214561462,0.986018717288971,-0.0660940706729888,-1.4115877225076838,"[275.0, 286.0]"
papilledema_0567_WHC,0,1,9,papilledema,"[251.0, 189.0]",57.01751796098172,0.851880246400833,0.1381247043609619,0.9783123135566713,-0.144684612751007,0.8723180147150136,"[244.0, 187.0]"
papilledema_0567_WHC,1,4,9,papilledema,"[254.0, 53.0]",35.918785545899944,0.755858963727951,0.0496920347213745,0.9792775511741638,-0.1033632159233093,-2.741012236792203,"[244.0, 187.0]"
papilledema_0567_WHC,2,4,9,papilledema,"[353.0, 94.0]",35.918785545899944,0.755407154560089,0.0488134622573852,0.9793936610221864,-0.1050906479358673,-2.989080774837394,"[244.0, 187.0]"
papilledema_0568_WHC,0,4,9,papilledema,"[173.0, 154.0]",45.254833995939045,0.7776556730270385,0.102609097957611,0.9439082145690918,-0.0715541243553161,-4.885047923551684,"[282.0, 397.0]"
papilledema_0568_WHC,1,4,9,papilledema,"[261.0, 183.0]",35.918785545899944,0.6541941538453102,0.0051208138465881,0.9248128533363342,-0.0085217133164405,-4.986502658644676,"[282.0, 397.0]"
papilledema_0568_WHC,2,3,9,papilledema,"[294.0, 340.0]",71.83757109179989,0.6637361854314804,0.0222758054733276,0.9133031964302064,-0.0107407122850418,0.1891504315700359,"[282.0, 397.0]"
papilledema_0569_WHC,0,3,9,papilledema,"[180.0, 324.0]",71.83757109179989,0.6795106798410415,0.0238166451454162,0.9219743609428406,-0.0515599101781845,-0.073307810007599,"[257.0, 328.0]"
papilledema_0569_WHC,1,4,9,papilledema,"[54.0, 317.0]",35.918785545899944,0.6684564888477325,0.016472578048706,0.9220660328865052,-0.0326884388923645,-4.659929978562396,"[257.0, 328.0]"
papilledema_0569_WHC,2,3,9,papilledema,"[169.0, 322.0]",57.01751796098172,0.677254056930542,0.0192482471466064,0.9248017072677612,-0.0532230734825134,-0.5469685710479335,"[257.0, 328.0]"
papilledema_0570_WHC,0,3,9,papilledema,"[333.0, 251.0]",45.254833995939045,0.8059347987174987,0.1298009753227234,0.9338209629058838,-0.1122957468032836,0.2168772446161458,"[299.0, 241.0]"
papilledema_0570_WHC,1,2,9,papilledema,"[343.0, 253.0]",57.01751796098172,0.7699964702129363,0.1127605438232421,0.9068707823753356,-0.1121318936347961,0.2001227230695073,"[299.0, 241.0]"
papilledema_0570_WHC,2,2,9,papilledema,"[358.0, 256.0]",71.83757109179989,0.7911691725254059,0.146508514881134,0.8880678415298462,-0.1150658428668975,0.1525753989774485,"[299.0, 241.0]"
papilledema_0571_WHC,0,3,9,papilledema,"[356.0, 240.0]",71.83757109179989,0.8355364143848419,0.163384735584259,0.925574004650116,-0.1212493777275085,0.0623672898110507,"[420.0, 219.0]"
papilledema_0571_WHC,1,4,9,papilledema,"[316.0, 294.0]",35.918785545899944,0.730321854352951,0.0769453048706054,0.9135813117027284,-0.0693481564521789,-2.5697883706783307,"[420.0, 219.0]"
papilledema_0571_WHC,2,3,9,papilledema,"[389.0, 234.0]",45.254833995939045,0.7873475968837738,0.1011695861816406,0.949888288974762,-0.106281042098999,0.2390127711321301,"[420.0, 219.0]"
papilledema_0572_WHC,0,3,9,papilledema,"[506.0, 182.0]",71.83757109179989,0.7908961951732635,0.13297700881958,0.9033405184745787,-0.1279041171073913,-0.3514159473832734,"[409.0, 178.0]"
papilledema_0572_WHC,1,4,9,papilledema,"[530.0, 133.0]",35.918785545899944,0.7217659831047057,0.070358395576477,0.90607488155365,-0.0857758522033691,-2.594132176153123,"[409.0, 178.0]"
papilledema_0572_WHC,2,3,9,papilledema,"[500.0, 184.0]",90.50966799187808,0.7746091485023499,0.1392045617103576,0.8712235689163208,-0.1277404427528381,-0.0076005106501781,"[409.0, 178.0]"
papilledema_0573_WHC,0,1,9,papilledema,"[392.0, 172.0]",143.67514218359975,0.8259227782487869,0.1945449709892273,0.8832630515098572,-0.065468356013298,0.7258020377885429,"[356.0, 188.0]"
papilledema_0573_WHC,1,4,9,papilledema,"[458.0, 103.0]",35.918785545899944,0.7582935035228728,0.0706028342247009,0.9479755759239196,-0.1205388307571411,-2.696512631830032,"[356.0, 188.0]"
papilledema_0573_WHC,2,4,9,papilledema,"[316.0, 223.0]",45.254833995939045,0.7213865637779235,0.0636602640151977,0.922360897064209,-0.0603683590888977,-0.1744762795603833,"[356.0, 188.0]"
papilledema_0573_WHC,3,3,9,papilledema,"[324.0, 188.0]",71.83757109179989,0.7455866992473602,0.0932665467262268,0.910477340221405,-0.0749300718307495,0.5545506409298304,"[356.0, 188.0]"
papilledema_0573_WHC,4,1,9,papilledema,"[416.0, 164.0]",114.03503592196344,0.7662832140922545,0.1238359808921814,0.8990557193756104,-0.0655411481857299,0.433314707509399,"[356.0, 188.0]"
papilledema_0573_WHC,5,1,9,papilledema,"[374.0, 178.0]",114.03503592196344,0.7933336615562439,0.1506525874137878,0.8994950652122498,-0.0651726424694061,0.8194304047392502,"[356.0, 188.0]"
papilledema_0574_WHC,0,4,9,papilledema,"[600.0, 237.0]",45.254833995939045,0.8710252940654755,0.1878062486648559,0.9436566233634948,-0.1132970452308654,-2.4590941055788003,"[461.0, 309.0]"
papilledema_0574_WHC,1,3,9,papilledema,"[493.0, 256.0]",35.918785545899944,0.6909786343574523,0.0311253070831298,0.9288438558578492,-0.0483131408691406,-0.7236447677091207,"[461.0, 309.0]"
papilledema_0575_WHC,0,1,9,papilledema,"[370.0, 244.0]",90.50966799187808,0.7624554514884948,0.0762323141098022,0.948983073234558,-0.1096749305725097,0.351515438454777,"[313.0, 230.0]"
papilledema_0575_WHC,1,4,9,papilledema,"[421.0, 172.0]",45.254833995939045,0.7017363905906676,0.0268917083740234,0.9465326070785522,-0.0613592863082885,-1.708854116596167,"[313.0, 230.0]"
papilledema_0576_WHC,0,4,9,papilledema,"[281.0, 444.0]",57.01751796098172,0.923507124185562,0.2326533794403076,0.9547547698020936,-0.1126270294189453,-2.1312922350277,"[241.0, 270.0]"
papilledema_0577_WHC,0,3,9,papilledema,"[332.0, 284.0]",35.918785545899944,0.8114624559879303,0.1089652776718139,0.9646430611610411,-0.1362351775169372,-0.5463433817108929,"[278.0, 271.0]"
papilledema_0577_WHC,1,4,9,papilledema,"[371.0, 122.0]",57.01751796098172,0.7911759376525878,0.1161150336265564,0.9339348673820496,-0.106532484292984,-2.08048626077863,"[278.0, 271.0]"
papilledema_0578_WHC,0,2,9,papilledema,"[395.0, 138.0]",57.01751796098172,0.7251472413539886,0.0469943284988403,0.9408074021339417,-0.0979386568069458,-0.561711832824261,"[443.0, 213.0]"
papilledema_0578_WHC,1,4,9,papilledema,"[338.0, 185.0]",35.918785545899944,0.6950312316417694,0.0261067748069763,0.9365427494049072,-0.0667226612567901,-2.025414729987288,"[443.0, 213.0]"
papilledema_0579_WHC,0,4,9,papilledema,"[575.0, 261.0]",35.918785545899944,0.6988834977149962,0.0152100324630737,0.9674518704414368,-0.0322857797145843,-2.3870677602882173,"[480.0, 185.0]"
papilledema_0580_WHC,0,1,9,papilledema,"[238.0, 262.0]",71.83757109179989,0.9116284787654876,0.2374355792999267,0.922389805316925,-0.1426001787185669,0.6943869612177602,"[227.0, 281.0]"
papilledema_0581_WHC,0,2,9,papilledema,"[218.0, 290.0]",90.50966799187808,0.8648209571838378,0.1990447044372558,0.9091573357582092,-0.1468305885791778,0.7025088630521912,"[204.0, 267.0]"
papilledema_0582_WHC,0,2,9,papilledema,"[244.0, 240.0]",90.50966799187808,0.8954863250255585,0.2054757475852966,0.9550557136535645,-0.1073578894138336,0.53125,"[214.0, 270.0]"
papilledema_0582_WHC,1,4,9,papilledema,"[298.0, 221.0]",35.918785545899944,0.7795768618583679,0.0806837677955627,0.9732650518417358,-0.0880377888679504,-1.707416368570657,"[214.0, 270.0]"
papilledema_0583_WHC,0,2,9,papilledema,"[124.0, 240.0]",90.50966799187808,0.8826608300209045,0.180797278881073,0.9591243267059326,-0.1523826122283935,0.5017119150280633,"[127.0, 285.0]"
papilledema_0584_WHC,0,3,0,papilledema,"[160.0, 122.0]",45.254833995939045,0.804038143157959,0.0962243676185607,0.9732204675674438,-0.1327972412109375,-3.142953354794137,"[344.0, 158.0]"
papilledema_0584_WHC,1,4,0,papilledema,"[376.0, 368.0]",45.254833995939045,0.7552334427833557,0.0702680349349975,0.9570920467376708,-0.0750048756599426,-3.693953890378558,"[344.0, 158.0]"
papilledema_0585_WHC,0,4,0,papilledema,"[441.0, 237.0]",35.918785545899944,0.5724503338336945,0.0521070957183837,0.7370333075523376,-0.0220996141433715,-3.868999139941959,"[272.0, 192.0]"
papilledema_0585_WHC,1,4,0,papilledema,"[398.0, 140.0]",35.918785545899944,0.4806039273738861,0.0855542719364166,0.5506519079208374,-0.0479665994644165,-2.794907640096123,"[272.0, 192.0]"
papilledema_0585_WHC,2,4,0,papilledema,"[126.0, 188.0]",35.918785545899944,0.4511347949504852,0.0712035000324249,0.5325535535812378,-0.0357190370559692,-3.0662506268603504,"[272.0, 192.0]"
papilledema_0585_WHC,3,4,0,papilledema,"[385.0, 240.0]",35.918785545899944,0.5258090257644654,0.0562072396278381,0.6634833812713623,-0.0258170962333679,-2.4180483780950746,"[272.0, 192.0]"
papilledema_0585_WHC,4,4,0,papilledema,"[312.0, 272.0]",35.918785545899944,0.5048792302608489,0.0569956302642822,0.6327406764030457,-0.024825632572174,-1.4901376185365294,"[272.0, 192.0]"
papilledema_0585_WHC,5,4,0,papilledema,"[144.0, 325.0]",35.918785545899944,0.3126630425453185,0.012787640094757,0.4264901876449585,-0.0066613554954528,-4.139058273966054,"[272.0, 192.0]"
papilledema_0585_WHC,6,4,0,papilledema,"[103.0, 348.0]",35.918785545899944,0.2804139345884323,0.0147810280323028,0.3762335479259491,-0.0113471150398254,-5.403152965027155,"[272.0, 192.0]"
papilledema_0585_WHC,7,4,0,papilledema,"[195.0, 426.0]",35.918785545899944,0.3214193135499954,0.025638610124588,0.4183296859264374,-0.0147496163845062,-5.858340356147883,"[272.0, 192.0]"
papilledema_0585_WHC,8,4,0,papilledema,"[125.0, 192.0]",45.254833995939045,0.4503597259521484,0.0769439339637756,0.5231863260269165,-0.0359268188476562,-2.2482717760757023,"[272.0, 192.0]"
papilledema_0585_WHC,9,4,0,papilledema,"[400.0, 249.0]",45.254833995939045,0.5669212639331818,0.0697770118713378,0.7026143670082092,-0.026570975780487,-2.096195371944413,"[272.0, 192.0]"
papilledema_0585_WHC,10,4,0,papilledema,"[227.0, 258.0]",45.254833995939045,0.4582282543182373,0.0498836636543273,0.5764132738113403,-0.0242764949798584,-0.7651409734777559,"[272.0, 192.0]"
papilledema_0585_WHC,11,4,0,papilledema,"[224.0, 236.0]",71.83757109179989,0.4618717074394226,0.0707479119300842,0.5511211156845093,-0.0266950726509094,0.0935762248811388,"[272.0, 192.0]"
papilledema_0586_WHC,0,3,0,papilledema,"[206.0, 441.0]",45.254833995939045,0.8416640222072601,0.159773588180542,0.9358060956001282,-0.1341308355331421,-3.0486542903167217,"[323.0, 300.0]"
papilledema_0586_WHC,1,4,0,papilledema,"[320.0, 423.0]",35.918785545899944,0.6628130555152892,0.0535346269607543,0.8574941158294678,-0.0451627373695373,-2.4254103544016856,"[323.0, 300.0]"
papilledema_0586_WHC,2,4,0,papilledema,"[325.0, 418.0]",45.254833995939045,0.6675012111663818,0.0645424127578735,0.8483954071998596,-0.0454100668430328,-1.6078307556281328,"[323.0, 300.0]"
papilledema_0587_WHC,0,3,0,papilledema,"[105.0, 248.0]",35.918785545899944,0.7917018711566924,0.1248050928115844,0.9137303233146667,-0.1364277601242065,-4.881484185539426,"[315.0, 271.0]"
papilledema_0588_WHC,0,4,9,papilledema,"[116.0, 423.0]",35.918785545899944,0.8738203942775726,0.2087039947509765,0.9185053706169128,-0.1108132004737854,-5.734026910428176,"[273.0, 239.0]"
papilledema_0589_WHC,0,1,9,papilledema,"[344.0, 150.0]",90.50966799187808,0.7672629952430725,0.0458338260650634,0.9938681125640868,-0.1286074519157409,0.8784660219835622,"[344.0, 161.0]"
papilledema_0590_WHC,0,3,9,papilledema,"[306.0, 166.0]",90.50966799187808,0.796702617406845,0.1357139945030212,0.9091973900794984,-0.1227522492408752,-0.4644634923112627,"[206.0, 253.0]"
papilledema_0590_WHC,1,4,9,papilledema,"[268.0, 166.0]",35.918785545899944,0.7175058662891387,0.0489282011985778,0.9394590258598328,-0.0547817349433898,-1.974255438448611,"[206.0, 253.0]"
papilledema_0590_WHC,2,4,9,papilledema,"[287.0, 284.0]",35.918785545899944,0.7552241086959838,0.0875206589698791,0.9264607429504396,-0.0959046483039856,-1.4145990213771604,"[206.0, 253.0]"
papilledema_0590_WHC,3,4,9,papilledema,"[290.0, 274.0]",45.254833995939045,0.7590851306915283,0.097145676612854,0.9189978241920472,-0.0932048857212066,-0.913281090496114,"[206.0, 253.0]"
papilledema_0591_WHC,0,2,9,papilledema,"[320.0, 246.0]",90.50966799187808,0.8085681319236755,0.1171345114707946,0.95265394449234,-0.1228792965412139,0.7099888876051471,"[345.0, 254.0]"
papilledema_0591_WHC,1,2,9,papilledema,"[314.0, 250.0]",71.83757109179989,0.7788421630859375,0.0779115557670593,0.9662442803382874,-0.1227980554103851,0.5648934291468063,"[345.0, 254.0]"
papilledema_0592_WHC,0,1,9,papilledema,"[229.0, 264.0]",57.01751796098172,0.8172771513462067,0.1024689674377441,0.9777256846427916,-0.1520010232925415,0.7446360294300272,"[225.0, 250.0]"
papilledema_0592_WHC,1,4,9,papilledema,"[350.0, 435.0]",57.01751796098172,0.7405965276062488,0.1707276701927185,0.8137557506561279,-0.0011991597712039,-2.915834003339994,"[225.0, 250.0]"
papilledema_0593_WHC,0,4,9,papilledema,"[238.0, 452.0]",35.918785545899944,0.8064992606639861,0.0976628065109252,0.9841580390930176,-0.099629133939743,-4.261944205842031,"[239.0, 263.0]"
papilledema_0593_WHC,1,4,9,papilledema,"[397.0, 124.0]",35.918785545899944,0.7284328684210777,0.055862545967102,0.9596415758132936,-0.0041060969233512,-4.858773118520854,"[239.0, 263.0]"
papilledema_0593_WHC,2,3,9,papilledema,"[282.0, 268.0]",35.918785545899944,0.7299827575683593,0.0241588950157165,0.9796984195709229,-0.1001748442649841,-0.2052111725355412,"[239.0, 263.0]"
papilledema_0593_WHC,3,4,9,papilledema,"[348.0, 419.0]",45.254833995939045,0.8054446280002594,0.0973883271217346,0.982983410358429,-0.0998395681381225,-3.205244586376635,"[239.0, 263.0]"
papilledema_0593_WHC,4,4,9,papilledema,"[284.0, 476.0]",143.67514218359975,0.5767104417085647,-0.032926857471466,0.8596689105033875,-0.039345309138298,-0.5152351852216996,"[239.0, 263.0]"
papilledema_0594_WHC,0,3,9,papilledema,"[424.0, 224.0]",71.83757109179989,0.9141146838665009,0.2342578172683715,0.9328466057777404,-0.1343212127685547,0.0369813292085431,"[355.0, 229.0]"
papilledema_0595_WHC,0,1,9,papilledema,"[204.0, 239.0]",57.01751796098172,0.9843054294586182,0.2957749366760254,0.9437578916549684,-0.1394998431205749,0.7557173869491196,"[199.0, 252.0]"
papilledema_0595_WHC,1,4,9,papilledema,"[347.0, 108.0]",35.918785545899944,0.8292556226253509,0.1782248616218567,0.8962811231613159,-0.1181698739528656,-4.748929114609663,"[199.0, 252.0]"
papilledema_0596_WHC,0,3,9,papilledema,"[252.0, 154.0]",45.254833995939045,0.7786897897720336,0.0753050446510315,0.9683963060379028,-0.127536654472351,-0.6691712951342053,"[261.0, 229.0]"
papilledema_0597_WHC,0,4,9,papilledema,"[356.0, 205.0]",45.254833995939045,0.6985899746417998,-0.0002645850181579,0.9979926943778992,-0.0012983679771423,-1.2531445040764693,"[255.0, 191.0]"
papilledema_0597_WHC,1,4,9,papilledema,"[134.0, 49.0]",35.918785545899944,0.2572526067495346,-0.0768859088420867,0.4754696786403656,-0.0065487027168273,-4.193966865854114,"[255.0, 191.0]"
papilledema_0597_WHC,2,4,9,papilledema,"[161.0, 235.0]",35.918785545899944,0.6928680300712584,-0.0035459399223327,0.9923572540283204,-0.0088194608688354,-1.8895254776919976,"[255.0, 191.0]"
papilledema_0597_WHC,3,4,9,papilledema,"[225.0, 303.0]",35.918785545899944,0.6937586724758148,-0.0027523636817932,0.9928178191184998,-0.007692813873291,-2.228067501806759,"[255.0, 191.0]"
papilledema_0597_WHC,4,4,9,papilledema,"[234.0, 300.0]",45.254833995939045,0.6938883423805237,-0.0028846859931945,0.993221640586853,-0.0075893998146057,-1.4528761816488005,"[255.0, 191.0]"
papilledema_0597_WHC,5,4,9,papilledema,"[136.0, 237.0]",57.01751796098172,0.6944682598114014,-0.0033119916915893,0.9936857223510742,-0.0110012292861938,-1.2375815567112385,"[255.0, 191.0]"
papilledema_0597_WHC,6,4,9,papilledema,"[244.0, 294.0]",57.01751796098172,0.6955017745494841,-0.0019736886024475,0.9942930340766908,-0.0073516964912414,-0.8167348738595452,"[255.0, 191.0]"
papilledema_0597_WHC,7,4,9,papilledema,"[224.0, 274.0]",90.50966799187808,0.695163905620575,-0.0025693774223327,0.9948275089263916,-0.0067701339721679,0.0210965557701823,"[255.0, 191.0]"
papilledema_0598_WHC,0,4,9,papilledema,"[315.0, 85.0]",35.918785545899944,0.8046498477458953,0.1043384671211242,0.9688035845756532,-0.1107443571090698,-3.490971997144165,"[325.0, 246.0]"
papilledema_0598_WHC,1,4,9,papilledema,"[320.0, 88.0]",45.254833995939045,0.7959212064743042,0.1091971397399902,0.9494062066078186,-0.1106986105442047,-2.4930874819062288,"[325.0, 246.0]"
papilledema_0599_WHC,0,4,9,papilledema,"[267.0, 68.0]",45.254833995939045,0.7836894750595093,0.1366091966629028,0.9050915241241456,-0.0675810575485229,-4.591916598984644,"[193.0, 310.0]"
papilledema_0599_WHC,1,4,9,papilledema,"[288.0, 464.0]",45.254833995939045,0.7449960470199585,0.1324118375778198,0.8546023964881897,-0.0718126595020294,-2.998351711174243,"[193.0, 310.0]"
papilledema_0600_WHC,0,3,9,papilledema,"[329.0, 131.0]",35.918785545899944,0.746737277507782,0.0574488043785095,0.950371265411377,-0.1201429367065429,-1.3493560964449594,"[274.0, 195.0]"
papilledema_0600_WHC,1,4,9,papilledema,"[143.0, 299.0]",35.918785545899944,0.700487932562828,0.0382015109062194,0.9301355481147766,-0.0559576898813247,-3.6567071519980594,"[274.0, 195.0]"
papilledema_0601_WHC,0,4,9,papilledema,"[213.0, 41.0]",35.918785545899944,0.737965166568756,0.1228271126747131,0.8541454076766968,-0.0861813426017761,-6.791634241795148,"[123.0, 306.0]"
papilledema_0601_WHC,1,3,9,papilledema,"[169.0, 321.0]",35.918785545899944,0.7357852280139923,0.0733053088188171,0.9144928455352784,-0.1116746366024017,-0.3470355658818955,"[123.0, 306.0]"
papilledema_0602_WHC,0,4,9,papilledema,"[73.0, 137.0]",35.918785545899944,0.7479238867759704,0.1803554892539978,0.7885575890541077,-0.0778904259204864,-7.478772326265387,"[355.0, 252.0]"
papilledema_0602_WHC,1,4,9,papilledema,"[197.0, 314.0]",35.918785545899944,0.6606626629829406,0.0154005289077758,0.9099693894386292,-0.0414178073406219,-3.7253601004221935,"[355.0, 252.0]"
papilledema_0603_WHC,0,2,9,papilledema,"[244.0, 252.0]",90.50966799187808,0.777588927745819,0.0600641965866088,0.986586570739746,-0.1345706582069397,0.1754203248775774,"[287.0, 191.0]"
papilledema_0604_WHC,0,2,9,papilledema,"[192.0, 230.0]",90.50966799187808,0.7970707535743713,0.0852206945419311,0.977910339832306,-0.1365641057491302,0.337824371861966,"[166.0, 176.0]"
papilledema_0604_WHC,1,3,9,papilledema,"[127.0, 206.0]",45.254833995939045,0.7514878690242767,0.0463953018188476,0.9836435914039612,-0.0827102661132812,-0.0872575160696751,"[166.0, 176.0]"
papilledema_0605_WHC,0,4,9,papilledema,"[472.0, 175.0]",45.254833995939045,0.7634200274944305,0.0557368397712707,0.9767585396766664,-0.119761049747467,-0.7958556891493258,"[405.0, 221.0]"
papilledema_0605_WHC,1,3,9,papilledema,"[320.0, 233.0]",45.254833995939045,0.7580398797988891,0.0529559254646301,0.9749632477760316,-0.1130484044551849,-0.8968775741333437,"[405.0, 221.0]"
papilledema_0606_WHC,0,4,9,papilledema,"[334.0, 243.0]",35.918785545899944,0.749989104270935,0.0351645946502685,0.9884047508239746,-0.1147059202194213,-0.2154575730322705,"[293.0, 228.0]"
papilledema_0607_WHC,0,2,9,papilledema,"[302.0, 238.0]",90.50966799187808,0.9264387607574462,0.231598675251007,0.947357177734375,-0.1584503054618835,0.5182784372041251,"[267.0, 212.0]"
papilledema_0607_WHC,1,4,9,papilledema,"[364.0, 236.0]",35.918785545899944,0.7522193729877471,0.0563687086105346,0.971086084842682,-0.080452024936676,-1.7819696667136533,"[267.0, 212.0]"
papilledema_0608_WHC,0,1,9,papilledema,"[392.0, 260.0]",90.50966799187808,0.92009779214859,0.2807779908180237,0.8719367980957031,-0.1448202133178711,0.8764735288996727,"[402.0, 265.0]"
papilledema_0609_WHC,0,1,9,papilledema,"[158.0, 252.0]",71.83757109179989,0.8802470624446869,0.1767147779464721,0.9685817956924438,-0.1276251375675201,0.7537248859604941,"[145.0, 240.0]"
papilledema_0609_WHC,1,3,9,papilledema,"[108.0, 252.0]",35.918785545899944,0.7911705076694489,0.0929774641990661,0.9707571864128112,-0.0933150649070739,-0.0829236035234908,"[145.0, 240.0]"
papilledema_0610_WHC,0,3,9,papilledema,"[420.0, 254.0]",71.83757109179989,0.8610200762748718,0.1477124691009521,0.9785947799682616,-0.1414563059806823,0.0744313897452063,"[355.0, 240.0]"
papilledema_0610_WHC,1,4,9,papilledema,"[630.0, 4.0]",71.83757109179989,0.7425292834639549,0.1103143692016601,0.9013192057609558,-0.0064573511481285,-4.044468920765381,"[355.0, 240.0]"
papilledema_0611_WHC,0,2,9,papilledema,"[388.0, 180.0]",143.67514218359975,0.8967533320188521,0.2505015134811401,0.9039701223373412,-0.0673636645078659,0.6967739780211131,"[365.0, 217.0]"
papilledema_0611_WHC,1,4,9,papilledema,"[455.0, 248.0]",45.254833995939045,0.7621922969818115,0.0772240757942199,0.9550853371620178,-0.0820424258708953,-1.1034059062030797,"[365.0, 217.0]"
papilledema_0611_WHC,2,4,9,papilledema,"[430.0, 138.0]",57.01751796098172,0.8027585089206696,0.1089076995849609,0.9616845846176147,-0.1033580005168914,-0.7942462910588537,"[365.0, 217.0]"
papilledema_0611_WHC,3,3,9,papilledema,"[301.0, 218.0]",57.01751796098172,0.8277495682239532,0.1198258399963378,0.9733934998512268,-0.1327413916587829,-0.122599059240406,"[365.0, 217.0]"
papilledema_0612_WHC,0,2,9,papilledema,"[376.0, 176.0]",143.67514218359975,0.9367620408535005,0.3129699826240539,0.8740907907485962,-0.0596425235271453,0.7970786105993883,"[379.0, 205.0]"
papilledema_0612_WHC,1,3,9,papilledema,"[413.0, 107.0]",45.254833995939045,0.7804675698280334,0.1013255715370178,0.9453501105308532,-0.0869846045970916,-1.2921401026115311,"[379.0, 205.0]"
papilledema_0612_WHC,2,3,9,papilledema,"[323.0, 212.0]",45.254833995939045,0.7792011797428131,0.0742338895797729,0.9674105048179626,-0.1388996839523315,-0.2470668712021821,"[379.0, 205.0]"
papilledema_0612_WHC,3,3,9,papilledema,"[461.0, 223.0]",45.254833995939045,0.7617520689964293,0.0953595042228698,0.9322267174720764,-0.0691693127155304,-0.8551027599569785,"[379.0, 205.0]"
papilledema_0612_WHC,4,3,9,papilledema,"[418.0, 113.0]",57.01751796098172,0.7891196966171264,0.1205486059188842,0.9303823709487916,-0.0865171551704406,-0.7525310716307783,"[379.0, 205.0]"
papilledema_0612_WHC,5,2,9,papilledema,"[408.0, 154.0]",114.03503592196344,0.8307602494955062,0.1932143568992614,0.893781840801239,-0.0594930201768875,0.485521619727128,"[379.0, 205.0]"
papilledema_0613_WHC,0,2,9,papilledema,"[252.0, 236.0]",90.50966799187808,0.8622348964214325,0.1779422760009765,0.9329453706741332,-0.1561543047428131,0.944757282719801,"[252.0, 241.0]"
papilledema_0614_WHC,0,1,9,papilledema,"[380.0, 244.0]",143.67514218359975,0.968254142999649,0.2848868370056152,0.949762523174286,-0.0926676988601684,0.9438855070837796,"[381.0, 252.0]"
papilledema_0614_WHC,1,4,9,papilledema,"[361.0, 138.0]",35.918785545899944,0.8022866427898406,0.0857215523719787,0.98552805185318,-0.1334772706031799,-2.222299657708052,"[381.0, 252.0]"
papilledema_0614_WHC,2,4,9,papilledema,"[262.0, 254.0]",35.918785545899944,0.8059557795524597,0.0911248326301574,0.9915386438369752,-0.1037694811820983,-2.313497484037585,"[381.0, 252.0]"
papilledema_0614_WHC,3,4,9,papilledema,"[269.0, 256.0]",45.254833995939045,0.8090865254402161,0.0985233783721923,0.9855424165725708,-0.1034172773361206,-1.4764515945198684,"[381.0, 252.0]"
papilledema_0614_WHC,4,4,9,papilledema,"[280.0, 257.0]",57.01751796098172,0.8153307259082794,0.1079610586166381,0.981051504611969,-0.1031680703163147,-0.7735546943810823,"[381.0, 252.0]"
papilledema_0614_WHC,5,3,9,papilledema,"[288.0, 260.0]",71.83757109179989,0.830071610212326,0.1302247643470764,0.9706547856330872,-0.1019424796104431,-0.2993681497552956,"[381.0, 252.0]"
papilledema_0614_WHC,6,3,9,papilledema,"[450.0, 260.0]",71.83757109179989,0.8622801184654235,0.1487414836883545,0.981122612953186,-0.1337640285491943,0.0330655826533367,"[381.0, 252.0]"
papilledema_0615_WHC,0,4,0,papilledema,"[219.0, 240.0]",45.254833995939045,0.6816185534000396,0.1180590987205505,0.7777387499809265,-0.0957116484642028,-1.27953702810461,"[318.0, 211.0]"
papilledema_0615_WHC,1,4,0,papilledema,"[228.0, 341.0]",35.918785545899944,0.6589881241321563,0.0918020606040954,0.7834574580192566,-0.0938292145729065,-3.4019829903872507,"[318.0, 211.0]"
papilledema_0616_WHC,0,4,9,papilledema,"[226.0, 114.0]",71.83757109179989,0.799836242198944,0.0837672352790832,0.9894387125968932,-0.1173095405101776,-1.019642076985957,"[231.0, 259.0]"
papilledema_0616_WHC,1,4,9,papilledema,"[293.0, 246.0]",35.918785545899944,0.7389112830162048,0.0241535902023315,0.9917717576026917,-0.1025873124599456,-0.7636521640715241,"[231.0, 259.0]"
papilledema_0617_WHC,0,3,9,papilledema,"[274.0, 241.0]",35.918785545899944,0.8052295863628387,0.1392527222633361,0.9153490662574768,-0.126162588596344,-0.0267100423550126,"[238.0, 233.0]"
papilledema_0617_WHC,1,2,9,papilledema,"[269.0, 238.0]",45.254833995939045,0.7821180939674377,0.1383380889892578,0.8842363357543945,-0.1240728497505188,0.3061373965257963,"[238.0, 233.0]"
papilledema_0618_WHC,0,3,9,papilledema,"[358.0, 244.0]",35.918785545899944,0.8033084273338318,0.1378000378608703,0.9178251028060912,-0.1151540875434875,0.019236609138689,"[393.0, 248.0]"
papilledema_0618_WHC,1,2,9,papilledema,"[370.0, 247.0]",57.01751796098172,0.7701364040374756,0.145637571811676,0.8603125810623169,-0.1114001274108886,0.5962341103273396,"[393.0, 248.0]"
papilledema_0619_WHC,0,1,9,papilledema,"[366.0, 182.0]",114.03503592196344,1.0086973667144774,0.3708407878875732,0.873335063457489,-0.1326101720333099,0.8901218034892698,"[372.0, 193.0]"
papilledema_0620_WHC,0,3,9,papilledema,"[396.0, 210.0]",57.01751796098172,0.8725634098052978,0.2091068029403686,0.9140779972076416,-0.1180100440979003,-0.0253631869591688,"[339.0, 223.0]"
papilledema_0620_WHC,1,3,9,papilledema,"[282.0, 201.0]",57.01751796098172,0.7359180152416229,0.1509345769882202,0.8210049867630005,-0.0513997375965118,-0.07157034656211,"[339.0, 223.0]"
papilledema_0620_WHC,2,3,9,papilledema,"[388.0, 206.0]",71.83757109179989,0.842946720123291,0.2073691487312317,0.8743859529495239,-0.1175370216369628,0.2780211088528845,"[339.0, 223.0]"
papilledema_0620_WHC,3,2,9,papilledema,"[376.0, 204.0]",90.50966799187808,0.8483885586261748,0.2396600842475891,0.8369575142860413,-0.1142910718917846,0.5404549634421019,"[339.0, 223.0]"
papilledema_0621_WHC,0,1,9,papilledema,"[178.0, 264.0]",71.83757109179989,0.8281493842601775,0.118292212486267,0.972565233707428,-0.1453075408935547,0.7444573992176456,"[187.0, 280.0]"
papilledema_0622_WHC,0,1,9,papilledema,"[316.0, 224.0]",71.83757109179989,0.8210538148880004,0.119830846786499,0.9608553647994996,-0.143121063709259,0.8739463904400984,"[317.0, 233.0]"
papilledema_0623_WHC,0,1,9,papilledema,"[281.0, 226.0]",45.254833995939045,0.9195659518241882,0.2445179224014282,0.921567440032959,-0.1497541069984436,0.3988942480727705,"[265.0, 248.0]"
papilledema_0624_WHC,0,1,9,papilledema,"[310.0, 264.0]",57.01751796098172,0.885541045665741,0.2343912124633789,0.8858831524848938,-0.155158132314682,0.3151008711698595,"[319.0, 226.0]"
papilledema_0625_WHC,0,1,9,papilledema,"[392.0, 260.0]",57.01751796098172,0.9409041047096252,0.2556614875793457,0.937940001487732,-0.1434230804443359,0.6780364981294296,"[408.0, 251.0]"
papilledema_0626_WHC,0,3,9,papilledema,"[312.0, 185.0]",45.254833995939045,0.7538764476776123,0.0560715794563293,0.9604452848434448,-0.1274658441543579,-0.3360973954019968,"[362.0, 219.0]"
papilledema_0626_WHC,1,4,9,papilledema,"[400.0, 153.0]",35.918785545899944,0.7292196154594421,0.0387442708015441,0.9575873613357544,-0.1008209586143493,-1.1202757805193202,"[362.0, 219.0]"
papilledema_0627_WHC,0,2,9,papilledema,"[286.0, 158.0]",114.03503592196344,0.821509626507759,0.1713611483573913,0.9112670421600342,-0.061307743191719,0.4138371656758565,"[328.0, 210.0]"
papilledema_0627_WHC,1,4,9,papilledema,"[341.0, 133.0]",35.918785545899944,0.7191634893417358,0.0410619378089904,0.9413554072380066,-0.0957638323307037,-1.1740627038079894,"[328.0, 210.0]"
papilledema_0627_WHC,2,4,9,papilledema,"[211.0, 202.0]",35.918785545899944,0.6977425932884216,0.034255564212799,0.93180650472641,-0.0561123788356781,-2.2649540778886905,"[328.0, 210.0]"
papilledema_0627_WHC,3,4,9,papilledema,"[209.0, 195.0]",45.254833995939045,0.7246827960014343,0.0618038773536682,0.9308173656463624,-0.0565338134765625,-1.650361119262807,"[328.0, 210.0]"
papilledema_0628_WHC,0,1,9,papilledema,"[358.0, 290.0]",90.50966799187808,0.7674982011318207,0.0602232813835144,0.9752111434936525,-0.1231355965137481,0.6532446715441853,"[342.0, 317.0]"
papilledema_0628_WHC,1,4,9,papilledema,"[325.0, 432.0]",35.918785545899944,0.7121904969215392,0.0184847712516784,0.9702268838882446,-0.072734534740448,-2.2364605154573374,"[342.0, 317.0]"
papilledema_0629_WHC,0,4,9,papilledema,"[419.0, 254.0]",35.918785545899944,0.7583441674709319,0.0661519169807434,0.9653038382530212,-0.0823978185653686,-0.8826906094687266,"[366.0, 296.0]"
papilledema_0629_WHC,1,4,9,papilledema,"[285.0, 87.0]",35.918785545899944,0.6998912572860717,0.0164079666137695,0.9623991847038268,-0.049019306898117,-5.240391193862344,"[366.0, 296.0]"
papilledema_0629_WHC,2,4,9,papilledema,"[418.0, 252.0]",35.918785545899944,0.757010531425476,0.0647921562194824,0.9653319120407104,-0.0824301838874816,-0.89643231051505,"[366.0, 296.0]"
papilledema_0629_WHC,3,4,9,papilledema,"[286.0, 100.0]",45.254833995939045,0.6992447435855865,0.0207835435867309,0.9553634524345398,-0.0485339164733886,-3.677906850291057,"[366.0, 296.0]"
papilledema_0630_WHC,0,2,9,papilledema,"[340.0, 262.0]",114.03503592196344,0.7503203094005585,0.0389183759689331,0.9944640398025512,-0.0763855278491973,0.8807255121308225,"[351.0, 270.0]"
papilledema_0630_WHC,1,4,9,papilledema,"[292.0, 58.0]",35.918785545899944,0.7183344542980193,0.0140831470489501,0.9933141469955444,-0.0446570217609405,-5.126510334416719,"[351.0, 270.0]"
papilledema_0630_WHC,2,4,9,papilledema,"[346.0, 186.0]",35.918785545899944,0.7103491306304931,0.0050352811813354,0.9965061545372008,-0.0387977063655853,-1.3427484160931242,"[351.0, 270.0]"
papilledema_0630_WHC,3,3,9,papilledema,"[304.0, 293.0]",35.918785545899944,0.7052427232265472,0.0017953515052795,0.9972686171531676,-0.0267966985702514,-0.4567837139409467,"[351.0, 270.0]"
papilledema_0630_WHC,4,3,9,papilledema,"[406.0, 248.0]",45.254833995939045,0.7202198445796967,0.0112489461898803,0.9968897700309752,-0.0557402968406677,-0.3089610025703593,"[351.0, 270.0]"
papilledema_0630_WHC,5,3,9,papilledema,"[397.0, 250.0]",57.01751796098172,0.7226651012897491,0.0138739347457885,0.996200144290924,-0.0572553277015686,0.1202748451754217,"[351.0, 270.0]"
papilledema_0630_WHC,6,4,9,papilledema,"[332.0, 405.0]",57.01751796098172,0.7323300182819367,0.0188612937927246,0.9971149563789368,-0.0774412751197815,-1.391027980401529,"[351.0, 270.0]"
papilledema_0631_WHC,0,4,0,papilledema,"[207.0, 58.0]",45.254833995939045,0.7412578582763671,0.0302070975303649,0.9898450374603271,-0.0907961726188659,-0.3630517804727742,"[228.0, 0.0]"
papilledema_0631_WHC,1,4,0,papilledema,"[202.0, 49.0]",35.918785545899944,0.7388868868350982,0.0254311561584472,0.9938753247261048,-0.0887150168418884,-0.5443370968806744,"[228.0, 0.0]"
papilledema_0631_WHC,2,4,0,papilledema,"[360.0, 53.0]",35.918785545899944,0.7307687163352966,0.0204579234123229,0.9947209358215332,-0.0700306892395019,-2.960121370831344,"[228.0, 0.0]"
papilledema_0631_WHC,3,4,0,papilledema,"[360.0, 48.0]",45.254833995939045,0.7377715229988098,0.0281081795692443,0.9935237169265748,-0.0709837079048156,-2.103677254483784,"[228.0, 0.0]"
papilledema_0632_WHC,0,1,9,papilledema,"[258.0, 236.0]",71.83757109179989,0.8093730390071868,0.1038532257080078,0.9685456156730652,-0.1376894116401672,0.454083114083297,"[245.0, 273.0]"
papilledema_0633_WHC,0,1,9,papilledema,"[280.0, 226.0]",90.50966799187808,0.7522361874580383,0.0692942142486572,0.9534543752670288,-0.0776195526123046,0.6880864878487949,"[291.0, 200.0]"
papilledema_0633_WHC,1,3,9,papilledema,"[298.0, 234.0]",57.01751796098172,0.723023247718811,0.0322334766387939,0.964451551437378,-0.0783684253692627,0.3911851803304649,"[291.0, 200.0]"
papilledema_0634_WHC,0,4,9,papilledema,"[206.0, 122.0]",90.50966799187808,0.9044504284858704,0.1906031966209411,0.9852580428123474,-0.12083300948143,-1.0593311357240482,"[360.0, 227.0]"
papilledema_0635_WHC,0,2,9,papilledema,"[316.0, 212.0]",114.03503592196344,0.831118643283844,0.1413995027542114,0.9563031792640686,-0.1015345752239227,0.1998824114291355,"[382.0, 275.0]"
papilledema_0635_WHC,1,3,9,papilledema,"[427.0, 231.0]",57.01751796098172,0.7727459609508514,0.0543242096900939,0.9907035231590272,-0.1246464252471923,-0.1038094634934301,"[382.0, 275.0]"
papilledema_0635_WHC,2,3,9,papilledema,"[282.0, 214.0]",71.83757109179989,0.8255813419818877,0.1156725883483886,0.9788596034049988,-0.12353515625,-0.6305767376364864,"[382.0, 275.0]"
papilledema_0635_WHC,3,2,9,papilledema,"[378.0, 214.0]",114.03503592196344,0.8070885717868805,0.1105449795722961,0.9669780731201172,-0.0982947051525116,0.4639278501727756,"[382.0, 275.0]"
papilledema_0636_WHC,0,4,9,papilledema,"[204.0, 394.0]",71.83757109179989,0.8697824776172637,0.1671684384346008,0.9690181612968444,-0.1215066313743591,-1.3658355098011796,"[291.0, 248.0]"
papilledema_0637_WHC,0,3,9,papilledema,"[251.0, 255.0]",35.918785545899944,0.8629858911037445,0.1892613768577575,0.9254805445671082,-0.1294406652450561,-0.1499206398096471,"[210.0, 250.0]"
papilledema_0637_WHC,1,4,9,papilledema,"[323.0, 424.0]",35.918785545899944,0.8041209518909453,0.1319550275802612,0.9255627393722534,-0.121360033750534,-4.776166611483667,"[210.0, 250.0]"
papilledema_0637_WHC,2,1,9,papilledema,"[243.0, 254.0]",45.254833995939045,0.8535877048969268,0.2008889317512512,0.8955491781234741,-0.1290717422962188,0.2654587954035526,"[210.0, 250.0]"
papilledema_0638_WHC,0,1,9,papilledema,"[187.0, 219.0]",57.01751796098172,0.7635255336761474,0.0413774251937866,0.9926526546478271,-0.1364562511444091,0.8586003383413546,"[188.0, 211.0]"
papilledema_0638_WHC,1,4,9,papilledema,"[284.0, 304.0]",45.254833995939045,0.7112025380134582,0.0167626142501831,0.9805431962013244,-0.0402984321117401,-1.9534970003793808,"[188.0, 211.0]"
papilledema_0639_WHC,0,1,9,papilledema,"[277.0, 248.0]",57.01751796098172,0.8375211954116821,0.1707704663276672,0.9150699377059937,-0.1310088634490966,0.4319593233860642,"[309.0, 253.0]"
papilledema_0639_WHC,1,2,9,papilledema,"[271.0, 250.0]",45.254833995939045,0.8282796442508698,0.1436498761177063,0.940224587917328,-0.1323627829551696,0.1576980017535278,"[309.0, 253.0]"
papilledema_0640_WHC,0,1,9,papilledema,"[220.0, 236.0]",71.83757109179989,0.7907867491245268,0.1203102469444274,0.9385807514190674,-0.0673498809337616,0.6636009322154315,"[198.0, 246.0]"
papilledema_0641_WHC,0,1,9,papilledema,"[272.0, 246.0]",90.50966799187808,0.7746158450841903,0.1050856709480285,0.9420775175094604,-0.0503795593976974,0.8368702107982726,"[265.0, 259.0]"
papilledema_0642_WHC,0,1,9,papilledema,"[240.0, 258.0]",71.83757109179989,0.755474430322647,0.1006151437759399,0.9078747034072876,-0.0967349708080291,0.929020157055744,"[245.0, 257.0]"
papilledema_0642_WHC,1,4,9,papilledema,"[380.0, 129.0]",45.254833995939045,0.6848222762346267,0.0501134395599365,0.895776093006134,-0.0383278578519821,-3.1108303031443656,"[245.0, 257.0]"
papilledema_0643_WHC,0,1,9,papilledema,"[218.0, 222.0]",57.01751796098172,0.9491751790046692,0.3180991411209106,0.8617659211158752,-0.1391994655132293,0.5831153389687087,"[240.0, 231.0]"
papilledema_0643_WHC,1,4,9,papilledema,"[217.0, 352.0]",35.918785545899944,0.55374795794487,0.0562614798545837,0.7037991881370544,-0.0241352319717407,-2.429028905897308,"[240.0, 231.0]"
papilledema_0643_WHC,2,4,9,papilledema,"[219.0, 365.0]",45.254833995939045,0.5563252985477447,0.0640957951545715,0.6962729692459106,-0.0241921246051788,-1.997150339280631,"[240.0, 231.0]"
papilledema_0643_WHC,3,4,9,papilledema,"[223.0, 382.0]",57.01751796098172,0.5951476931571961,0.1093003153800964,0.68678218126297,-0.0254992544651031,-1.66503954966662,"[240.0, 231.0]"
papilledema_0644_WHC,0,4,9,papilledema,"[132.0, 369.0]",57.01751796098172,0.8905877411365508,0.2005664110183715,0.9643341302871704,-0.0749371945858001,-1.4393609037420343,"[195.0, 245.0]"
papilledema_0644_WHC,1,3,9,papilledema,"[137.0, 201.0]",45.254833995939045,0.7332004487514495,0.0343326330184936,0.9708622694015504,-0.0963211357593536,-0.6086922095292187,"[195.0, 245.0]"
papilledema_0645_WHC,0,2,9,papilledema,"[287.0, 228.0]",57.01751796098172,0.7755405485630035,0.0842645168304443,0.9512847065925598,-0.1268836855888366,0.0328364915220265,"[232.0, 232.0]"
papilledema_0646_WHC,0,4,9,papilledema,"[258.0, 74.0]",57.01751796098172,0.7647325575351714,0.1042084097862243,0.931405782699585,-0.0427004992961883,-3.020557859487069,"[124.0, 260.0]"
papilledema_0647_WHC,0,4,9,papilledema,"[42.0, 174.0]",45.254833995939045,0.8841976225376129,0.1983199119567871,0.9581596255302428,-0.0758298635482788,-6.083796706657383,"[342.0, 287.0]"
papilledema_0647_WHC,1,4,9,papilledema,"[49.0, 173.0]",35.918785545899944,0.8515152931213379,0.1597346067428589,0.9664998054504396,-0.0761541128158569,-7.7529754143601295,"[342.0, 287.0]"
papilledema_0647_WHC,2,4,9,papilledema,"[30.0, 240.0]",35.918785545899944,0.8556445240974425,0.1568420529365539,0.982501745223999,-0.0552562475204467,-7.784267078629075,"[342.0, 287.0]"
papilledema_0648_WHC,0,3,9,papilledema,"[217.0, 246.0]",35.918785545899944,0.813349437713623,0.1321837306022644,0.936435341835022,-0.1283048391342163,-0.103133775547175,"[256.0, 253.0]"
papilledema_0648_WHC,1,2,9,papilledema,"[221.0, 244.0]",45.254833995939045,0.804759281873703,0.1427215933799743,0.9089815616607666,-0.12875297665596,0.2014417288012102,"[256.0, 253.0]"
papilledema_0649_WHC,0,4,9,papilledema,"[451.0, 203.0]",57.01751796098172,0.7585071682929992,0.0723915100097656,0.9444934129714966,-0.1248513460159301,-0.298320669516783,"[377.0, 201.0]"
papilledema_0650_WHC,0,3,9,papilledema,"[264.0, 168.0]",71.83757109179989,0.8151725053787231,0.1347260475158691,0.9372129440307616,-0.121986985206604,-0.0165626567150876,"[337.0, 170.0]"
papilledema_0650_WHC,1,3,9,papilledema,"[386.0, 184.0]",45.254833995939045,0.7622441232204437,0.0899592638015747,0.9319590926170348,-0.0995674729347229,-0.126084546670453,"[337.0, 170.0]"
papilledema_0651_WHC,0,4,9,papilledema,"[278.0, 90.0]",71.83757109179989,0.7398275569081306,0.0822448134422302,0.9321942925453186,-0.0252336934208869,-1.7339468588378564,"[396.0, 247.0]"
papilledema_0651_WHC,1,4,9,papilledema,"[334.0, 100.0]",35.918785545899944,0.7107712417840958,0.0394442081451416,0.9483587741851808,-0.0373794585466384,-3.441685909497232,"[396.0, 247.0]"
papilledema_0651_WHC,2,4,9,papilledema,"[235.0, 62.0]",45.254833995939045,0.72796431183815,0.0661199688911438,0.9385711550712584,-0.0242226719856262,-4.419240173908146,"[396.0, 247.0]"
papilledema_0651_WHC,3,4,9,papilledema,"[389.0, 360.0]",45.254833995939045,0.730420833826065,0.0451278090476989,0.9588158130645752,-0.0706097781658172,-1.501757194953179,"[396.0, 247.0]"
papilledema_0651_WHC,4,4,9,papilledema,"[249.0, 80.0]",57.01751796098172,0.7344672977924347,0.0716890692710876,0.9398809671401978,-0.024307757616043,-2.9019842998772285,"[396.0, 247.0]"
papilledema_0652_WHC,0,4,9,papilledema,,,,,,,,"[169.0, 267.0]"
papilledema_0653_WHC,0,1,9,papilledema,"[365.0, 271.0]",57.01751796098172,0.7593319714069366,0.045527696609497,0.9842910170555116,-0.1240028142929077,0.5086097667138545,"[337.0, 270.0]"
papilledema_0654_WHC,0,4,9,papilledema,"[63.0, 292.0]",35.918785545899944,0.6781757026910782,0.0065599679946899,0.952877163887024,-0.0230085998773574,-3.7316710196023593,"[216.0, 218.0]"
papilledema_0655_WHC,0,1,9,papilledema,"[360.0, 199.0]",57.01751796098172,0.74051913022995,0.0204710364341735,0.9919040203094482,-0.128576397895813,0.4026612530703294,"[382.0, 173.0]"
papilledema_0656_WHC,0,4,9,papilledema,"[208.0, 83.0]",35.918785545899944,0.7122769176959991,0.0324447154998779,0.9518322348594666,-0.0677481889724731,-5.427498149047442,"[380.0, 237.0]"
papilledema_0656_WHC,1,1,9,papilledema,"[390.0, 208.0]",90.50966799187808,0.6972758769989013,0.0410416722297668,0.9332684874534608,-0.0147313177585601,0.6610779380705647,"[380.0, 237.0]"
papilledema_0657_WHC,0,4,9,papilledema,"[254.0, 390.0]",71.83757109179989,0.8162017047405242,0.1017375588417053,0.985043466091156,-0.1246685981750488,-1.1363454306247034,"[266.0, 237.0]"
papilledema_0657_WHC,1,4,9,papilledema,"[303.0, 83.0]",35.918785545899944,0.7292998790740967,0.0378410816192626,0.9743835926055908,-0.046951413154602,-3.4094600113960345,"[266.0, 237.0]"
papilledema_0658_WHC,0,4,9,papilledema,"[212.0, 95.0]",57.01751796098172,0.8216192126274109,0.1169803738594055,0.9818720817565918,-0.0866419076919555,-1.7071239844210448,"[180.0, 246.0]"
papilledema_0658_WHC,1,2,9,papilledema,"[223.0, 250.0]",35.918785545899944,0.736296385526657,0.0248214602470397,0.9807647466659546,-0.1246980130672454,-0.2023136391455173,"[180.0, 246.0]"
papilledema_0659_WHC,0,1,9,papilledema,"[250.0, 235.0]",57.01751796098172,0.8760376572608948,0.2869618535041809,0.8050519824028015,-0.127697080373764,0.4723864000258794,"[222.0, 246.0]"
papilledema_0660_WHC,0,4,9,papilledema,"[483.0, 132.0]",35.918785545899944,0.7634520769119263,0.0544092655181884,0.9812068939208984,-0.1109899282455444,-2.442902309444426,"[421.0, 239.0]"
papilledema_0660_WHC,1,4,9,papilledema,"[362.0, 177.0]",35.918785545899944,0.715999287366867,0.0346252918243408,0.9574384093284608,-0.0558355450630188,-1.382770256353724,"[421.0, 239.0]"
papilledema_0660_WHC,2,4,9,papilledema,"[520.0, 234.0]",45.254833995939045,0.7517782628536224,0.0454391837120056,0.9782825112342834,-0.107706606388092,-1.190399863609382,"[421.0, 239.0]"
pseudopapilledema_0001_PPE,0,1,9,pseudopapilledema,"[167.0, 119.0]",45.254833995939045,0.7984868705272674,0.241874098777771,0.7816153168678284,-0.047410249710083,0.5449931319199677,"[149.0, 129.0]"
pseudopapilledema_0001_PPE,1,1,9,pseudopapilledema,"[157.0, 118.0]",57.01751796098172,0.773350977897644,0.2398251891136169,0.7483795881271362,-0.0483003854751586,0.7614510242616451,"[149.0, 129.0]"
pseudopapilledema_0002_PPE,0,1,9,pseudopapilledema,"[136.0, 123.0]",35.918785545899944,0.8283901214599608,0.1984093189239502,0.856081485748291,-0.1536188125610351,0.5642259167561074,"[143.0, 109.0]"
pseudopapilledema_0003_PPE,0,1,9,pseudopapilledema,"[136.0, 123.0]",35.918785545899944,0.8289327383041382,0.1831840276718139,0.8776640892028809,-0.156919240951538,0.760506232705171,"[143.0, 128.0]"
pseudopapilledema_0004_PPE,0,1,9,pseudopapilledema,"[141.0, 133.0]",45.254833995939045,0.9160775363445282,0.2444283366203308,0.9241881370544434,-0.1235875189304351,0.889514565439602,"[138.0, 137.0]"
pseudopapilledema_0005_PPE,0,1,9,pseudopapilledema,"[106.0, 122.0]",35.918785545899944,0.8157377123832702,0.1822013258934021,0.8606173992156982,-0.1555210351943969,0.6924906883872062,"[95.0, 123.0]"
pseudopapilledema_0006_PPE,0,1,9,pseudopapilledema,"[129.0, 124.0]",35.918785545899944,0.8448403537273407,0.216256558895111,0.8542043566703796,-0.1532037258148193,0.4769228986306698,"[137.0, 107.0]"
pseudopapilledema_0007_PPE,0,1,9,pseudopapilledema,"[107.0, 122.0]",35.918785545899944,0.797747677564621,0.1386272311210632,0.9023284316062928,-0.1374527215957641,0.7825580804805863,"[101.0, 127.0]"
pseudopapilledema_0008_PPE,0,1,9,pseudopapilledema,"[136.0, 124.0]",35.918785545899944,0.891791021823883,0.2224949598312378,0.9193819761276244,-0.1286433935165405,0.7258020377885429,"[140.0, 115.0]"
pseudopapilledema_0009_PPE,0,1,9,pseudopapilledema,"[103.0, 117.0]",45.254833995939045,0.9308487594127656,0.2496755123138427,0.9298020005226136,-0.1515592336654663,0.5647378663379963,"[95.0, 99.0]"
pseudopapilledema_0010_PPE,0,1,9,pseudopapilledema,"[133.0, 120.0]",35.918785545899944,0.8621950566768646,0.1888123750686645,0.923391580581665,-0.1350428760051727,0.4798949516709964,"[151.0, 115.0]"
pseudopapilledema_0011_PPE,0,2,9,pseudopapilledema,"[109.0, 116.0]",35.918785545899944,0.8724789440631866,0.1992484927177429,0.9240049719810486,-0.1321348547935485,-0.0505902121886716,"[89.0, 148.0]"
pseudopapilledema_0012_PPE,0,1,9,pseudopapilledema,"[133.0, 120.0]",35.918785545899944,0.8330253064632416,0.1859850287437439,0.882142961025238,-0.1477010250091552,0.5510840566702379,"[149.0, 118.0]"
pseudopapilledema_0013_PPE,0,1,9,pseudopapilledema,"[109.0, 124.0]",35.918785545899944,0.8573768317699432,0.1810594797134399,0.9309782385826112,-0.1231629252433776,0.6380723957554872,"[97.0, 119.0]"
pseudopapilledema_0014_PPE,0,1,9,pseudopapilledema,"[136.0, 119.0]",35.918785545899944,0.8466097235679626,0.2007818222045898,0.8790090084075928,-0.1526079773902893,0.5467881124405694,"[152.0, 116.0]"
pseudopapilledema_0015_PPE,0,1,9,pseudopapilledema,"[109.0, 116.0]",35.918785545899944,0.8695526123046875,0.2123830318450927,0.9019036889076232,-0.1291849911212921,-0.0656072535943055,"[96.0, 152.0]"
pseudopapilledema_0016_PPE,0,1,9,pseudopapilledema,"[154.0, 119.0]",57.01751796098172,0.8159383893013,0.2399129271507263,0.8088523149490356,-0.0491442084312438,0.8759842928149845,"[153.0, 126.0]"
pseudopapilledema_0016_PPE,1,4,9,pseudopapilledema,"[7.0, 138.0]",57.01751796098172,0.5868359804153442,0.0492671132087707,0.7661318778991699,-0.0063827633857727,-1.5692510978483432,"[153.0, 126.0]"
pseudopapilledema_0017_PPE,0,1,9,pseudopapilledema,"[143.0, 125.0]",45.254833995939045,0.9070071816444396,0.2369160652160644,0.9256314039230348,-0.1107456684112548,0.6548324682128981,"[153.0, 137.0]"
pseudopapilledema_0018_PPE,0,2,9,pseudopapilledema,"[110.0, 118.0]",35.918785545899944,0.8198459088802338,0.1974455118179321,0.8546707034111023,-0.1206545233726501,0.2340043638380798,"[101.0, 92.0]"
pseudopapilledema_0019_PPE,0,1,9,pseudopapilledema,"[106.0, 120.0]",35.918785545899944,0.8407617926597595,0.157839834690094,0.9367914199829102,-0.1358398199081421,0.465199827322913,"[91.0, 108.0]"
pseudopapilledema_0020_PPE,0,1,9,pseudopapilledema,"[110.0, 121.0]",35.918785545899944,0.8022098362445831,0.1651663184165954,0.8754474520683289,-0.1211515069007873,0.5433804562824677,"[97.0, 111.0]"
pseudopapilledema_0021_PPE,0,1,9,pseudopapilledema,"[105.0, 124.0]",35.918785545899944,0.7914477705955505,0.1491132378578186,0.8831385970115662,-0.1206875741481781,0.4866449788224937,"[93.0, 110.0]"
pseudopapilledema_0022_PPE,0,1,9,pseudopapilledema,"[139.0, 118.0]",35.918785545899944,0.7571130871772765,0.1344513893127441,0.846442461013794,-0.1507598757743835,0.5677978957161018,"[154.0, 114.0]"
pseudopapilledema_0023_PPE,0,1,9,pseudopapilledema,"[104.0, 125.0]",35.918785545899944,0.750502461194992,0.1430456638336181,0.8328713178634644,-0.1222343742847442,0.3651369845775386,"[90.0, 107.0]"
pseudopapilledema_0024_PPE,0,4,9,pseudopapilledema,"[212.0, 184.0]",228.07007184392688,0.361305759102106,0.0083159506320953,0.5039520859718323,-0.0011167414486408,0.5980235971503132,"[141.0, 126.0]"
pseudopapilledema_0024_PPE,1,4,9,pseudopapilledema,"[216.0, 184.0]",228.07007184392688,0.3571288265287876,0.004274159669876,0.5037590265274048,-0.0011167414486408,0.5842929489931024,"[141.0, 126.0]"
pseudopapilledema_0025_PPE,0,2,9,pseudopapilledema,"[141.0, 118.0]",35.918785545899944,0.7323072791099547,0.126371681690216,0.8220741748809814,-0.1524183750152588,0.6062746719078522,"[155.0, 116.0]"
pseudopapilledema_0026_PPE,0,2,9,pseudopapilledema,"[108.0, 122.0]",35.918785545899944,0.8453926146030426,0.1695823669433593,0.9294930696487428,-0.1258254945278167,0.8852103276056251,"[104.0, 123.0]"
pseudopapilledema_0027_PPE,0,2,9,pseudopapilledema,"[107.0, 117.0]",35.918785545899944,0.8317928552627564,0.1706891655921936,0.9008597135543824,-0.1525094509124755,0.8996193434531209,"[105.0, 120.0]"
pseudopapilledema_0028_PPE,0,1,9,pseudopapilledema,"[103.0, 117.0]",35.918785545899944,0.8525507271289825,0.206324815750122,0.8786433339118958,-0.1558778882026672,0.860797075290572,"[107.0, 114.0]"
pseudopapilledema_0029_PPE,0,1,9,pseudopapilledema,"[158.0, 124.0]",45.254833995939045,0.7532590031623839,0.1624361872673034,0.8334496021270752,-0.0370404720306396,0.7480544453656703,"[167.0, 131.0]"
pseudopapilledema_0029_PPE,1,4,9,pseudopapilledema,"[66.0, 65.0]",35.918785545899944,0.457604706287384,0.0087858438491821,0.6398087739944458,-0.0047636032104492,-2.3590332030699983,"[167.0, 131.0]"
pseudopapilledema_0030_PPE,0,2,9,pseudopapilledema,"[105.0, 116.0]",35.918785545899944,0.8726908683776855,0.2143270969390869,0.8958621025085449,-0.1563014984130859,0.8051159054068008,"[105.0, 123.0]"
pseudopapilledema_0031_PPE,0,1,9,pseudopapilledema,"[108.0, 117.0]",35.918785545899944,0.7901602625846862,0.1953752636909485,0.8142107129096985,-0.1241874992847442,0.4260516380281258,"[95.0, 133.0]"
pseudopapilledema_0032_PPE,0,1,9,pseudopapilledema,"[145.0, 128.0]",35.918785545899944,0.8319548487663269,0.1750963926315307,0.8946536779403687,-0.1530044078826904,0.5984773738124834,"[153.0, 116.0]"
pseudopapilledema_0033_PPE,0,1,9,pseudopapilledema,"[139.0, 113.0]",45.254833995939045,0.8926364958286285,0.181618332862854,0.9757949709892272,-0.1398084163665771,0.5807372542187894,"[133.0, 95.0]"
pseudopapilledema_0034_PPE,0,2,9,pseudopapilledema,"[130.0, 124.0]",35.918785545899944,0.6116770207881926,0.1113181114196777,0.67341548204422,-0.1448403596878051,0.5267100559879448,"[138.0, 109.0]"
pseudopapilledema_0035_PPE,0,4,0,pseudopapilledema,"[114.0, 150.0]",57.01751796098172,0.6054767757654189,0.056759774684906,0.7719525098800659,-0.0417512208223342,-0.1043666616427454,"[176.0, 139.0]"
pseudopapilledema_0036_PPE,0,1,9,pseudopapilledema,"[104.0, 118.0]",35.918785545899944,0.8509934842586517,0.2048547267913818,0.8789945244789124,-0.1542129516601562,0.6370031833692216,"[97.0, 129.0]"
pseudopapilledema_0037_PPE,0,1,9,pseudopapilledema,"[136.0, 128.0]",35.918785545899944,0.7083798825740814,0.1490511894226074,0.7685326337814331,-0.1067792475223541,0.7879724219480679,"[143.0, 131.0]"
pseudopapilledema_0038_PPE,0,1,9,pseudopapilledema,"[103.0, 122.0]",35.918785545899944,0.8166432499885559,0.2120712995529174,0.8190892934799194,-0.1560472249984741,0.8051159054068008,"[96.0, 122.0]"
pseudopapilledema_0039_PPE,0,2,9,pseudopapilledema,"[132.0, 120.0]",35.918785545899944,0.5386828660964965,0.1010187268257141,0.5875173807144165,-0.1320098638534546,0.5242598759693973,"[148.0, 126.0]"
pseudopapilledema_0040_PPE,0,1,9,pseudopapilledema,"[107.0, 119.0]",45.254833995939045,0.7795761883258819,0.219829261302948,0.758965015411377,-0.1423570811748504,0.7692996396838532,"[97.0, 122.0]"
pseudopapilledema_0041_PPE,0,1,9,pseudopapilledema,"[141.0, 133.0]",45.254833995939045,0.9075808286666868,0.2387866973876953,0.920205533504486,-0.1232512891292572,0.9301228757031316,"[140.0, 136.0]"
pseudopapilledema_0042_PPE,0,2,9,pseudopapilledema,"[133.0, 125.0]",35.918785545899944,0.8943917751312256,0.2018089294433593,0.9495720863342284,-0.1394119262695312,0.4146852205021597,"[152.0, 116.0]"
pseudopapilledema_0043_PPE,0,1,9,pseudopapilledema,"[116.0, 120.0]",45.254833995939045,0.9141059577465056,0.2063573002815246,0.9682163000106812,-0.1499862372875213,0.599804735160447,"[98.0, 118.0]"
pseudopapilledema_0044_PPE,0,1,9,pseudopapilledema,"[112.0, 118.0]",45.254833995939045,0.914415180683136,0.2015097141265869,0.978849709033966,-0.1385533511638641,0.6678079433520423,"[97.0, 117.0]"
pseudopapilledema_0045_PPE,0,1,9,pseudopapilledema,"[112.0, 118.0]",35.918785545899944,0.8879122376441956,0.228104829788208,0.9040313959121704,-0.1349271535873413,0.5510840566702379,"[96.0, 116.0]"
pseudopapilledema_0046_PPE,0,1,9,pseudopapilledema,"[119.0, 121.0]",35.918785545899944,0.8424158811569213,0.1944267153739929,0.8900296688079834,-0.1248419880867004,0.5366403199845091,"[105.0, 130.0]"
pseudopapilledema_0047_PPE,0,1,9,pseudopapilledema,"[142.0, 120.0]",35.918785545899944,0.7502573072910308,0.150146484375,0.8172053694725037,-0.1403353214263916,0.9443188301162287,"[140.0, 120.0]"
pseudopapilledema_0048_PPE,0,1,9,pseudopapilledema,"[109.0, 118.0]",35.918785545899944,0.8312578678131103,0.1916712522506714,0.8798266053199768,-0.118539959192276,0.6380723957554872,"[97.0, 113.0]"
pseudopapilledema_0049_PPE,0,1,9,pseudopapilledema,"[107.0, 117.0]",35.918785545899944,0.7843033611774445,0.1756162643432617,0.8344997763633728,-0.1226862668991088,0.6062746719078522,"[97.0, 127.0]"
pseudopapilledema_0050_PPE,0,1,9,pseudopapilledema,"[139.0, 117.0]",35.918785545899944,0.7645729601383209,0.1558852791786193,0.830291748046875,-0.1374172866344452,0.7973174822412243,"[141.0, 124.0]"
pseudopapilledema_0051_PPE,0,1,9,pseudopapilledema,"[134.0, 121.0]",35.918785545899944,0.789856243133545,0.1712284684181213,0.8413714170455933,-0.1483389139175415,0.735881020576765,"[143.0, 118.0]"
pseudopapilledema_0052_PPE,0,1,9,pseudopapilledema,"[106.0, 118.0]",35.918785545899944,0.8931941866874694,0.2094455957412719,0.9375665187835692,-0.1372601389884948,0.4127022172625504,"[85.0, 116.0]"
pseudopapilledema_0053_PPE,0,1,9,pseudopapilledema,"[134.0, 101.0]",45.254833995939045,0.88784099817276,0.1845823526382446,0.9657824039459229,-0.1360548138618469,0.4655427694847791,"[158.0, 104.0]"
pseudopapilledema_0054_PPE,0,1,9,pseudopapilledema,"[132.0, 122.0]",35.918785545899944,0.7759114027023315,0.1455000638961792,0.8727082014083862,-0.0975779891014099,0.4881570734802078,"[125.0, 139.0]"
pseudopapilledema_0055_PPE,0,1,9,pseudopapilledema,"[140.0, 122.0]",45.254833995939045,0.735957783460617,0.1823283433914184,0.7801757454872131,-0.037532091140747,0.9505894115598692,"[141.0, 120.0]"
pseudopapilledema_0056_PPE,0,1,9,pseudopapilledema,"[128.0, 124.0]",35.918785545899944,0.8526021063327789,0.1578572392463684,0.9535711407661438,-0.1362253427505493,0.64784136076902,"[140.0, 120.0]"
pseudopapilledema_0057_PPE,0,2,9,pseudopapilledema,"[135.0, 118.0]",35.918785545899944,0.8189376652240753,0.1522416472434997,0.9107211232185364,-0.1459561586380005,0.7433224894112469,"[141.0, 125.0]"
pseudopapilledema_0058_PPE,0,2,9,pseudopapilledema,"[125.0, 120.0]",35.918785545899944,0.7436460077762603,0.1308739781379699,0.8372505307197571,-0.1334832906723022,0.4980967172656042,"[143.0, 119.0]"
pseudopapilledema_0059_PPE,0,3,9,pseudopapilledema,"[118.0, 114.0]",35.918785545899944,0.8603758633136749,0.1734535098075866,0.9399495720863342,-0.1447882652282714,0.1364929418644536,"[87.0, 113.0]"
pseudopapilledema_0060_PPE,0,2,9,pseudopapilledema,"[125.0, 119.0]",35.918785545899944,0.7427815675735473,0.1324355006217956,0.832495927810669,-0.1379945874214172,0.4644756561412466,"[144.0, 116.0]"
pseudopapilledema_0061_PPE,0,3,9,pseudopapilledema,"[119.0, 117.0]",35.918785545899944,0.833473265171051,0.1523915529251098,0.9323570728302002,-0.1421588063240051,0.2081323220043421,"[91.0, 122.0]"
pseudopapilledema_0062_PPE,0,2,9,pseudopapilledema,"[124.0, 120.0]",35.918785545899944,0.7248095095157623,0.1256684064865112,0.8167428374290466,-0.1371055841445922,0.4397190358292809,"[142.0, 111.0]"
pseudopapilledema_0063_PPE,0,3,9,pseudopapilledema,"[118.0, 116.0]",35.918785545899944,0.7953574657440184,0.1483898162841797,0.8840723037719727,-0.14058518409729,0.3312462007315681,"[94.0, 117.0]"
pseudopapilledema_0064_PPE,0,2,9,pseudopapilledema,"[125.0, 121.0]",35.918785545899944,0.7200648009777069,0.1048088073730468,0.838920533657074,-0.1400581002235412,0.601383486505136,"[139.0, 124.0]"
pseudopapilledema_0065_PPE,0,2,9,pseudopapilledema,"[130.0, 94.0]",45.254833995939045,0.8553199529647827,0.1818941831588745,0.9274328351020812,-0.1211139261722564,0.4050177261043822,"[155.0, 104.0]"
pseudopapilledema_0066_PPE,0,1,9,pseudopapilledema,"[116.0, 120.0]",35.918785545899944,0.7304554045200348,0.1387441158294677,0.8101353645324707,-0.1230826675891876,0.3849813767744123,"[94.0, 118.0]"
pseudopapilledema_0067_PPE,0,2,9,pseudopapilledema,"[125.0, 117.0]",35.918785545899944,0.7264838159084319,0.1013427972793579,0.854145348072052,-0.1361963748931884,0.5366403199845091,"[139.0, 126.0]"
pseudopapilledema_0068_PPE,0,2,9,pseudopapilledema,"[128.0, 122.0]",35.918785545899944,0.7875608921051025,0.1548519134521484,0.8654639720916748,-0.1344209909439087,0.070774859748365,"[161.0, 127.0]"
pseudopapilledema_0069_PPE,0,1,9,pseudopapilledema,"[112.0, 122.0]",35.918785545899944,0.819124299287796,0.1491421461105346,0.9211854934692384,-0.1257615387439727,0.4094120078617783,"[91.0, 125.0]"
pseudopapilledema_0070_PPE,0,2,9,pseudopapilledema,"[122.0, 122.0]",35.918785545899944,0.5710667908191681,0.0879448652267456,0.6501986384391785,-0.1399143934249878,0.7433224894112469,"[131.0, 124.0]"
pseudopapilledema_0071_PPE,0,2,9,pseudopapilledema,"[117.0, 120.0]",35.918785545899944,0.7337996006011962,0.1357477903366089,0.8221835494041443,-0.112616628408432,0.383722381345785,"[96.0, 113.0]"
pseudopapilledema_0072_PPE,0,1,9,pseudopapilledema,"[107.0, 124.0]",35.918785545899944,0.8294800519943236,0.1380162835121154,0.9516775012016296,-0.1264475882053375,0.7973174822412243,"[109.0, 117.0]"
pseudopapilledema_0073_PPE,0,1,9,pseudopapilledema,"[104.0, 122.0]",35.918785545899944,0.8115012586116791,0.1382963061332702,0.9192928671836852,-0.1484997272491455,0.7433224894112469,"[106.0, 113.0]"
pseudopapilledema_0074_PPE,0,1,9,pseudopapilledema,"[108.0, 124.0]",45.254833995939045,0.7718311429023742,0.2066536545753479,0.7651410698890686,-0.1478936970233917,0.8112024066625848,"[105.0, 116.0]"
pseudopapilledema_0075_PPE,0,3,9,pseudopapilledema,"[120.0, 120.0]",35.918785545899944,0.7172108888626099,0.0990270376205444,0.8440128564834595,-0.136874258518219,0.4881570734802078,"[103.0, 113.0]"
pseudopapilledema_0076_PPE,0,3,9,pseudopapilledema,"[120.0, 125.0]",35.918785545899944,0.6030736327171325,0.0919027924537658,0.6879416704177856,-0.1480583548545837,0.3152121549024544,"[98.0, 114.0]"
pseudopapilledema_0077_PPE,0,2,9,pseudopapilledema,"[129.0, 100.0]",45.254833995939045,0.841081815958023,0.1790615320205688,0.911813735961914,-0.1187533438205719,0.3312207950302283,"[159.0, 104.0]"
pseudopapilledema_0078_PPE,0,1,9,pseudopapilledema,"[107.0, 116.0]",35.918785545899944,0.8119837939739227,0.1532767415046692,0.8980489373207092,-0.1503639817237854,0.7704206552112504,"[99.0, 114.0]"
pseudopapilledema_0079_PPE,0,1,9,pseudopapilledema,"[106.0, 140.0]",35.918785545899944,0.8197980999946594,0.1516414880752563,0.9165846705436708,-0.1327367126941681,0.0485197519387944,"[74.0, 152.0]"
pseudopapilledema_0080_PPE,0,2,9,pseudopapilledema,"[133.0, 116.0]",35.918785545899944,0.8105759441852569,0.1611842513084411,0.8851917386054993,-0.1487873792648315,0.2426542099339979,"[159.0, 124.0]"
pseudopapilledema_0081_PPE,0,3,9,pseudopapilledema,"[131.0, 124.0]",35.918785545899944,0.7366083681583404,0.1659327745437622,0.7732630372047424,-0.1469573378562927,-0.0583084878780248,"[165.0, 141.0]"
pseudopapilledema_0082_PPE,0,2,9,pseudopapilledema,"[111.0, 119.0]",35.918785545899944,0.662681072950363,0.0958164930343627,0.7712399363517761,-0.1349831223487854,0.5074497719209882,"[98.0, 131.0]"
pseudopapilledema_0083_PPE,0,2,9,pseudopapilledema,"[111.0, 119.0]",35.918785545899944,0.6739371478557586,0.115634024143219,0.7557722926139832,-0.1463125944137573,0.4369590143766655,"[91.0, 122.0]"
pseudopapilledema_0084_PPE,0,3,9,pseudopapilledema,"[132.0, 128.0]",35.918785545899944,0.8088832676410674,0.1616399884223938,0.8861506581306458,-0.1346890926361084,-0.059406508392501,"[170.0, 130.0]"
pseudopapilledema_0085_PPE,0,3,9,pseudopapilledema,"[111.0, 118.0]",35.918785545899944,0.773016595840454,0.1329212188720703,0.8704015016555786,-0.1540716290473938,0.4186715196387095,"[91.0, 124.0]"
pseudopapilledema_0086_PPE,0,1,9,pseudopapilledema,"[128.0, 125.0]",35.918785545899944,0.5623344063758849,0.1004398465156555,0.6199435591697693,-0.1396703422069549,0.3977160607187251,"[146.0, 137.0]"
pseudopapilledema_0087_PPE,0,1,9,pseudopapilledema,"[105.0, 120.0]",35.918785545899944,0.7028255462646484,0.1391898989677429,0.7606875896453857,-0.1557716727256775,0.5669021390986375,"[94.0, 109.0]"
pseudopapilledema_0088_PPE,0,2,9,pseudopapilledema,"[141.0, 127.0]",35.918785545899944,0.7119489848613738,0.1454253196716308,0.7673231959342957,-0.1469871401786804,0.6043109423788899,"[152.0, 136.0]"
pseudopapilledema_0089_PPE,0,3,9,pseudopapilledema,"[129.0, 119.0]",35.918785545899944,0.8011514246463776,0.1109246611595153,0.9529730677604676,-0.1157280802726745,-0.2019912598290516,"[171.0, 129.0]"
pseudopapilledema_0090_PPE,0,1,9,pseudopapilledema,"[119.0, 124.0]",35.918785545899944,0.7620254755020142,0.1673943400382995,0.8050333261489868,-0.1555390357971191,0.7001477235218377,"[109.0, 120.0]"
pseudopapilledema_0091_PPE,0,2,9,pseudopapilledema,"[114.0, 115.0]",35.918785545899944,0.7168812751770018,0.1192405819892883,0.8110941648483276,-0.1493738889694214,0.2951326884370587,"[89.0, 119.0]"
pseudopapilledema_0092_PPE,0,2,9,pseudopapilledema,"[116.0, 113.0]",35.918785545899944,0.763514894247055,0.158079981803894,0.8213176131248474,-0.1525629162788391,0.3572501850952557,"[93.0, 111.0]"
pseudopapilledema_0092_PPE,1,4,9,pseudopapilledema,"[48.0, 48.0]",228.07007184392688,0.3533485338091849,-0.0177863240242004,0.5297503471374512,-0.0015480741858482,0.6605388564249481,"[93.0, 111.0]"
pseudopapilledema_0093_PPE,0,2,9,pseudopapilledema,"[138.0, 122.0]",35.918785545899944,0.819787573814392,0.2230827212333679,0.8077541589736938,-0.1563847064971923,0.6043109423788899,"[147.0, 133.0]"
pseudopapilledema_0094_PPE,0,1,9,pseudopapilledema,"[136.0, 124.0]",45.254833995939045,0.866278851032257,0.154505968093872,0.987541139125824,-0.1024704277515411,0.8125,"[142.0, 118.0]"
pseudopapilledema_0095_PPE,0,1,9,pseudopapilledema,"[132.0, 123.0]",35.918785545899944,0.8256163716316223,0.2009005546569824,0.8483486175537109,-0.1543589234352111,0.64784136076902,"[144.0, 119.0]"
pseudopapilledema_0096_PPE,0,2,9,pseudopapilledema,"[105.0, 120.0]",35.918785545899944,0.7100515067577362,0.1156666874885559,0.8079031109809875,-0.144263207912445,0.4866449788224937,"[87.0, 116.0]"
pseudopapilledema_0097_PPE,0,2,9,pseudopapilledema,"[104.0, 119.0]",35.918785545899944,0.7470474839210509,0.1685794591903686,0.7857718467712402,-0.142138659954071,0.6924906883872062,"[93.0, 120.0]"
pseudopapilledema_0098_PPE,0,1,9,pseudopapilledema,"[137.0, 122.0]",35.918785545899944,0.8261494040489197,0.1909340023994445,0.8643183708190918,-0.1509627103805542,0.3226093323756538,"[161.0, 126.0]"
pseudopapilledema_0099_PPE,0,1,9,pseudopapilledema,"[116.0, 125.0]",45.254833995939045,0.9231960892677308,0.2129322290420532,0.9748184084892272,-0.1394548714160919,0.7051880896232312,"[103.0, 122.0]"
pseudopapilledema_0100_PPE,0,1,9,pseudopapilledema,"[133.0, 123.0]",35.918785545899944,0.8648830711841583,0.1484243869781494,0.985604465007782,-0.1326777935028076,0.51939698853202,"[150.0, 120.0]"
pseudopapilledema_0100_PPE,1,4,9,pseudopapilledema,"[200.0, 192.0]",228.07007184392688,0.4480650365352631,-0.0617119669914245,0.7277773022651672,-0.0016644597053527,0.6156513334058534,"[150.0, 120.0]"
pseudopapilledema_0101_PPE,0,2,9,pseudopapilledema,"[135.0, 129.0]",35.918785545899944,0.8519325613975524,0.1811814904212951,0.9142876863479614,-0.1537484526634216,0.5861199502883683,"[146.0, 119.0]"
pseudopapilledema_0102_PPE,0,1,9,pseudopapilledema,"[136.0, 98.0]",45.254833995939045,0.8681430757045746,0.1562760472297668,0.9795709252357484,-0.1308369040489196,0.3964622526303761,"[161.0, 109.0]"
pseudopapilledema_0103_PPE,0,3,9,pseudopapilledema,"[138.0, 122.0]",35.918785545899944,0.5845458626747132,0.0860705375671386,0.6859281063079834,-0.0916282534599304,-0.2356955105184706,"[181.0, 111.0]"
pseudopapilledema_0104_PPE,0,2,9,pseudopapilledema,"[116.0, 123.0]",35.918785545899944,0.7230651974678038,0.1498687267303466,0.7767328023910522,-0.1474175453186035,0.4146852205021597,"[95.0, 122.0]"
pseudopapilledema_0105_PPE,0,2,9,pseudopapilledema,"[130.0, 120.0]",35.918785545899944,0.7680391609668731,0.160138189792633,0.8257538676261902,-0.1493663191795349,0.6924906883872062,"[141.0, 121.0]"
pseudopapilledema_0106_PPE,0,2,9,pseudopapilledema,"[130.0, 122.0]",35.918785545899944,0.8207086324691772,0.1356453895568847,0.9407285451889038,-0.132766306400299,0.5741209423344636,"[145.0, 125.0]"
pseudopapilledema_0107_PPE,0,2,9,pseudopapilledema,"[109.0, 129.0]",35.918785545899944,0.8297563850879669,0.131644070148468,0.9579628705978394,-0.1376915276050567,0.4957855617603935,"[91.0, 131.0]"
pseudopapilledema_0108_PPE,0,1,9,pseudopapilledema,"[124.0, 123.0]",35.918785545899944,0.8229348480701446,0.1416614651679992,0.9358935356140136,-0.130739539861679,0.4710288861041737,"[143.0, 123.0]"
pseudopapilledema_0109_PPE,0,1,9,pseudopapilledema,"[117.0, 130.0]",35.918785545899944,0.8226221919059753,0.1411839127540588,0.9314088821411132,-0.147260308265686,0.3875071312785169,"[95.0, 130.0]"
pseudopapilledema_0110_PPE,0,1,9,pseudopapilledema,"[111.0, 116.0]",35.918785545899944,0.8438502967357635,0.1627236604690551,0.935612976551056,-0.1309877634048462,0.4260516380281258,"[91.0, 121.0]"
pseudopapilledema_0111_PPE,0,1,9,pseudopapilledema,"[140.0, 120.0]",45.254833995939045,0.905872356891632,0.1983609199523925,0.970046043395996,-0.1423960328102111,0.8406556402002254,"[146.0, 124.0]"
pseudopapilledema_0112_PPE,0,4,0,pseudopapilledema,"[158.0, 128.0]",114.03503592196344,0.7155787527561187,0.1522436738014221,0.8006085753440857,-0.0145453810691833,0.0892652574704464,"[239.0, 63.0]"
pseudopapilledema_0112_PPE,1,4,0,pseudopapilledema,"[194.0, 60.0]",35.918785545899944,0.5980875015258789,0.0322598814964294,0.8044934272766113,-0.0134111046791076,-0.2556072943358962,"[239.0, 63.0]"
pseudopapilledema_0112_PPE,2,4,0,pseudopapilledema,"[108.0, 110.0]",71.83757109179989,0.6272587716579437,0.0676378607749939,0.7949681878089905,-0.0157158970832824,-0.93737267653167,"[239.0, 63.0]"
pseudopapilledema_0112_PPE,3,4,0,pseudopapilledema,"[124.0, 110.0]",90.50966799187808,0.6370937287807463,0.0801023244857788,0.791215717792511,-0.0157020092010498,-0.3726008899621913,"[239.0, 63.0]"
pseudopapilledema_0113_PPE,0,2,9,pseudopapilledema,"[136.0, 131.0]",35.918785545899944,0.8330249845981598,0.1828776001930236,0.8858323693275452,-0.1503236293792724,0.7040505225559315,"[144.0, 124.0]"
pseudopapilledema_0114_PPE,0,2,9,pseudopapilledema,"[109.0, 125.0]",35.918785545899944,0.8935668408870697,0.2132198214530944,0.9330730438232422,-0.1359794437885284,0.6825684922887694,"[98.0, 122.0]"
pseudopapilledema_0115_PPE,0,1,9,pseudopapilledema,"[131.0, 92.0]",45.254833995939045,0.8319577097892761,0.1503705382347107,0.942686915397644,-0.108531653881073,0.1896060950068787,"[164.0, 108.0]"
pseudopapilledema_0116_PPE,0,2,9,pseudopapilledema,"[132.0, 119.0]",35.918785545899944,0.8566158413887023,0.2177286744117736,0.8711369037628174,-0.1454566717147827,0.7621299379846986,"[135.0, 127.0]"
pseudopapilledema_0117_PPE,0,1,9,pseudopapilledema,"[131.0, 115.0]",35.918785545899944,0.8535492300987243,0.2129565477371215,0.8735809326171875,-0.1454301476478576,0.6924906883872062,"[132.0, 126.0]"
pseudopapilledema_0118_PPE,0,1,9,pseudopapilledema,"[111.0, 123.0]",35.918785545899944,0.8829311788082123,0.2067292332649231,0.9277330636978148,-0.1339440047740936,0.6213271049669989,"[100.0, 115.0]"
pseudopapilledema_0119_PPE,0,1,9,pseudopapilledema,"[111.0, 126.0]",35.918785545899944,0.8511991262435913,0.2232006788253784,0.8552473783493042,-0.1466264128684997,0.6753257769590213,"[101.0, 120.0]"
pseudopapilledema_0120_PPE,0,1,9,pseudopapilledema,"[129.0, 117.0]",35.918785545899944,0.855517691373825,0.2298600077629089,0.8538309335708618,-0.1398801505565643,0.5946349644824488,"[133.0, 131.0]"
pseudopapilledema_0121_PPE,0,2,9,pseudopapilledema,"[121.0, 118.0]",35.918785545899944,0.6669821560382843,0.0863119959831237,0.7954137325286865,-0.1194027364253997,0.2676285549154772,"[147.0, 114.0]"
pseudopapilledema_0122_PPE,0,2,9,pseudopapilledema,"[113.0, 123.0]",35.918785545899944,0.710465270280838,0.0889206528663635,0.8501608371734619,-0.1321601569652557,0.3596665463366313,"[90.0, 123.0]"
pseudopapilledema_0123_PPE,0,4,9,pseudopapilledema,"[125.0, 132.0]",45.254833995939045,0.7333576202392578,0.1178844571113586,0.8521332144737244,-0.0948995649814605,-0.3764197215965774,"[187.0, 138.0]"
pseudopapilledema_0124_PPE,0,1,9,pseudopapilledema,"[125.0, 121.0]",35.918785545899944,0.7799179553985596,0.1940172910690307,0.7930402755737305,-0.1538623571395874,0.609238769231708,"[139.0, 120.0]"
pseudopapilledema_0125_PPE,0,4,9,pseudopapilledema,"[141.0, 123.0]",45.254833995939045,0.7176561295986175,0.0894926190376281,0.8832363486289978,-0.0494903326034545,-0.1278176520386618,"[90.0, 121.0]"
pseudopapilledema_0126_PPE,0,1,9,pseudopapilledema,"[107.0, 120.0]",35.918785545899944,0.8956195533275604,0.1861568093299865,0.9723207354545592,-0.1441911458969116,0.6937535656392584,"[96.0, 120.0]"
pseudopapilledema_0127_PPE,0,2,9,pseudopapilledema,"[129.0, 122.0]",35.918785545899944,0.7936097145080566,0.1561219096183776,0.8782175183296204,-0.1136777102947235,0.4146852205021597,"[150.0, 123.0]"
pseudopapilledema_0128_PPE,0,1,9,pseudopapilledema,"[134.0, 117.0]",45.254833995939045,0.8345125377178192,0.1218438148498535,0.9905101656913756,-0.0965580344200134,0.7093581994103395,"[147.0, 119.0]"
pseudopapilledema_0129_PPE,0,1,9,pseudopapilledema,"[130.0, 121.0]",35.918785545899944,0.8372222542762755,0.1810321807861328,0.8932090997695923,-0.1547185182571411,0.5750319146239581,"[143.0, 129.0]"
pseudopapilledema_0130_PPE,0,1,9,pseudopapilledema,"[138.0, 117.0]",35.918785545899944,0.7427213966846467,0.1467501521110534,0.8187854290008545,-0.1141072213649749,0.2863898139540958,"[147.0, 141.0]"
pseudopapilledema_0131_PPE,0,1,9,pseudopapilledema,"[98.0, 124.0]",35.918785545899944,0.8358640551567077,0.1843551397323608,0.8865047693252563,-0.1547778844833374,0.7494347355230296,"[98.0, 115.0]"
pseudopapilledema_0132_PPE,0,2,9,pseudopapilledema,"[126.0, 122.0]",35.918785545899944,0.8687681674957275,0.1573925614356994,0.9758251905441284,-0.1414898633956909,0.4260516380281258,"[145.0, 114.0]"
pseudopapilledema_0133_PPE,0,1,9,pseudopapilledema,"[115.0, 124.0]",35.918785545899944,0.8455176949501036,0.1382012367248535,0.9687329530715942,-0.1460169553756714,0.227956936008113,"[90.0, 112.0]"
pseudopapilledema_0133_PPE,1,4,9,pseudopapilledema,"[12.0, 176.0]",228.07007184392688,0.4576572746038436,-0.036641240119934,0.7057209610939026,-0.0014692097902297,0.5576097063972482,"[90.0, 112.0]"
pseudopapilledema_0134_PPE,0,4,9,pseudopapilledema,"[65.0, 229.0]",35.918785545899944,0.561651423573494,0.0645880103111267,0.7080166339874268,-0.0072588473558425,-2.650940047149425,"[151.0, 130.0]"
pseudopapilledema_0135_PPE,0,1,9,pseudopapilledema,"[126.0, 119.0]",35.918785545899944,0.8341456234455108,0.1814801096916198,0.8879387974739075,-0.1555417776107788,0.7215941505811441,"[136.0, 119.0]"
pseudopapilledema_0136_PPE,0,1,9,pseudopapilledema,"[107.0, 125.0]",35.918785545899944,0.8146714925765991,0.1657403111457824,0.8946004509925842,-0.1135543286800384,0.5642259167561074,"[93.0, 118.0]"
pseudopapilledema_0137_PPE,0,1,9,pseudopapilledema,"[134.0, 119.0]",35.918785545899944,0.8782931447029113,0.2207347154617309,0.903810739517212,-0.1244545578956604,0.5946349644824488,"[138.0, 133.0]"
pseudopapilledema_0138_PPE,0,1,9,pseudopapilledema,"[110.0, 119.0]",35.918785545899944,0.884969162940979,0.2270432710647583,0.904313027858734,-0.124533861875534,0.8051159054068008,"[103.0, 119.0]"
pseudopapilledema_0139_PPE,0,1,9,pseudopapilledema,"[135.0, 119.0]",35.918785545899944,0.7087944984436034,0.0903373956680297,0.8467250466346741,-0.1287478506565094,0.4369590143766655,"[155.0, 116.0]"
pseudopapilledema_0140_PPE,0,1,9,pseudopapilledema,"[108.0, 120.0]",35.918785545899944,0.8740069091320037,0.1737570762634277,0.95974999666214,-0.1421241760253906,0.5536814706222346,"[92.0, 119.0]"
pseudopapilledema_0141_PPE,0,1,9,pseudopapilledema,"[136.0, 121.0]",35.918785545899944,0.8029456019401551,0.1785823106765747,0.8463960886001587,-0.1594301462173462,0.6285602683565882,"[149.0, 118.0]"
pseudopapilledema_0142_PPE,0,4,0,pseudopapilledema,"[116.0, 154.0]",71.83757109179989,0.4680425703525543,0.0723132789134979,0.5607529878616333,-0.0160109996795654,0.0573176294224937,"[135.0, 89.0]"
pseudopapilledema_0142_PPE,1,4,0,pseudopapilledema,"[110.0, 218.0]",90.50966799187808,0.4616151034832,0.0693256258964538,0.5556376576423645,-0.0167155861854553,-0.4517802917883269,"[135.0, 89.0]"
pseudopapilledema_0143_PPE,0,1,9,pseudopapilledema,"[136.0, 122.0]",35.918785545899944,0.7477770805358886,0.1502258777618408,0.809906005859375,-0.1530849933624267,0.6062746719078522,"[150.0, 120.0]"
pseudopapilledema_0144_PPE,0,1,9,pseudopapilledema,"[103.0, 122.0]",35.918785545899944,0.8109109461307524,0.1771397590637207,0.860866129398346,-0.1558244824409485,0.6924906883872062,"[92.0, 123.0]"
pseudopapilledema_0145_PPE,0,1,9,pseudopapilledema,"[141.0, 97.0]",45.254833995939045,0.8240257203578948,0.1278838515281677,0.961699903011322,-0.1147596836090087,0.6134588475983443,"[156.0, 106.0]"
pseudopapilledema_0145_PPE,1,4,9,pseudopapilledema,"[184.0, 48.0]",181.01933598375612,0.6042009606957435,0.03236985206604,0.8144446611404419,-0.0085992291569709,0.6442094519770094,"[156.0, 106.0]"
pseudopapilledema_0146_PPE,0,1,9,pseudopapilledema,"[135.0, 126.0]",35.918785545899944,0.7981906771659851,0.1872318387031555,0.8423264622688293,-0.1066515743732452,0.6988580303593626,"[141.0, 135.0]"
pseudopapilledema_0147_PPE,0,2,9,pseudopapilledema,"[123.0, 122.0]",35.918785545899944,0.7760792076587677,0.1380745768547058,0.869292676448822,-0.1474987864494323,0.260257269076687,"[148.0, 131.0]"
pseudopapilledema_0148_PPE,0,1,9,pseudopapilledema,"[107.0, 120.0]",35.918785545899944,0.8776290774345398,0.2010654211044311,0.929857850074768,-0.1283158063888549,0.3651369845775386,"[93.0, 138.0]"
pseudopapilledema_0149_PPE,0,1,9,pseudopapilledema,"[110.0, 165.0]",35.918785545899944,0.703599727153778,0.1482558250427246,0.7602221369743347,-0.1159420311450958,0.664754963293384,"[118.0, 174.0]"
pseudopapilledema_0150_PPE,0,1,9,pseudopapilledema,"[131.0, 121.0]",35.918785545899944,0.8326396405696868,0.1424667239189148,0.9485251903533936,-0.131026417016983,0.5333067541267781,"[147.0, 126.0]"
pseudopapilledema_0151_PPE,0,1,9,pseudopapilledema,"[104.0, 113.0]",45.254833995939045,0.9488106369972228,0.2459366917610168,0.9606561064720154,-0.1520733535289764,0.8810035452208764,"[99.0, 115.0]"
pseudopapilledema_0152_PPE,0,1,9,pseudopapilledema,"[130.0, 119.0]",35.918785545899944,0.8300619542598724,0.1391294598579406,0.9501013159751892,-0.1293078660964965,0.5677978957161018,"[145.0, 123.0]"
pseudopapilledema_0153_PPE,0,1,9,pseudopapilledema,"[104.0, 113.0]",45.254833995939045,0.9466621816158294,0.2432090640068054,0.9621856212615968,-0.1496159136295318,0.9301228757031316,"[101.0, 114.0]"
pseudopapilledema_0154_PPE,0,1,9,pseudopapilledema,"[132.0, 121.0]",35.918785545899944,0.7662730932235717,0.1181422472000122,0.885137677192688,-0.1426723599433899,0.5984773738124834,"[144.0, 129.0]"
pseudopapilledema_0155_PPE,0,2,9,pseudopapilledema,"[109.0, 115.0]",35.918785545899944,0.8439345777034759,0.1634045839309692,0.936506986618042,-0.1248755156993866,0.8031373359539261,"[102.0, 116.0]"
pseudopapilledema_0156_PPE,0,1,9,pseudopapilledema,"[132.0, 120.0]",35.918785545899944,0.770297622680664,0.132157564163208,0.8717880249023438,-0.1394422054290771,0.6213271049669989,"[143.0, 128.0]"
pseudopapilledema_0157_PPE,0,2,9,pseudopapilledema,"[132.0, 120.0]",35.918785545899944,0.7342075943946837,0.0986007452011108,0.8752295970916748,-0.1147306561470031,0.2081323220043421,"[160.0, 115.0]"
pseudopapilledema_0158_PPE,0,1,9,pseudopapilledema,"[106.0, 116.0]",35.918785545899944,0.8237804293632507,0.1679354310035705,0.8963034152984619,-0.1421630382537841,0.8217332757743043,"[101.0, 120.0]"
pseudopapilledema_0159_PPE,0,2,9,pseudopapilledema,"[119.0, 124.0]",35.918785545899944,0.8377476453781127,0.1558657884597778,0.9293102025985718,-0.1568235754966735,0.1629284704427358,"[89.0, 122.0]"
pseudopapilledema_0160_PPE,0,1,9,pseudopapilledema,"[107.0, 124.0]",35.918785545899944,0.7545697093009949,0.1651171445846557,0.8118208050727844,-0.10589000582695,0.6043109423788899,"[96.0, 115.0]"
pseudopapilledema_0161_PPE,0,1,9,pseudopapilledema,"[141.0, 131.0]",35.918785545899944,0.8143071115016937,0.1391644477844238,0.9288573861122132,-0.1247124671936035,0.735881020576765,"[150.0, 128.0]"
pseudopapilledema_0162_PPE,0,1,9,pseudopapilledema,"[109.0, 125.0]",35.918785545899944,0.7963085830211639,0.1545117497444152,0.8724518418312073,-0.1554027199745178,0.6825684922887694,"[102.0, 116.0]"
pseudopapilledema_0163_PPE,0,1,9,pseudopapilledema,"[139.0, 134.0]",35.918785545899944,0.7943221449851989,0.1294591426849365,0.9161734580993652,-0.1177079081535339,0.7478927808801967,"[148.0, 135.0]"
pseudopapilledema_0164_PPE,0,1,9,pseudopapilledema,"[107.0, 121.0]",35.918785545899944,0.8193463683128356,0.1412966251373291,0.9328737258911132,-0.1251906752586364,0.7133636345296138,"[98.0, 116.0]"
pseudopapilledema_0165_PPE,0,1,9,pseudopapilledema,"[138.0, 133.0]",35.918785545899944,0.7425261259078979,0.1301130056381225,0.8416540026664734,-0.11627659201622,0.7160806282229758,"[148.0, 135.0]"
pseudopapilledema_0166_PPE,0,1,9,pseudopapilledema,"[108.0, 123.0]",35.918785545899944,0.8082914352416991,0.1450434923171997,0.912665069103241,-0.1219119727611541,0.6434665515486087,"[98.0, 115.0]"
pseudopapilledema_0167_PPE,0,1,9,pseudopapilledema,"[114.0, 121.0]",35.918785545899944,0.8944434523582457,0.204016625881195,0.946806788444519,-0.1383103728294372,0.3023169410819939,"[92.0, 109.0]"
pseudopapilledema_0168_PPE,0,1,9,pseudopapilledema,"[108.0, 117.0]",45.254833995939045,0.956894427537918,0.2781299352645874,0.928375482559204,-0.1445082724094391,0.7423058983988962,"[98.0, 123.0]"
pseudopapilledema_0169_PPE,0,1,9,pseudopapilledema,"[138.0, 127.0]",35.918785545899944,0.8177271544933319,0.1478573083877563,0.9141067266464232,-0.1499756872653961,0.7755420283351189,"[145.0, 123.0]"
pseudopapilledema_0170_PPE,0,1,9,pseudopapilledema,"[149.0, 124.0]",57.01751796098172,0.7393080532550811,0.1708225607872009,0.8003471493721008,-0.0412124395370483,0.9007874342519876,"[145.0, 128.0]"
pseudopapilledema_0171_PPE,0,1,9,pseudopapilledema,"[135.0, 124.0]",35.918785545899944,0.8432607173919677,0.1736656427383422,0.9138387441635132,-0.1495397686958313,0.7202055841147985,"[145.0, 125.0]"
pseudopapilledema_0172_PPE,0,4,9,pseudopapilledema,"[12.0, 150.0]",90.50966799187808,0.720819255709648,0.0889793634414672,0.894285261631012,-0.0292010456323623,-0.4767485001896903,"[144.0, 129.0]"
pseudopapilledema_0173_PPE,0,2,9,pseudopapilledema,"[107.0, 121.0]",35.918785545899944,0.8268633365631103,0.1460379958152771,0.9302428960800172,-0.1482765674591064,0.5759448438961359,"[93.0, 127.0]"
pseudopapilledema_0174_PPE,0,4,9,pseudopapilledema,"[47.0, 124.0]",35.918785545899944,0.7415630221366882,0.0373709797859191,0.9855290055274964,-0.071608692407608,-1.6750151970737277,"[143.0, 128.0]"
pseudopapilledema_0175_PPE,0,1,9,pseudopapilledema,"[99.0, 125.0]",45.254833995939045,0.8128752648830413,0.1090715527534484,0.9866545796394348,-0.0657275319099426,0.7620070904417529,"[89.0, 121.0]"
pseudopapilledema_0176_PPE,0,4,9,pseudopapilledema,"[110.0, 134.0]",35.918785545899944,0.7396026700735091,0.0577204823493957,0.9596039056777954,-0.0507972687482833,-2.1608567525423887,"[223.0, 145.0]"
pseudopapilledema_0176_PPE,1,4,9,pseudopapilledema,"[106.0, 141.0]",45.254833995939045,0.7337949991226196,0.0588282346725463,0.9499449729919434,-0.0500264167785644,-1.5868696394000992,"[223.0, 145.0]"
pseudopapilledema_0177_PPE,0,1,9,pseudopapilledema,"[134.0, 118.0]",35.918785545899944,0.8614671766757964,0.1629043221473693,0.9579551815986632,-0.1399711370468139,0.4957855617603935,"[152.0, 116.0]"
pseudopapilledema_0178_PPE,0,1,9,pseudopapilledema,"[130.0, 120.0]",35.918785545899944,0.8332090914249419,0.1565961837768554,0.928508996963501,-0.1332830488681793,0.275609593501821,"[156.0, 119.0]"
pseudopapilledema_0179_PPE,0,1,9,pseudopapilledema,"[139.0, 132.0]",35.918785545899944,0.7870669245719909,0.1813594698905944,0.8356549739837646,-0.1037448644638061,0.8996193434531209,"[142.0, 134.0]"
pseudopapilledema_0180_PPE,0,1,9,pseudopapilledema,"[105.0, 124.0]",35.918785545899944,0.8063287198543547,0.1608272790908813,0.8798430562019348,-0.1480565071105957,0.4081010451118629,"[89.0, 110.0]"
pseudopapilledema_0181_PPE,0,1,9,pseudopapilledema,"[132.0, 120.0]",35.918785545899944,0.8282264411449431,0.1583536863327026,0.9147936701774596,-0.147585928440094,0.3017616818942887,"[155.0, 110.0]"
pseudopapilledema_0181_PPE,1,4,9,pseudopapilledema,"[6.0, 192.0]",35.918785545899944,0.5511536374688148,0.0293801426887512,0.7447404265403748,-0.0022759810090065,-3.73494609943356,"[155.0, 110.0]"
pseudopapilledema_0182_PPE,0,1,9,pseudopapilledema,"[106.0, 124.0]",35.918785545899944,0.7440833806991577,0.145980954170227,0.8124014139175415,-0.147107183933258,0.4516040755770858,"[88.0, 116.0]"
pseudopapilledema_0183_PPE,0,1,9,pseudopapilledema,"[103.0, 128.0]",35.918785545899944,0.8077118277549743,0.1630790829658508,0.8821914196014404,-0.1354937553405761,0.6370031833692216,"[102.0, 115.0]"
pseudopapilledema_0184_PPE,0,1,9,pseudopapilledema,"[113.0, 119.0]",35.918785545899944,0.885428875684738,0.1795217990875244,0.9669613242149352,-0.1451707482337951,0.5129886654385319,"[104.0, 134.0]"
pseudopapilledema_0185_PPE,0,1,9,pseudopapilledema,"[113.0, 121.0]",35.918785545899944,0.8820269346237183,0.1773188114166259,0.9654818773269652,-0.1443540453910827,0.5467881124405694,"[101.0, 132.0]"
pseudopapilledema_0186_PPE,0,1,9,pseudopapilledema,"[112.0, 123.0]",35.918785545899944,0.8297792017459868,0.2362437844276428,0.809911847114563,-0.1329856216907501,0.5074497719209882,"[99.0, 111.0]"
pseudopapilledema_0187_PPE,0,1,9,pseudopapilledema,"[131.0, 124.0]",35.918785545899944,0.7051182329654694,0.1997247338294983,0.6861468553543091,-0.1254535019397735,0.5823912258717161,"[143.0, 133.0]"
pseudopapilledema_0188_PPE,0,1,9,pseudopapilledema,"[132.0, 117.0]",35.918785545899944,0.8275956451892852,0.1664719581604004,0.9024900794029236,-0.1469031572341919,0.1926230366853176,"[152.0, 138.0]"
pseudopapilledema_0189_PPE,0,1,9,pseudopapilledema,"[114.0, 123.0]",35.918785545899944,0.8974498689174651,0.1936752200126648,0.9637654423713684,-0.1456941962242126,0.3818386959993135,"[92.0, 120.0]"
pseudopapilledema_0190_PPE,0,1,9,pseudopapilledema,"[106.0, 118.0]",45.254833995939045,0.9590784609317778,0.2706817984580993,0.9414921402931212,-0.1467608213424682,0.6930174577439296,"[94.0, 125.0]"
pseudopapilledema_0191_PPE,0,1,9,pseudopapilledema,"[131.0, 118.0]",35.918785545899944,0.853177398443222,0.2121147513389587,0.8725698590278625,-0.1513187289237976,0.6741343079163296,"[142.0, 114.0]"
pseudopapilledema_0192_PPE,0,1,9,pseudopapilledema,"[133.0, 120.0]",35.918785545899944,0.8692947566509246,0.203191339969635,0.9087831377983092,-0.1497761011123657,0.6380723957554872,"[145.0, 115.0]"
pseudopapilledema_0193_PPE,0,1,9,pseudopapilledema,"[113.0, 122.0]",35.918785545899944,0.9177258193492888,0.2232987880706787,0.9513350129127502,-0.1424626111984253,0.4980967172656042,"[95.0, 121.0]"
pseudopapilledema_0194_PPE,0,1,9,pseudopapilledema,"[126.0, 119.0]",35.918785545899944,0.7608993709087372,0.1636185646057129,0.8200364708900452,-0.1162763833999633,0.7001477235218377,"[136.0, 123.0]"
pseudopapilledema_0195_PPE,0,1,9,pseudopapilledema,"[135.0, 125.0]",35.918785545899944,0.8200039744377136,0.1753240227699279,0.8785978555679321,-0.1483072638511657,0.7755420283351189,"[143.0, 126.0]"
pseudopapilledema_0196_PPE,0,1,9,pseudopapilledema,"[109.0, 120.0]",35.918785545899944,0.8161413609981536,0.2049111723899841,0.8414285778999329,-0.1111509203910827,0.8376628884795106,"[106.0, 115.0]"
pseudopapilledema_0197_PPE,0,1,9,pseudopapilledema,"[132.0, 121.0]",35.918785545899944,0.8952045619487763,0.2029771208763122,0.9482678771018982,-0.1421996355056762,0.2902015705574394,"[157.0, 116.0]"
pseudopapilledema_0198_PPE,0,1,9,pseudopapilledema,"[110.0, 116.0]",35.918785545899944,0.9021236300468444,0.2015859484672546,0.9602134227752686,-0.1419414281845092,0.1694355105010515,"[91.0, 93.0]"
pseudopapilledema_0199_PPE,0,2,9,pseudopapilledema,"[130.0, 124.0]",35.918785545899944,0.8596563279628753,0.1831356287002563,0.9269938468933104,-0.1381250321865081,0.21600200973744,"[158.0, 121.0]"
pseudopapilledema_0200_PPE,0,2,9,pseudopapilledema,"[111.0, 119.0]",35.918785545899944,0.8610526144504547,0.1812702417373657,0.9326134324073792,-0.1347648501396179,-0.0583084878780248,"[89.0, 88.0]"
pseudopapilledema_0201_PPE,0,1,9,pseudopapilledema,"[136.0, 126.0]",35.918785545899944,0.7542312800884247,0.2126737833023071,0.7435392737388611,-0.1054000258445739,0.750986238146347,"[144.0, 130.0]"
pseudopapilledema_0202_PPE,0,1,9,pseudopapilledema,"[134.0, 125.0]",35.918785545899944,0.8586037158966063,0.2164452672004699,0.8819746375083923,-0.1238810122013092,0.8754931190731735,"[138.0, 127.0]"
pseudopapilledema_0203_PPE,0,1,9,pseudopapilledema,"[131.0, 122.0]",35.918785545899944,0.8058414578437805,0.1619945764541626,0.8764091730117798,-0.1518023014068603,0.4452802748659286,"[137.0, 103.0]"
pseudopapilledema_0204_PPE,0,1,9,pseudopapilledema,"[113.0, 124.0]",35.918785545899944,0.847903686761856,0.176546573638916,0.9210006594657898,-0.133283257484436,0.4769228986306698,"[96.0, 116.0]"
pseudopapilledema_0205_PPE,0,1,9,pseudopapilledema,"[132.0, 121.0]",35.918785545899944,0.7649228453636169,0.142273724079132,0.8480863571166992,-0.144943356513977,0.4889147984352913,"[141.0, 137.0]"
pseudopapilledema_0206_PPE,0,1,9,pseudopapilledema,"[113.0, 121.0]",35.918785545899944,0.8576776146888732,0.1917223334312439,0.9072853326797484,-0.1542777419090271,0.6285602683565882,"[100.0, 118.0]"
pseudopapilledema_0207_PPE,0,1,9,pseudopapilledema,"[105.0, 124.0]",35.918785545899944,0.7711076080799102,0.1691120862960815,0.8224080204963684,-0.1315495371818542,0.7433224894112469,"[99.0, 117.0]"
pseudopapilledema_0208_PPE,0,1,9,pseudopapilledema,"[134.0, 125.0]",35.918785545899944,0.8155369877815246,0.1429347991943359,0.91749906539917,-0.1517642140388488,0.5786955009633133,"[149.0, 123.0]"
pseudopapilledema_0209_PPE,0,1,9,pseudopapilledema,"[110.0, 117.0]",35.918785545899944,0.8009987533092499,0.157098114490509,0.8765851855278015,-0.1514550447463989,0.8996193434531209,"[113.0, 119.0]"
pseudopapilledema_0210_PPE,0,1,9,pseudopapilledema,"[129.0, 120.0]",35.918785545899944,0.7798880815505981,0.1774556040763855,0.8203576803207397,-0.1409105062484741,0.5137850867965528,"[146.0, 116.0]"
pseudopapilledema_0211_PPE,0,1,9,pseudopapilledema,"[108.0, 123.0]",35.918785545899944,0.9111444056034088,0.2084021568298339,0.96232670545578,-0.145567774772644,0.5946349644824488,"[94.0, 127.0]"
pseudopapilledema_0212_PPE,0,1,9,pseudopapilledema,"[139.0, 121.0]",45.254833995939045,0.8144119441509247,0.1930218935012817,0.8529735207557678,-0.1215429306030273,0.6140909676491104,"[155.0, 128.0]"
pseudopapilledema_0213_PPE,0,1,9,pseudopapilledema,"[132.0, 123.0]",35.918785545899944,0.8353632271289825,0.1651668548583984,0.9166147112846376,-0.1428303718566894,0.4881570734802078,"[149.0, 116.0]"
pseudopapilledema_0214_PPE,0,1,9,pseudopapilledema,"[109.0, 123.0]",35.918785545899944,0.8844588994979858,0.2026025056838989,0.9342476725578308,-0.1394151151180267,0.6102318108136016,"[95.0, 123.0]"
pseudopapilledema_0215_PPE,0,1,9,pseudopapilledema,"[145.0, 137.0]",45.254833995939045,0.9135323643684388,0.1943117976188659,0.9878414273262024,-0.1386578381061554,0.4898491338339217,"[167.0, 144.0]"
pseudopapilledema_0215_PPE,1,4,9,pseudopapilledema,"[208.0, 164.0]",181.01933598375612,0.5475379094481467,0.0054823756217956,0.771009087562561,-0.0117458626627922,0.7479938888079796,"[167.0, 144.0]"
pseudopapilledema_0216_PPE,0,1,9,pseudopapilledema,"[140.0, 130.0]",35.918785545899944,0.8371619164943696,0.1669069528579712,0.9204384684562684,-0.1297401785850525,0.274006366738443,"[162.0, 144.0]"
pseudopapilledema_0217_PPE,0,2,9,pseudopapilledema,"[113.0, 115.0]",35.918785545899944,0.7938462197780608,0.1897889971733093,0.8275526165962219,-0.1238519549369812,0.1606167523443957,"[83.0, 118.0]"
pseudopapilledema_0218_PPE,0,2,9,pseudopapilledema,"[119.0, 144.0]",35.918785545899944,0.8783091247081756,0.1803944110870361,0.9593532681465148,-0.1318371295928955,0.1086663788715217,"[151.0, 145.0]"
pseudopapilledema_0219_PPE,0,2,9,pseudopapilledema,"[132.0, 118.0]",35.918785545899944,0.8499547243118286,0.157354474067688,0.9520578384399414,-0.1307988166809082,0.4100685817080516,"[152.0, 111.0]"
pseudopapilledema_0220_PPE,0,1,9,pseudopapilledema,"[103.0, 127.0]",45.254833995939045,0.8722017109394073,0.2139198780059814,0.9028688669204712,-0.1313681304454803,-0.0663990956719722,"[63.0, 100.0]"
pseudopapilledema_0221_PPE,0,2,9,pseudopapilledema,"[130.0, 115.0]",35.918785545899944,0.7383937299251555,0.1084063649177551,0.858700692653656,-0.1444844007492065,0.7160806282229758,"[140.0, 117.0]"
pseudopapilledema_0222_PPE,0,1,9,pseudopapilledema,"[103.0, 119.0]",45.254833995939045,0.8112608015537262,0.1668322086334228,0.882611870765686,-0.1330014169216156,0.5153730493977868,"[88.0, 135.0]"
pseudopapilledema_0222_PPE,1,2,9,pseudopapilledema,"[107.0, 119.0]",35.918785545899944,0.7744557082653045,0.1162185072898864,0.9025636315345764,-0.132213294506073,0.3084542163875076,"[88.0, 135.0]"
pseudopapilledema_0223_PPE,0,1,9,pseudopapilledema,"[112.0, 114.0]",35.918785545899944,0.8535517930984496,0.1636010408401489,0.9461874961853028,-0.1380975246429443,0.4594336210466906,"[96.0, 125.0]"
pseudopapilledema_0224_PPE,0,1,9,pseudopapilledema,"[107.0, 113.0]",45.254833995939045,0.9226044476032256,0.227552056312561,0.9497976899147034,-0.1509700417518615,0.7480544453656703,"[100.0, 122.0]"
pseudopapilledema_0225_PPE,0,1,9,pseudopapilledema,"[140.0, 175.0]",35.918785545899944,0.7039310932159423,0.0813012719154357,0.862517774105072,-0.0943368971347808,0.5677978957161018,"[125.0, 171.0]"
pseudopapilledema_0226_PPE,0,2,9,pseudopapilledema,"[112.0, 113.0]",35.918785545899944,0.7341152667999267,0.1527681350708007,0.7879469990730286,-0.1489211618900299,0.3590616019847431,"[93.0, 126.0]"
pseudopapilledema_0227_PPE,0,1,9,pseudopapilledema,"[137.0, 114.0]",35.918785545899944,0.8110782980918884,0.1236220002174377,0.9392393827438354,-0.1499436497688293,0.860797075290572,"[142.0, 114.0]"
pseudopapilledema_0228_PPE,0,1,9,pseudopapilledema,"[104.0, 118.0]",35.918785545899944,0.8442855775356292,0.1371668577194214,0.9686274528503418,-0.1453975141048431,0.5861199502883683,"[94.0, 129.0]"
pseudopapilledema_0229_PPE,0,1,9,pseudopapilledema,"[139.0, 128.0]",45.254833995939045,0.8733542442321777,0.2031804323196411,0.9429304599761964,-0.050612449645996,0.889514565439602,"[135.0, 125.0]"
pseudopapilledema_0229_PPE,1,4,9,pseudopapilledema,"[70.0, 51.0]",35.918785545899944,0.5843047738075255,0.0156829357147216,0.8080143928527832,-0.0150588154792785,-1.7421209576277763,"[135.0, 125.0]"
pseudopapilledema_0230_PPE,0,1,9,pseudopapilledema,"[104.0, 117.0]",45.254833995939045,0.760593056678772,0.2253128290176391,0.7223953604698181,-0.1480173766613006,0.6140909676491104,"[87.0, 113.0]"
pseudopapilledema_0231_PPE,0,1,9,pseudopapilledema,"[105.0, 116.0]",45.254833995939045,0.9112432658672333,0.197529911994934,0.9774329662322998,-0.1475513875484466,0.8112024066625848,"[102.0, 108.0]"
pseudopapilledema_0232_PPE,0,1,9,pseudopapilledema,"[136.0, 128.0]",35.918785545899944,0.7604334771633148,0.1530871987342834,0.8262899518013,-0.1447165608406067,0.7373524469528321,"[141.0, 120.0]"
pseudopapilledema_0233_PPE,0,1,9,pseudopapilledema,"[119.0, 122.0]",35.918785545899944,0.8919619679450989,0.221131145954132,0.9174158573150636,-0.1431986093521118,0.664754963293384,"[110.0, 114.0]"
pseudopapilledema_0234_PPE,0,1,9,pseudopapilledema,"[138.0, 122.0]",45.254833995939045,0.9452851891517638,0.2481791377067566,0.954225480556488,-0.1457410752773285,0.4336072199877545,"[147.0, 98.0]"
pseudopapilledema_0235_PPE,0,1,9,pseudopapilledema,"[140.0, 125.0]",45.254833995939045,0.9296260595321656,0.2251965999603271,0.964819312095642,-0.1452797055244445,0.3797052112100249,"[142.0, 97.0]"
pseudopapilledema_0236_PPE,0,1,9,pseudopapilledema,"[139.0, 114.0]",45.254833995939045,0.944679081439972,0.2455973029136657,0.9626337885856628,-0.1261906325817108,0.7609834603003383,"[148.0, 120.0]"
pseudopapilledema_0237_PPE,0,1,9,pseudopapilledema,"[105.0, 125.0]",35.918785545899944,0.8436085224151612,0.1964667439460754,0.888495147228241,-0.125975877046585,0.6988580303593626,"[96.0, 131.0]"
pseudopapilledema_0238_PPE,0,1,9,pseudopapilledema,"[101.0, 113.0]",45.254833995939045,0.963643330335617,0.2561341524124145,0.9739484786987304,-0.1287262141704559,0.6685436963188058,"[92.0, 101.0]"
pseudopapilledema_0239_PPE,0,1,9,pseudopapilledema,"[111.0, 119.0]",35.918785545899944,0.7747517108917236,0.2422555685043335,0.7247509956359863,-0.1258522272109985,0.4866449788224937,"[97.0, 107.0]"
pseudopapilledema_0240_PPE,0,1,9,pseudopapilledema,"[128.0, 120.0]",35.918785545899944,0.7503278911113738,0.265440285205841,0.6564287543296814,-0.1269373893737793,0.5467881124405694,"[144.0, 123.0]"
pseudopapilledema_0241_PPE,0,1,9,pseudopapilledema,"[99.0, 121.0]",45.254833995939045,0.9099229753017424,0.1960799098014831,0.977799117565155,-0.1469184160232544,0.7231242945832914,"[88.0, 127.0]"
pseudopapilledema_0242_PPE,0,1,9,pseudopapilledema,"[148.0, 123.0]",45.254833995939045,0.9284079194068908,0.2240559458732605,0.964214563369751,-0.1470088958740234,0.7204915028125263,"[160.0, 119.0]"
pseudopapilledema_0243_PPE,0,1,9,pseudopapilledema,"[112.0, 122.0]",45.254833995939045,0.9291792690753936,0.2145053744316101,0.9787566661834716,-0.1477211415767669,0.7127378701429651,"[100.0, 117.0]"
pseudopapilledema_0244_PPE,0,1,9,pseudopapilledema,"[109.0, 130.0]",35.918785545899944,0.6681360304355621,0.1203264594078064,0.7482407093048096,-0.1202053725719451,0.6132262330613347,"[97.0, 123.0]"
pseudopapilledema_0245_PPE,0,1,9,pseudopapilledema,"[134.0, 116.0]",35.918785545899944,0.6288485288619995,0.1227240562438964,0.6824922561645508,-0.1418994665145874,0.4681063715216954,"[147.0, 130.0]"
pseudopapilledema_0245_PPE,1,4,9,pseudopapilledema,"[7.0, 160.0]",35.918785545899944,0.4431701298803091,0.0261619687080383,0.5947303771972656,-0.0034844856709241,-2.9861651349486404,"[147.0, 130.0]"
pseudopapilledema_0246_PPE,0,1,9,pseudopapilledema,"[137.0, 121.0]",35.918785545899944,0.797350537776947,0.1383348703384399,0.9066157341003418,-0.1219232678413391,0.6988580303593626,"[146.0, 115.0]"
pseudopapilledema_0247_PPE,0,1,9,pseudopapilledema,"[133.0, 123.0]",35.918785545899944,0.8550606966018676,0.1829537749290466,0.9454454183578492,-0.0514756441116333,0.8306523330939135,"[139.0, 124.0]"
pseudopapilledema_0248_PPE,0,1,9,pseudopapilledema,"[106.0, 122.0]",35.918785545899944,0.8719019591808318,0.1602123379707336,0.9879760146141052,-0.100532054901123,0.7001477235218377,"[102.0, 132.0]"
pseudopapilledema_0249_PPE,0,1,9,pseudopapilledema,"[134.0, 118.0]",35.918785545899944,0.7978239059448241,0.20243501663208,0.814028799533844,-0.1278436481952667,0.6062746719078522,"[148.0, 120.0]"
pseudopapilledema_0250_PPE,0,1,9,pseudopapilledema,"[135.0, 110.0]",35.918785545899944,0.8454380035400391,0.1375995874404907,0.9735891819000244,-0.1316299438476562,0.5510840566702379,"[143.0, 124.0]"
pseudopapilledema_0251_PPE,0,1,9,pseudopapilledema,"[95.0, 118.0]",45.254833995939045,0.9219545722007751,0.2090691924095153,0.9784268140792848,-0.1399330496788025,0.8232233047033631,"[95.0, 110.0]"
pseudopapilledema_0252_PPE,0,1,9,pseudopapilledema,"[112.0, 121.0]",35.918785545899944,0.8511693000793457,0.1670824885368347,0.9371445775032043,-0.1404280364513397,0.1657109873815312,"[85.0, 134.0]"
pseudopapilledema_0253_PPE,0,1,9,pseudopapilledema,"[135.0, 111.0]",35.918785545899944,0.8311482429504394,0.1349960565567016,0.960049033164978,-0.1205893158912658,0.5467881124405694,"[146.0, 123.0]"
pseudopapilledema_0254_PPE,0,1,9,pseudopapilledema,"[108.0, 120.0]",35.918785545899944,0.8132624864578247,0.1406404972076416,0.9223321080207824,-0.1349475681781768,0.5408413104225007,"[92.0, 116.0]"
pseudopapilledema_0255_PPE,0,1,9,pseudopapilledema,"[107.0, 112.0]",35.918785545899944,0.7254361152648926,0.1399471759796142,0.8000280261039734,-0.1273466050624847,0.7258020377885429,"[98.0, 116.0]"
pseudopapilledema_0256_PPE,0,1,9,pseudopapilledema,"[135.0, 113.0]",35.918785545899944,0.7288404524326324,0.1469087600708007,0.8012365102767944,-0.1053306758403778,0.5750319146239581,"[148.0, 121.0]"
pseudopapilledema_0257_PPE,0,1,9,pseudopapilledema,"[142.0, 124.0]",45.254833995939045,0.9527649343013764,0.2357843518257141,0.9861262440681458,-0.133461058139801,0.6994471240363853,"[146.0, 111.0]"
pseudopapilledema_0258_PPE,0,1,9,pseudopapilledema,"[97.0, 123.0]",45.254833995939045,0.9296385645866394,0.2120599150657653,0.9891113638877868,-0.1260034739971161,0.8873265226417504,"[98.0, 128.0]"
pseudopapilledema_0259_PPE,0,1,9,pseudopapilledema,"[133.0, 135.0]",45.254833995939045,0.8378198444843291,0.1255015730857849,0.9849838614463806,-0.1141478419303894,0.3777403827581289,"[161.0, 138.0]"
pseudopapilledema_0260_PPE,0,1,9,pseudopapilledema,"[94.0, 130.0]",57.01751796098172,0.9130351483821868,0.2033742070198059,0.9883661866188048,-0.0890230536460876,0.5668317570863324,"[73.0, 117.0]"
pseudopapilledema_0261_PPE,0,1,9,pseudopapilledema,"[134.0, 120.0]",35.918785545899944,0.8779431760311126,0.2561343312263489,0.8511651754379272,-0.1299661099910736,0.8306523330939135,"[140.0, 121.0]"
pseudopapilledema_0262_PPE,0,2,9,pseudopapilledema,"[133.0, 119.0]",35.918785545899944,0.8630333125591277,0.1762385964393615,0.9465290904045104,-0.1211217641830444,0.5510840566702379,"[149.0, 121.0]"
pseudopapilledema_0263_PPE,0,1,9,pseudopapilledema,"[104.0, 120.0]",35.918785545899944,0.8157172560691833,0.1643497943878173,0.8872131109237671,-0.151591420173645,0.6264793572195206,"[110.0, 108.0]"
pseudopapilledema_0264_PPE,0,1,9,pseudopapilledema,"[140.0, 116.0]",45.254833995939045,0.8916013956069946,0.2743967175483703,0.8430663347244263,-0.1352912187576294,0.9116116523516816,"[144.0, 116.0]"
pseudopapilledema_0265_PPE,0,2,9,pseudopapilledema,"[113.0, 124.0]",35.918785545899944,0.8818041086196898,0.2070675492286682,0.9267770648002625,-0.12996307015419,0.5741209423344636,"[98.0, 121.0]"
pseudopapilledema_0266_PPE,0,1,9,pseudopapilledema,"[140.0, 127.0]",57.01751796098172,0.8958894968032836,0.1973456740379333,0.972739279270172,-0.0881316363811492,0.6626408032206081,"[149.0, 144.0]"
pseudopapilledema_0267_PPE,0,1,9,pseudopapilledema,"[106.0, 125.0]",57.01751796098172,0.9202835321426392,0.2154724597930908,0.9804179668426514,-0.0925924777984619,0.7640440249208971,"[96.0, 116.0]"
pseudopapilledema_0268_PPE,0,1,9,pseudopapilledema,"[143.0, 124.0]",45.254833995939045,0.922465455532074,0.2035508155822754,0.9936901926994324,-0.1166575253009796,0.7339158380324,"[155.0, 125.0]"
pseudopapilledema_0269_PPE,0,1,9,pseudopapilledema,"[106.0, 120.0]",45.254833995939045,0.8932757496833801,0.1752601265907287,0.99468332529068,-0.108686476945877,0.730270679661999,"[96.0, 113.0]"
pseudopapilledema_0270_PPE,0,2,9,pseudopapilledema,"[119.0, 121.0]",35.918785545899944,0.8729592323303222,0.1930638551712036,0.929621696472168,-0.1458009481430053,0.2199666267546737,"[96.0, 137.0]"
pseudopapilledema_0271_PPE,0,2,9,pseudopapilledema,"[129.0, 121.0]",35.918785545899944,0.8322267115116119,0.1407355666160583,0.9504140019416808,-0.1310067176818847,0.2529587144390413,"[141.0, 145.0]"
pseudopapilledema_0272_PPE,0,1,9,pseudopapilledema,"[143.0, 119.0]",35.918785545899944,0.8315138280391692,0.1781548261642456,0.8890233635902405,-0.1552132368087768,0.7621299379846986,"[146.0, 111.0]"
pseudopapilledema_0273_PPE,0,1,9,pseudopapilledema,"[112.0, 119.0]",35.918785545899944,0.8906545221805573,0.2469575405120849,0.8831095695495605,-0.1276014149188995,0.7215941505811441,"[102.0, 119.0]"
pseudopapilledema_0274_PPE,0,1,9,pseudopapilledema,"[132.0, 125.0]",35.918785545899944,0.8702782094478606,0.1863041520118713,0.939383625984192,-0.1320275962352752,0.4081010451118629,"[148.0, 111.0]"
pseudopapilledema_0275_PPE,0,1,9,pseudopapilledema,"[103.0, 120.0]",35.918785545899944,0.8421555161476135,0.1666963100433349,0.931265652179718,-0.1178662478923797,0.8051159054068008,"[96.0, 120.0]"
pseudopapilledema_0276_PPE,0,2,9,pseudopapilledema,"[116.0, 122.0]",35.918785545899944,0.7328754603862762,0.1647676229476928,0.7680159211158752,-0.1524834632873535,0.2842207810308437,"[141.0, 116.0]"
pseudopapilledema_0277_PPE,0,2,9,pseudopapilledema,"[118.0, 118.0]",35.918785545899944,0.8342885553836822,0.1813945770263672,0.8901854157447815,-0.1488209366798401,0.3868747172032634,"[101.0, 132.0]"
pseudopapilledema_0278_PPE,0,1,9,pseudopapilledema,"[114.0, 121.0]",35.918785545899944,0.8738700211048126,0.2603861689567566,0.8321079611778259,-0.1550413966178894,0.5823912258717161,"[99.0, 121.0]"
pseudopapilledema_0279_PPE,0,1,9,pseudopapilledema,"[112.0, 124.0]",35.918785545899944,0.8201711893081665,0.1783732175827026,0.8731416463851929,-0.1529940962791443,0.5677978957161018,"[97.0, 120.0]"
pseudopapilledema_0280_PPE,0,1,9,pseudopapilledema,"[105.0, 115.0]",45.254833995939045,0.8825801908969878,0.1944801807403564,0.9403343200683594,-0.1493299305438995,0.5749540466020174,"[96.0, 98.0]"
pseudopapilledema_0281_PPE,0,1,9,pseudopapilledema,"[110.0, 116.0]",35.918785545899944,0.8325380682945251,0.1501629948616027,0.937146544456482,-0.131862461566925,0.3023169410819939,"[98.0, 94.0]"
pseudopapilledema_0282_PPE,0,4,9,pseudopapilledema,"[156.0, 142.0]",114.03503592196344,0.5952556759119033,0.2561504393815994,0.4779238700866699,-0.022792637348175,0.4622092067580423,"[100.0, 117.0]"
pseudopapilledema_0282_PPE,1,4,9,pseudopapilledema,"[178.0, 202.0]",35.918785545899944,0.4314723610877991,0.0357590913772583,0.5626788139343262,-0.0091904997825622,-2.2118190396228075,"[100.0, 117.0]"
pseudopapilledema_0282_PPE,2,1,9,pseudopapilledema,"[103.0, 116.0]",45.254833995939045,0.5508873343467712,0.1738246381282806,0.5275456309318542,-0.0389037728309631,0.9301228757031316,"[100.0, 117.0]"
pseudopapilledema_0283_PPE,0,3,9,pseudopapilledema,"[116.0, 125.0]",35.918785545899944,0.5920570850372313,0.1606842279434204,0.58204185962677,-0.1197177767753601,0.443188301162288,"[132.0, 113.0]"
pseudopapilledema_0284_PPE,0,1,9,pseudopapilledema,"[141.0, 123.0]",45.254833995939045,0.7951132297515869,0.1499385237693786,0.9109199047088624,-0.0376538634300231,0.875,"[145.0, 119.0]"
pseudopapilledema_0285_PPE,0,1,9,pseudopapilledema,"[111.0, 124.0]",35.918785545899944,0.8507870852947235,0.1795418858528137,0.9231138229370116,-0.1253276169300079,0.6556309828168756,"[99.0, 127.0]"
pseudopapilledema_0286_PPE,0,1,9,pseudopapilledema,"[143.0, 134.0]",45.254833995939045,0.9416399776935576,0.2437580823898315,0.9574626684188844,-0.138290137052536,0.8317135997770467,"[140.0, 141.0]"
pseudopapilledema_0287_PPE,0,1,9,pseudopapilledema,"[121.0, 123.0]",45.254833995939045,0.7655440092086792,0.1109740138053894,0.8985841870307922,-0.1278053224086761,0.4898491338339217,"[98.0, 121.0]"
pseudopapilledema_0287_PPE,1,2,9,pseudopapilledema,"[117.0, 122.0]",35.918785545899944,0.7360377311706543,0.0738700032234191,0.9091875553131104,-0.1286821961402893,0.4702967458037494,"[98.0, 121.0]"
pseudopapilledema_0288_PPE,0,2,9,pseudopapilledema,"[108.0, 128.0]",35.918785545899944,0.7571811974048613,0.1372279524803161,0.8448886275291443,-0.1426560282707214,0.7755420283351189,"[101.0, 124.0]"
pseudopapilledema_0289_PPE,0,1,9,pseudopapilledema,"[132.0, 121.0]",35.918785545899944,0.8625399172306061,0.1663991808891296,0.954571545124054,-0.1397032737731933,0.609238769231708,"[146.0, 122.0]"
pseudopapilledema_0290_PPE,0,1,9,pseudopapilledema,"[98.0, 133.0]",45.254833995939045,0.8346907317638397,0.1245308518409729,0.9808741807937622,-0.1177397668361663,0.9203278201001128,"[95.0, 135.0]"
pseudopapilledema_0291_PPE,0,1,9,pseudopapilledema,"[84.0, 116.0]",45.254833995939045,0.580346941947937,0.122742474079132,0.6458437442779541,-0.0275692343711853,0.8711529491994481,"[79.0, 119.0]"
pseudopapilledema_0291_PPE,1,4,9,pseudopapilledema,"[136.0, 215.0]",35.918785545899944,0.4388420045375824,0.0151682496070861,0.6028741002082825,-0.0083094239234924,-2.1083112276415656,"[79.0, 119.0]"
pseudopapilledema_0292_PPE,0,4,9,pseudopapilledema,"[74.0, 112.0]",114.03503592196344,0.7359200537204743,0.2267184257507324,0.7221720814704895,-0.0184058547019958,0.3771990946110627,"[144.0, 124.0]"
pseudopapilledema_0292_PPE,1,1,9,pseudopapilledema,"[145.0, 125.0]",45.254833995939045,0.709596848487854,0.1590892672538757,0.7778947353363037,-0.0299063324928283,0.96875,"[144.0, 124.0]"
pseudopapilledema_0293_PPE,0,1,9,pseudopapilledema,"[136.0, 121.0]",35.918785545899944,0.8325248181819915,0.1789472699165344,0.8891965746879578,-0.1556997299194336,0.6924906883872062,"[147.0, 120.0]"
pseudopapilledema_0294_PPE,0,1,9,pseudopapilledema,"[111.0, 120.0]",35.918785545899944,0.8630170285701751,0.19674813747406,0.9060497879981996,-0.1601701974868774,0.6887327976829338,"[100.0, 118.0]"
pseudopapilledema_0295_PPE,0,1,9,pseudopapilledema,"[113.0, 120.0]",35.918785545899944,0.8375044047832488,0.1934902667999267,0.8740163445472717,-0.1610134840011596,0.6887327976829338,"[102.0, 118.0]"
pseudopapilledema_0296_WHC,0,4,0,pseudopapilledema,"[458.0, 229.0]",35.918785545899944,0.7629291892051697,0.0660047531127929,0.9640401601791382,-0.1104816198348999,0.2628814090634064,"[453.0, 255.0]"
pseudopapilledema_0296_WHC,1,4,0,pseudopapilledema,"[541.0, 121.0]",35.918785545899944,0.7141353547573089,0.0386176705360412,0.944397509098053,-0.072197139263153,-3.463185293777654,"[453.0, 255.0]"
pseudopapilledema_0297_WHC,0,4,9,pseudopapilledema,"[314.0, 296.0]",35.918785545899944,0.760990422964096,0.0649275183677673,0.9662163257598876,-0.0985573828220367,-1.3386091351183902,"[398.0, 296.0]"
pseudopapilledema_0297_WHC,1,4,9,pseudopapilledema,"[429.0, 155.0]",35.918785545899944,0.7496056079864502,0.046915054321289,0.976893424987793,-0.0943257808685302,-3.019278051738656,"[398.0, 296.0]"
pseudopapilledema_0297_WHC,2,4,9,pseudopapilledema,"[427.0, 149.0]",45.254833995939045,0.7361014544963836,0.0431301593780517,0.963099241256714,-0.094009131193161,-2.3108781406901704,"[398.0, 296.0]"
pseudopapilledema_0297_WHC,3,3,9,pseudopapilledema,"[472.0, 304.0]",57.01751796098172,0.7571236908435821,0.0616688728332519,0.964264452457428,-0.102348506450653,-0.3054089151100612,"[398.0, 296.0]"
pseudopapilledema_0298_WHC,0,1,9,pseudopapilledema,"[350.0, 234.0]",71.83757109179989,0.8930709898471831,0.1973060965538025,0.9492931962013244,-0.156298279762268,0.6285602683565882,"[324.0, 240.0]"
pseudopapilledema_0298_WHC,1,4,9,pseudopapilledema,"[343.0, 419.0]",57.01751796098172,0.7710427343845367,0.1040952205657959,0.9233995079994202,-0.1028392910957336,-2.1570219453082102,"[324.0, 240.0]"
pseudopapilledema_0299_WHC,0,1,9,pseudopapilledema,"[340.0, 190.0]",71.83757109179989,0.899444043636322,0.2086764574050903,0.941562831401825,-0.1583680212497711,0.5953526369878139,"[362.0, 209.0]"
pseudopapilledema_0300_WHC,0,4,9,pseudopapilledema,"[173.0, 437.0]",45.254833995939045,0.8665347218513488,0.16309654712677,0.9691835641860962,-0.1250483989715576,-2.001464486296648,"[242.0, 320.0]"
pseudopapilledema_0300_WHC,1,4,9,pseudopapilledema,"[273.0, 60.0]",45.254833995939045,0.7841220140457154,0.0812723040580749,0.97234308719635,-0.1110477447509765,-4.785935601201417,"[242.0, 320.0]"
pseudopapilledema_0300_WHC,2,4,9,pseudopapilledema,"[272.0, 67.0]",57.01751796098172,0.7915888249874115,0.0984528660774231,0.9582033157348632,-0.1119681894779205,-3.468318800973732,"[242.0, 320.0]"
pseudopapilledema_0301_WHC,0,4,9,pseudopapilledema,"[371.0, 241.0]",35.918785545899944,0.7631740391254425,0.0561704039573669,0.9785905480384828,-0.1099512577056884,-2.4364801347735305,"[291.0, 335.0]"
pseudopapilledema_0302_WHC,0,4,9,pseudopapilledema,"[514.0, 325.0]",45.254833995939045,0.8170733869075775,0.1045113205909729,0.9790297150611876,-0.1362063288688659,-1.1038701317453032,"[423.0, 297.0]"
pseudopapilledema_0302_WHC,1,4,9,pseudopapilledema,"[596.0, 10.0]",35.918785545899944,0.7289375364780426,0.0592731833457946,0.9430203437805176,-0.0477505624294281,-8.32962883957036,"[423.0, 297.0]"
pseudopapilledema_0303_WHC,0,4,9,pseudopapilledema,"[213.0, 440.0]",57.01751796098172,0.770469307899475,0.0604800581932067,0.983001708984375,-0.109440267086029,-1.878714185639484,"[159.0, 285.0]"
pseudopapilledema_0303_WHC,1,4,9,pseudopapilledema,"[169.0, 446.0]",35.918785545899944,0.7486201167106628,0.0386211276054382,0.9872145652770996,-0.0947439670562744,-3.490971997144165,"[159.0, 285.0]"
pseudopapilledema_0303_WHC,2,4,9,pseudopapilledema,"[182.0, 447.0]",45.254833995939045,0.7395936250686646,0.0339065790176391,0.9802238941192628,-0.0976516008377075,-2.615626350475115,"[159.0, 285.0]"
pseudopapilledema_0303_WHC,3,4,9,pseudopapilledema,"[212.0, 440.0]",57.01751796098172,0.7697449743747711,0.0598579049110412,0.98285573720932,-0.109440267086029,-1.872991887554992,"[159.0, 285.0]"
pseudopapilledema_0304_WHC,0,4,9,pseudopapilledema,"[444.0, 230.0]",71.83757109179989,0.8413036823272705,0.1426483392715454,0.964177131652832,-0.1186567544937133,-1.650600608649596,"[260.0, 279.0]"
pseudopapilledema_0305_WHC,0,4,9,pseudopapilledema,"[362.0, 142.0]",71.83757109179989,0.9026876509189604,0.2146521806716919,0.9499381184577942,-0.1153939366340637,-1.2850065748333486,"[235.0, 246.0]"
pseudopapilledema_0306_WHC,0,1,9,pseudopapilledema,"[436.0, 184.0]",143.67514218359975,0.9297676384449004,0.2681431770324707,0.923004686832428,-0.0776059031486511,0.7146340043456727,"[436.0, 225.0]"
pseudopapilledema_0306_WHC,1,3,9,pseudopapilledema,"[459.0, 81.0]",35.918785545899944,0.7862294971942901,0.0819308757781982,0.9741591811180116,-0.1119359731674194,-3.059859921605482,"[436.0, 225.0]"
pseudopapilledema_0306_WHC,2,3,9,pseudopapilledema,"[364.0, 256.0]",35.918785545899944,0.7892865657806396,0.075981855392456,0.985055923461914,-0.1188278198242187,-1.1824248564554294,"[436.0, 225.0]"
pseudopapilledema_0306_WHC,3,3,9,pseudopapilledema,"[352.0, 166.0]",45.254833995939045,0.7741588175296783,0.0756290555000305,0.9688889384269714,-0.1015375256538391,-1.2682635497776706,"[436.0, 225.0]"
pseudopapilledema_0306_WHC,4,3,9,pseudopapilledema,"[360.0, 248.0]",45.254833995939045,0.7825237810611725,0.0804032683372497,0.96917062997818,-0.1185053586959838,-0.7545977548287242,"[436.0, 225.0]"
pseudopapilledema_0306_WHC,5,3,9,pseudopapilledema,"[500.0, 190.0]",57.01751796098172,0.8173011660575866,0.1105671525001525,0.9743869304656982,-0.1233158111572265,-0.2793469008816809,"[436.0, 225.0]"
pseudopapilledema_0307_WHC,0,4,9,pseudopapilledema,"[232.0, 98.0]",71.83757109179989,0.8486344516277313,0.1467935442924499,0.9743211269378662,-0.0990805923938751,-2.102757937597096,"[261.0, 319.0]"
pseudopapilledema_0307_WHC,1,4,9,pseudopapilledema,"[151.0, 152.0]",57.01751796098172,0.8002911329269409,0.0908069610595703,0.9845530986785888,-0.1014850139617919,-2.5072115598921787,"[261.0, 319.0]"
pseudopapilledema_0307_WHC,2,4,9,pseudopapilledema,"[158.0, 144.0]",71.83757109179989,0.846104097366333,0.1434308886528015,0.9753466844558716,-0.0996526479721069,-1.826676402505172,"[261.0, 319.0]"
pseudopapilledema_0307_WHC,3,4,9,pseudopapilledema,"[192.0, 122.0]",90.50966799187808,0.8484195351600646,0.1596136689186096,0.9560046195983888,-0.098013162612915,-1.3062097726843929,"[261.0, 319.0]"
pseudopapilledema_0307_WHC,4,4,9,pseudopapilledema,"[188.0, 124.0]",90.50966799187808,0.8472748517990112,0.1589981913566589,0.9552468061447144,-0.0980194807052612,-1.300486106918492,"[261.0, 319.0]"
pseudopapilledema_0308_WHC,0,4,9,pseudopapilledema,"[368.0, 133.0]",35.918785545899944,0.7466065168380737,0.0421175360679626,0.980306088924408,-0.0913735926151275,-3.8241395659161928,"[248.0, 258.0]"
pseudopapilledema_0308_WHC,1,4,9,pseudopapilledema,"[248.0, 435.0]",57.01751796098172,0.7445109188556671,0.0779365301132202,0.9443694949150084,-0.0275787115097045,-2.104309102355609,"[248.0, 258.0]"
pseudopapilledema_0309_WHC,0,1,9,pseudopapilledema,"[260.0, 302.0]",71.83757109179989,0.861270636320114,0.155125081539154,0.9646723866462708,-0.1543744206428527,0.6077539206997604,"[285.0, 289.0]"
pseudopapilledema_0309_WHC,1,4,9,pseudopapilledema,"[170.0, 94.0]",35.918785545899944,0.7932267367839813,0.1281713843345642,0.934888243675232,-0.0531679093837738,-5.30268047799508,"[285.0, 289.0]"
pseudopapilledema_0309_WHC,2,4,9,pseudopapilledema,"[161.0, 109.0]",45.254833995939045,0.8277425259351731,0.1631173491477966,0.933429479598999,-0.0561227053403854,-3.829919771590414,"[285.0, 289.0]"
pseudopapilledema_0310_WHC,0,1,9,pseudopapilledema,"[359.0, 264.0]",57.01751796098172,0.7787264585494994,0.1018456816673278,0.9366872310638428,-0.1059985756874084,0.5076716998722006,"[387.0, 262.0]"
pseudopapilledema_0310_WHC,1,2,9,pseudopapilledema,"[357.0, 269.0]",45.254833995939045,0.7713436603546142,0.0833181738853454,0.9525145888328552,-0.1063263714313507,0.3192805965377512,"[387.0, 262.0]"
pseudopapilledema_0311_WHC,0,4,0,pseudopapilledema,"[157.0, 222.0]",45.254833995939045,0.7965535879135132,0.0895554423332214,0.9794261455535888,-0.1069992184638977,-0.5639056177563913,"[222.0, 250.0]"
pseudopapilledema_0312_WHC,0,4,9,pseudopapilledema,"[466.0, 225.0]",57.01751796098172,0.7835539400577545,0.0981269478797912,0.9535192847251892,-0.089817464351654,-2.4573924394636086,"[272.0, 260.0]"
pseudopapilledema_0313_WHC,0,2,9,pseudopapilledema,"[260.0, 277.0]",35.918785545899944,0.7757597386837005,0.0675917863845825,0.9775688052177428,-0.1193489432334899,0.1629284704427358,"[290.0, 275.0]"
pseudopapilledema_0314_WHC,0,2,9,pseudopapilledema,"[520.0, 170.0]",90.50966799187808,0.8133567810058594,0.1162853240966796,0.9574687480926514,-0.1342166662216186,0.4366326132087517,"[470.0, 160.0]"
pseudopapilledema_0314_WHC,1,4,9,pseudopapilledema,"[520.0, 102.0]",35.918785545899944,0.7757193744182587,0.0734232068061828,0.9786786437034608,-0.0861055850982666,-1.1319417600701054,"[470.0, 160.0]"
pseudopapilledema_0314_WHC,2,3,9,pseudopapilledema,"[399.0, 168.0]",35.918785545899944,0.803691017627716,0.1063169240951538,0.9684534072875975,-0.0972835421562194,-0.9891898243686804,"[470.0, 160.0]"
pseudopapilledema_0314_WHC,3,3,9,pseudopapilledema,"[491.0, 238.0]",35.918785545899944,0.7915488064289092,0.0847957730293273,0.9830791354179382,-0.0929881930351257,-1.2488920735862168,"[470.0, 160.0]"
pseudopapilledema_0315_WHC,0,4,9,pseudopapilledema,"[236.0, 83.0]",45.254833995939045,0.8284327387809753,0.1330413818359375,0.9592214822769164,-0.1196815967559814,-1.958370011509716,"[204.0, 213.0]"
pseudopapilledema_0315_WHC,1,4,9,pseudopapilledema,"[333.0, 122.0]",35.918785545899944,0.7152854323387146,0.049212634563446,0.9319777488708496,-0.0684418678283691,-3.395110532217134,"[204.0, 213.0]"
pseudopapilledema_0316_WHC,0,4,9,pseudopapilledema,"[311.0, 240.0]",35.918785545899944,0.7732313871383667,0.0777360796928405,0.960070252418518,-0.1172306537628173,-0.3576389240285111,"[264.0, 253.0]"
pseudopapilledema_0317_WHC,0,4,9,pseudopapilledema,"[228.0, 432.0]",35.918785545899944,0.7783825397491454,0.0671676397323608,0.9808237552642822,-0.1231913566589355,-4.670874982700142,"[195.0, 231.0]"
pseudopapilledema_0317_WHC,1,3,9,pseudopapilledema,"[260.0, 213.0]",45.254833995939045,0.7629558742046356,0.0734401941299438,0.9619951248168944,-0.080595463514328,-0.4903661987075525,"[195.0, 231.0]"
pseudopapilledema_0318_WHC,0,4,9,pseudopapilledema,"[411.0, 131.0]",45.254833995939045,0.8144417345523833,0.1052695512771606,0.9841219782829284,-0.1014339923858642,-4.080071742234552,"[253.0, 298.0]"
pseudopapilledema_0318_WHC,1,3,9,pseudopapilledema,"[346.0, 271.0]",35.918785545899944,0.7482773065567015,0.0429644584655761,0.980401873588562,-0.0951576828956604,-1.6960843157033727,"[253.0, 298.0]"
pseudopapilledema_0319_WHC,0,4,9,pseudopapilledema,"[599.0, 367.0]",35.918785545899944,0.7291509807109833,0.0325706005096435,0.9655738472938538,-0.1033934354782104,-4.665405123715499,"[472.0, 208.0]"
pseudopapilledema_0320_WHC,0,3,9,pseudopapilledema,"[226.0, 252.0]",45.254833995939045,0.7597440540790558,0.067736268043518,0.9517686367034912,-0.1288487017154693,-0.1050752943804325,"[276.0, 251.0]"
pseudopapilledema_0321_WHC,0,4,9,pseudopapilledema,"[329.0, 210.0]",35.918785545899944,0.7338845908641815,0.0189424157142639,0.99487966299057,-0.0926320552825927,-0.7993290570928964,"[265.0, 219.0]"
pseudopapilledema_0322_WHC,0,3,9,pseudopapilledema,"[300.0, 191.0]",35.918785545899944,0.7633578062057494,0.0483065247535705,0.9816393852233888,-0.1395185589790344,-0.5152032138504061,"[249.0, 210.0]"
pseudopapilledema_0322_WHC,1,4,9,pseudopapilledema,"[244.0, 468.0]",45.254833995939045,0.7199168026447296,0.0174515843391418,0.9773370623588562,-0.0916463732719421,-4.702118918108424,"[249.0, 210.0]"
pseudopapilledema_0323_WHC,0,2,9,pseudopapilledema,"[268.0, 262.0]",71.83757109179989,0.8011809051036834,0.1265133619308471,0.9297193884849548,-0.1193198561668396,0.6018699009797828,"[245.0, 245.0]"
pseudopapilledema_0323_WHC,1,2,9,pseudopapilledema,"[220.0, 252.0]",35.918785545899944,0.8010689675807953,0.1220241785049438,0.9457144141197203,-0.0852234959602356,0.2772163764190019,"[245.0, 245.0]"
pseudopapilledema_0323_WHC,2,4,9,pseudopapilledema,"[424.0, 368.0]",456.14014368785377,0.4965473122894763,0.0054318308830261,0.7010248303413391,-0.0019905008375644,0.5238600268825092,"[245.0, 245.0]"
pseudopapilledema_0324_WHC,0,1,9,pseudopapilledema,"[257.0, 235.0]",57.01751796098172,0.7639254927635192,0.080494999885559,0.9433572888374328,-0.115401953458786,0.8263780099409782,"[264.0, 228.0]"
pseudopapilledema_0324_WHC,1,4,9,pseudopapilledema,"[203.0, 341.0]",45.254833995939045,0.6841848224401473,0.0474324822425842,0.9028146862983704,-0.0239102989435195,-1.8375619486629715,"[264.0, 228.0]"
pseudopapilledema_0325_WHC,0,4,9,pseudopapilledema,"[304.0, 452.0]",45.254833995939045,0.7461498975753783,0.0540879368782043,0.9641720056533812,-0.0857077836990356,-3.491745902207737,"[386.0, 266.0]"
pseudopapilledema_0325_WHC,1,4,9,pseudopapilledema,"[299.0, 450.0]",45.254833995939045,0.7449970364570617,0.0532941222190856,0.9636528491973876,-0.0857295989990234,-3.497449363945079,"[386.0, 266.0]"
pseudopapilledema_0325_WHC,2,4,9,pseudopapilledema,"[302.0, 451.0]",45.254833995939045,0.7458533525466918,0.0539608597755432,0.9639223217964172,-0.085734337568283,-3.4896256281843803,"[386.0, 266.0]"
pseudopapilledema_0325_WHC,3,4,9,pseudopapilledema,"[298.0, 482.0]",114.03503592196344,0.7145335137844085,0.0572118759155273,0.9249799847602844,-0.0491782426834106,-1.0453194398379608,"[386.0, 266.0]"
pseudopapilledema_0326_WHC,0,4,9,pseudopapilledema,"[343.0, 197.0]",35.918785545899944,0.7488381564617157,0.0468908548355102,0.9728063941001892,-0.1049141287803649,-1.69723403188173,"[362.0, 292.0]"
pseudopapilledema_0326_WHC,1,3,9,pseudopapilledema,"[284.0, 264.0]",35.918785545899944,0.711195582151413,0.028458833694458,0.9569420218467712,-0.0643866658210754,-1.3072438603053622,"[362.0, 292.0]"
pseudopapilledema_0326_WHC,2,3,9,pseudopapilledema,"[275.0, 263.0]",45.254833995939045,0.7042785584926605,0.0261727571487426,0.9505731463432312,-0.06352299451828,-1.0264366046091844,"[362.0, 292.0]"
pseudopapilledema_0326_WHC,3,3,9,pseudopapilledema,"[324.0, 212.0]",90.50966799187808,0.7367405474185944,0.0639935135841369,0.9364214539527892,-0.0862600803375244,0.0214707305093014,"[362.0, 292.0]"
pseudopapilledema_0327_WHC,0,4,9,pseudopapilledema,"[150.0, 182.0]",35.918785545899944,0.7482695519924163,0.0600827932357788,0.9524361491203308,-0.10740727186203,-1.5322691720342865,"[173.0, 270.0]"
pseudopapilledema_0327_WHC,1,3,9,pseudopapilledema,"[231.0, 225.0]",35.918785545899944,0.742413169145584,0.0515291094779968,0.9599183201789856,-0.0947061777114868,-1.0437720121445309,"[173.0, 270.0]"
pseudopapilledema_0327_WHC,2,3,9,pseudopapilledema,"[206.0, 224.0]",90.50966799187808,0.7312985897064208,0.0727290511131286,0.915920078754425,-0.0871274173259735,0.3745119093359971,"[173.0, 270.0]"
pseudopapilledema_0328_WHC,0,3,9,pseudopapilledema,"[327.0, 276.0]",45.254833995939045,0.8030526399612427,0.0996931195259094,0.9677772521972656,-0.1295772194862365,-0.1252169929618021,"[344.0, 324.0]"
pseudopapilledema_0328_WHC,1,3,9,pseudopapilledema,"[454.0, 296.0]",57.01751796098172,0.7835375070571898,0.0981010794639587,0.9503008127212524,-0.1011292934417724,-0.9907514926724345,"[344.0, 324.0]"
pseudopapilledema_0328_WHC,2,2,9,pseudopapilledema,"[424.0, 302.0]",114.03503592196344,0.7981325566768646,0.1466440558433532,0.9051693677902222,-0.0893497169017791,0.2724176970703619,"[344.0, 324.0]"
pseudopapilledema_0329_WHC,0,3,9,pseudopapilledema,"[393.0, 185.0]",57.01751796098172,0.8015241742134094,0.0959879755973815,0.9741640090942384,-0.1181069612503051,-0.4708283785400693,"[321.0, 228.0]"
pseudopapilledema_0330_WHC,0,4,9,pseudopapilledema,"[551.0, 472.0]",35.918785545899944,0.72994185090065,0.0196691155433654,0.9936160445213318,-0.0737075209617614,-7.675592647695938,"[432.0, 184.0]"
pseudopapilledema_0330_WHC,1,4,9,pseudopapilledema,"[646.0, 352.0]",35.918785545899944,0.7272173881530761,0.0228375792503356,0.987814486026764,-0.0645483434200286,-6.57448127177484,"[432.0, 184.0]"
pseudopapilledema_0330_WHC,2,4,9,pseudopapilledema,"[653.0, 454.0]",35.918785545899944,0.7183486759662628,0.0123109817504882,0.9932860732078552,-0.0536872148513793,-8.713970676431375,"[432.0, 184.0]"
pseudopapilledema_0330_WHC,3,4,9,pseudopapilledema,"[656.0, 443.0]",45.254833995939045,0.717419797182083,0.0115872025489807,0.992836892604828,-0.0542338490486145,-6.566663368437239,"[432.0, 184.0]"
pseudopapilledema_0330_WHC,4,4,9,pseudopapilledema,"[646.0, 381.0]",57.01751796098172,0.7246561229228973,0.02105712890625,0.9874232411384584,-0.0620136260986328,-4.101403864932991,"[432.0, 184.0]"
pseudopapilledema_0330_WHC,5,4,9,pseudopapilledema,"[650.0, 400.0]",71.83757109179989,0.7273602426052094,0.0227721333503723,0.9879894852638244,-0.0649773478507995,-3.2719651696198246,"[432.0, 184.0]"
pseudopapilledema_0331_WHC,0,1,9,pseudopapilledema,"[398.0, 240.0]",114.03503592196344,0.8280502021312713,0.189626395702362,0.8864867091178894,-0.0894155502319336,0.868169494955388,"[397.0, 255.0]"
pseudopapilledema_0331_WHC,1,3,9,pseudopapilledema,"[461.0, 259.0]",35.918785545899944,0.7897620320320129,0.10028076171875,0.9539939165115356,-0.1084276437759399,-0.7852741175110616,"[397.0, 255.0]"
pseudopapilledema_0331_WHC,2,3,9,pseudopapilledema,"[459.0, 252.0]",45.254833995939045,0.785997188091278,0.1095161437988281,0.9355682134628296,-0.1079164743423461,-0.3716222717096713,"[397.0, 255.0]"
pseudopapilledema_0331_WHC,3,3,9,pseudopapilledema,"[338.0, 246.0]",57.01751796098172,0.7787514328956604,0.1095619201660156,0.9271905422210692,-0.1007806658744812,-0.0467395877587843,"[397.0, 255.0]"
pseudopapilledema_0331_WHC,4,2,9,pseudopapilledema,"[360.0, 236.0]",90.50966799187808,0.7795230865478515,0.1363986134529113,0.895054817199707,-0.0829305052757263,0.5404549634421019,"[397.0, 255.0]"
pseudopapilledema_0331_WHC,5,2,9,pseudopapilledema,"[430.0, 238.0]",90.50966799187808,0.8045459389686584,0.1621949672698974,0.8935266733169556,-0.0844115018844604,0.5898623516122911,"[397.0, 255.0]"
pseudopapilledema_0332_WHC,0,4,9,pseudopapilledema,"[321.0, 239.0]",35.918785545899944,0.7857336163520813,0.0878766179084777,0.963514804840088,-0.1169831752777099,-1.1393818484078475,"[394.0, 263.0]"
pseudopapilledema_0333_WHC,0,4,9,pseudopapilledema,"[362.0, 84.0]",35.918785545899944,0.756991559267044,0.0609752535820007,0.97431880235672,-0.0699657201766967,-5.020071854248175,"[393.0, 298.0]"
pseudopapilledema_0333_WHC,1,4,9,pseudopapilledema,"[364.0, 76.0]",45.254833995939045,0.752222329378128,0.0575591325759887,0.9719732403755188,-0.0714096426963806,-3.9472313121836136,"[393.0, 298.0]"
pseudopapilledema_0333_WHC,2,4,9,pseudopapilledema,"[214.0, 118.0]",45.254833995939045,0.7269779682159423,0.047419786453247,0.9492612481117249,-0.0753765404224395,-4.609396761796226,"[393.0, 298.0]"
pseudopapilledema_0334_WHC,0,4,9,pseudopapilledema,"[251.0, 456.0]",57.01751796098172,0.7780974268913268,0.0729530453681945,0.9793932437896729,-0.0978455543518066,-2.4753617991587262,"[166.0, 277.0]"
pseudopapilledema_0335_WHC,0,4,9,pseudopapilledema,"[151.0, 103.0]",35.918785545899944,0.7711870491504669,0.0880481600761413,0.9526915550231934,-0.081274002790451,-4.271216102077654,"[249.0, 265.0]"
pseudopapilledema_0335_WHC,1,4,9,pseudopapilledema,"[208.0, 28.0]",181.01933598375612,0.6531944639980792,0.0810936093330383,0.8134753108024597,-0.0133406855165958,-0.3286993243511678,"[249.0, 265.0]"
pseudopapilledema_0336_WHC,0,4,9,pseudopapilledema,"[216.0, 65.0]",35.918785545899944,0.7516493260860443,0.1044350266456604,0.9131913781166076,-0.0399016737937927,-3.1860983535080365,"[288.0, 197.0]"
pseudopapilledema_0336_WHC,1,4,9,pseudopapilledema,"[270.0, 59.0]",35.918785545899944,0.7455722093582153,0.1041145920753479,0.903379201889038,-0.0454608798027038,-2.8745453094196907,"[288.0, 197.0]"
pseudopapilledema_0336_WHC,2,4,9,pseudopapilledema,"[358.0, 88.0]",35.918785545899944,0.7054828226566314,0.0946073532104492,0.8629298806190491,-0.0341227650642395,-2.606511110366695,"[288.0, 197.0]"
pseudopapilledema_0336_WHC,3,4,9,pseudopapilledema,"[379.0, 342.0]",35.918785545899944,0.6131838858127593,0.0300615429878234,0.8282666802406311,-0.0166783332824707,-3.76602842703182,"[288.0, 197.0]"
pseudopapilledema_0336_WHC,4,1,9,pseudopapilledema,"[288.0, 184.0]",45.254833995939045,0.721907615661621,0.084204614162445,0.9018775224685668,-0.0319436788558959,0.7127378701429651,"[288.0, 197.0]"
pseudopapilledema_0336_WHC,5,4,9,pseudopapilledema,"[444.0, 217.0]",45.254833995939045,0.5415970623493194,0.0508273839950561,0.6936127543449402,-0.0262037515640258,-2.475359693614461,"[288.0, 197.0]"
pseudopapilledema_0336_WHC,6,4,9,pseudopapilledema,"[61.0, 315.0]",45.254833995939045,0.5985068082809448,0.0302678942680358,0.8079103231430054,-0.0135084390640258,-4.653270969646687,"[288.0, 197.0]"
pseudopapilledema_0336_WHC,7,4,9,pseudopapilledema,"[143.0, 442.0]",45.254833995939045,0.7095972180366517,0.0374349951744079,0.9564077854156494,-0.0133838653564453,-5.290881918499186,"[288.0, 197.0]"
pseudopapilledema_0336_WHC,8,4,9,pseudopapilledema,"[114.0, 163.0]",57.01751796098172,0.6324321925640106,0.0656541585922241,0.8033403754234314,-0.0221988558769226,-2.1094079159805976,"[288.0, 197.0]"
pseudopapilledema_0336_WHC,9,1,9,pseudopapilledema,"[301.0, 187.0]",57.01751796098172,0.7354260563850402,0.1042675375938415,0.8921225070953369,-0.0333638191223144,0.7123477125384443,"[288.0, 197.0]"
pseudopapilledema_0336_WHC,10,4,9,pseudopapilledema,"[56.0, 330.0]",57.01751796098172,0.6103485941886901,0.0336188077926635,0.8201148509979248,-0.0132469534873962,-3.690122548693238,"[288.0, 197.0]"
pseudopapilledema_0336_WHC,11,4,9,pseudopapilledema,"[424.0, 349.0]",57.01751796098172,0.6290408313274383,0.0639981031417846,0.8003706336021423,-0.0239164233207702,-2.5771599297480123,"[288.0, 197.0]"
pseudopapilledema_0336_WHC,12,3,9,pseudopapilledema,"[334.0, 124.0]",90.50966799187808,0.7213139116764069,0.1226087808609008,0.8473846316337585,-0.027679443359375,0.0466829087011499,"[288.0, 197.0]"
pseudopapilledema_0336_WHC,13,3,9,pseudopapilledema,"[318.0, 132.0]",114.03503592196344,0.7137320935726165,0.1243535280227661,0.8342145085334778,-0.02714204788208,0.3722183297651462,"[288.0, 197.0]"
pseudopapilledema_0337_WHC,0,3,9,pseudopapilledema,"[506.0, 226.0]",57.01751796098172,0.785858553647995,0.10687255859375,0.9442651271820068,-0.090002030134201,-0.4981795513348239,"[430.0, 187.0]"
pseudopapilledema_0338_WHC,0,2,9,pseudopapilledema,"[385.0, 223.0]",57.01751796098172,0.7838127136230468,0.0826380252838134,0.975128173828125,-0.0929248332977294,0.1839427221583283,"[431.0, 230.0]"
pseudopapilledema_0338_WHC,1,4,9,pseudopapilledema,"[354.0, 337.0]",35.918785545899944,0.7230132281780242,0.0177884697914123,0.993326723575592,-0.0494802594184875,-2.670102995371179,"[431.0, 230.0]"
pseudopapilledema_0338_WHC,2,4,9,pseudopapilledema,"[366.0, 376.0]",71.83757109179989,0.7451026856899261,0.0356906056404113,0.9918485283851624,-0.0755905508995056,-1.2246787609438137,"[431.0, 230.0]"
pseudopapilledema_0339_WHC,0,4,9,pseudopapilledema,"[421.0, 176.0]",45.254833995939045,0.8324459791183471,0.1241897344589233,0.9716434478759766,-0.1405291557312011,-0.4226474550112546,"[357.0, 169.0]"
pseudopapilledema_0340_WHC,0,2,9,pseudopapilledema,"[272.0, 243.0]",45.254833995939045,0.7992724537849426,0.0974892973899841,0.9653064012527466,-0.1303433775901794,0.2266019580772137,"[307.0, 243.0]"
pseudopapilledema_0341_WHC,0,4,9,pseudopapilledema,"[380.0, 352.0]",71.83757109179989,0.8796844780445099,0.1855475306510925,0.961456298828125,-0.1055876910686492,-1.7663582569920044,"[237.0, 214.0]"
pseudopapilledema_0342_WHC,0,1,9,pseudopapilledema,"[416.0, 274.0]",114.03503592196344,0.9083851099014282,0.2442792654037475,0.9125080704689026,-0.1267509758472442,0.6307537749041505,"[458.0, 271.0]"
pseudopapilledema_0342_WHC,1,3,9,pseudopapilledema,"[498.0, 292.0]",45.254833995939045,0.8191704928874969,0.123916745185852,0.9618842005729676,-0.1096740365028381,0.0017104471897945,"[458.0, 271.0]"
pseudopapilledema_0342_WHC,2,2,9,pseudopapilledema,"[400.0, 272.0]",90.50966799187808,0.9017633318901062,0.2171657085418701,0.9419092535972596,-0.1263057291507721,0.3590892405626974,"[458.0, 271.0]"
pseudopapilledema_0343_WHC,0,1,9,pseudopapilledema,"[354.0, 196.0]",71.83757109179989,0.8834079265594481,0.2237364053726196,0.9002200961112976,-0.1475872695446014,0.8754931190731735,"[346.0, 200.0]"
pseudopapilledema_0343_WHC,1,4,9,pseudopapilledema,"[216.0, 212.0]",45.254833995939045,0.6796242266893386,0.1081330180168151,0.8024653792381287,-0.0488272160291671,-1.884833725711068,"[346.0, 200.0]"
pseudopapilledema_0344_WHC,0,1,9,pseudopapilledema,"[290.0, 241.0]",57.01751796098172,0.9397888898849488,0.2671868205070495,0.9180773496627808,-0.1497396230697631,0.9055524512515664,"[285.0, 243.0]"
pseudopapilledema_0344_WHC,1,4,9,pseudopapilledema,"[224.0, 428.0]",35.918785545899944,0.7610455632209777,0.1376838088035583,0.8659603595733643,-0.0859475135803222,-4.423271628386895,"[285.0, 243.0]"
pseudopapilledema_0345_WHC,0,1,9,pseudopapilledema,"[289.0, 243.0]",57.01751796098172,0.938359123468399,0.2660276293754577,0.9177713990211488,-0.149457573890686,0.8511811513779813,"[283.0, 249.0]"
pseudopapilledema_0345_WHC,1,4,9,pseudopapilledema,"[224.0, 428.0]",35.918785545899944,0.7602324187755585,0.1367049217224121,0.8660222887992859,-0.0865594744682312,-4.247193267968434,"[283.0, 249.0]"
pseudopapilledema_0346_WHC,0,4,9,pseudopapilledema,"[479.0, 318.0]",57.01751796098172,0.7218734085559845,0.0676725506782531,0.903679609298706,-0.1081256568431854,-0.676094190527486,"[386.0, 296.0]"
pseudopapilledema_0346_WHC,1,4,9,pseudopapilledema,"[603.0, 259.0]",35.918785545899944,0.6152655296027659,0.0214458107948303,0.8464328646659851,-0.0065835677087306,-5.128597483708794,"[386.0, 296.0]"
pseudopapilledema_0346_WHC,2,3,9,pseudopapilledema,"[309.0, 268.0]",35.918785545899944,0.6984327614307404,0.0572741031646728,0.892956554889679,-0.0804453492164611,-1.281059844585693,"[386.0, 296.0]"
pseudopapilledema_0347_WHC,0,3,9,pseudopapilledema,"[286.0, 238.0]",57.01751796098172,0.7736959397792816,0.078945517539978,0.9626194834709167,-0.1045839190483093,-1.0556702369091218,"[403.0, 245.0]"
pseudopapilledema_0347_WHC,1,4,9,pseudopapilledema,"[352.0, 24.0]",287.35028436719955,0.7345558702945709,0.1052364706993103,0.8925408124923706,-0.0227041542530059,0.2106905702577499,"[403.0, 245.0]"
pseudopapilledema_0348_WHC,0,4,9,pseudopapilledema,"[267.0, 107.0]",57.01751796098172,0.7509243607521057,0.0592520236968994,0.9606522917747498,-0.0960786640644073,-1.828102000051783,"[276.0, 268.0]"
pseudopapilledema_0348_WHC,1,4,9,pseudopapilledema,"[261.0, 108.0]",45.254833995939045,0.7354625165462493,0.0377559661865234,0.9692051410675048,-0.0963147580623626,-2.551036930426097,"[276.0, 268.0]"
pseudopapilledema_0348_WHC,2,4,9,pseudopapilledema,"[396.0, 154.0]",45.254833995939045,0.719729870557785,0.0329500436782836,0.9615426063537598,-0.0685000121593475,-2.657451725587092,"[276.0, 268.0]"
pseudopapilledema_0349_WHC,0,4,9,pseudopapilledema,"[255.0, 84.0]",57.01751796098172,0.7812974601984023,0.0947785377502441,0.9647559523582458,-0.0559487789869308,-1.7724653716974483,"[250.0, 242.0]"
pseudopapilledema_0349_WHC,1,4,9,pseudopapilledema,"[297.0, 249.0]",35.918785545899944,0.7483940660953521,0.0376338362693786,0.9812959432601928,-0.1192653477191925,-0.3229405382134647,"[250.0, 242.0]"
pseudopapilledema_0349_WHC,2,4,9,pseudopapilledema,"[375.0, 130.0]",45.254833995939045,0.760680103302002,0.0671839714050293,0.9700873494148254,-0.0721749365329742,-2.708691754682505,"[250.0, 242.0]"
pseudopapilledema_0350_WHC,0,4,9,pseudopapilledema,"[269.0, 107.0]",57.01751796098172,0.7530946671962738,0.0619073510169982,0.9614509344100952,-0.0908583104610443,-1.8438832457144485,"[276.0, 269.0]"
pseudopapilledema_0350_WHC,1,4,9,pseudopapilledema,"[397.0, 155.0]",45.254833995939045,0.7187608659267425,0.032817542552948,0.961929202079773,-0.0629644095897674,-2.673503628179779,"[276.0, 269.0]"
pseudopapilledema_0351_WHC,0,4,9,pseudopapilledema,"[463.0, 160.0]",45.254833995939045,0.7213077247142791,0.0453354716300964,0.9417073130607604,-0.0838856697082519,-3.0664043737987985,"[314.0, 268.0]"
pseudopapilledema_0352_WHC,0,1,9,pseudopapilledema,"[236.0, 266.0]",114.03503592196344,0.8760827720165253,0.2047366499900818,0.9357243776321412,-0.0816952884197235,0.7996464934406069,"[215.0, 257.0]"
pseudopapilledema_0352_WHC,1,4,9,pseudopapilledema,"[159.0, 273.0]",35.918785545899944,0.7566307663917541,0.062313973903656,0.9665801525115968,-0.0885534286499023,-0.6214601420702048,"[215.0, 257.0]"
pseudopapilledema_0352_WHC,2,4,9,pseudopapilledema,"[252.0, 323.0]",35.918785545899944,0.7496151149272918,0.0530800819396972,0.9693860411643982,-0.0898240208625793,-1.1065224951834334,"[215.0, 257.0]"
pseudopapilledema_0352_WHC,3,3,9,pseudopapilledema,"[155.0, 253.0]",45.254833995939045,0.7796010136604309,0.0844985842704773,0.9654894471168518,-0.0962990820407867,-0.328768226591831,"[215.0, 257.0]"
pseudopapilledema_0352_WHC,4,3,9,pseudopapilledema,"[258.0, 316.0]",45.254833995939045,0.7582829713821411,0.0627219676971435,0.9677594900131226,-0.0906468033790588,-0.6132386873925382,"[215.0, 257.0]"
pseudopapilledema_0352_WHC,5,3,9,pseudopapilledema,"[265.0, 302.0]",57.01751796098172,0.7642733812332153,0.0733365416526794,0.9611460566520692,-0.0906729996204376,-0.1797798753955151,"[215.0, 257.0]"
pseudopapilledema_0353_WHC,0,2,9,pseudopapilledema,"[422.0, 212.0]",114.03503592196344,0.9196243166923522,0.2362900972366333,0.9461539387702942,-0.1051323115825653,0.5723705353649631,"[375.0, 199.0]"
pseudopapilledema_0353_WHC,1,3,9,pseudopapilledema,"[439.0, 150.0]",45.254833995939045,0.7771082222461699,0.0752673745155334,0.9750662446022034,-0.0964723825454711,-0.7811129333228701,"[375.0, 199.0]"
pseudopapilledema_0353_WHC,2,3,9,pseudopapilledema,"[446.0, 260.0]",71.83757109179989,0.7936502516269683,0.101402461528778,0.961231529712677,-0.096928596496582,-0.3030167079434758,"[375.0, 199.0]"
pseudopapilledema_0354_WHC,0,1,9,pseudopapilledema,"[340.0, 220.0]",71.83757109179989,0.9290306270122528,0.2097826600074768,0.984022319316864,-0.1521617174148559,0.901568667976963,"[345.0, 215.0]"
pseudopapilledema_0354_WHC,1,4,9,pseudopapilledema,"[448.0, 136.0]",362.0386719675124,0.7273819670081138,0.2479820847511291,0.6805307865142822,-0.0151416584849357,0.6414539111194176,"[345.0, 215.0]"
pseudopapilledema_0355_WHC,0,3,9,pseudopapilledema,"[404.0, 124.0]",71.83757109179989,0.922115969657898,0.2444766759872436,0.933525562286377,-0.1208570003509521,-0.2613044809770466,"[387.0, 213.0]"
pseudopapilledema_0355_WHC,1,3,9,pseudopapilledema,"[479.0, 210.0]",45.254833995939045,0.8339625358581543,0.1563565135002136,0.9364466667175292,-0.1104667782783508,-1.03401254451638,"[387.0, 213.0]"
pseudopapilledema_0356_WHC,0,1,9,pseudopapilledema,"[352.0, 280.0]",114.03503592196344,1.015345174074173,0.3971068263053894,0.8442355990409851,-0.1363671422004699,0.8117165450074757,"[362.0, 261.0]"
pseudopapilledema_0356_WHC,1,4,9,pseudopapilledema,"[393.0, 218.0]",35.918785545899944,0.806830072402954,0.1685600876808166,0.8908666372299194,-0.0733166933059692,-0.4758136255763581,"[362.0, 261.0]"
pseudopapilledema_0356_WHC,2,3,9,pseudopapilledema,"[411.0, 325.0]",57.01751796098172,0.8637040317058562,0.2233440279960632,0.8876792788505554,-0.0949225425720214,-0.4136702720154448,"[362.0, 261.0]"
pseudopapilledema_0357_WHC,0,1,9,pseudopapilledema,"[286.0, 228.0]",71.83757109179989,0.8304646313190459,0.1623435616493225,0.9152249693870544,-0.137317955493927,0.9164782451743432,"[286.0, 234.0]"
pseudopapilledema_0357_WHC,1,4,9,pseudopapilledema,"[260.0, 398.0]",35.918785545899944,0.5909683994948863,0.0279322862625122,0.8020018935203552,-0.0081739388406276,-3.622878620584559,"[286.0, 234.0]"
pseudopapilledema_0357_WHC,2,4,9,pseudopapilledema,"[262.0, 393.0]",45.254833995939045,0.5967700660228729,0.034650444984436,0.8006935715675354,-0.0081706047058105,-2.5532363109213545,"[286.0, 234.0]"
pseudopapilledema_0358_WHC,0,1,9,pseudopapilledema,"[224.0, 252.0]",90.50966799187808,0.8222908318042755,0.1381905674934387,0.9415334463119508,-0.1251342594623565,0.6436951796565195,"[256.0, 256.0]"
pseudopapilledema_0358_WHC,1,3,9,pseudopapilledema,"[264.0, 232.0]",35.918785545899944,0.7606993615627289,0.0641034245491027,0.9706080555915833,-0.0858514904975891,0.29568272153804,"[256.0, 256.0]"
pseudopapilledema_0358_WHC,2,3,9,pseudopapilledema,"[254.0, 291.0]",35.918785545899944,0.7574930429458617,0.060861587524414,0.9717837572097778,-0.0819141268730163,0.0239899330360876,"[256.0, 256.0]"
pseudopapilledema_0358_WHC,3,3,9,pseudopapilledema,"[205.0, 300.0]",35.918785545899944,0.7483174443244933,0.0560380220413208,0.9668878316879272,-0.0772897005081176,-0.8752654203778985,"[256.0, 256.0]"
pseudopapilledema_0359_WHC,0,1,9,pseudopapilledema,"[250.0, 206.0]",71.83757109179989,0.7766725540161132,0.0739906430244445,0.9654995799064636,-0.1341610252857208,0.6947041517949544,"[234.0, 191.0]"
pseudopapilledema_0360_WHC,0,1,9,pseudopapilledema,"[394.0, 256.0]",114.03503592196344,1.085270923376083,0.4413486123085022,0.887801468372345,-0.1123064160346984,0.9210768872282472,"[403.0, 256.0]"
pseudopapilledema_0360_WHC,1,3,9,pseudopapilledema,"[418.0, 190.0]",45.254833995939045,0.7911502659320832,0.1176872253417968,0.9396358132362366,-0.0785898566246032,-0.4955990125197327,"[403.0, 256.0]"
pseudopapilledema_0360_WHC,2,3,9,pseudopapilledema,"[355.0, 275.0]",57.01751796098172,0.8715232014656067,0.1977887749671936,0.9352681636810304,-0.0952335596084594,0.0946003992687236,"[403.0, 256.0]"
pseudopapilledema_0361_WHC,0,1,9,pseudopapilledema,"[361.0, 263.0]",57.01751796098172,1.0973222374916078,0.4009039998054504,0.9503387212753296,-0.1559056639671325,0.1012496907293734,"[366.0, 212.0]"
pseudopapilledema_0362_WHC,0,1,9,pseudopapilledema,"[234.0, 252.0]",57.01751796098172,1.0848676443099976,0.3881450891494751,0.9488568305969238,-0.1626138687133789,0.9105710017562996,"[229.0, 253.0]"
pseudopapilledema_0363_WHC,0,1,9,pseudopapilledema,"[252.0, 280.0]",57.01751796098172,1.0748843193054198,0.4116031527519226,0.9017999172210692,-0.1601061224937439,0.8596922439613284,"[252.0, 288.0]"
pseudopapilledema_0363_WHC,1,4,9,pseudopapilledema,"[110.0, 220.0]",45.254833995939045,0.5118921741843223,0.0875150561332702,0.600457489490509,-0.0202843770384788,-2.479010725048142,"[252.0, 288.0]"
pseudopapilledema_0364_WHC,0,1,9,pseudopapilledema,"[114.0, 287.0]",57.01751796098172,1.0208701133728026,0.3218697309494018,0.9538125991821288,-0.1566578149795532,0.5894349551052224,"[106.0, 265.0]"
