image,class_x,candidate_num,rating,class_index,centre,radius,blob_score,blob_contrast,blob_brightness,blob_response,final_score,vessel_centre
normal_0004_EDD,normal,1,4,1,"[225.0, 272.0]",35.918785545899944,0.7390765726566314,0.03220987319946289,0.9804289937019348,-0.10283201932907104,-7.120340301270794,"[512.0, 220.0]"
normal_0005_EDD,normal,1,4,2,"[247.0, 149.0]",35.918785545899944,0.49926390945911403,0.03132838010787964,0.6654320359230042,-0.010665521025657654,-2.8678378685465096,"[117.0, 198.0]"
normal_0006_EDD,normal,1,4,3,"[224.0, 289.0]",35.918785545899944,0.6252746194601059,0.035278260707855225,0.8396366238594055,-0.011253610253334045,-3.5098310365625167,"[360.0, 201.0]"
normal_0006_EDD,normal,2,4,4,"[262.0, 201.0]",45.254833995939045,0.7288967072963713,0.0716826319694519,0.916622519493103,-0.07789155840873718,-1.1655145173838015,"[360.0, 201.0]"
normal_0008_EDD,normal,1,4,5,"[229.0, 272.0]",45.254833995939045,0.7199611961841583,0.05040907859802246,0.9394323825836182,-0.05974724888801575,-2.323757404091038,"[101.0, 193.0]"
normal_0008_EDD,normal,2,4,6,"[219.0, 264.0]",57.01751796098172,0.7234248518943787,0.05765378475189209,0.9340846538543701,-0.05955904722213745,-1.4152835054973978,"[101.0, 193.0]"
normal_0009_EDD,normal,1,4,7,"[203.0, 213.0]",35.918785545899944,0.7323434710502624,0.028471171855926514,0.9868613481521606,-0.06534677743911743,-1.859324307624469,"[101.0, 201.0]"
normal_0009_EDD,normal,2,4,8,"[223.0, 274.0]",57.01751796098172,0.7687788903713226,0.06450945138931274,0.9774062037467957,-0.10042548179626465,-1.4934868371053502,"[101.0, 201.0]"
normal_0009_EDD,normal,3,3,9,"[178.0, 236.0]",90.50966799187809,0.7977239489555359,0.09698271751403809,0.9700055718421936,-0.1086866557598114,0.06549959035589514,"[101.0, 201.0]"
normal_0010_EDD,normal,1,1,10,"[297.0, 196.0]",45.254833995939045,0.7964749991893768,0.089638352394104,0.9719565510749817,-0.13233530521392822,0.6782615580941562,"[283.0, 200.0]"
normal_0010_EDD,normal,2,4,11,"[227.0, 286.0]",57.01751796098172,0.7519944667816162,0.0688663125038147,0.9507735371589661,-0.08793339133262634,-0.7998947789268693,"[283.0, 200.0]"
normal_0010_EDD,normal,3,3,12,"[270.0, 230.0]",90.50966799187809,0.797446471452713,0.12567251920700073,0.9331653714179993,-0.09279096126556396,0.6387616243219721,"[283.0, 200.0]"
normal_0011_EDD,normal,1,4,13,"[255.0, 193.0]",35.918785545899944,0.648344075679779,0.03991669416427612,0.8588418960571289,-0.03619027137756348,-2.6986088737087517,"[123.0, 178.0]"
normal_0013_EDD,normal,1,4,14,"[375.0, 272.0]",35.918785545899944,0.536263033747673,0.02506089210510254,0.7272347807884216,-0.01068897545337677,-2.9963605681820407,"[498.0, 198.0]"
normal_0013_EDD,normal,2,4,15,"[420.0, 281.0]",35.918785545899944,0.5509942978620529,0.03294175863265991,0.736629843711853,-0.012058243155479431,-2.1710169596195854,"[498.0, 198.0]"
normal_0013_EDD,normal,3,4,16,"[400.0, 285.0]",45.254833995939045,0.5589782923460006,0.04411041736602783,0.7317403554916382,-0.013248130679130554,-1.8957302889340362,"[498.0, 198.0]"
normal_0017_EDD,normal,1,4,17,"[220.0, 223.0]",35.918785545899944,0.6781491756439209,0.03078526258468628,0.9150182008743286,-0.03425586223602295,-1.7740177776701818,"[122.0, 205.0]"
normal_0018_EDD,normal,1,4,18,"[400.0, 257.0]",45.254833995939045,0.6866068482398987,0.04361140727996826,0.905434787273407,-0.04595544934272766,-1.516837828754566,"[483.0, 179.0]"
normal_0022_EDD,normal,1,4,19,"[406.0, 174.0]",35.918785545899944,0.7153635323047638,0.04545074701309204,0.9375684261322021,-0.06807443499565125,-2.5597865076151503,"[513.0, 244.0]"
normal_0022_EDD,normal,2,4,20,"[386.0, 254.0]",35.918785545899944,0.6744564116001128,0.02537935972213745,0.9186195731163025,-0.030216753482818604,-2.546698210929442,"[513.0, 244.0]"
normal_0023_EDD,normal,1,4,21,"[243.0, 172.0]",35.918785545899944,0.7304203450679778,0.03943932056427002,0.9659153819084167,-0.07420128583908081,-1.8903300979733455,"[140.0, 185.0]"
normal_0023_EDD,normal,2,1,22,"[145.0, 183.0]",35.918785545899944,0.8106234729290008,0.09529131650924683,0.9888564944267273,-0.11566305160522461,0.8500738617609189,"[140.0, 185.0]"
normal_0025_EDD,normal,1,4,23,"[370.0, 273.0]",35.918785545899944,0.7170088708400726,0.02576833963394165,0.9691586494445801,-0.06414738297462463,-2.4787365129810848,"[493.0, 251.0]"
normal_0025_EDD,normal,2,4,24,"[388.0, 190.0]",45.254833995939045,0.738372141122818,0.03981882333755493,0.9753664135932922,-0.07898414134979248,-1.6833179670885072,"[493.0, 251.0]"
normal_0025_EDD,normal,3,1,25,"[480.0, 195.0]",45.254833995939045,0.7870105624198913,0.07603633403778076,0.9809895753860474,-0.12140762805938721,-0.2703422890111151,"[493.0, 251.0]"
normal_0026_EDD,normal,1,1,26,"[142.0, 182.0]",35.918785545899944,0.7764720261096953,0.06620079278945923,0.9861395955085754,-0.09986758232116699,0.860797075290572,"[138.0, 185.0]"
normal_0026_EDD,normal,2,4,27,"[160.0, 260.0]",35.918785545899944,0.7302148640155791,0.02681267261505127,0.98487788438797,-0.06993836164474487,-1.1760226836956171,"[138.0, 185.0]"
normal_0026_EDD,normal,3,4,28,"[251.0, 170.0]",45.254833995939045,0.7559288084506988,0.04628312587738037,0.9871934056282043,-0.0930514931678772,-1.5188740664233293,"[138.0, 185.0]"
normal_0027_EDD,normal,1,4,29,"[382.0, 179.0]",35.918785545899944,0.6655769854784012,0.025406837463378906,0.9062897562980652,-0.02883659303188324,-2.5111161177552144,"[506.0, 202.0]"
normal_0027_EDD,normal,2,4,30,"[382.0, 306.0]",45.254833995939045,0.6745702654123306,0.04618430137634277,0.8901343941688538,-0.02645944058895111,-2.5761798752299914,"[506.0, 202.0]"
normal_0028_EDD,normal,1,4,31,"[271.0, 153.0]",35.918785545899944,0.7349193990230559,0.02256321907043457,0.996670663356781,-0.07343357801437378,-2.9885949828639875,"[129.0, 172.0]"
normal_0028_EDD,normal,2,4,32,"[113.0, 270.0]",35.918785545899944,0.7263362646102905,0.02798604965209961,0.9892144799232483,-0.02950039505958557,-1.7645013936108955,"[129.0, 172.0]"
normal_0028_EDD,normal,3,4,33,"[96.0, 219.0]",45.254833995939045,0.7329825937747955,0.03460425138473511,0.9884263873100281,-0.03239935636520386,-0.26899628151543453,"[129.0, 172.0]"
normal_0028_EDD,normal,4,2,34,"[134.0, 163.0]",57.01751796098172,0.7433448255062103,0.041226983070373535,0.9922923445701599,-0.03756600618362427,0.8194304047392502,"[129.0, 172.0]"
normal_0028_EDD,normal,5,4,35,"[243.0, 297.0]",57.01751796098172,0.7382301330566406,0.031659483909606934,0.9945752024650574,-0.05184003710746765,-1.9671130507149432,"[129.0, 172.0]"
normal_0028_EDD,normal,6,2,36,"[128.0, 180.0]",71.83757109179989,0.7517071545124054,0.05215322971343994,0.9885182976722717,-0.03795558214187622,0.8877710141675594,"[129.0, 172.0]"
normal_0028_EDD,normal,7,4,37,"[238.0, 290.0]",71.83757109179989,0.7546851098537444,0.04918217658996582,0.9930245280265808,-0.051928818225860596,-1.2361467010481046,"[129.0, 172.0]"
normal_0029_EDD,normal,1,4,38,"[244.0, 162.0]",45.254833995939045,0.6970876276493072,0.042619168758392334,0.9243502616882324,-0.03711637854576111,-2.557905480229906,"[90.0, 209.0]"
normal_0029_EDD,normal,2,4,39,"[229.0, 180.0]",57.01751796098172,0.7013458758592606,0.04717963933944702,0.9233533143997192,-0.039094582200050354,-1.4903391562749988,"[90.0, 209.0]"
normal_0030_EDD,normal,1,3,40,"[408.0, 210.0]",90.50966799187809,0.7654780685901642,0.11755597591400146,0.9035854339599609,-0.07706144452095032,0.00042733740237776985,"[496.0, 189.0]"
normal_0032_EDD,normal,1,4,41,"[381.0, 248.0]",35.918785545899944,0.7296866357326507,0.0227205753326416,0.9942139387130737,-0.05508151650428772,-1.9508393451233332,"[286.0, 201.0]"
normal_0032_EDD,normal,2,4,42,"[223.0, 177.0]",45.254833995939045,0.7249405682086945,0.02049422264099121,0.9938288331031799,-0.043830811977386475,-0.4897108045691283,"[286.0, 201.0]"
normal_0032_EDD,normal,3,4,43,"[220.0, 297.0]",45.254833995939045,0.7271218478679656,0.023223042488098145,0.9928085207939148,-0.044664204120635986,-1.5742869158273711,"[286.0, 201.0]"
normal_0032_EDD,normal,4,4,44,"[228.0, 293.0]",57.01751796098172,0.7372133314609527,0.0335041880607605,0.9922600388526917,-0.04563558101654053,-0.9074244703005945,"[286.0, 201.0]"
normal_0032_EDD,normal,5,4,45,"[234.0, 288.0]",71.83757109179989,0.7502440989017486,0.047899067401885986,0.9901655912399292,-0.04614558815956116,-0.41090250366989434,"[286.0, 201.0]"
normal_0033_EDD,normal,1,4,46,"[187.0, 122.0]",35.918785545899944,0.7227513015270233,0.01784735918045044,0.995081901550293,-0.04173305630683899,-2.108809913867723,"[100.0, 192.0]"
normal_0033_EDD,normal,2,4,47,"[377.0, 165.0]",35.918785545899944,0.7245980992913246,0.030997931957244873,0.985412061214447,-0.019058622419834137,-6.748390416377187,"[100.0, 192.0]"
normal_0033_EDD,normal,3,1,48,"[114.0, 201.0]",45.254833995939045,0.716782784461975,0.016354084014892578,0.993147611618042,-0.026126861572265625,0.6322311782518806,"[100.0, 192.0]"
normal_0033_EDD,normal,4,4,49,"[250.0, 155.0]",57.01751796098172,0.7327374219894409,0.025105297565460205,0.9948745965957642,-0.056099534034729004,-1.7096225890667576,"[100.0, 192.0]"
normal_0033_EDD,normal,5,4,50,"[235.0, 316.0]",57.01751796098172,0.7467544078826903,0.040520429611206055,0.99354487657547,-0.05376282334327698,-2.2149024029247686,"[100.0, 192.0]"
normal_0033_EDD,normal,6,4,51,"[238.0, 156.0]",71.83757109179989,0.7419003725051879,0.03576630353927612,0.9928219318389893,-0.055793583393096924,-0.9852894484114336,"[100.0, 192.0]"
normal_0035_EDD,normal,1,4,52,"[238.0, 190.0]",45.254833995939045,0.7007285296916961,0.05322831869125366,0.9139955639839172,-0.0385165810585022,-1.8370456684727512,"[116.0, 230.0]"
normal_0035_EDD,normal,2,4,53,"[208.0, 289.0]",45.254833995939045,0.6976071476936341,0.04178738594055176,0.9234699606895447,-0.046953946352005005,-1.4150609787850077,"[116.0, 230.0]"
normal_0036_EDD,normal,1,4,54,"[359.0, 303.0]",35.918785545899944,0.7109660029411315,0.0446811318397522,0.935716450214386,-0.05641677975654602,-3.492783829731972,"[478.0, 194.0]"
normal_0036_EDD,normal,2,4,55,"[361.0, 176.0]",45.254833995939045,0.7420044004917145,0.05780386924743652,0.9520793557167053,-0.08872491121292114,-1.6157762053069447,"[478.0, 194.0]"
normal_0036_EDD,normal,3,4,56,"[365.0, 297.0]",45.254833995939045,0.7164753854274749,0.054319798946380615,0.9302304983139038,-0.05497118830680847,-2.3786149621553503,"[478.0, 194.0]"
normal_0036_EDD,normal,4,4,57,"[384.0, 206.0]",114.03503592196344,0.7339031815528869,0.0924532413482666,0.9023961424827576,-0.04886320233345032,0.1690022179788212,"[478.0, 194.0]"
normal_0038_EDD,normal,1,4,58,"[374.0, 242.0]",35.918785545899944,0.7233639121055602,0.017436563968658447,0.9911884069442749,-0.06047731637954712,-0.8317750892302733,"[347.0, 182.0]"
normal_0039_EDD,normal,1,4,59,"[272.0, 181.0]",35.918785545899944,0.6510374039411544,0.04662299156188965,0.8537873029708862,-0.03381650149822235,-3.3254271032118217,"[119.0, 208.0]"
normal_0039_EDD,normal,2,4,60,"[265.0, 182.0]",45.254833995939045,0.6541063904762268,0.05255049467086792,0.8495759963989258,-0.0342634916305542,-2.2769316822295824,"[119.0, 208.0]"
normal_0043_EDD,normal,1,4,61,"[368.0, 163.0]",35.918785545899944,0.6425529003143311,0.02748727798461914,0.8714348077774048,-0.025306284427642822,-4.392887309338658,"[459.0, 334.0]"
normal_0044_EDD,normal,1,4,62,"[266.0, 316.0]",57.01751796098172,0.7822635412216187,0.07685840129852295,0.9820252656936646,-0.08993726968765259,-0.7335603842463485,"[309.0, 227.0]"
normal_0044_EDD,normal,2,3,63,"[278.0, 218.0]",90.50966799187809,0.7977421879768372,0.0835314393043518,0.9851924180984497,-0.12288028001785278,0.6433527434214585,"[309.0, 227.0]"
normal_0045_EDD,normal,1,1,64,"[473.0, 196.0]",45.254833995939045,0.7790222346782684,0.06886821985244751,0.9869123101234436,-0.096576988697052,0.049568354640903145,"[486.0, 237.0]"
normal_0046_EDD,normal,1,4,65,"[376.0, 213.0]",57.01751796098172,0.7406388938426971,0.03605133295059204,0.9909738302230835,-0.054529398679733276,-0.025363186959168837,"[319.0, 200.0]"
normal_0048_EDD,normal,1,4,66,"[373.0, 170.0]",35.918785545899944,0.6533525884151459,0.02960646152496338,0.8847070336341858,-0.022256016731262207,-2.118269799339872,"[476.0, 214.0]"
normal_0049_EDD,normal,1,4,67,"[228.0, 190.0]",35.918785545899944,0.7354983389377593,0.03761887550354004,0.9759558439254761,-0.07355186343193054,-1.9516272511527162,"[122.0, 188.0]"
normal_0049_EDD,normal,2,4,68,"[177.0, 297.0]",45.254833995939045,0.727370822429657,0.02386075258255005,0.9810999035835266,-0.08370068669319153,-1.6978362278870818,"[122.0, 188.0]"
normal_0051_EDD,normal,1,4,69,"[283.0, 168.0]",35.918785545899944,0.6860725820064544,0.043434977531433105,0.9060546159744263,-0.04199686646461487,-3.232593058757881,"[131.0, 165.0]"
normal_0051_EDD,normal,2,4,70,"[238.0, 184.0]",35.918785545899944,0.6778859257698059,0.02711409330368042,0.9187375903129578,-0.03827759623527527,-2.0255428251131993,"[131.0, 165.0]"
normal_0051_EDD,normal,3,4,71,"[244.0, 307.0]",35.918785545899944,0.6530074685811996,0.02672290802001953,0.8883489966392517,-0.022201314568519592,-4.05235668075065,"[131.0, 165.0]"
normal_0051_EDD,normal,4,4,72,"[270.0, 171.0]",45.254833995939045,0.6908598750829696,0.04853111505508423,0.9059422016143799,-0.040846094489097595,-2.0743552423638354,"[131.0, 165.0]"
normal_0051_EDD,normal,5,4,73,"[104.0, 112.0]",362.03867196751236,0.6901554979383946,0.17079627513885498,0.7391254305839539,-0.00985710695385933,0.8357051496498977,"[131.0, 165.0]"
normal_0053_EDD,normal,1,4,74,"[373.0, 171.0]",57.01751796098172,0.7120528161525725,0.05777251720428467,0.9189645051956177,-0.055025726556777954,-1.3499585792955893,"[505.0, 194.0]"
normal_0054_EDD,normal,1,4,75,"[381.0, 128.0]",35.918785545899944,0.7221296310424804,0.019865334033966064,0.9908304214477539,-0.04341500997543335,-3.1640060111393913,"[508.0, 207.0]"
normal_0054_EDD,normal,2,4,76,"[238.0, 183.0]",35.918785545899944,0.7306296050548553,0.022695481777191162,0.994780957698822,-0.05793726444244385,-6.546596128854302,"[508.0, 207.0]"
normal_0054_EDD,normal,3,4,77,"[393.0, 256.0]",35.918785545899944,0.7110623896121978,0.010730087757110596,0.9924288392066956,-0.028160572052001953,-2.480184478293727,"[508.0, 207.0]"
normal_0054_EDD,normal,4,4,78,"[442.0, 344.0]",35.918785545899944,0.7252430111169815,0.03795868158340454,0.9760497808456421,-0.020247414708137512,-3.2336916726521636,"[508.0, 207.0]"
normal_0054_EDD,normal,5,1,79,"[496.0, 234.0]",45.254833995939045,0.7707598984241486,0.07001274824142456,0.9891223907470703,-0.0418073832988739,0.3471067995069944,"[508.0, 207.0]"
normal_0054_EDD,normal,6,4,80,"[401.0, 249.0]",45.254833995939045,0.711478579044342,0.010944604873657227,0.9930310845375061,-0.02706107497215271,-1.5400118417538922,"[508.0, 207.0]"
normal_0054_EDD,normal,7,4,81,"[340.0, 156.0]",57.01751796098172,0.7429919064044952,0.03550368547439575,0.9935874938964844,-0.059884876012802124,-2.0792378367108326,"[508.0, 207.0]"
normal_0055_EDD,normal,1,4,82,"[272.0, 158.0]",45.254833995939045,0.7365579783916473,0.02764970064163208,0.9947512149810791,-0.06291213631629944,-2.4154119901557993,"[121.0, 191.0]"
normal_0055_EDD,normal,2,2,83,"[140.0, 175.0]",45.254833995939045,0.7311920940876007,0.028781533241271973,0.9941038489341736,-0.03268933296203613,0.45111974780467823,"[121.0, 191.0]"
normal_0056_EDD,normal,1,4,84,"[383.0, 228.0]",57.01751796098172,0.7334055423736572,0.030176639556884766,0.9926303029060364,-0.041938453912734985,-0.1258823196538672,"[322.0, 208.0]"
normal_0056_EDD,normal,2,3,85,"[376.0, 228.0]",71.83757109179989,0.7462360858917236,0.04429030418395996,0.990769624710083,-0.04203522205352783,0.19840385302051156,"[322.0, 208.0]"
normal_0059_EDD,normal,1,4,86,"[268.0, 325.0]",35.918785545899944,0.7319340050220489,0.038229286670684814,0.9677537679672241,-0.08138540387153625,-2.723775806842371,"[325.0, 204.0]"
normal_0059_EDD,normal,2,2,87,"[314.0, 209.0]",57.01751796098172,0.7514970481395722,0.04765135049819946,0.9716114401817322,-0.11858844757080078,0.788081866666605,"[325.0, 204.0]"
normal_0060_EDD,normal,1,4,88,"[300.0, 167.0]",35.918785545899944,0.7130544424057007,0.02788364887237549,0.9627601504325867,-0.05619344115257263,-2.216159989397325,"[268.0, 278.0]"
normal_0060_EDD,normal,2,2,89,"[272.0, 254.0]",57.01751796098172,0.7560120940208435,0.054873645305633545,0.9682379961013794,-0.11685925722122192,0.5732706194288724,"[268.0, 278.0]"
normal_0060_EDD,normal,3,2,90,"[268.0, 240.0]",71.83757109179989,0.7591477632522583,0.06413167715072632,0.9603292346000671,-0.11392810940742493,0.4710288861041737,"[268.0, 278.0]"
normal_0061_EDD,normal,1,4,91,"[354.0, 165.0]",45.254833995939045,0.7280988752841949,0.05073201656341553,0.9503641724586487,-0.06055968999862671,-1.881107642904027,"[476.0, 211.0]"
normal_0062_EDD,normal,1,4,92,"[240.0, 176.0]",35.918785545899944,0.730024915933609,0.032759785652160645,0.9753560423851013,-0.07257950305938721,-2.037814808526841,"[131.0, 181.0]"
normal_0062_EDD,normal,2,1,93,"[140.0, 181.0]",35.918785545899944,0.7760384738445282,0.060120344161987305,0.989752471446991,-0.11545699834823608,0.7494347355230296,"[131.0, 181.0]"
normal_0062_EDD,normal,3,4,94,"[219.0, 257.0]",35.918785545899944,0.7303506851196289,0.02584940195083618,0.9837942123413086,-0.07922667264938354,-2.237178904097488,"[131.0, 181.0]"
normal_0062_EDD,normal,4,4,95,"[215.0, 260.0]",45.254833995939045,0.7276049017906188,0.026628553867340088,0.9787560701370239,-0.0792354941368103,-1.548072954459899,"[131.0, 181.0]"
normal_0063_EDD,normal,1,4,96,"[363.0, 171.0]",35.918785545899944,0.6469265282154083,0.028516530990600586,0.8773622512817383,-0.021282106637954712,-2.6987136546165647,"[490.0, 210.0]"
normal_0064_EDD,normal,1,4,97,"[306.0, 311.0]",35.918785545899944,0.6960965454578399,0.050379931926727295,0.9080023169517517,-0.05057495832443237,-2.451558904532929,"[265.0, 194.0]"
normal_0065_EDD,normal,1,4,98,"[261.0, 171.0]",35.918785545899944,0.6710143417119979,0.039661407470703125,0.8948113322257996,-0.024925008416175842,-2.918012156055058,"[122.0, 193.0]"
normal_0066_EDD,normal,1,4,99,"[401.0, 315.0]",35.918785545899944,0.6608587801456451,0.024689674377441406,0.9039239883422852,-0.01711156964302063,-2.7270007114155,"[490.0, 215.0]"
normal_0067_EDD,normal,1,4,100,"[260.0, 172.0]",35.918785545899944,0.7092005431652069,0.046233177185058594,0.9349095225334167,-0.04265350103378296,-2.8630253772408616,"[123.0, 194.0]"
normal_0067_EDD,normal,2,4,101,"[251.0, 181.0]",45.254833995939045,0.7156619071960448,0.054872870445251465,0.9318907260894775,-0.0423276424407959,-1.8429772301673464,"[123.0, 194.0]"
normal_0068_EDD,normal,1,4,102,"[306.0, 311.0]",35.918785545899944,0.737243741750717,0.056617558002471924,0.9499117136001587,-0.07843992114067078,-2.459969831400778,"[267.0, 193.0]"
normal_0068_EDD,normal,2,2,103,"[276.0, 200.0]",71.83757109179989,0.7832763671874999,0.08616262674331665,0.9608664512634277,-0.12253612279891968,0.8412842461443847,"[267.0, 193.0]"
normal_0070_EDD,normal,1,4,104,"[358.0, 159.0]",35.918785545899944,0.7083304822444916,0.03665071725845337,0.9454724788665771,-0.04924514889717102,-3.3861072236181746,"[514.0, 181.0]"
normal_0070_EDD,normal,2,4,105,"[392.0, 268.0]",35.918785545899944,0.7128289103507995,0.02996826171875,0.9572333097457886,-0.06398665904998779,-3.1717237694875253,"[514.0, 181.0]"
normal_0070_EDD,normal,3,4,106,"[366.0, 162.0]",45.254833995939045,0.7131550252437591,0.04345482587814331,0.9429075717926025,-0.04832449555397034,-2.2972082177578654,"[514.0, 181.0]"
normal_0070_EDD,normal,4,4,107,"[388.0, 267.0]",45.254833995939045,0.7150909185409545,0.036325693130493164,0.9513795971870422,-0.0639975368976593,-2.37094664004045,"[514.0, 181.0]"
normal_0071_EDD,normal,1,4,108,"[244.0, 204.0]",35.918785545899944,0.7451708555221557,0.042737722396850586,0.9733153581619263,-0.10556191205978394,-4.386991319957145,"[268.0, 396.0]"
normal_0071_EDD,normal,2,4,109,"[279.0, 290.0]",45.254833995939045,0.7086213409900665,0.033455729484558105,0.9507575035095215,-0.04817679524421692,-1.354869456307504,"[268.0, 396.0]"
normal_0073_EDD,normal,1,4,110,"[282.0, 305.0]",45.254833995939045,0.7401448130607605,0.03221660852432251,0.9881860017776489,-0.0809900164604187,-1.1269522282482036,"[329.0, 221.0]"
normal_0073_EDD,normal,2,4,111,"[292.0, 293.0]",57.01751796098172,0.7527519702911376,0.04429811239242554,0.988677978515625,-0.08189636468887329,-0.4197496684571733,"[329.0, 221.0]"
normal_0074_EDD,normal,1,4,112,"[221.0, 269.0]",35.918785545899944,0.7109170138835907,0.024488449096679688,0.9666478633880615,-0.04887530207633972,-3.0361167273657603,"[117.0, 168.0]"
normal_0074_EDD,normal,2,1,113,"[131.0, 177.0]",45.254833995939045,0.7721029281616211,0.06133091449737549,0.9840055704116821,-0.10984057188034058,0.6322311782518806,"[117.0, 168.0]"
normal_0074_EDD,normal,3,4,114,"[231.0, 177.0]",45.254833995939045,0.7319251537322997,0.03685122728347778,0.9725379347801208,-0.07148686051368713,-1.5269059947394164,"[117.0, 168.0]"
normal_0074_EDD,normal,4,4,115,"[217.0, 265.0]",45.254833995939045,0.7149153470993042,0.02923452854156494,0.965509831905365,-0.04911968111991882,-2.078481895553391,"[117.0, 168.0]"
normal_0074_EDD,normal,5,2,116,"[134.0, 187.0]",57.01751796098172,0.7637658357620238,0.06276488304138184,0.9700807332992554,-0.10972219705581665,0.5528550087814985,"[117.0, 168.0]"
normal_0074_EDD,normal,6,2,117,"[142.0, 196.0]",71.83757109179989,0.779037606716156,0.08096593618392944,0.9660086035728455,-0.1093282401561737,0.47747887090615104,"[117.0, 168.0]"
normal_0076_EDD,normal,1,4,118,"[382.0, 187.0]",45.254833995939045,0.6510667473077774,0.04367721080780029,0.8580127954483032,-0.03390289843082428,-2.117647600756057,"[517.0, 228.0]"
normal_0079_EDD,normal,1,4,119,"[214.0, 177.0]",35.918785545899944,0.6451813101768493,0.02920466661453247,0.8738335371017456,-0.021465837955474854,-2.44188907852194,"[92.0, 197.0]"
normal_0081_EDD,normal,1,4,120,"[407.0, 221.0]",45.254833995939045,0.7271188914775848,0.04368525743484497,0.9546840190887451,-0.07577410340309143,-1.5834698384633792,"[520.0, 251.0]"
normal_0082_EDD,normal,1,4,121,"[361.0, 162.0]",35.918785545899944,0.6688432216644287,0.03236269950866699,0.9006333351135254,-0.030185937881469727,-2.587980700056024,"[481.0, 209.0]"
normal_0085_EDD,normal,1,4,122,"[369.0, 254.0]",35.918785545899944,0.7381439685821533,0.031106531620025635,0.9887374639511108,-0.07460606098175049,-0.5613083437794923,"[348.0, 202.0]"
normal_0085_EDD,normal,2,4,123,"[309.0, 265.0]",35.918785545899944,0.7244228959083556,0.020293235778808594,0.9872270822525024,-0.06535351276397705,-1.0628351734411177,"[348.0, 202.0]"
normal_0086_EDD,normal,1,4,124,"[48.0, 160.0]",362.03867196751236,0.7064884841442108,0.13315808773040771,0.8138230443000793,-0.018271327018737793,0.7894788541926696,"[120.0, 185.0]"
normal_0087_EDD,normal,1,4,125,"[289.0, 328.0]",35.918785545899944,0.7316438913345336,0.031334519386291504,0.990996778011322,-0.03305813670158386,-2.562072015185389,"[336.0, 209.0]"
normal_0087_EDD,normal,2,4,126,"[223.0, 277.0]",45.254833995939045,0.7318132817745208,0.02226167917251587,0.9956758618354797,-0.06289249658584595,-1.9142195835677858,"[336.0, 209.0]"
normal_0087_EDD,normal,3,4,127,"[398.0, 186.0]",71.83757109179989,0.7580515265464782,0.05330449342727661,0.9911514520645142,-0.05470508337020874,0.07946967771283386,"[336.0, 209.0]"
normal_0088_EDD,normal,1,4,128,"[375.0, 176.0]",57.01751796098172,0.7561629235744476,0.05014359951019287,0.9805904030799866,-0.0980302095413208,-1.2719596323153657,"[500.0, 210.0]"
normal_0088_EDD,normal,2,4,129,"[386.0, 275.0]",57.01751796098172,0.7567799985408783,0.05184429883956909,0.9783411622047424,-0.10048443078994751,-1.3015524439825934,"[500.0, 210.0]"
normal_0088_EDD,normal,3,3,130,"[400.0, 218.0]",114.03503592196344,0.8186222076416014,0.1274716854095459,0.9575374126434326,-0.10437166690826416,0.12027484517542175,"[500.0, 210.0]"
normal_0089_EDD,normal,1,2,131,"[456.0, 218.0]",71.83757109179989,0.789741724729538,0.08277261257171631,0.9748914837837219,-0.12272536754608154,0.4185048782477674,"[497.0, 226.0]"
normal_0090_EDD,normal,1,4,132,"[353.0, 196.0]",35.918785545899944,0.7305473983287811,0.02275604009628296,0.9909436106681824,-0.07065415382385254,-1.1658472070469816,"[279.0, 220.0]"
normal_0090_EDD,normal,2,3,133,"[298.0, 254.0]",35.918785545899944,0.7375115036964416,0.028797924518585205,0.9891148805618286,-0.08166581392288208,-0.08435415051906747,"[279.0, 220.0]"
normal_0091_EDD,normal,1,4,134,"[211.0, 302.0]",45.254833995939045,0.7362227439880371,0.03534269332885742,0.9782110452651978,-0.0806615948677063,-2.0205190210045023,"[120.0, 200.0]"
normal_0095_EDD,normal,1,4,135,"[338.0, 162.0]",35.918785545899944,0.6067490071058274,0.03511631488800049,0.8102117776870728,-0.022422239184379578,-3.429453688079305,"[490.0, 209.0]"
normal_0096_EDD,normal,1,4,136,"[335.0, 295.0]",35.918785545899944,0.7313984751701355,0.023749172687530518,0.9932541847229004,-0.061856865882873535,-1.2350632440820117,"[354.0, 217.0]"
normal_0097_EDD,normal,1,4,137,"[310.0, 177.0]",35.918785545899944,0.6107805386185645,0.040300726890563965,0.809572160243988,-0.018896497786045074,-3.651960974017861,"[474.0, 209.0]"
normal_0099_EDD,normal,1,4,138,"[216.0, 172.0]",35.918785545899944,0.6504713833332061,0.02806168794631958,0.8815392255783081,-0.026661187410354614,-1.8702819457214588,"[114.0, 187.0]"
normal_0100_EDD,normal,1,4,139,"[265.0, 296.0]",35.918785545899944,0.7113238930702209,0.031221747398376465,0.9540616869926453,-0.06129482388496399,-1.5095164136719785,"[315.0, 221.0]"
normal_0101_EDD,normal,1,4,140,"[195.0, 183.0]",35.918785545899944,0.6929196298122405,0.03388559818267822,0.9295888543128967,-0.04160916805267334,-1.923393990105915,"[90.0, 184.0]"
normal_0102_EDD,normal,1,4,141,"[388.0, 199.0]",35.918785545899944,0.7463079214096069,0.03561127185821533,0.9924259185791016,-0.07999253273010254,-1.569943872105378,"[303.0, 235.0]"
normal_0102_EDD,normal,2,4,142,"[380.0, 201.0]",45.254833995939045,0.7528856456279754,0.04334491491317749,0.9917067885398865,-0.07672989368438721,-0.8599657674941221,"[303.0, 235.0]"
normal_0102_EDD,normal,3,4,143,"[365.0, 202.0]",57.01751796098172,0.760131973028183,0.05046564340591431,0.9922507405281067,-0.07545405626296997,-0.2318199960698919,"[303.0, 235.0]"
normal_0102_EDD,normal,4,4,144,"[284.0, 305.0]",57.01751796098172,0.7614935994148254,0.049744606018066406,0.9932688474655151,-0.08230400085449219,-0.2721134454290002,"[303.0, 235.0]"
normal_0103_EDD,normal,1,4,145,"[385.0, 146.0]",35.918785545899944,0.7238166093826294,0.04247868061065674,0.9559532403945923,-0.06085330247879028,-2.4263153505480974,"[470.0, 235.0]"
normal_0105_EDD,normal,1,4,146,"[321.0, 148.0]",35.918785545899944,0.7323002457618712,0.038197457790374756,0.9704513549804688,-0.07393419742584229,-1.0420646792146786,"[307.0, 220.0]"
normal_0106_EDD,normal,1,4,147,"[209.0, 203.0]",35.918785545899944,0.7090911269187927,0.03028649091720581,0.9544785618782043,-0.05334821343421936,-1.9543832675053134,"[103.0, 198.0]"
normal_0106_EDD,normal,2,3,148,"[142.0, 222.0]",90.50966799187809,0.7781878769397735,0.10185247659683228,0.9374517798423767,-0.10059577226638794,0.49405391066586946,"[103.0, 198.0]"
normal_0107_EDD,normal,1,4,149,"[221.0, 218.0]",35.918785545899944,0.7173051834106445,0.02030026912689209,0.9811846017837524,-0.05087846517562866,-0.23632260800137295,"[265.0, 212.0]"
normal_0108_EDD,normal,1,4,150,"[355.0, 177.0]",35.918785545899944,0.732245934009552,0.04820871353149414,0.95533686876297,-0.07650706171989441,-3.356139735551098,"[506.0, 218.0]"
normal_0111_EDD,normal,1,4,151,"[343.0, 182.0]",35.918785545899944,0.6559906661510467,0.044140398502349854,0.864693820476532,-0.03282296657562256,-2.8961901464912883,"[479.0, 215.0]"
normal_0114_EDD,normal,1,4,152,"[191.0, 172.0]",35.918785545899944,0.7331662774085997,0.034315645694732666,0.9801019430160522,-0.06389635801315308,-2.1538603035657986,"[79.0, 189.0]"
normal_0114_EDD,normal,2,1,153,"[100.0, 188.0]",45.254833995939045,0.7488831758499145,0.037620365619659424,0.9813834428787231,-0.12147200107574463,0.5354353516462967,"[79.0, 189.0]"
normal_0114_EDD,normal,3,4,154,"[199.0, 130.0]",57.01751796098172,0.7456320643424987,0.04417705535888672,0.9766576886177063,-0.08897313475608826,-1.3452416239483216,"[79.0, 189.0]"
normal_0115_EDD,normal,1,4,155,"[365.0, 183.0]",35.918785545899944,0.6792280673980713,0.027128517627716064,0.922940731048584,-0.030205190181732178,-1.9767301319349322,"[471.0, 197.0]"
normal_0116_EDD,normal,1,4,156,"[269.0, 176.0]",35.918785545899944,0.6978440880775452,0.03558039665222168,0.9281859397888184,-0.06266766786575317,-6.682437773748564,"[540.0, 228.0]"
normal_0117_EDD,normal,1,4,157,"[256.0, 267.0]",35.918785545899944,0.7299053490161895,0.020262181758880615,0.9905101656913757,-0.08143025636672974,-2.1817537926663655,"[350.0, 202.0]"
normal_0117_EDD,normal,2,4,158,"[257.0, 262.0]",45.254833995939045,0.7378982424736023,0.02991950511932373,0.9883592128753662,-0.08063644170761108,-1.4455995238897965,"[350.0, 202.0]"
normal_0120_EDD,normal,1,4,159,"[218.0, 159.0]",35.918785545899944,0.6616120368242263,0.01865684986114502,0.9124482870101929,-0.02120693027973175,-1.8567479116897818,"[118.0, 182.0]"
normal_0120_EDD,normal,2,4,160,"[194.0, 262.0]",57.01751796098172,0.7024314105510712,0.044940948486328125,0.9242920875549316,-0.05243000388145447,-0.9352809055732856,"[118.0, 182.0]"
normal_0125_EDD,normal,1,4,161,"[354.0, 199.0]",45.254833995939045,0.7102560639381408,0.054396212100982666,0.9192327260971069,-0.06198471784591675,-2.153386696275926,"[495.0, 221.0]"
normal_0127_EDD,normal,1,4,162,"[376.0, 161.0]",35.918785545899944,0.6613305628299713,0.035694897174835205,0.8844554424285889,-0.03258427977561951,-2.8898189385550843,"[511.0, 197.0]"
normal_0127_EDD,normal,2,4,163,"[385.0, 247.0]",35.918785545899944,0.6590442419052124,0.028549253940582275,0.8913484215736389,-0.03275546431541443,-2.7740169541483297,"[511.0, 197.0]"
normal_0131_EDD,normal,1,4,164,"[261.0, 310.0]",35.918785545899944,0.7134085416793823,0.035413146018981934,0.9531482458114624,-0.053958117961883545,-2.0357729230274235,"[342.0, 237.0]"
normal_0131_EDD,normal,2,4,165,"[270.0, 304.0]",45.254833995939045,0.7248688399791717,0.04662644863128662,0.9533924460411072,-0.05433839559555054,-1.1732796716598624,"[342.0, 237.0]"
normal_0132_EDD,normal,1,4,166,"[373.0, 297.0]",45.254833995939045,0.7014845550060271,0.046605050563812256,0.9227172136306763,-0.044887274503707886,-2.144392951151303,"[498.0, 229.0]"
normal_0133_EDD,normal,1,4,167,"[231.0, 297.0]",45.254833995939045,0.7364062428474426,0.05499845743179321,0.9543079733848572,-0.06696102023124695,-2.033826224835562,"[130.0, 204.0]"
normal_0133_EDD,normal,2,2,168,"[145.0, 197.0]",57.01751796098172,0.7976747870445251,0.09236222505569458,0.9728473424911499,-0.12159711122512817,0.7096866726367435,"[130.0, 204.0]"
normal_0133_EDD,normal,3,4,169,"[221.0, 286.0]",57.01751796098172,0.7509573876857757,0.07157522439956665,0.951299250125885,-0.067363440990448,-1.1483730304913804,"[130.0, 204.0]"
normal_0134_EDD,normal,1,4,170,"[245.0, 192.0]",35.918785545899944,0.7343821465969086,0.030295193195343018,0.9857990145683289,-0.07013821601867676,-0.3438670826691861,"[276.0, 229.0]"
normal_0134_EDD,normal,2,4,171,"[304.0, 296.0]",57.01751796098172,0.7783234357833861,0.0700216293334961,0.983655571937561,-0.09871453046798706,-0.2735634232310953,"[276.0, 229.0]"
normal_0135_EDD,normal,1,4,172,"[358.0, 183.0]",35.918785545899944,0.6370783418416976,0.0435481071472168,0.8404542207717896,-0.026061400771141052,-2.6106995468779672,"[482.0, 221.0]"
normal_0136_EDD,normal,1,4,173,"[267.0, 312.0]",35.918785545899944,0.6516794323921202,0.04919016361236572,0.8532474637031555,-0.026080220937728882,-2.056130387822398,"[322.0, 217.0]"
normal_0137_EDD,normal,1,4,174,"[274.0, 300.0]",35.918785545899944,0.7048995971679687,0.050284624099731445,0.9220833778381348,-0.045783042907714844,-1.1964086617697318,"[314.0, 232.0]"
normal_0139_EDD,normal,1,4,175,"[335.0, 170.0]",45.254833995939045,0.7513967335224151,0.05256044864654541,0.9735391736030579,-0.08679431676864624,-2.2332803099174683,"[468.0, 231.0]"
normal_0139_EDD,normal,2,4,176,"[341.0, 171.0]",57.01751796098172,0.7535683214664459,0.060507893562316895,0.9652231931686401,-0.08702096343040466,-1.4634527024346946,"[468.0, 231.0]"
normal_0139_EDD,normal,4,2,178,"[430.0, 214.0]",71.83757109179989,0.8066597521305083,0.10801845788955688,0.9648783206939697,-0.11613234877586365,0.4205077376600056,"[468.0, 231.0]"
normal_0141_EDD,normal,1,4,179,"[357.0, 264.0]",35.918785545899944,0.7264852583408355,0.02071964740753174,0.9913190007209778,-0.059211552143096924,-1.650125377698461,"[267.0, 233.0]"
normal_0141_EDD,normal,2,4,180,"[225.0, 271.0]",35.918785545899944,0.7343711614608764,0.0262678861618042,0.9913179874420166,-0.07090342044830322,-0.5768687101529923,"[267.0, 233.0]"
normal_0141_EDD,normal,3,4,181,"[226.0, 260.0]",45.254833995939045,0.7369496405124664,0.029335737228393555,0.9908227324485779,-0.0701899528503418,-0.08478468485686119,"[267.0, 233.0]"
normal_0142_EDD,normal,1,4,182,"[359.0, 179.0]",35.918785545899944,0.6561766237020492,0.03253906965255737,0.8824854493141174,-0.0294886976480484,-2.7880591890143696,"[491.0, 212.0]"
normal_0143_EDD,normal,1,4,183,"[363.0, 299.0]",35.918785545899944,0.656242847442627,0.038142263889312744,0.8719090223312378,-0.03882133960723877,-2.4694775656639676,"[436.0, 198.0]"
normal_0143_EDD,normal,2,4,184,"[357.0, 301.0]",45.254833995939045,0.663735219836235,0.050230979919433594,0.8651716113090515,-0.039420560002326965,-1.868368711044659,"[436.0, 198.0]"
normal_0145_EDD,normal,1,4,185,"[244.0, 115.0]",35.918785545899944,0.7324395775794982,0.024584829807281494,0.9956120848655701,-0.054631441831588745,-2.249247939492207,"[283.0, 225.0]"
normal_0145_EDD,normal,2,4,186,"[185.0, 229.0]",45.254833995939045,0.7337375998497009,0.02549600601196289,0.9933362603187561,-0.06453105807304382,-1.1673176105499627,"[283.0, 225.0]"
normal_0145_EDD,normal,3,4,187,"[340.0, 309.0]",45.254833995939045,0.7495690643787384,0.043695151805877686,0.9930286407470703,-0.053769320249557495,-1.2431536463760122,"[283.0, 225.0]"
normal_0145_EDD,normal,4,4,188,"[190.0, 219.0]",57.01751796098172,0.7386315703392028,0.03054744005203247,0.9928045272827148,-0.0656048059463501,-0.6344686814643274,"[283.0, 225.0]"
normal_0145_EDD,normal,5,4,189,"[348.0, 152.0]",71.83757109179989,0.753878140449524,0.049093008041381836,0.9927195310592651,-0.04940730333328247,-0.3606329331679834,"[283.0, 225.0]"
normal_0145_EDD,normal,6,4,190,"[198.0, 214.0]",71.83757109179989,0.7447733283042908,0.03836524486541748,0.9904637932777405,-0.06541714072227478,-0.19309169347247002,"[283.0, 225.0]"
normal_0146_EDD,normal,1,4,191,"[181.0, 127.0]",35.918785545899944,0.7105380475521088,0.008697748184204102,0.9946396946907043,-0.027962565422058105,-1.48328029826979,"[121.0, 193.0]"
normal_0148_EDD,normal,1,4,192,"[324.0, 297.0]",35.918785545899944,0.7368113696575164,0.03049081563949585,0.987510621547699,-0.07531559467315674,-1.168708301038135,"[286.0, 229.0]"
normal_0149_EDD,normal,1,4,193,"[233.0, 288.0]",35.918785545899944,0.6875301063060759,0.03663027286529541,0.9190810918807983,-0.03771534562110901,-3.0926606812287973,"[116.0, 199.0]"
normal_0150_EDD,normal,1,4,194,"[243.0, 180.0]",45.254833995939045,0.7409515082836151,0.04630774259567261,0.9693838953971863,-0.08037519454956055,-1.7867747094535646,"[119.0, 203.0]"
normal_0152_EDD,normal,1,4,195,"[352.0, 323.0]",45.254833995939045,0.6767282962799072,0.047867774963378906,0.8848947882652283,-0.04717084765434265,-2.4717751448286505,"[451.0, 201.0]"
normal_0156_EDD,normal,1,4,196,"[341.0, 172.0]",35.918785545899944,0.7293774545192717,0.022765815258026123,0.9928245544433594,-0.058172255754470825,-5.087609851128953,"[125.0, 206.0]"
normal_0156_EDD,normal,2,4,197,"[305.0, 311.0]",57.01751796098172,0.7434547185897827,0.03881227970123291,0.9925668239593506,-0.04922831058502197,-2.654783078848687,"[125.0, 206.0]"
normal_0157_EDD,normal,1,4,198,"[402.0, 184.0]",35.918785545899944,0.7311273157596588,0.026553332805633545,0.9928767681121826,-0.04780122637748718,-2.2392134733639,"[286.0, 193.0]"
normal_0157_EDD,normal,2,4,199,"[381.0, 278.0]",35.918785545899944,0.7268557488918305,0.02036571502685547,0.9934659600257874,-0.05531930923461914,-2.5489921472128025,"[286.0, 193.0]"
normal_0157_EDD,normal,3,4,200,"[285.0, 308.0]",35.918785545899944,0.7176282346248626,0.014522194862365723,0.9937660098075867,-0.037349164485931396,-2.201788312050212,"[286.0, 193.0]"
normal_0157_EDD,normal,4,4,201,"[378.0, 267.0]",45.254833995939045,0.7307980358600616,0.025146126747131348,0.9927567839622498,-0.053610801696777344,-1.608953933092725,"[286.0, 193.0]"
normal_0157_EDD,normal,5,4,202,"[272.0, 302.0]",45.254833995939045,0.7235840618610381,0.020696640014648438,0.993695080280304,-0.03650432825088501,-1.4283683114902481,"[286.0, 193.0]"
normal_0158_EDD,normal,1,4,203,"[252.0, 185.0]",35.918785545899944,0.7350126147270202,0.060722172260284424,0.9395355582237244,-0.08307775855064392,-2.1626953509058393,"[143.0, 217.0]"
normal_0158_EDD,normal,2,4,204,"[227.0, 269.0]",35.918785545899944,0.6695098340511322,0.023414969444274902,0.9149359464645386,-0.02819851040840149,-1.7504468979214898,"[143.0, 217.0]"
normal_0159_EDD,normal,1,4,205,"[316.0, 292.0]",71.83757109179989,0.7081923574209213,0.07202309370040894,0.8962734341621399,-0.04388929903507233,-0.9392721109698854,"[424.0, 204.0]"
normal_0163_EDD,normal,1,4,206,"[260.0, 175.0]",35.918785545899944,0.6666729390621184,0.03846573829650879,0.8888153433799744,-0.030182301998138428,-2.4870818874082627,"[142.0, 217.0]"
normal_0163_EDD,normal,2,4,207,"[232.0, 279.0]",35.918785545899944,0.6804440617561339,0.03633373975753784,0.9074498414993286,-0.04447716474533081,-2.0426587947650994,"[142.0, 217.0]"
normal_0163_EDD,normal,3,2,208,"[161.0, 198.0]",57.01751796098172,0.7914681136608123,0.10645413398742676,0.9413897395133972,-0.13020581007003784,0.5287403126969408,"[142.0, 217.0]"
normal_0166_EDD,normal,1,4,209,"[199.0, 287.0]",57.01751796098172,0.7429548025131225,0.05354273319244385,0.9654656648635864,-0.06793051958084106,-1.5678739166488995,"[98.0, 181.0]"
normal_0167_EDD,normal,1,4,210,"[332.0, 182.0]",45.254833995939045,0.6756697833538056,0.034049808979034424,0.9061579704284668,-0.0365469753742218,-2.3122788841294746,"[477.0, 220.0]"
normal_0168_EDD,normal,1,4,211,"[351.0, 181.0]",45.254833995939045,0.7399861514568329,0.030872046947479248,0.9930779337882996,-0.06979775428771973,-0.5866877843482627,"[281.0, 165.0]"
normal_0168_EDD,normal,2,4,212,"[317.0, 275.0]",45.254833995939045,0.7360018849372864,0.02882683277130127,0.9930077791213989,-0.0603480339050293,-1.5575409332012655,"[281.0, 165.0]"
normal_0171_EDD,normal,1,4,213,"[371.0, 205.0]",35.918785545899944,0.728626823425293,0.028583049774169922,0.9786719083786011,-0.07486718893051147,-0.35048361478014045,"[323.0, 198.0]"
normal_0173_EDD,normal,1,4,214,"[310.0, 310.0]",35.918785545899944,0.6016742050647735,0.03689563274383545,0.8003008961677551,-0.022839725017547607,-2.934299232777007,"[257.0, 179.0]"
normal_0174_EDD,normal,1,4,215,"[251.0, 185.0]",35.918785545899944,0.7289980113506317,0.02224642038345337,0.9933093190193176,-0.05717533826828003,-1.056814481509901,"[308.0, 232.0]"
normal_0174_EDD,normal,2,4,216,"[245.0, 256.0]",35.918785545899944,0.7274354100227355,0.022201240062713623,0.9909822940826416,-0.05773282051086426,-0.8769180009324722,"[308.0, 232.0]"
normal_0174_EDD,normal,3,4,217,"[255.0, 192.0]",45.254833995939045,0.7345003485679625,0.028595387935638428,0.9921599626541138,-0.0569649338722229,-0.46725322669606006,"[308.0, 232.0]"
normal_0174_EDD,normal,4,4,218,"[252.0, 244.0]",45.254833995939045,0.7263962805271149,0.022584855556488037,0.990009605884552,-0.05402350425720215,-0.2655285457072867,"[308.0, 232.0]"
normal_0175_EDD,normal,1,4,219,"[267.0, 291.0]",35.918785545899944,0.7271592199802398,0.024454832077026367,0.9895928502082825,-0.04994696378707886,-1.3886183514074872,"[298.0, 211.0]"
normal_0175_EDD,normal,2,4,220,"[223.0, 191.0]",57.01751796098172,0.7625483274459838,0.053045034408569336,0.9892710447311401,-0.08506780862808228,-0.3613513224903566,"[298.0, 211.0]"
normal_0176_EDD,normal,1,4,221,"[382.0, 263.0]",35.918785545899944,0.6930808424949646,0.029369115829467773,0.9351339936256409,-0.04558965563774109,-2.0357729230274235,"[471.0, 200.0]"
normal_0176_EDD,normal,2,1,222,"[449.0, 208.0]",57.01751796098172,0.8055066764354706,0.11578565835952759,0.9467592835426331,-0.13494759798049927,0.5894349551052224,"[471.0, 200.0]"
normal_0177_EDD,normal,1,4,223,"[247.0, 296.0]",57.01751796098172,0.7203070282936096,0.0603298544883728,0.9278929829597473,-0.05226042866706848,-1.8230399070554597,"[125.0, 191.0]"
normal_0179_EDD,normal,1,4,224,"[227.0, 285.0]",35.918785545899944,0.7303285121917724,0.02255326509475708,0.994318425655365,-0.05876174569129944,-3.433913619084678,"[357.0, 193.0]"
normal_0179_EDD,normal,2,4,225,"[236.0, 287.0]",45.254833995939045,0.7359700441360473,0.028388142585754395,0.9941075444221497,-0.05853310227394104,-2.3857612004171234,"[357.0, 193.0]"
normal_0179_EDD,normal,3,4,226,"[245.0, 285.0]",57.01751796098172,0.7492602407932282,0.042063355445861816,0.9933215379714966,-0.05935904383659363,-1.5420497531150672,"[357.0, 193.0]"
normal_0181_EDD,normal,1,4,227,"[268.0, 169.0]",35.918785545899944,0.7476427495479583,0.03596055507659912,0.9903997778892517,-0.09201174974441528,-3.566195437175322,"[104.0, 171.0]"
normal_0181_EDD,normal,2,4,228,"[238.0, 285.0]",35.918785545899944,0.7384843230247498,0.029120981693267822,0.9888981580734253,-0.08567315340042114,-3.8980443602463675,"[104.0, 171.0]"
normal_0181_EDD,normal,3,1,229,"[122.0, 192.0]",45.254833995939045,0.7695692777633667,0.06213134527206421,0.9813390970230103,-0.10250282287597656,0.3888247745122517,"[104.0, 171.0]"
normal_0182_EDD,normal,1,4,230,"[383.0, 169.0]",35.918785545899944,0.7218004703521728,0.025660991668701172,0.9734875559806824,-0.07349094748497009,-2.2584190539857123,"[500.0, 166.0]"
normal_0182_EDD,normal,2,4,231,"[385.0, 280.0]",45.254833995939045,0.7372678279876709,0.03900551795959473,0.9751408696174622,-0.0783185064792633,-2.5781591155578867,"[500.0, 166.0]"
normal_0183_EDD,normal,1,4,232,"[237.0, 209.0]",45.254833995939045,0.7307573080062866,0.024558842182159424,0.9955088496208191,-0.046711355447769165,-1.65625,"[356.0, 192.0]"
normal_0183_EDD,normal,2,4,233,"[231.0, 298.0]",45.254833995939045,0.7372000634670257,0.029152333736419678,0.9950044751167297,-0.05772298574447632,-2.621563565126256,"[356.0, 192.0]"
normal_0183_EDD,normal,3,4,234,"[239.0, 292.0]",57.01751796098172,0.752587616443634,0.04520547389984131,0.9940779209136963,-0.05763798952102661,-1.6993864026696666,"[356.0, 192.0]"
normal_0184_EDD,normal,1,4,235,"[408.0, 232.0]",90.50966799187809,0.7897614955902099,0.07854264974594116,0.9856634140014648,-0.10627228021621704,-0.15297255089832906,"[507.0, 199.0]"
normal_0185_EDD,normal,1,4,236,"[274.0, 164.0]",35.918785545899944,0.7427451133728027,0.03068763017654419,0.9943948984146118,-0.07990527153015137,-3.734209404009494,"[104.0, 168.0]"
normal_0185_EDD,normal,2,4,237,"[355.0, 178.0]",35.918785545899944,0.7542044878005981,0.041321754455566406,0.9911835193634033,-0.09527134895324707,-5.9935305546812625,"[104.0, 168.0]"
normal_0185_EDD,normal,3,1,238,"[117.0, 189.0]",35.918785545899944,0.7709879755973815,0.06026101112365723,0.990543007850647,-0.08673429489135742,0.31238827551962756,"[104.0, 168.0]"
normal_0185_EDD,normal,4,4,239,"[241.0, 289.0]",35.918785545899944,0.7378220379352569,0.0273016095161438,0.9934089779853821,-0.07567071914672852,-4.088814189629157,"[104.0, 168.0]"
normal_0185_EDD,normal,5,1,240,"[121.0, 193.0]",45.254833995939045,0.7646607935428619,0.05897843837738037,0.9833397269248962,-0.086722731590271,0.3319513022990016,"[104.0, 168.0]"
normal_0185_EDD,normal,6,4,241,"[232.0, 283.0]",45.254833995939045,0.7440574884414672,0.03486514091491699,0.9921834468841553,-0.07331967353820801,-2.802304502699646,"[104.0, 168.0]"
normal_0187_EDD,normal,1,4,242,"[238.0, 161.0]",35.918785545899944,0.6525020539760589,0.027736663818359375,0.8848685622215271,-0.026786983013153076,-2.790922733086706,"[113.0, 215.0]"
normal_0188_EDD,normal,1,4,243,"[309.0, 319.0]",35.918785545899944,0.6382304668426514,0.05351501703262329,0.8246179223060608,-0.03741452097892761,-2.681384454361223,"[258.0, 197.0]"
normal_0189_EDD,normal,1,4,244,"[350.0, 305.0]",35.918785545899944,0.6476375699043274,0.0544818639755249,0.8344959020614624,-0.04504287242889404,-2.285306989604759,"[420.0, 210.0]"
normal_0190_EDD,normal,1,4,245,"[216.0, 294.0]",35.918785545899944,0.6313829332590103,0.04247081279754639,0.8337838053703308,-0.026317283511161804,-2.4703710700737496,"[133.0, 201.0]"
normal_0190_EDD,normal,2,4,246,"[205.0, 305.0]",45.254833995939045,0.6447398006916045,0.05580711364746094,0.8335407972335815,-0.027270644903182983,-1.7950849718747368,"[133.0, 201.0]"
normal_0191_EDD,normal,1,4,247,"[232.0, 303.0]",35.918785545899944,0.6490527272224426,0.0574454665184021,0.8342636227607727,-0.03811362385749817,-2.0427861639509466,"[291.0, 211.0]"
normal_0193_EDD,normal,1,1,248,"[123.0, 186.0]",45.254833995939045,0.7678585410118103,0.05895185470581055,0.9789791107177734,-0.11810654401779175,0.4216638898961954,"[104.0, 204.0]"
normal_0193_EDD,normal,2,4,249,"[212.0, 288.0]",57.01751796098172,0.7650991201400756,0.05931574106216431,0.9802005887031555,-0.09821483492851257,-1.3996318307914786,"[104.0, 204.0]"
normal_0194_EDD,normal,1,4,250,"[223.0, 185.0]",35.918785545899944,0.710509169101715,0.029220521450042725,0.958691418170929,-0.051023274660110474,-2.5663126433325005,"[95.0, 190.0]"
normal_0197_EDD,normal,1,4,251,"[402.0, 285.0]",35.918785545899944,0.6248103618621825,0.03221273422241211,0.8408538103103638,-0.019999802112579346,-2.6692581281879373,"[501.0, 198.0]"
normal_0197_EDD,normal,2,4,252,"[380.0, 156.0]",45.254833995939045,0.6473909497261047,0.04108065366744995,0.8556214570999146,-0.036876380443573,-1.830239195942633,"[501.0, 198.0]"
normal_0202_EDD,normal,1,4,253,"[251.0, 308.0]",35.918785545899944,0.6649198651313781,0.042349040508270264,0.8804720044136047,-0.031202107667922974,-2.2629355589458986,"[321.0, 214.0]"
normal_0203_EDD,normal,1,4,254,"[204.0, 286.0]",45.254833995939045,0.6526539087295532,0.04756587743759155,0.8570221066474915,-0.025862783193588257,-2.0059348847322025,"[120.0, 179.0]"
normal_0204_EDD,normal,1,4,255,"[264.0, 166.0]",35.918785545899944,0.731692498922348,0.0267297625541687,0.9843253493309021,-0.07967495918273926,-1.40543298355013,"[333.0, 218.0]"
normal_0204_EDD,normal,2,4,256,"[258.0, 294.0]",45.254833995939045,0.7537680268287658,0.04609262943267822,0.980860710144043,-0.10536450147628784,-1.359426737843326,"[333.0, 218.0]"
normal_0204_EDD,normal,3,3,257,"[310.0, 184.0]",71.83757109179989,0.7554651618003845,0.05116283893585205,0.9753512740135193,-0.10778215527534485,0.42858937350356463,"[333.0, 218.0]"
normal_0205_EDD,normal,1,4,258,"[222.0, 208.0]",45.254833995939045,0.7300500571727753,0.02431797981262207,0.9937666654586792,-0.050477057695388794,-1.1547775769786544,"[319.0, 198.0]"
normal_0206_EDD,normal,1,4,259,"[227.0, 300.0]",45.254833995939045,0.6599171787500381,0.03659087419509888,0.8841161727905273,-0.022224918007850647,-2.3387082316743397,"[112.0, 202.0]"
normal_0207_EDD,normal,1,4,260,"[219.0, 212.0]",35.918785545899944,0.7935636520385743,0.0837896466255188,0.9773075580596924,-0.12829357385635376,-2.386953338121731,"[99.0, 192.0]"
normal_0207_EDD,normal,2,4,261,"[233.0, 370.0]",35.918785545899944,0.7201769053936005,0.037862300872802734,0.9585453867912292,-0.05666416883468628,-5.202892321663424,"[99.0, 192.0]"
normal_0207_EDD,normal,3,4,262,"[198.0, 402.0]",90.50966799187809,0.727302724123001,0.0684846043586731,0.9255019426345825,-0.054833799600601196,-1.5650949132658813,"[99.0, 192.0]"
normal_0208_EDD,normal,1,4,263,"[271.0, 158.0]",35.918785545899944,0.7466675043106078,0.04126197099685669,0.9851236343383789,-0.07909494638442993,-0.35048361478014045,"[278.0, 206.0]"
normal_0209_EDD,normal,1,4,264,"[329.0, 176.0]",35.918785545899944,0.7419967174530029,0.03336334228515625,0.988278865814209,-0.08419084548950195,-0.7137231298477444,"[287.0, 221.0]"
normal_0209_EDD,normal,2,4,265,"[321.0, 177.0]",45.254833995939045,0.7455496966838836,0.038142383098602295,0.9860695004463196,-0.08579331636428833,-0.2287252032085938,"[287.0, 221.0]"
normal_0209_EDD,normal,3,4,266,"[276.0, 286.0]",57.01751796098172,0.7669213950634002,0.05758458375930786,0.984093964099884,-0.10235518217086792,-0.1562095519575466,"[287.0, 221.0]"
normal_0210_EDD,normal,1,4,267,"[371.0, 192.0]",35.918785545899944,0.7453056454658508,0.03214716911315918,0.9916160106658936,-0.09513634443283081,-2.080130127065038,"[479.0, 216.0]"
normal_0210_EDD,normal,2,4,268,"[316.0, 306.0]",90.50966799187809,0.7838411450386047,0.07947325706481934,0.976041853427887,-0.10569295287132263,-1.057196068453977,"[479.0, 216.0]"
normal_0212_EDD,normal,1,3,269,"[380.0, 208.0]",71.83757109179989,0.777155190706253,0.1295362114906311,0.8953976631164551,-0.10420307517051697,0.46993105487016995,"[413.0, 189.0]"
normal_0213_EDD,normal,1,3,270,"[268.0, 238.0]",71.83757109179989,0.766294503211975,0.10895389318466187,0.9097609519958496,-0.10253971815109253,0.7440785367401039,"[285.0, 231.0]"
normal_0215_EDD,normal,1,4,271,"[382.0, 186.0]",35.918785545899944,0.7334851264953612,0.027673959732055664,0.9866765737533569,-0.07568782567977905,-1.9644667396343247,"[485.0, 213.0]"
normal_0215_EDD,normal,2,1,272,"[476.0, 215.0]",35.918785545899944,0.7934500634670257,0.07963418960571289,0.9849900603294373,-0.12161415815353394,0.7433224894112469,"[485.0, 213.0]"
normal_0215_EDD,normal,3,4,273,"[381.0, 179.0]",45.254833995939045,0.734793221950531,0.032337307929992676,0.9818915128707886,-0.07565927505493164,-1.4177888917355874,"[485.0, 213.0]"
normal_0215_EDD,normal,4,4,274,"[386.0, 277.0]",57.01751796098172,0.7554899454116821,0.05211001634597778,0.9796844720840454,-0.08800399303436279,-1.0675319081003205,"[485.0, 213.0]"
normal_0218_EDD,normal,1,4,275,"[378.0, 223.0]",35.918785545899944,0.7386887848377228,0.03191012144088745,0.9910616278648376,-0.06517761945724487,-0.4097346231258825,"[328.0, 215.0]"
normal_0218_EDD,normal,2,4,276,"[355.0, 289.0]",35.918785545899944,0.7399321019649505,0.034598469734191895,0.9910992980003357,-0.05782061815261841,-1.1930536118090873,"[328.0, 215.0]"
normal_0219_EDD,normal,1,4,277,"[221.0, 260.0]",35.918785545899944,0.6811727404594421,0.02884364128112793,0.9220157265663147,-0.034590452909469604,-3.2918769795771565,"[102.0, 162.0]"
normal_0221_EDD,normal,1,4,278,"[340.0, 291.0]",35.918785545899944,0.7452990770339964,0.050764262676239014,0.9714401960372925,-0.07263338565826416,-3.430940830537886,"[487.0, 230.0]"
normal_0221_EDD,normal,2,3,279,"[426.0, 230.0]",90.50966799187809,0.8660752475261688,0.15787559747695923,0.9756353497505188,-0.12627452611923218,0.3260388491815719,"[487.0, 230.0]"
normal_0223_EDD,normal,1,4,280,"[363.0, 197.0]",35.918785545899944,0.6894657969474791,0.05470699071884155,0.8927930593490601,-0.04901832342147827,-2.1538603035657986,"[475.0, 214.0]"
normal_0224_EDD,normal,1,4,281,"[211.0, 202.0]",35.918785545899944,0.7366340994834899,0.054667770862579346,0.954221248626709,-0.07005727291107178,-2.048258004309558,"[103.0, 220.0]"
normal_0224_EDD,normal,2,4,282,"[202.0, 255.0]",35.918785545899944,0.7312113940715789,0.04782205820083618,0.9572584629058838,-0.06654205918312073,-1.923393990105915,"[103.0, 220.0]"
normal_0224_EDD,normal,3,3,283,"[148.0, 228.0]",90.50966799187809,0.7472456455230713,0.08792072534561157,0.9207271337509155,-0.07407963275909424,0.4950199184002403,"[103.0, 220.0]"
normal_0226_EDD,normal,1,4,284,"[379.0, 192.0]",35.918785545899944,0.7416428685188292,0.042217373847961426,0.9757245779037476,-0.08209145069122314,-1.7178457570670722,"[476.0, 203.0]"
normal_0226_EDD,normal,2,4,285,"[380.0, 183.0]",45.254833995939045,0.7392977774143219,0.04434400796890259,0.9698099493980408,-0.08043402433395386,-1.1668669779199643,"[476.0, 203.0]"
normal_0226_EDD,normal,3,1,286,"[466.0, 203.0]",45.254833995939045,0.7540005803108214,0.054084718227386475,0.9671003818511963,-0.11472797393798828,0.7790291308792039,"[476.0, 203.0]"
normal_0226_EDD,normal,4,2,287,"[444.0, 194.0]",71.83757109179989,0.7687808632850647,0.07870715856552124,0.9562011361122131,-0.10366454720497131,0.5372680371568996,"[476.0, 203.0]"
normal_0227_EDD,normal,1,4,288,"[347.0, 174.0]",35.918785545899944,0.6792413651943207,0.02962350845336914,0.9160408973693848,-0.04194614291191101,-2.9076123076829203,"[487.0, 184.0]"
normal_0230_EDD,normal,1,4,289,"[349.0, 175.0]",35.918785545899944,0.6897572338581085,0.03271359205245972,0.9252724647521973,-0.04676458239555359,-2.8819400586973516,"[488.0, 186.0]"
normal_0233_EDD,normal,1,4,290,"[246.0, 298.0]",57.01751796098172,0.7762890934944152,0.06292635202407837,0.9900000095367432,-0.1018136739730835,-0.8589123028894452,"[293.0, 203.0]"
normal_0234_EDD,normal,1,4,291,"[366.0, 169.0]",35.918785545899944,0.7070878624916076,0.022835910320281982,0.9633280634880066,-0.04961153864860535,-2.1743150771123068,"[476.0, 199.0]"
normal_0234_EDD,normal,2,1,292,"[466.0, 202.0]",35.918785545899944,0.7803753614425659,0.06644010543823242,0.9860882759094238,-0.11836731433868408,0.7093357598193548,"[476.0, 199.0]"
normal_0234_EDD,normal,3,4,293,"[378.0, 223.0]",35.918785545899944,0.7195392072200775,0.019250571727752686,0.9830607771873474,-0.0607304573059082,-1.809003269782115,"[476.0, 199.0]"
normal_0235_EDD,normal,1,1,294,"[116.0, 174.0]",35.918785545899944,0.7841044843196869,0.06811165809631348,0.9882286190986633,-0.12116396427154541,0.47470489390566417,"[100.0, 164.0]"
normal_0235_EDD,normal,2,4,295,"[139.0, 276.0]",35.918785545899944,0.7400328278541565,0.040523409843444824,0.9752476215362549,-0.08418041467666626,-2.3017806952813764,"[100.0, 164.0]"
normal_0235_EDD,normal,3,4,296,"[214.0, 207.0]",45.254833995939045,0.7308442890644073,0.03564298152923584,0.9709227681159973,-0.07777684926986694,-1.6923103751703663,"[100.0, 164.0]"
normal_0236_EDD,normal,1,4,297,"[322.0, 151.0]",35.918785545899944,0.6878517150878906,0.03850358724594116,0.9113665223121643,-0.05695781111717224,-2.677698066027954,"[437.0, 216.0]"
normal_0241_EDD,normal,1,4,298,"[173.0, 278.0]",35.918785545899944,0.734618079662323,0.052414119243621826,0.9513320922851562,-0.08135747909545898,-1.544483250726504,"[145.0, 191.0]"
normal_0242_EDD,normal,1,4,299,"[197.0, 225.0]",35.918785545899944,0.6620579242706299,0.0312349796295166,0.8902251720428467,-0.03832662105560303,-1.0062613978052957,"[269.0, 222.0]"
normal_0242_EDD,normal,2,4,300,"[284.0, 321.0]",35.918785545899944,0.7114503622055053,0.06857144832611084,0.8992090225219727,-0.06716299057006836,-1.7876754207549048,"[269.0, 222.0]"
normal_0242_EDD,normal,3,4,301,"[191.0, 221.0]",45.254833995939045,0.6639966487884521,0.03854089975357056,0.8823468685150146,-0.03906470537185669,-0.7237144213152014,"[269.0, 222.0]"
normal_0245_EDD,normal,1,4,302,"[303.0, 316.0]",35.918785545899944,0.7373854994773864,0.042049527168273926,0.97212815284729,-0.07423132658004761,-2.4085108872829255,"[261.0, 201.0]"
normal_0245_EDD,normal,2,4,303,"[302.0, 309.0]",45.254833995939045,0.739871460199356,0.04793161153793335,0.9673224091529846,-0.07407081127166748,-1.552667875233674,"[261.0, 201.0]"
normal_0246_EDD,normal,1,4,304,"[350.0, 210.0]",35.918785545899944,0.7299270689487457,0.0351446270942688,0.9748848080635071,-0.06181538105010986,-1.5062712480737273,"[440.0, 208.0]"
normal_0246_EDD,normal,2,4,305,"[350.0, 205.0]",45.254833995939045,0.7265055358409881,0.03728264570236206,0.9668685793876648,-0.06207442283630371,-0.9898423696991678,"[440.0, 208.0]"
normal_0246_EDD,normal,3,4,306,"[376.0, 310.0]",71.83757109179989,0.7579576849937438,0.06521522998809814,0.9620398879051208,-0.09657266736030579,-0.6762251835330801,"[440.0, 208.0]"
normal_0247_EDD,normal,1,4,307,"[240.0, 176.0]",45.254833995939045,0.7335667490959167,0.040138304233551025,0.9687785506248474,-0.07641729712486267,-0.9865268844141022,"[159.0, 215.0]"
normal_0248_EDD,normal,1,4,308,"[381.0, 248.0]",35.918785545899944,0.7240613162517547,0.02105402946472168,0.9937166571617126,-0.03702813386917114,-1.6797918844907165,"[297.0, 201.0]"
normal_0248_EDD,normal,2,4,309,"[322.0, 323.0]",35.918785545899944,0.73021959066391,0.0308493971824646,0.9909358620643616,-0.02857545018196106,-2.4671310210428357,"[297.0, 201.0]"
normal_0248_EDD,normal,3,4,310,"[381.0, 187.0]",57.01751796098172,0.7391316771507264,0.037292659282684326,0.9910804033279419,-0.04041367769241333,-0.49355283199894706,"[297.0, 201.0]"
normal_0248_EDD,normal,4,4,311,"[372.0, 190.0]",71.83757109179989,0.7478994250297546,0.04771101474761963,0.9888737797737122,-0.039883822202682495,-0.055191224883180734,"[297.0, 201.0]"
normal_0249_EDD,normal,1,4,312,"[373.0, 254.0]",35.918785545899944,0.6610980451107025,0.015891313552856445,0.9138029217720032,-0.02772343158721924,-2.224944533446019,"[476.0, 201.0]"
normal_0249_EDD,normal,2,4,313,"[373.0, 280.0]",57.01751796098172,0.6799942135810851,0.04152923822402954,0.9035496711730957,-0.02990102767944336,-1.2766257546724797,"[476.0, 201.0]"
normal_0250_EDD,normal,1,1,314,"[138.0, 199.0]",45.254833995939045,0.7849232673645019,0.08494478464126587,0.9674795866012573,-0.11371386051177979,0.6994471240363853,"[125.0, 203.0]"
normal_0251_EDD,normal,1,4,315,"[261.0, 314.0]",35.918785545899944,0.734134829044342,0.04923504590988159,0.9553446173667908,-0.08079275488853455,-1.9317338907362451,"[294.0, 214.0]"
normal_0251_EDD,normal,2,2,316,"[294.0, 208.0]",71.83757109179989,0.7806706964969635,0.08562648296356201,0.9608623385429382,-0.11220288276672363,0.9164782451743432,"[294.0, 214.0]"
normal_0252_EDD,normal,1,4,317,"[344.0, 212.0]",35.918785545899944,0.697364354133606,0.03313887119293213,0.9354561567306519,-0.047030866146087646,-1.4513947277588546,"[432.0, 209.0]"
normal_0252_EDD,normal,2,4,318,"[343.0, 205.0]",45.254833995939045,0.6925651550292968,0.03392130136489868,0.9275850653648376,-0.046671539545059204,-0.9686259881577302,"[432.0, 209.0]"
normal_0255_EDD,normal,1,4,319,"[225.0, 197.0]",45.254833995939045,0.6872412323951721,0.04856663942337036,0.8998492956161499,-0.04390043020248413,-1.8508667815683704,"[96.0, 195.0]"
normal_0257_EDD,normal,1,4,320,"[370.0, 203.0]",45.254833995939045,0.6884540319442749,0.04021662473678589,0.9108211398124695,-0.05331304669380188,-1.8429772301673464,"[498.0, 190.0]"
normal_0259_EDD,normal,1,4,321,"[301.0, 323.0]",57.01751796098172,0.6851551622152328,0.06716901063919067,0.8680387735366821,-0.051795050501823425,-2.152878326321683,"[415.0, 184.0]"
normal_0259_EDD,normal,2,4,322,"[448.0, 72.0]",456.14014368785377,0.49779343977570534,-0.025650620460510254,0.7471062541007996,-0.0023484118282794952,0.7440250762374996,"[415.0, 184.0]"
normal_0260_EDD,normal,1,1,323,"[495.0, 239.0]",45.254833995939045,0.7920288562774658,0.08335435390472412,0.9771283864974976,-0.12342315912246704,0.629585325277197,"[511.0, 244.0]"
normal_0261_EDD,normal,1,4,324,"[258.0, 191.0]",35.918785545899944,0.6589542299509048,0.034870028495788574,0.8829131126403809,-0.030225113034248352,-2.045332428968871,"[152.0, 218.0]"
normal_0261_EDD,normal,2,4,325,"[282.0, 325.0]",35.918785545899944,0.6453404307365417,0.031046032905578613,0.8697377443313599,-0.027389883995056152,-3.6875641882191896,"[152.0, 218.0]"
normal_0261_EDD,normal,3,4,326,"[273.0, 174.0]",45.254833995939045,0.6603228360414505,0.03998887538909912,0.8770442605018616,-0.032014891505241394,-1.8450374832768022,"[152.0, 218.0]"
normal_0261_EDD,normal,4,4,327,"[237.0, 323.0]",45.254833995939045,0.6545087426900864,0.039077043533325195,0.8710172772407532,-0.02859802544116974,-1.9851520585223126,"[152.0, 218.0]"
normal_0264_EDD,normal,1,4,328,"[366.0, 264.0]",45.254833995939045,0.6518839657306671,0.03872722387313843,0.8658461570739746,-0.0353221595287323,-2.041461537032813,"[495.0, 216.0]"
normal_0266_EDD,normal,1,4,329,"[350.0, 186.0]",45.254833995939045,0.699878829717636,0.03694814443588257,0.931800127029419,-0.05335298180580139,-2.029558161885987,"[484.0, 215.0]"
normal_0267_EDD,normal,1,4,330,"[223.0, 242.0]",45.254833995939045,0.73099427819252,0.02906811237335205,0.9791714549064636,-0.08253073692321777,-1.7486680012780735,"[110.0, 190.0]"
normal_0267_EDD,normal,2,2,331,"[129.0, 188.0]",57.01751796098172,0.7783861279487609,0.07867741584777832,0.9663978815078735,-0.11615097522735596,0.6649280105876104,"[110.0, 190.0]"
normal_0267_EDD,normal,3,2,332,"[156.0, 198.0]",90.50966799187809,0.7993079781532287,0.10825353860855103,0.9564799070358276,-0.10759252309799194,0.4841383118994007,"[110.0, 190.0]"
normal_0268_EDD,normal,1,4,333,"[243.0, 296.0]",35.918785545899944,0.6710831433534622,0.025951802730560303,0.915374219417572,-0.021846935153007507,-2.410329608622125,"[325.0, 205.0]"
normal_0269_EDD,normal,1,4,334,"[214.0, 278.0]",35.918785545899944,0.7085055708885193,0.03886526823043823,0.9379670023918152,-0.06531700491905212,-1.714278560678662,"[197.0, 374.0]"
normal_0270_EDD,normal,1,4,335,"[359.0, 178.0]",35.918785545899944,0.6784489095211029,0.044485270977020264,0.892619788646698,-0.045648932456970215,-2.4513343325619354,"[481.0, 200.0]"
normal_0270_EDD,normal,2,4,336,"[380.0, 286.0]",45.254833995939045,0.6702011883258819,0.04367023706436157,0.8850778937339783,-0.03488212823867798,-1.9312599946524704,"[481.0, 200.0]"
normal_0271_EDD,normal,1,4,337,"[347.0, 181.0]",35.918785545899944,0.7221536874771117,0.01845782995223999,0.9879151582717896,-0.0607762336730957,-2.538493441659477,"[472.0, 204.0]"
normal_0272_EDD,normal,1,4,338,"[209.0, 132.0]",35.918785545899944,0.7263165056705474,0.02116227149963379,0.9946900010108948,-0.04435616731643677,-1.8023730403875762,"[275.0, 208.0]"
normal_0272_EDD,normal,2,4,339,"[182.0, 230.0]",35.918785545899944,0.7238370537757872,0.012534022331237793,0.9975908398628235,-0.0649472177028656,-1.6606336812411189,"[275.0, 208.0]"
normal_0272_EDD,normal,3,4,340,"[374.0, 201.0]",45.254833995939045,0.7346467733383178,0.025789260864257812,0.9953670501708984,-0.06050288677215576,-1.1930732574403438,"[275.0, 208.0]"
normal_0272_EDD,normal,4,4,341,"[367.0, 205.0]",57.01751796098172,0.7457895398139953,0.03811371326446533,0.9937941431999207,-0.060099631547927856,-0.6143968264409079,"[275.0, 208.0]"
normal_0272_EDD,normal,5,4,342,"[194.0, 218.0]",71.83757109179989,0.7437347829341888,0.037280499935150146,0.9925453662872314,-0.05836263298988342,-0.1361039685858616,"[275.0, 208.0]"
normal_0274_EDD,normal,1,4,343,"[241.0, 290.0]",35.918785545899944,0.6539139807224273,0.03636980056762695,0.8742746710777283,-0.027759552001953125,-2.5767296926528087,"[252.0, 418.0]"
normal_0276_EDD,normal,1,4,344,"[396.0, 277.0]",35.918785545899944,0.5858502238988875,0.03261226415634155,0.7834718823432922,-0.02403821051120758,-2.305417341728555,"[496.0, 213.0]"
normal_0277_EDD,normal,1,4,345,"[404.0, 323.0]",57.01751796098172,0.7552714347839354,0.047125399112701416,0.9831879734992981,-0.09957227110862732,-2.1417856410702454,"[517.0, 184.0]"
normal_0279_EDD,normal,1,4,346,"[371.0, 227.0]",35.918785545899944,0.6794402718544006,0.04246640205383301,0.8975070118904114,-0.043594807386398315,-2.349327665824077,"[488.0, 199.0]"
normal_0280_EDD,normal,1,4,347,"[373.0, 254.0]",35.918785545899944,0.6720367968082427,0.026734471321105957,0.912733793258667,-0.03194335103034973,-2.8056154961714266,"[491.0, 185.0]"
normal_0283_EDD,normal,1,4,348,"[273.0, 311.0]",35.918785545899944,0.6219159245491028,0.039534926414489746,0.8226653933525085,-0.03257611393928528,-2.6224869932843724,"[290.0, 182.0]"
normal_0284_EDD,normal,1,2,349,"[309.0, 217.0]",57.01751796098172,0.7494887948036194,0.051390647888183594,0.964391827583313,-0.1151193380355835,0.8345424096062464,"[317.0, 212.0]"
normal_0286_EDD,normal,1,4,350,"[240.0, 191.0]",45.254833995939045,0.7539860248565674,0.04396253824234009,0.984626293182373,-0.10392540693283081,-1.788526296496054,"[114.0, 184.0]"
normal_0286_EDD,normal,2,1,351,"[125.0, 200.0]",45.254833995939045,0.7823433816432952,0.07285046577453613,0.978125274181366,-0.12402611970901489,0.5709521806954381,"[114.0, 184.0]"
normal_0290_EDD,normal,1,4,352,"[361.0, 276.0]",35.918785545899944,0.7372205793857574,0.0298537015914917,0.9916741251945496,-0.06597495079040527,-0.7956637733190486,"[329.0, 220.0]"
normal_0290_EDD,normal,2,4,353,"[259.0, 179.0]",45.254833995939045,0.7414003312587737,0.029820799827575684,0.9937893748283386,-0.07963484525680542,-0.7925899994839867,"[329.0, 220.0]"
normal_0290_EDD,normal,3,4,354,"[271.0, 309.0]",45.254833995939045,0.7532701671123504,0.04161536693572998,0.9914911389350891,-0.08805501461029053,-1.3473930020876348,"[329.0, 220.0]"
normal_0290_EDD,normal,4,4,355,"[276.0, 301.0]",57.01751796098172,0.7668733537197112,0.05684161186218262,0.9892194867134094,-0.08789050579071045,-0.6977021060243609,"[329.0, 220.0]"
normal_0292_EDD,normal,1,4,356,"[398.0, 171.0]",35.918785545899944,0.5796802222728729,0.027092576026916504,0.7841424942016602,-0.018439501523971558,-1.9496570914597422,"[498.0, 206.0]"
normal_0292_EDD,normal,2,4,357,"[223.0, 194.0]",35.918785545899944,0.5344673298299313,0.03088933229446411,0.7170975208282471,-0.008048664778470993,-6.663446563761895,"[498.0, 206.0]"
normal_0293_EDD,normal,1,4,358,"[417.0, 152.0]",35.918785545899944,0.6496545791625976,0.03802257776260376,0.8650091886520386,-0.030627846717834473,-1.1175322696261838,"[476.0, 200.0]"
normal_0293_EDD,normal,2,4,359,"[387.0, 301.0]",35.918785545899944,0.6542952150106429,0.0551643967628479,0.846478283405304,-0.03298009932041168,-2.7478432511302846,"[476.0, 200.0]"
normal_0296_EDD,normal,1,4,360,"[172.0, 275.0]",45.254833995939045,0.73289954662323,0.042775869369506836,0.9626388549804688,-0.0813823938369751,-1.8316190432771848,"[86.0, 180.0]"
normal_0297_EDD,normal,1,4,361,"[339.0, 178.0]",35.918785545899944,0.6484523087739944,0.05139458179473877,0.8423051834106445,-0.03722049295902252,-2.750530840755797,"[467.0, 220.0]"
normal_0299_EDD,normal,1,4,362,"[329.0, 183.0]",35.918785545899944,0.7175565302371978,0.03153759241104126,0.9626855850219727,-0.060695141553878784,-3.363517680008804,"[482.0, 217.0]"
normal_0299_EDD,normal,2,1,363,"[461.0, 215.0]",45.254833995939045,0.7732773780822754,0.06392884254455566,0.9795007705688477,-0.11848998069763184,0.5338614409319906,"[482.0, 217.0]"
normal_0299_EDD,normal,3,2,364,"[432.0, 204.0]",71.83757109179989,0.7824495971202851,0.08186304569244385,0.9681694507598877,-0.114339679479599,0.28084476371925793,"[482.0, 217.0]"
normal_0300_EDD,normal,1,4,365,"[259.0, 170.0]",35.918785545899944,0.7293819129467011,0.027573704719543457,0.9840592741966248,-0.06483358144760132,-0.6750687672632956,"[281.0, 226.0]"
normal_0301_EDD,normal,1,2,366,"[460.0, 220.0]",71.83757109179989,0.7951533377170562,0.10175579786300659,0.9552364945411682,-0.12365996837615967,0.4980967172656042,"[496.0, 218.0]"
normal_0302_EDD,normal,1,4,367,"[250.0, 184.0]",35.918785545899944,0.6924263834953308,0.052810072898864746,0.8985133767127991,-0.05328473448753357,-3.038420556727524,"[105.0, 180.0]"
normal_0303_EDD,normal,1,4,368,"[329.0, 285.0]",35.918785545899944,0.6666893005371093,0.03414183855056763,0.8942221999168396,-0.03295961022377014,-2.814464948781408,"[253.0, 171.0]"
normal_0305_EDD,normal,1,4,369,"[362.0, 182.0]",35.918785545899944,0.6419605880975723,0.038524329662323,0.8542063236236572,-0.02745915949344635,-3.1744169719656057,"[503.0, 233.0]"
normal_0305_EDD,normal,2,4,370,"[372.0, 192.0]",45.254833995939045,0.651503112912178,0.04729658365249634,0.8556084632873535,-0.026403024792671204,-2.033182373761921,"[503.0, 233.0]"
normal_0309_EDD,normal,1,2,371,"[142.0, 193.0]",57.01751796098172,0.7928328335285186,0.10429775714874268,0.9485970139503479,-0.12258583307266235,0.6663078599201646,"[123.0, 192.0]"
normal_0311_EDD,normal,1,4,372,"[374.0, 196.0]",35.918785545899944,0.7487572729587554,0.039321720600128174,0.9889368414878845,-0.08589881658554077,-1.8261964972175777,"[278.0, 229.0]"
normal_0315_EDD,normal,1,4,373,"[379.0, 218.0]",35.918785545899944,0.7357398271560668,0.040451884269714355,0.9712119102478027,-0.07719802856445312,-2.4773993944769876,"[503.0, 203.0]"
normal_0315_EDD,normal,2,3,374,"[460.0, 210.0]",90.50966799187809,0.8042556583881378,0.11173784732818604,0.953291654586792,-0.12606826424598694,0.5186586937265825,"[503.0, 203.0]"
normal_0316_EDD,normal,1,4,375,"[226.0, 257.0]",35.918785545899944,0.6508497416973114,0.03517669439315796,0.8717396259307861,-0.027276545763015747,-2.7315732101042216,"[117.0, 179.0]"
normal_0319_EDD,normal,1,4,376,"[272.0, 150.0]",35.918785545899944,0.7473035871982574,0.03583735227584839,0.991442859172821,-0.08728116750717163,-1.3401001197359785,"[320.0, 219.0]"
normal_0319_EDD,normal,2,4,377,"[274.0, 157.0]",45.254833995939045,0.7498655498027801,0.04023212194442749,0.9882729649543762,-0.08921176195144653,-0.7059180079945224,"[320.0, 219.0]"
normal_0319_EDD,normal,3,4,378,"[377.0, 208.0]",45.254833995939045,0.7388523399829865,0.03284329175949097,0.9873881936073303,-0.07418656349182129,-0.2827734844858618,"[320.0, 219.0]"
normal_0320_EDD,normal,1,4,379,"[382.0, 258.0]",35.918785545899944,0.7162116706371306,0.023502349853515625,0.9718465209007263,-0.06208378076553345,-1.681526752098733,"[476.0, 237.0]"
normal_0320_EDD,normal,2,4,380,"[347.0, 177.0]",45.254833995939045,0.7405299305915832,0.041536569595336914,0.9730582237243652,-0.08926302194595337,-2.1437717444576023,"[476.0, 237.0]"
normal_0320_EDD,normal,3,1,381,"[474.0, 210.0]",45.254833995939045,0.8075874269008636,0.10214006900787354,0.9702685475349426,-0.13129687309265137,0.4017440712788548,"[476.0, 237.0]"
normal_0321_EDD,normal,1,4,382,"[305.0, 307.0]",35.918785545899944,0.7330915689468384,0.028257131576538086,0.9919469356536865,-0.05235791206359863,-0.5069962301962128,"[316.0, 254.0]"
normal_0322_EDD,normal,1,4,383,"[293.0, 158.0]",35.918785545899944,0.7307255327701568,0.02176964282989502,0.9931332468986511,-0.06881308555603027,-1.4439530472777724,"[352.0, 223.0]"
normal_0323_EDD,normal,1,1,384,"[492.0, 196.0]",45.254833995939045,0.7815479695796966,0.07011622190475464,0.9824568629264832,-0.11855971813201904,0.7204915028125263,"[504.0, 200.0]"
normal_0324_EDD,normal,1,4,385,"[365.0, 166.0]",35.918785545899944,0.737188321352005,0.02626490592956543,0.9915279746055603,-0.08426916599273682,-3.0109771396227307,"[505.0, 200.0]"
normal_0324_EDD,normal,2,1,386,"[493.0, 196.0]",45.254833995939045,0.7766399681568145,0.06773024797439575,0.9829395413398743,-0.10426020622253418,0.7204915028125263,"[505.0, 200.0]"
normal_0324_EDD,normal,3,4,387,"[379.0, 181.0]",57.01751796098172,0.7452831983566284,0.0385250449180603,0.98883455991745,-0.07286980748176575,-1.2348304871804952,"[505.0, 200.0]"
normal_0325_EDD,normal,1,4,388,"[293.0, 151.0]",35.918785545899944,0.7290628254413604,0.02258479595184326,0.9931467175483704,-0.056376636028289795,-1.5785251795273676,"[350.0, 224.0]"
normal_0325_EDD,normal,2,4,389,"[283.0, 305.0]",45.254833995939045,0.7330241739749908,0.030634284019470215,0.9914442300796509,-0.04189464449882507,-1.3228232417685164,"[350.0, 224.0]"
normal_0329_EDD,normal,1,2,390,"[144.0, 190.0]",57.01751796098172,0.7802461087703705,0.07989698648452759,0.9651407599449158,-0.12375295162200928,0.412003355680564,"[112.0, 180.0]"
normal_0330_EDD,normal,1,4,391,"[369.0, 183.0]",45.254833995939045,0.7447439432144164,0.05950367450714111,0.9537031650543213,-0.08824026584625244,-2.2098633391859535,"[494.0, 257.0]"
normal_0330_EDD,normal,2,4,392,"[382.0, 272.0]",45.254833995939045,0.7172276079654694,0.040386080741882324,0.9484154582023621,-0.06475353240966797,-1.4969708210649957,"[494.0, 257.0]"
normal_0330_EDD,normal,3,3,393,"[408.0, 222.0]",114.03503592196344,0.8036577939987182,0.1503220796585083,0.913722574710846,-0.06864956021308899,0.1857823380257695,"[494.0, 257.0]"
normal_0332_EDD,normal,1,4,394,"[194.0, 203.0]",35.918785545899944,0.7179637670516967,0.02779179811477661,0.9647842645645142,-0.07411491870880127,-2.2717129651616217,"[77.0, 192.0]"
normal_0332_EDD,normal,2,3,395,"[166.0, 214.0]",114.03503592196344,0.7680542171001433,0.1044389009475708,0.9294961094856262,-0.06484019756317139,0.19604719430062623,"[77.0, 192.0]"
normal_0333_EDD,normal,1,1,396,"[282.0, 215.0]",57.01751796098172,0.7414914786815643,0.03992074728012085,0.9696339964866638,-0.11413466930389404,0.622209805006266,"[262.0, 207.0]"
normal_0334_EDD,normal,1,4,397,"[225.0, 156.0]",35.918785545899944,0.7122169375419617,0.024995148181915283,0.9641050100326538,-0.061741411685943604,-3.261064964308357,"[77.0, 195.0]"
normal_0334_EDD,normal,2,4,398,"[193.0, 202.0]",35.918785545899944,0.7298771917819976,0.028216242790222168,0.9792136549949646,-0.08105695247650146,-2.235382633412193,"[77.0, 195.0]"
normal_0334_EDD,normal,3,4,399,"[219.0, 280.0]",35.918785545899944,0.7333724498748779,0.03649914264678955,0.9697479009628296,-0.09024888277053833,-3.607511668521843,"[77.0, 195.0]"
normal_0334_EDD,normal,4,4,400,"[184.0, 218.0]",90.50966799187809,0.7499840438365936,0.06808799505233765,0.9521427154541016,-0.07698073983192444,-0.2091973383716157,"[77.0, 195.0]"
normal_0335_EDD,normal,1,1,401,"[121.0, 183.0]",45.254833995939045,0.7637914121150969,0.057179272174835205,0.981646716594696,-0.09729719161987305,0.8317135997770467,"[114.0, 180.0]"
normal_0336_EDD,normal,1,4,402,"[254.0, 150.0]",35.918785545899944,0.7324418365955352,0.026263654232025146,0.9881530404090881,-0.07235527038574219,-0.8096380212225638,"[270.0, 213.0]"
normal_0337_EDD,normal,1,4,403,"[358.0, 179.0]",57.01751796098172,0.7617255508899687,0.04514575004577637,0.9887699484825134,-0.12220418453216553,-1.5862553255388248,"[501.0, 215.0]"
normal_0342_EDD,normal,1,4,404,"[235.0, 190.0]",35.918785545899944,0.6527733623981475,0.030809402465820312,0.8815082311630249,-0.024540990591049194,-2.2574674128865646,"[118.0, 191.0]"
normal_0342_EDD,normal,2,4,405,"[239.0, 182.0]",45.254833995939045,0.6597972869873047,0.04271918535232544,0.8745535612106323,-0.024453043937683105,-1.6811334473502058,"[118.0, 191.0]"
normal_0344_EDD,normal,1,4,406,"[227.0, 264.0]",35.918785545899944,0.6519667267799377,0.026171207427978516,0.8852469325065613,-0.030613332986831665,-3.288263527469841,"[109.0, 165.0]"
normal_0345_EDD,normal,1,4,407,"[370.0, 180.0]",45.254833995939045,0.6773914575576783,0.039005279541015625,0.9013018012046814,-0.0373745858669281,-1.8298078556679425,"[494.0, 212.0]"
normal_0346_EDD,normal,1,4,408,"[387.0, 187.0]",35.918785545899944,0.6237105160951615,0.020357251167297363,0.859115719795227,-0.009861305356025696,-1.185973517102307,"[309.0, 196.0]"
normal_0349_EDD,normal,1,1,409,"[130.0, 185.0]",45.254833995939045,0.7722704470157623,0.060980260372161865,0.982839047908783,-0.11651426553726196,0.8317135997770467,"[123.0, 188.0]"
normal_0349_EDD,normal,2,4,410,"[241.0, 297.0]",45.254833995939045,0.7275552988052367,0.034907758235931396,0.9709874391555786,-0.06478166580200195,-2.549661625598981,"[123.0, 188.0]"
normal_0349_EDD,normal,3,2,411,"[146.0, 206.0]",71.83757109179989,0.7613374829292298,0.06306743621826172,0.9672759771347046,-0.10588431358337402,0.5934416588821125,"[123.0, 188.0]"
normal_0350_EDD,normal,1,4,412,"[182.0, 184.0]",35.918785545899944,0.7348748385906219,0.031172215938568115,0.9834468960762024,-0.07644897699356079,-1.6855704181753564,"[274.0, 213.0]"
normal_0350_EDD,normal,2,4,413,"[180.0, 192.0]",45.254833995939045,0.7368623673915863,0.03407067060470581,0.9814698100090027,-0.07881414890289307,-1.1283291935811994,"[274.0, 213.0]"
normal_0350_EDD,normal,3,2,414,"[277.0, 208.0]",57.01751796098172,0.7481717109680176,0.040962398052215576,0.9796404838562012,-0.10730487108230591,0.897734028008102,"[274.0, 213.0]"
normal_0351_EDD,normal,1,4,415,"[370.0, 156.0]",45.254833995939045,0.6801038801670074,0.042792558670043945,0.8975743651390076,-0.045046329498291016,-2.3820816906899216,"[515.0, 205.0]"
normal_0353_EDD,normal,1,4,416,"[224.0, 173.0]",35.918785545899944,0.6715214431285857,0.01715463399887085,0.9283310770988464,-0.022675275802612305,-2.0072986959175267,"[116.0, 175.0]"
normal_0353_EDD,normal,2,4,417,"[235.0, 289.0]",45.254833995939045,0.7164027929306029,0.04571598768234253,0.9402670860290527,-0.06249922513961792,-2.6414631545918454,"[116.0, 175.0]"
normal_0353_EDD,normal,3,4,418,"[231.0, 284.0]",57.01751796098172,0.728649914264679,0.06329852342605591,0.9325339198112488,-0.0628882348537445,-1.7789482170476645,"[116.0, 175.0]"
normal_0353_EDD,normal,4,4,419,"[40.0, 160.0]",362.03867196751236,0.6839341029524804,0.1474853754043579,0.763484537601471,-0.010047756135463715,0.7860280472070433,"[116.0, 175.0]"
normal_0355_EDD,normal,1,4,420,"[299.0, 301.0]",35.918785545899944,0.7105461478233337,0.039780616760253906,0.9412722587585449,-0.05937474966049194,-1.389915984724122,"[287.0, 216.0]"
normal_0356_EDD,normal,1,4,421,"[249.0, 185.0]",35.918785545899944,0.6215398430824279,0.02627277374267578,0.8440410494804382,-0.022191673517227173,-2.5118886769870414,"[123.0, 179.0]"
normal_0357_EDD,normal,1,4,422,"[204.0, 126.0]",35.918785545899944,0.7488910138607024,0.0418391227722168,0.9872174859046936,-0.07999825477600098,-1.4566062669648177,"[135.0, 181.0]"
normal_0357_EDD,normal,2,4,423,"[88.0, 136.0]",362.03867196751236,0.7357667058706283,0.15373468399047852,0.8256126642227173,-0.02051578462123871,0.8202700457761354,"[135.0, 181.0]"
normal_0358_EDD,normal,1,4,424,"[348.0, 152.0]",35.918785545899944,0.7596721053123473,0.05489706993103027,0.9825828075408936,-0.08483535051345825,-1.0865585111287799,"[284.0, 191.0]"
normal_0359_EDD,normal,1,1,425,"[104.0, 186.0]",35.918785545899944,0.7483557701110839,0.03911638259887695,0.9897369742393494,-0.08211752772331238,0.7621299379846986,"[96.0, 189.0]"
normal_0359_EDD,normal,2,4,426,"[210.0, 277.0]",45.254833995939045,0.7294880032539367,0.018901407718658447,0.993401050567627,-0.07602930068969727,-2.182287404525242,"[96.0, 189.0]"
normal_0359_EDD,normal,3,4,427,"[218.0, 170.0]",57.01751796098172,0.740135395526886,0.029780328273773193,0.9929459095001221,-0.07646465301513672,-1.1654861295238064,"[96.0, 189.0]"
normal_0359_EDD,normal,4,4,428,"[201.0, 275.0]",57.01751796098172,0.7378521680831909,0.02812981605529785,0.9920468926429749,-0.07644763588905334,-1.3803909652594122,"[96.0, 189.0]"
normal_0360_EDD,normal,1,4,429,"[348.0, 180.0]",35.918785545899944,0.649165865778923,0.043653249740600586,0.856775164604187,-0.028850004076957703,-2.538493441659477,"[473.0, 203.0]"
normal_0360_EDD,normal,2,4,430,"[361.0, 184.0]",45.254833995939045,0.6535866379737854,0.04547923803329468,0.8607987761497498,-0.027741283178329468,-1.5102329635414318,"[473.0, 203.0]"
normal_0363_EDD,normal,1,4,431,"[355.0, 162.0]",45.254833995939045,0.6390807926654815,0.03667968511581421,0.8531622290611267,-0.02593773603439331,-2.0676773838280322,"[487.0, 205.0]"
normal_0364_EDD,normal,1,4,432,"[391.0, 298.0]",35.918785545899944,0.5979891538619995,0.022144019603729248,0.8185444474220276,-0.01432010531425476,-2.6475416497200475,"[468.0, 192.0]"
normal_0366_EDD,normal,1,4,433,"[395.0, 279.0]",57.01751796098172,0.7171874463558197,0.05464601516723633,0.9311819076538086,-0.05357047915458679,-1.2449926052199065,"[498.0, 203.0]"
normal_0368_EDD,normal,1,4,434,"[190.0, 279.0]",57.01751796098172,0.7467691361904144,0.05719524621963501,0.9609001278877258,-0.08471900224685669,-1.2240688011098442,"[106.0, 184.0]"
normal_0368_EDD,normal,2,3,435,"[146.0, 218.0]",90.50966799187809,0.7853644728660584,0.1086154580116272,0.9396374225616455,-0.09501409530639648,0.4199777752102942,"[106.0, 184.0]"
normal_0370_EDD,normal,1,2,436,"[322.0, 216.0]",71.83757109179989,0.8491050839424134,0.14966583251953125,0.9601031541824341,-0.1368352174758911,0.40078031807264936,"[344.0, 179.0]"
normal_0371_EDD,normal,1,4,437,"[391.0, 53.0]",35.918785545899944,0.6554611086845398,0.006510913372039795,0.9258637428283691,-0.004227876663208008,-3.530579403946021,"[502.0, 172.0]"
normal_0371_EDD,normal,2,4,438,"[393.0, 54.0]",35.918785545899944,0.6579965889453887,0.008009552955627441,0.9273449778556824,-0.004227757453918457,-3.4722934020962093,"[502.0, 172.0]"
normal_0371_EDD,normal,3,4,439,"[320.0, 59.0]",35.918785545899944,0.6728643596172332,0.0165899395942688,0.9359932541847229,-0.005395710468292236,-4.964191505268085,"[502.0, 172.0]"
normal_0371_EDD,normal,4,4,440,"[281.0, 211.0]",35.918785545899944,0.649526298046112,-0.030271828174591064,0.9665007591247559,-0.016237974166870117,-5.247839149083742,"[502.0, 172.0]"
normal_0371_EDD,normal,5,4,441,"[132.0, 258.0]",35.918785545899944,0.6760751962661743,0.000981450080871582,0.9628307819366455,-0.0055609941482543945,-9.575611827445552,"[502.0, 172.0]"
normal_0371_EDD,normal,6,4,442,"[521.0, 318.0]",35.918785545899944,0.6427134454250335,0.00269240140914917,0.9129514098167419,-0.004775285720825195,-3.0990002475066873,"[502.0, 172.0]"
normal_0371_EDD,normal,7,4,443,"[268.0, 374.0]",35.918785545899944,0.6599844753742218,0.0014455914497375488,0.9389578700065613,-0.006341874599456787,-7.6062989209212635,"[502.0, 172.0]"
normal_0371_EDD,normal,8,4,444,"[367.0, 382.0]",35.918785545899944,0.659010100364685,0.0027898550033569336,0.935840368270874,-0.005659937858581543,-5.950395200232364,"[502.0, 172.0]"
normal_0371_EDD,normal,9,4,445,"[313.0, 54.0]",45.254833995939045,0.6381293833255768,-0.005024075508117676,0.9172833561897278,-0.005275547504425049,-3.9234868392481763,"[502.0, 172.0]"
normal_0371_EDD,normal,10,4,446,"[416.0, 56.0]",45.254833995939045,0.6374982416629791,-0.0054184794425964355,0.917159378528595,-0.00452578067779541,-2.190868318342203,"[502.0, 172.0]"
normal_0371_EDD,normal,11,4,447,"[443.0, 254.0]",45.254833995939045,0.697148984670639,-0.00033533573150634766,0.9955174326896667,-0.0031105875968933105,-1.2322433013114855,"[502.0, 172.0]"
normal_0371_EDD,normal,12,4,448,"[561.0, 267.0]",45.254833995939045,0.6055285632610321,-0.02544403076171875,0.9003658890724182,-0.0035823583602905273,-1.4711222779336515,"[502.0, 172.0]"
normal_0371_EDD,normal,13,4,449,"[390.0, 273.0]",45.254833995939045,0.6972767591476441,-0.000685274600982666,0.9962707757949829,-0.0028624534606933594,-2.3325601316780467,"[502.0, 172.0]"
normal_0371_EDD,normal,14,4,450,"[387.0, 274.0]",45.254833995939045,0.6972735762596131,-0.0006987452507019043,0.9962856769561768,-0.0028617382049560547,-2.3967039400351036,"[502.0, 172.0]"
normal_0371_EDD,normal,15,4,451,"[259.0, 378.0]",45.254833995939045,0.6612598061561584,0.009766697883605957,0.9289155006408691,-0.006261289119720459,-6.039404993055165,"[502.0, 172.0]"
normal_0371_EDD,normal,16,4,452,"[370.0, 388.0]",45.254833995939045,0.6506766617298126,0.0035220980644226074,0.9228940606117249,-0.005643606185913086,-4.593662708816112,"[502.0, 172.0]"
normal_0371_EDD,normal,17,4,453,"[310.0, 44.0]",57.01751796098172,0.5976082623004912,-0.032674431800842285,0.8989458680152893,-0.005102932453155518,-3.047094469941781,"[502.0, 172.0]"
normal_0371_EDD,normal,18,4,454,"[248.0, 384.0]",57.01751796098172,0.6588071882724762,0.0174863338470459,0.9144814610481262,-0.005919158458709717,-4.802556980343242,"[502.0, 172.0]"
normal_0371_EDD,normal,19,4,455,"[373.0, 397.0]",57.01751796098172,0.6501995801925659,0.012179315090179443,0.9099297523498535,-0.005347192287445068,-3.5487230281769753,"[502.0, 172.0]"
normal_0371_EDD,normal,20,4,456,"[134.0, 136.0]",71.83757109179989,0.6685809791088104,0.0217474102973938,0.923073947429657,-0.0034090280532836914,-4.147121083421191,"[502.0, 172.0]"
normal_0372_EDD,normal,1,2,457,"[112.0, 183.0]",57.01751796098172,0.7339277684688568,0.02901703119277954,0.9898106455802917,-0.060216426849365234,0.4188438178905385,"[79.0, 186.0]"
normal_0374_EDD,normal,1,4,458,"[215.0, 188.0]",35.918785545899944,0.6215419143438339,0.016096174716949463,0.8603920340538025,-0.015856578946113586,-2.0072986959175267,"[107.0, 186.0]"
normal_0381_EDD,normal,1,4,459,"[369.0, 202.0]",35.918785545899944,0.7171466767787933,0.0374874472618103,0.9507505893707275,-0.07066908478736877,-2.7650724334887875,"[504.0, 194.0]"
normal_0383_EDD,normal,1,4,460,"[157.0, 282.0]",35.918785545899944,0.7253737568855285,0.03336524963378906,0.9706894159317017,-0.0626295804977417,-1.628245591683807,"[101.0, 206.0]"
normal_0383_EDD,normal,2,1,461,"[112.0, 201.0]",45.254833995939045,0.7792870044708252,0.07637333869934082,0.9703265428543091,-0.11842542886734009,0.7329998829588271,"[101.0, 206.0]"
normal_0384_EDD,normal,1,4,462,"[275.0, 290.0]",35.918785545899944,0.716956740617752,0.026572346687316895,0.9679946899414062,-0.06394055485725403,-2.022338818257526,"[331.0, 197.0]"
normal_0384_EDD,normal,2,4,463,"[282.0, 284.0]",45.254833995939045,0.7141254425048827,0.0267145037651062,0.9641714096069336,-0.06245476007461548,-1.2063916385129816,"[331.0, 197.0]"
normal_0385_EDD,normal,1,4,464,"[325.0, 293.0]",35.918785545899944,0.7347572386264801,0.03386133909225464,0.9768518805503845,-0.0854979157447815,-1.8879155645884618,"[267.0, 207.0]"
normal_0387_EDD,normal,1,4,465,"[396.0, 154.0]",35.918785545899944,0.7403542339801789,0.033755481243133545,0.9920030832290649,-0.060982972383499146,-2.609626052117545,"[273.0, 195.0]"
normal_0387_EDD,normal,2,4,466,"[354.0, 256.0]",35.918785545899944,0.7228636741638184,0.015855848789215088,0.9966861009597778,-0.046637773513793945,-1.8230408043414923,"[273.0, 195.0]"
normal_0387_EDD,normal,3,4,467,"[307.0, 341.0]",35.918785545899944,0.7378352165222167,0.03534430265426636,0.9904733896255493,-0.04579770565032959,-3.1734884777767665,"[273.0, 195.0]"
normal_0387_EDD,normal,4,4,468,"[386.0, 163.0]",45.254833995939045,0.7473215878009796,0.04071009159088135,0.9922770857810974,-0.06008768081665039,-1.5951615135189563,"[273.0, 195.0]"
normal_0387_EDD,normal,5,4,469,"[376.0, 166.0]",57.01751796098172,0.7594084501266479,0.05443274974822998,0.9905750155448914,-0.05786594748497009,-0.8766981906927098,"[273.0, 195.0]"
normal_0387_EDD,normal,6,4,470,"[202.0, 171.0]",57.01751796098172,0.7374693393707275,0.031778156757354736,0.9930043816566467,-0.052940577268600464,-0.31444949500422803,"[273.0, 195.0]"
normal_0389_EDD,normal,1,4,471,"[223.0, 190.0]",35.918785545899944,0.6638990759849548,0.02943629026412964,0.8996115326881409,-0.023673564195632935,-2.1674707119826313,"[111.0, 210.0]"
normal_0389_EDD,normal,2,4,472,"[196.0, 319.0]",35.918785545899944,0.6781010866165161,0.030424892902374268,0.9130879044532776,-0.04257330298423767,-2.848249684496923,"[111.0, 210.0]"
normal_0389_EDD,normal,3,4,473,"[190.0, 314.0]",45.254833995939045,0.687126326560974,0.04087686538696289,0.9109919667243958,-0.04277542233467102,-1.8859336931485449,"[111.0, 210.0]"
normal_0394_EDD,normal,1,4,474,"[231.0, 294.0]",35.918785545899944,0.7277491629123687,0.022692859172821045,0.9903853535652161,-0.05893278121948242,-1.9322626074025342,"[253.0, 191.0]"
normal_0397_EDD,normal,1,4,475,"[264.0, 297.0]",35.918785545899944,0.6672458946704865,0.03332453966140747,0.8970687389373779,-0.029866188764572144,-1.40543298355013,"[316.0, 228.0]"
normal_0400_EDD,normal,1,4,476,"[304.0, 300.0]",35.918785545899944,0.6886584281921386,0.03141659498214722,0.9262807369232178,-0.04422658681869507,0.06081859188257843,"[271.0, 307.0]"
normal_0401_EDD,normal,1,4,477,"[242.0, 285.0]",45.254833995939045,0.6533641755580901,0.043146491050720215,0.8641753792762756,-0.026474595069885254,-1.9438926451638818,"[324.0, 180.0]"
normal_0402_EDD,normal,1,4,478,"[270.0, 151.0]",35.918785545899944,0.7307013630867004,0.02326977252960205,0.9919934272766113,-0.0651809573173523,-0.1536219301526811,"[264.0, 192.0]"
normal_0402_EDD,normal,2,4,479,"[353.0, 194.0]",35.918785545899944,0.7354876995086669,0.02640819549560547,0.9917147159576416,-0.07439601421356201,-1.4784376119861884,"[264.0, 192.0]"
normal_0402_EDD,normal,3,4,480,"[313.0, 284.0]",35.918785545899944,0.7297741711139678,0.020951390266418457,0.9932435154914856,-0.06776160001754761,-1.9019720219244811,"[264.0, 192.0]"
normal_0403_EDD,normal,1,4,481,"[338.0, 169.0]",45.254833995939045,0.7455304563045502,0.03209388256072998,0.9915453791618347,-0.09677404165267944,-2.3924606206262733,"[487.0, 206.0]"
normal_0403_EDD,normal,2,1,482,"[469.0, 210.0]",45.254833995939045,0.784626030921936,0.0703660249710083,0.9885164499282837,-0.11149245500564575,0.5925498496748345,"[487.0, 206.0]"
normal_0403_EDD,normal,3,4,483,"[366.0, 298.0]",45.254833995939045,0.7476539969444274,0.033610999584198,0.9914023876190186,-0.10030663013458252,-2.3588298976354842,"[487.0, 206.0]"
normal_0403_EDD,normal,4,4,484,"[352.0, 178.0]",57.01751796098172,0.7421401619911194,0.03147900104522705,0.9880894422531128,-0.0949927568435669,-1.4180836875676914,"[487.0, 206.0]"
normal_0405_EDD,normal,1,4,485,"[371.0, 179.0]",35.918785545899944,0.7020717203617095,0.032262444496154785,0.939825713634491,-0.059656381607055664,-2.2479356663002705,"[484.0, 208.0]"
normal_0406_EDD,normal,1,4,486,"[196.0, 181.0]",35.918785545899944,0.7026235878467559,0.025744497776031494,0.9543421864509583,-0.044197797775268555,-1.495268241864527,"[108.0, 198.0]"
normal_0406_EDD,normal,2,4,487,"[217.0, 269.0]",35.918785545899944,0.7112928807735442,0.035330116748809814,0.9491734504699707,-0.057706743478775024,-2.621631018084974,"[108.0, 198.0]"
normal_0408_EDD,normal,1,4,488,"[406.0, 256.0]",35.918785545899944,0.6880118370056152,0.02749699354171753,0.930440366268158,-0.04603293538093567,-2.9105865151217696,"[513.0, 165.0]"
normal_0408_EDD,normal,2,4,489,"[406.0, 267.0]",45.254833995939045,0.7029440701007843,0.045671701431274414,0.9262121319770813,-0.04461938142776489,-2.2665593758953775,"[513.0, 165.0]"
normal_0410_EDD,normal,1,4,490,"[344.0, 303.0]",35.918785545899944,0.6852701842784881,0.041687846183776855,0.9038659334182739,-0.05438092350959778,-3.298644015334058,"[468.0, 211.0]"
normal_0410_EDD,normal,2,4,491,"[342.0, 313.0]",45.254833995939045,0.6895731210708618,0.049954891204833984,0.8982216715812683,-0.05431529879570007,-2.582182470226775,"[468.0, 211.0]"
normal_0411_EDD,normal,1,2,492,"[301.0, 200.0]",57.01751796098172,0.7783652424812316,0.10835891962051392,0.9221086502075195,-0.12265133857727051,0.8501512508635615,"[309.0, 197.0]"
normal_0412_EDD,normal,1,4,493,"[405.0, 308.0]",45.254833995939045,0.7045545935630798,0.04744529724121094,0.9280956387519836,-0.03721174597740173,-1.1407960698067434,"[424.0, 213.0]"
normal_0412_EDD,normal,2,3,494,"[384.0, 196.0]",71.83757109179989,0.7362772941589355,0.06576597690582275,0.9318085312843323,-0.091226726770401,0.3949875119154379,"[424.0, 213.0]"
normal_0413_EDD,normal,1,4,495,"[330.0, 317.0]",35.918785545899944,0.7301290690898895,0.0531269907951355,0.9450613260269165,-0.07729575037956238,-1.1379321570007144,"[319.0, 241.0]"
normal_0414_EDD,normal,1,4,496,"[179.0, 325.0]",45.254833995939045,0.6917428970336914,0.03131347894668579,0.9320521950721741,-0.03996440768241882,-1.950436937980542,"[141.0, 197.0]"
normal_0414_EDD,normal,2,2,497,"[166.0, 206.0]",57.01751796098172,0.7610655426979065,0.06736177206039429,0.9547144174575806,-0.12701839208602905,0.5339912809014993,"[141.0, 197.0]"
normal_0415_EDD,normal,1,4,498,"[358.0, 192.0]",45.254833995939045,0.713521260023117,0.047859251499176025,0.9316422939300537,-0.06756201386451721,-2.620956796897748,"[512.0, 248.0]"
normal_0416_EDD,normal,1,4,499,"[278.0, 348.0]",35.918785545899944,0.7099202215671538,0.04443025588989258,0.9337561726570129,-0.059303224086761475,-2.964816008829492,"[258.0, 207.0]"
normal_0416_EDD,normal,2,2,500,"[276.0, 210.0]",57.01751796098172,0.7563128113746643,0.06321370601654053,0.9582267999649048,-0.11170172691345215,0.6799529645716542,"[258.0, 207.0]"
normal_0417_EDD,normal,1,4,501,"[260.0, 125.0]",35.918785545899944,0.6881068110466003,0.05381119251251221,0.8939792513847351,-0.0425507128238678,-2.2679202231648263,"[343.0, 208.0]"
normal_0417_EDD,normal,2,1,502,"[330.0, 213.0]",57.01751796098172,0.7738472759723664,0.08082425594329834,0.9501084685325623,-0.13973546028137207,0.7557173869491196,"[343.0, 208.0]"
normal_0419_EDD,normal,1,4,503,"[422.0, 308.0]",35.918785545899944,0.606795272231102,0.05071932077407837,0.7864269018173218,-0.027885600924491882,-2.5918670685440386,"[501.0, 206.0]"
normal_0419_EDD,normal,2,4,504,"[397.0, 310.0]",45.254833995939045,0.6091564774513244,0.059622228145599365,0.7766826748847961,-0.02928188443183899,-2.2499999999999996,"[501.0, 206.0]"
normal_0422_EDD,normal,1,4,505,"[335.0, 266.0]",35.918785545899944,0.6708042621612549,0.02886795997619629,0.907002866268158,-0.03517147898674011,-1.965904437143438,"[425.0, 209.0]"
normal_0422_EDD,normal,2,4,506,"[334.0, 273.0]",45.254833995939045,0.6711203038692474,0.032433271408081055,0.9026117920875549,-0.03429388999938965,-1.4583443679130879,"[425.0, 209.0]"
normal_0422_EDD,normal,3,4,507,"[316.0, 292.0]",71.83757109179989,0.6759910434484481,0.05131983757019043,0.8838876485824585,-0.02974925935268402,-0.9071308718296007,"[425.0, 209.0]"
normal_0423_EDD,normal,1,4,508,"[341.0, 198.0]",35.918785545899944,0.7457995891571044,0.056588828563690186,0.9606256484985352,-0.08386403322219849,-1.407365575975065,"[427.0, 189.0]"
normal_0423_EDD,normal,2,4,509,"[351.0, 276.0]",35.918785545899944,0.6839547216892242,0.03102022409439087,0.921742856502533,-0.038572490215301514,-2.216159989397325,"[427.0, 189.0]"
normal_0423_EDD,normal,3,2,510,"[388.0, 208.0]",71.83757109179989,0.7993309617042541,0.12191832065582275,0.9347560405731201,-0.11541706323623657,0.39610953895517087,"[427.0, 189.0]"
normal_0424_EDD,normal,1,4,511,"[233.0, 278.0]",35.918785545899944,0.624365684390068,0.024913311004638672,0.8504927754402161,-0.020537152886390686,-2.1504177604963397,"[139.0, 215.0]"
normal_0425_EDD,normal,1,4,512,"[370.0, 273.0]",35.918785545899944,0.6931875944137573,0.02976447343826294,0.9341432452201843,-0.04761424660682678,-2.5314769649246083,"[487.0, 224.0]"
normal_0427_EDD,normal,1,4,513,"[360.0, 196.0]",35.918785545899944,0.6149664908647536,0.03927934169769287,0.8156321048736572,-0.023723378777503967,-2.708967824004119,"[492.0, 214.0]"
normal_0427_EDD,normal,2,4,514,"[371.0, 201.0]",45.254833995939045,0.6194248229265212,0.043010830879211426,0.816733717918396,-0.02350194752216339,-1.6891346772707387,"[492.0, 214.0]"
normal_0429_EDD,normal,1,4,515,"[229.0, 180.0]",35.918785545899944,0.7121422708034515,0.03773123025894165,0.9478324055671692,-0.054641783237457275,-2.147464012434935,"[338.0, 210.0]"
normal_0429_EDD,normal,2,4,516,"[262.0, 303.0]",35.918785545899944,0.7142850816249847,0.04158991575241089,0.9425949454307556,-0.06439352035522461,-2.34376899634216,"[338.0, 210.0]"
normal_0429_EDD,normal,3,4,517,"[230.0, 176.0]",45.254833995939045,0.7126750230789184,0.042659878730773926,0.9415753483772278,-0.054562002420425415,-1.5019523626560116,"[338.0, 210.0]"
normal_0430_EDD,normal,1,4,518,"[268.0, 174.0]",35.918785545899944,0.6778830766677856,0.03401917219161987,0.9075175523757935,-0.04300808906555176,-2.01502095128071,"[160.0, 182.0]"
normal_0430_EDD,normal,2,4,519,"[224.0, 284.0]",35.918785545899944,0.6619848012924194,0.029224634170532227,0.8966565132141113,-0.025503039360046387,-2.3524503670661603,"[160.0, 182.0]"
normal_0431_EDD,normal,1,4,520,"[329.0, 177.0]",35.918785545899944,0.6827404141426087,0.040326833724975586,0.9061087965965271,-0.040687114000320435,-1.7121359907665457,"[422.0, 206.0]"
normal_0431_EDD,normal,2,4,521,"[353.0, 276.0]",45.254833995939045,0.7032700598239898,0.04464238882064819,0.9248003363609314,-0.056337177753448486,-1.1719312043087369,"[422.0, 206.0]"
normal_0434_EDD,normal,1,4,522,"[371.0, 208.0]",35.918785545899944,0.6929876565933227,0.033023297786712646,0.9268003106117249,-0.05602070689201355,-4.814484669768684,"[278.0, 395.0]"
normal_0434_EDD,normal,2,4,523,"[317.0, 302.0]",35.918785545899944,0.6600652426481247,0.016662120819091797,0.9105934500694275,-0.029938533902168274,-1.807623263179651,"[278.0, 395.0]"
normal_0434_EDD,normal,3,4,524,"[316.0, 306.0]",45.254833995939045,0.6716686993837356,0.030601024627685547,0.9072350263595581,-0.03001578152179718,-1.1383998471403798,"[278.0, 395.0]"
normal_0436_EDD,normal,1,4,525,"[201.0, 286.0]",45.254833995939045,0.6403793901205063,0.03977501392364502,0.8514427542686462,-0.022972241044044495,-1.921248261659731,"[122.0, 180.0]"
normal_0438_EDD,normal,1,4,526,"[268.0, 305.0]",57.01751796098172,0.7565658271312713,0.04603999853134155,0.9930737018585205,-0.07687118649482727,-2.3122178596512355,"[123.0, 184.0]"
normal_0438_EDD,normal,2,4,527,"[260.0, 296.0]",71.83757109179989,0.7715424656867981,0.06283199787139893,0.9908402562141418,-0.07561144232749939,-1.4632625212448147,"[123.0, 184.0]"
normal_0439_EDD,normal,1,4,528,"[395.0, 221.0]",45.254833995939045,0.7432781994342803,0.036100149154663086,0.9889727234840393,-0.07448571920394897,-0.41438618532916927,"[331.0, 222.0]"
normal_0441_EDD,normal,1,4,529,"[345.0, 136.0]",35.918785545899944,0.7309730112552643,0.018570423126220703,0.9945332407951355,-0.08114659786224365,-4.0969564801704,"[499.0, 235.0]"
normal_0441_EDD,normal,2,4,530,"[233.0, 184.0]",35.918785545899944,0.7479228556156159,0.031127512454986572,0.9926736354827881,-0.10961899161338806,-6.5404825077590285,"[499.0, 235.0]"
normal_0441_EDD,normal,3,3,531,"[460.0, 237.0]",35.918785545899944,0.7427944839000702,0.03512376546859741,0.9935811161994934,-0.06081968545913696,-0.08720959759706837,"[499.0, 235.0]"
normal_0441_EDD,normal,4,4,532,"[350.0, 143.0]",45.254833995939045,0.7354604184627532,0.023297488689422607,0.9940976500511169,-0.08147287368774414,-2.8695147668990746,"[499.0, 235.0]"
normal_0441_EDD,normal,5,4,533,"[360.0, 154.0]",57.01751796098172,0.7402539789676665,0.028279900550842285,0.9939897656440735,-0.0809062123298645,-1.8215685660972794,"[499.0, 235.0]"
normal_0442_EDD,normal,1,4,534,"[364.0, 248.0]",35.918785545899944,0.7487338662147521,0.03539586067199707,0.9914611577987671,-0.09657597541809082,-2.128196668220787,"[259.0, 208.0]"
normal_0442_EDD,normal,2,4,535,"[356.0, 237.0]",45.254833995939045,0.7474725782871247,0.035894691944122314,0.9908363223075867,-0.08996230363845825,-1.23715954113693,"[259.0, 208.0]"
normal_0442_EDD,normal,3,4,536,"[344.0, 227.0]",57.01751796098172,0.7510259091854095,0.04062932729721069,0.9898537993431091,-0.0874946117401123,-0.5275594144815183,"[259.0, 208.0]"
normal_0445_EDD,normal,1,4,537,"[218.0, 265.0]",45.254833995939045,0.6217589020729064,0.03244650363922119,0.8336721062660217,-0.028709620237350464,-5.513582563574365,"[509.0, 218.0]"
normal_0447_EDD,normal,1,4,538,"[148.0, 317.0]",45.254833995939045,0.7057623267173766,0.04858195781707764,0.9195606112480164,-0.06743970513343811,-1.6298318624961556,"[98.0, 209.0]"
normal_0451_EDD,normal,1,4,539,"[415.0, 281.0]",35.918785545899944,0.690048897266388,0.0372195839881897,0.9178724884986877,-0.051592856645584106,-1.8023730403875762,"[481.0, 205.0]"
normal_0451_EDD,normal,2,4,540,"[411.0, 276.0]",45.254833995939045,0.6878063261508942,0.039016664028167725,0.9124314785003662,-0.050438135862350464,-1.2031804071046928,"[481.0, 205.0]"
normal_0452_EDD,normal,1,4,541,"[266.0, 302.0]",35.918785545899944,0.7411664545536041,0.0418323278427124,0.9736617207527161,-0.08885461091995239,-2.5953180915641036,"[332.0, 191.0]"
normal_0453_EDD,normal,1,4,542,"[189.0, 244.0]",35.918785545899944,0.6474328011274337,0.028480708599090576,0.8756505846977234,-0.029983416199684143,-8.427234809925006,"[525.0, 202.0]"
normal_0454_EDD,normal,1,4,543,"[368.0, 198.0]",45.254833995939045,0.7307791292667388,0.024713337421417236,0.9941820502281189,-0.05069178342819214,-0.041380168934477046,"[323.0, 212.0]"
normal_0454_EDD,normal,2,3,544,"[360.0, 197.0]",57.01751796098172,0.7387743830680846,0.033762216567993164,0.9928438663482666,-0.05010730028152466,0.2997778405107756,"[323.0, 212.0]"
normal_0455_EDD,normal,1,1,545,"[60.0, 199.0]",45.254833995939045,0.7616018831729888,0.04584062099456787,0.9912925362586975,-0.10928243398666382,0.7339158380324,"[48.0, 200.0]"
normal_0455_EDD,normal,2,1,546,"[71.0, 194.0]",57.01751796098172,0.7568733453750609,0.043936073780059814,0.9862543344497681,-0.11279618740081787,0.5831153389687087,"[48.0, 200.0]"
normal_0456_EDD,normal,1,4,547,"[282.0, 127.0]",35.918785545899944,0.6544266164302825,0.028193116188049316,0.8887707591056824,-0.020469844341278076,-4.557666962923195,"[475.0, 178.0]"
normal_0456_EDD,normal,2,4,548,"[218.0, 155.0]",35.918785545899944,0.6701063811779022,0.04523426294326782,0.8864312171936035,-0.021851330995559692,-6.1836262400005735,"[475.0, 178.0]"
normal_0456_EDD,normal,3,4,549,"[258.0, 136.0]",57.01751796098172,0.6854526117444039,0.06685644388198853,0.8786230087280273,-0.017800308763980865,-2.8764778888676057,"[475.0, 178.0]"
normal_0457_EDD,normal,1,4,550,"[353.0, 171.0]",45.254833995939045,0.7236119568347931,0.0419696569442749,0.9532340168952942,-0.07189244031906128,-2.0917765170286806,"[492.0, 187.0]"
normal_0457_EDD,normal,2,4,551,"[371.0, 264.0]",45.254833995939045,0.6990218460559844,0.02544844150543213,0.9497742056846619,-0.04365730285644531,-2.1692184071944296,"[492.0, 187.0]"
normal_0459_EDD,normal,1,4,552,"[378.0, 271.0]",45.254833995939045,0.7461603045463561,0.057049453258514404,0.9601278305053711,-0.08510684967041016,-2.122655370433951,"[499.0, 198.0]"
normal_0459_EDD,normal,2,4,553,"[416.0, 214.0]",90.50966799187809,0.8071187019348144,0.12229514122009277,0.9502096176147461,-0.09838414192199707,0.06608759360821215,"[499.0, 198.0]"
normal_0460_EDD,normal,1,1,554,"[115.0, 197.0]",45.254833995939045,0.7623306393623352,0.049721479415893555,0.9887969493865967,-0.10225647687911987,0.6436951796565195,"[99.0, 199.0]"
normal_0460_EDD,normal,2,4,555,"[235.0, 294.0]",45.254833995939045,0.7619179427623748,0.04459965229034424,0.9921852946281433,-0.11394292116165161,-2.6657861750584955,"[99.0, 199.0]"
normal_0460_EDD,normal,3,2,556,"[121.0, 193.0]",57.01751796098172,0.7601162910461425,0.05324447154998779,0.9808706045150757,-0.10131198167800903,0.6000613615347536,"[99.0, 199.0]"
normal_0460_EDD,normal,4,4,557,"[229.0, 289.0]",57.01751796098172,0.7684053003787994,0.05556386709213257,0.9854599833488464,-0.11509722471237183,-1.7730755154340394,"[99.0, 199.0]"
normal_0460_EDD,normal,5,3,558,"[170.0, 198.0]",90.50966799187809,0.8051122844219207,0.09332144260406494,0.9839925169944763,-0.11498039960861206,0.21547561183542552,"[99.0, 199.0]"
normal_0461_EDD,normal,1,1,559,"[470.0, 220.0]",45.254833995939045,0.7963205635547638,0.08836644887924194,0.974769651889801,-0.12807679176330566,0.625,"[482.0, 232.0]"
normal_0461_EDD,normal,2,4,560,"[375.0, 279.0]",57.01751796098172,0.7355388283729553,0.03932523727416992,0.9698637127876282,-0.0865449607372284,-1.049676142688948,"[482.0, 232.0]"
normal_0462_EDD,normal,1,4,561,"[339.0, 178.0]",57.01751796098172,0.7523069262504578,0.04038369655609131,0.9932076930999756,-0.08338922262191772,-0.4102936228638667,"[264.0, 207.0]"
normal_0463_EDD,normal,1,1,562,"[493.0, 211.0]",45.254833995939045,0.7492062211036682,0.049519479274749756,0.9879443645477295,-0.04062843322753906,0.7529470577993453,"[504.0, 213.0]"
normal_0463_EDD,normal,2,4,563,"[496.0, 310.0]",45.254833995939045,0.7448774456977844,0.04268836975097656,0.9884684085845947,-0.051305949687957764,-1.1506948368492447,"[504.0, 213.0]"
normal_0463_EDD,normal,3,4,564,"[486.0, 310.0]",57.01751796098172,0.7507676064968108,0.05054116249084473,0.9858090281486511,-0.050800621509552,-0.7302746842808465,"[504.0, 213.0]"
normal_0464_EDD,normal,1,4,565,"[301.0, 103.0]",35.918785545899944,0.7264893352985382,0.021124839782714844,0.9934195876121521,-0.04985392093658447,-2.285306989604759,"[335.0, 216.0]"
normal_0464_EDD,normal,2,4,566,"[292.0, 371.0]",35.918785545899944,0.7201073586940765,0.016715288162231445,0.9940940141677856,-0.03763130307197571,-3.4782686440360884,"[335.0, 216.0]"
normal_0464_EDD,normal,3,4,567,"[316.0, 109.0]",45.254833995939045,0.7321883797645568,0.02623128890991211,0.993721604347229,-0.05175983905792236,-1.401374931679766,"[335.0, 216.0]"
normal_0464_EDD,normal,4,4,568,"[234.0, 173.0]",45.254833995939045,0.7283662676811218,0.02141261100769043,0.9948695302009583,-0.0527249276638031,-1.4256522962906284,"[335.0, 216.0]"
normal_0464_EDD,normal,5,4,569,"[399.0, 240.0]",45.254833995939045,0.7296372473239898,0.02377372980117798,0.994976818561554,-0.046898722648620605,-0.5103807466993213,"[335.0, 216.0]"
normal_0464_EDD,normal,6,4,570,"[362.0, 345.0]",45.254833995939045,0.7332939207553864,0.028058648109436035,0.994904637336731,-0.04401013255119324,-1.9122921063141995,"[335.0, 216.0]"
normal_0464_EDD,normal,7,4,571,"[325.0, 114.0]",57.01751796098172,0.7373709201812744,0.03338158130645752,0.9909144639968872,-0.05174607038497925,-0.7975006185412532,"[335.0, 216.0]"
normal_0465_EDD,normal,1,1,572,"[458.0, 211.0]",57.01751796098172,0.7994065105915069,0.1109803318977356,0.9443360567092896,-0.13695469498634338,0.6422840070251988,"[478.0, 215.0]"
normal_0467_EDD,normal,1,4,573,"[347.0, 171.0]",45.254833995939045,0.7336167812347412,0.022799134254455566,0.9949472546577454,-0.07177284359931946,-2.1038345739584767,"[484.0, 202.0]"
normal_0467_EDD,normal,2,1,574,"[470.0, 204.0]",45.254833995939045,0.7770468354225158,0.07399606704711914,0.9833982586860657,-0.07335993647575378,0.6875,"[484.0, 202.0]"
normal_0467_EDD,normal,3,4,575,"[352.0, 175.0]",57.01751796098172,0.7402500987052917,0.031068623065948486,0.9927765727043152,-0.07118937373161316,-1.3630118296190021,"[484.0, 202.0]"
normal_0467_EDD,normal,4,4,576,"[348.0, 274.0]",90.50966799187809,0.7564144253730773,0.04959273338317871,0.986934244632721,-0.07983860373497009,-0.7001838135919303,"[484.0, 202.0]"
normal_0467_EDD,normal,5,4,577,"[496.0, 104.0]",456.14014368785377,0.6277632966637611,0.030651092529296875,0.8514853119850159,-0.005362428724765778,0.7835490654706677,"[484.0, 202.0]"
normal_0468_EDD,normal,1,4,578,"[381.0, 260.0]",45.254833995939045,0.6941470086574554,0.03587532043457031,0.9258064031600952,-0.05103603005409241,-1.8805991672740587,"[494.0, 195.0]"
normal_0469_EDD,normal,1,4,579,"[265.0, 258.0]",57.01751796098172,0.7186247527599334,0.0378415584564209,0.9556292295455933,-0.05921366810798645,-1.0887720775424765,"[355.0, 180.0]"
normal_0471_EDD,normal,1,4,580,"[241.0, 185.0]",35.918785545899944,0.7373409271240233,0.0328676700592041,0.9844405651092529,-0.07682430744171143,-2.3358783588952137,"[122.0, 171.0]"
normal_0471_EDD,normal,2,4,581,"[222.0, 274.0]",45.254833995939045,0.7290826201438902,0.02757704257965088,0.9803466200828552,-0.07631471753120422,-2.1722213480855967,"[122.0, 171.0]"
normal_0471_EDD,normal,3,4,582,"[48.0, 144.0]",362.03867196751236,0.7179959595203399,0.1475629210472107,0.8101035356521606,-0.016802817583084106,0.7824215243494747,"[122.0, 171.0]"
normal_0472_EDD,normal,1,4,583,"[371.0, 213.0]",45.254833995939045,0.6856161177158355,0.03758484125137329,0.9142662286758423,-0.0402245819568634,-1.8298078556679425,"[499.0, 217.0]"
normal_0474_EDD,normal,1,4,584,"[221.0, 300.0]",35.918785545899944,0.6686607897281647,0.046852827072143555,0.8748010396957397,-0.04723617434501648,-2.2663781637711313,"[155.0, 203.0]"
normal_0474_EDD,normal,2,1,585,"[179.0, 197.0]",57.01751796098172,0.8101099073886872,0.13695764541625977,0.9214982390403748,-0.1405174732208252,0.5661222263193721,"[155.0, 203.0]"
normal_0478_EDD,normal,1,4,586,"[358.0, 185.0]",45.254833995939045,0.743858504295349,0.04252809286117554,0.9762356281280518,-0.08982735872268677,-1.8157099737455202,"[484.0, 204.0]"
normal_0478_EDD,normal,2,2,587,"[456.0, 220.0]",71.83757109179989,0.8132374227046966,0.10453206300735474,0.9769938588142395,-0.12404829263687134,0.5510840566702379,"[484.0, 204.0]"
normal_0480_EDD,normal,1,4,588,"[239.0, 190.0]",35.918785545899944,0.7375414550304412,0.027228057384490967,0.9919595122337341,-0.07970869541168213,-2.620239626730035,"[109.0, 187.0]"
normal_0480_EDD,normal,2,4,589,"[222.0, 278.0]",45.254833995939045,0.7317908585071563,0.023088276386260986,0.991901695728302,-0.07185697555541992,-2.205981957606748,"[109.0, 187.0]"
normal_0481_EDD,normal,1,4,590,"[135.0, 225.0]",35.918785545899944,0.7371859610080719,0.026243150234222412,0.9955269694328308,-0.0703696608543396,-3.123133294056343,"[282.0, 207.0]"
normal_0481_EDD,normal,2,4,591,"[368.0, 170.0]",45.254833995939045,0.735907483100891,0.02614271640777588,0.9961487054824829,-0.062303364276885986,-1.0687641615829482,"[282.0, 207.0]"
normal_0481_EDD,normal,3,4,592,"[362.0, 171.0]",57.01751796098172,0.7468978226184844,0.03853940963745117,0.9941921830177307,-0.06211942434310913,-0.5385946623961877,"[282.0, 207.0]"
normal_0483_EDD,normal,1,4,593,"[328.0, 162.0]",35.918785545899944,0.7450208127498626,0.03692185878753662,0.9839654564857483,-0.09661567211151123,-4.056343850487312,"[496.0, 231.0]"
normal_0483_EDD,normal,2,4,594,"[339.0, 174.0]",45.254833995939045,0.7466520011425017,0.04154425859451294,0.9804945588111877,-0.09380775690078735,-2.690808896773172,"[496.0, 231.0]"
normal_0483_EDD,normal,3,1,595,"[473.0, 212.0]",45.254833995939045,0.7828112602233886,0.06528335809707642,0.9901564121246338,-0.12209206819534302,0.34078052782096924,"[496.0, 231.0]"
normal_0485_EDD,normal,1,4,596,"[377.0, 187.0]",35.918785545899944,0.6607750415802002,0.03200232982635498,0.8890900611877441,-0.03204834461212158,-2.947182325822749,"[503.0, 252.0]"
normal_0485_EDD,normal,2,4,597,"[378.0, 273.0]",35.918785545899944,0.6540124595165253,0.03015655279159546,0.8833494782447815,-0.02755635976791382,-2.528842189403682,"[503.0, 252.0]"
normal_0486_EDD,normal,1,4,598,"[222.0, 226.0]",35.918785545899944,0.7148728609085082,0.031076908111572266,0.9592207670211792,-0.06170707941055298,-0.8454759165506573,"[287.0, 213.0]"
normal_0486_EDD,normal,2,2,599,"[294.0, 218.0]",71.83757109179989,0.7818550050258636,0.0779944658279419,0.9686713814735413,-0.12895286083221436,0.8802531163525855,"[287.0, 213.0]"
normal_0487_EDD,normal,1,4,600,"[392.0, 312.0]",57.01751796098172,0.7447497606277466,0.06783396005630493,0.9479892253875732,-0.0666167140007019,-1.7148961639536116,"[511.0, 213.0]"
normal_0488_EDD,normal,1,4,601,"[368.0, 184.0]",45.254833995939045,0.7034453272819519,0.0344814658164978,0.9404335021972656,-0.05330204963684082,-1.6590977381905314,"[488.0, 193.0]"
normal_0490_EDD,normal,1,4,602,"[223.0, 164.0]",35.918785545899944,0.722383439540863,0.016271114349365234,0.9894148111343384,-0.06760978698730469,-0.7697942548758452,"[244.0, 224.0]"
normal_0492_EDD,normal,1,4,603,"[257.0, 313.0]",35.918785545899944,0.6836820542812347,0.034789085388183594,0.917343258857727,-0.03376343846321106,-2.144507489813829,"[296.0, 207.0]"
normal_0493_EDD,normal,1,4,604,"[379.0, 287.0]",35.918785545899944,0.6389833480119704,0.02471369504928589,0.8697406649589539,-0.027255937457084656,-3.244662172596664,"[520.0, 229.0]"
normal_0493_EDD,normal,2,4,605,"[383.0, 286.0]",45.254833995939045,0.6395646393299103,0.02976006269454956,0.8634343147277832,-0.027002781629562378,-2.2788681831540587,"[520.0, 229.0]"
normal_0494_EDD,normal,1,4,606,"[318.0, 184.0]",35.918785545899944,0.6927945613861083,0.03425323963165283,0.9258308410644531,-0.052298665046691895,-1.9845314822537454,"[424.0, 200.0]"
normal_0494_EDD,normal,2,4,607,"[198.0, 218.0]",35.918785545899944,0.6631433308124542,0.03407174348831177,0.8911897540092468,-0.02619379758834839,-5.311897173844504,"[424.0, 200.0]"
normal_0494_EDD,normal,3,4,608,"[356.0, 319.0]",35.918785545899944,0.7074869036674499,0.0482177734375,0.9252783060073853,-0.05787158012390137,-2.8157855183029783,"[424.0, 200.0]"
normal_0494_EDD,normal,4,4,609,"[354.0, 314.0]",45.254833995939045,0.7087703168392181,0.05437052249908447,0.9183233380317688,-0.05786728858947754,-1.9560583975963666,"[424.0, 200.0]"
normal_0496_EDD,normal,1,4,610,"[314.0, 305.0]",35.918785545899944,0.728314995765686,0.04102170467376709,0.9617596864700317,-0.07030755281448364,-2.2890796824313764,"[283.0, 191.0]"
normal_0496_EDD,normal,2,1,611,"[302.0, 203.0]",57.01751796098172,0.7692269504070282,0.06347590684890747,0.9733045697212219,-0.1221892237663269,0.6058719169497622,"[283.0, 191.0]"
normal_0496_EDD,normal,3,2,612,"[296.0, 216.0]",71.83757109179989,0.7672881782054901,0.07013261318206787,0.9607869982719421,-0.12302333116531372,0.6077539206997604,"[283.0, 191.0]"
normal_0497_EDD,normal,1,4,613,"[258.0, 304.0]",35.918785545899944,0.7374032258987426,0.04324096441268921,0.9674866199493408,-0.08460813760757446,-2.3494433733419746,"[313.0, 197.0]"
normal_0497_EDD,normal,2,4,614,"[265.0, 304.0]",45.254833995939045,0.7429907441139221,0.05322617292404175,0.9609588384628296,-0.08546692132949829,-1.5913957689341856,"[313.0, 197.0]"
normal_0501_EDD,normal,1,4,615,"[262.0, 169.0]",35.918785545899944,0.6703853845596314,0.03914046287536621,0.8919705748558044,-0.03432759642601013,-2.626763838921789,"[135.0, 198.0]"
normal_0502_EDD,normal,1,4,616,"[241.0, 168.0]",35.918785545899944,0.6029025256633758,0.03713482618331909,0.8025369644165039,-0.01995912194252014,-3.6806142516130187,"[113.0, 277.0]"
normal_0504_EDD,normal,1,4,617,"[358.0, 183.0]",45.254833995939045,0.7121555149555207,0.060442209243774414,0.9130141139030457,-0.06301712989807129,-1.8828866013511525,"[488.0, 194.0]"
normal_0504_EDD,normal,2,4,618,"[375.0, 261.0]",45.254833995939045,0.6603981256484984,0.03208523988723755,0.8910881876945496,-0.02275577187538147,-1.902887840151596,"[488.0, 194.0]"
normal_0504_EDD,normal,3,4,619,"[376.0, 263.0]",45.254833995939045,0.6612768948078155,0.03313028812408447,0.8908502459526062,-0.02275717258453369,-1.9068379781559894,"[488.0, 194.0]"
normal_0505_EDD,normal,1,4,620,"[240.0, 191.0]",45.254833995939045,0.6366905182600021,0.02749013900756836,0.8660544753074646,-0.014811232686042786,-5.620465724271217,"[538.0, 222.0]"
normal_0508_EDD,normal,1,4,621,"[357.0, 175.0]",35.918785545899944,0.6250443100929259,0.028698980808258057,0.8454052209854126,-0.022808372974395752,-2.125717906604738,"[464.0, 209.0]"
normal_0511_EDD,normal,1,3,622,"[319.0, 190.0]",57.01751796098172,0.7363254070281982,0.032052695751190186,0.993434727191925,-0.04434201121330261,0.08111139412325186,"[271.0, 211.0]"
normal_0512_EDD,normal,1,2,623,"[98.0, 200.0]",71.83757109179989,0.7608732879161834,0.04996812343597412,0.9801726937294006,-0.12392139434814453,0.6947041517949544,"[82.0, 185.0]"
normal_0514_EDD,normal,1,4,624,"[295.0, 121.0]",35.918785545899944,0.7208005011081695,0.02027761936187744,0.99326092004776,-0.026201188564300537,-2.2521092429947838,"[253.0, 230.0]"
normal_0514_EDD,normal,2,4,625,"[299.0, 332.0]",35.918785545899944,0.7343949258327483,0.027706801891326904,0.9945845007896423,-0.052394866943359375,-2.1151611655301985,"[253.0, 230.0]"
normal_0514_EDD,normal,3,4,626,"[354.0, 194.0]",71.83757109179989,0.762697398662567,0.05348926782608032,0.9950515031814575,-0.06336039304733276,-0.49259033725041834,"[253.0, 230.0]"
normal_0514_EDD,normal,4,4,627,"[190.0, 196.0]",71.83757109179989,0.7461937189102172,0.04075419902801514,0.9937087893486023,-0.04921683669090271,0.0034587162628398893,"[253.0, 230.0]"
normal_0514_EDD,normal,5,4,628,"[346.0, 198.0]",90.50966799187809,0.7812697052955627,0.07514280080795288,0.9906027317047119,-0.06352496147155762,-0.08663983582993118,"[253.0, 230.0]"
normal_0518_EDD,normal,1,4,629,"[267.0, 290.0]",35.918785545899944,0.6870096564292908,0.03900498151779175,0.9143292903900146,-0.03987085819244385,-1.6797918844907165,"[314.0, 206.0]"
normal_0520_EDD,normal,1,4,630,"[229.0, 274.0]",35.918785545899944,0.6791555225849151,0.034026265144348145,0.9104657769203186,-0.03901606798171997,-3.6316727052435356,"[80.0, 200.0]"
normal_0520_EDD,normal,2,4,631,"[221.0, 270.0]",45.254833995939045,0.6816368818283081,0.03866243362426758,0.9073687195777893,-0.039081722497940063,-2.478519463255883,"[80.0, 200.0]"
normal_0523_EDD,normal,1,4,632,"[346.0, 179.0]",45.254833995939045,0.7529994189739228,0.04182398319244385,0.9882600903511047,-0.09696686267852783,-2.06090519699647,"[484.0, 191.0]"
normal_0523_EDD,normal,2,1,633,"[463.0, 203.0]",45.254833995939045,0.7991695940494536,0.0866461992263794,0.9873444437980652,-0.10691142082214355,0.46554276948477913,"[484.0, 191.0]"
normal_0523_EDD,normal,3,4,634,"[372.0, 291.0]",45.254833995939045,0.7353261649608612,0.028862595558166504,0.9860566258430481,-0.08111965656280518,-2.317802359996749,"[484.0, 191.0]"
normal_0523_EDD,normal,4,4,635,"[358.0, 183.0]",57.01751796098172,0.7580370783805847,0.04880046844482422,0.985650897026062,-0.09640491008758545,-1.214296892107634,"[484.0, 191.0]"
normal_0523_EDD,normal,5,1,636,"[455.0, 203.0]",57.01751796098172,0.7915317714214325,0.08621197938919067,0.9764948487281799,-0.10886698961257935,0.44956022683366115,"[484.0, 191.0]"
normal_0523_EDD,normal,6,3,637,"[406.0, 210.0]",90.50966799187809,0.8355799973011017,0.12284606695175171,0.9828044772148132,-0.12385398149490356,0.11301456378218944,"[484.0, 191.0]"
normal_0524_EDD,normal,1,4,638,"[400.0, 169.0]",45.254833995939045,0.6879878014326095,0.028662025928497314,0.9313229918479919,-0.036998406052589417,-1.9627406284131586,"[524.0, 220.0]"
normal_0524_EDD,normal,2,4,639,"[232.0, 173.0]",57.01751796098172,0.7121785253286361,0.049137890338897705,0.9325197339057922,-0.051384106278419495,-4.187148754991486,"[524.0, 220.0]"
normal_0525_EDD,normal,1,4,640,"[337.0, 228.0]",35.918785545899944,0.7305151164531708,0.023554205894470215,0.9896798729896545,-0.07092499732971191,-0.45332120090322614,"[319.0, 179.0]"
normal_0525_EDD,normal,2,4,641,"[236.0, 285.0]",35.918785545899944,0.7462353706359863,0.03890115022659302,0.9845266342163086,-0.09082788228988647,-2.748153455977028,"[319.0, 179.0]"
normal_0525_EDD,normal,3,4,642,"[238.0, 271.0]",45.254833995939045,0.7441040992736816,0.03795105218887329,0.9843747615814209,-0.0854535698890686,-1.7085837223999554,"[319.0, 179.0]"
normal_0526_EDD,normal,1,4,643,"[214.0, 252.0]",45.254833995939045,0.6669123888015747,0.039118170738220215,0.8871111273765564,-0.03408214449882507,-1.744490219057084,"[115.0, 177.0]"
normal_0528_EDD,normal,1,4,644,"[222.0, 312.0]",45.254833995939045,0.7011509001255035,0.05902576446533203,0.8994411826133728,-0.06258153915405273,-1.5693505988868082,"[146.0, 224.0]"
normal_0530_EDD,normal,1,4,645,"[294.0, 335.0]",35.918785545899944,0.6570526152849196,0.0357213020324707,0.8770632147789001,-0.036935314536094666,-4.0990850266992425,"[425.0, 207.0]"
normal_0530_EDD,normal,2,4,646,"[345.0, 306.0]",45.254833995939045,0.6622003734111785,0.03681635856628418,0.8838189840316772,-0.033553630113601685,-1.812586804216005,"[425.0, 207.0]"
normal_0530_EDD,normal,3,4,647,"[302.0, 333.0]",45.254833995939045,0.6645957469940186,0.04549241065979004,0.8737540245056152,-0.03737759590148926,-2.890907369271337,"[425.0, 207.0]"
normal_0530_EDD,normal,4,4,648,"[317.0, 326.0]",57.01751796098172,0.6785726994276047,0.06199902296066284,0.8702005743980408,-0.03716637194156647,-1.818459879468156,"[425.0, 207.0]"
normal_0531_EDD,normal,1,4,649,"[319.0, 184.0]",35.918785545899944,0.7298504948616028,0.022677063941955566,0.9932899475097656,-0.059352338314056396,-0.8224422235145608,"[257.0, 163.0]"
normal_0531_EDD,normal,2,4,650,"[302.0, 313.0]",35.918785545899944,0.7167674005031586,0.017901301383972168,0.989536702632904,-0.030952036380767822,-3.359963602709678,"[257.0, 163.0]"
normal_0533_EDD,normal,1,4,651,"[385.0, 242.0]",35.918785545899944,0.6601190149784087,0.035447120666503906,0.8830486536026001,-0.032689183950424194,-2.5331227018519638,"[509.0, 215.0]"
normal_0533_EDD,normal,2,4,652,"[362.0, 287.0]",35.918785545899944,0.65208041369915,0.03500807285308838,0.872906506061554,-0.03018893301486969,-3.5571049215813275,"[509.0, 215.0]"
normal_0535_EDD,normal,1,4,653,"[390.0, 275.0]",35.918785545899944,0.6354435741901397,0.03010690212249756,0.8567578196525574,-0.028030991554260254,-2.39084152569694,"[493.0, 210.0]"
normal_0537_EDD,normal,1,4,654,"[267.0, 148.0]",35.918785545899944,0.6502691805362701,0.050847768783569336,0.8486998081207275,-0.02665773034095764,-2.8827386474856187,"[138.0, 201.0]"
normal_0539_EDD,normal,1,2,655,"[296.0, 218.0]",71.83757109179989,0.78826145529747,0.11637097597122192,0.9235419034957886,-0.12705573439598083,0.5210124654103421,"[276.0, 190.0]"
normal_0540_EDD,normal,1,4,656,"[393.0, 265.0]",57.01751796098172,0.6982705593109131,0.06755006313323975,0.8866724371910095,-0.050248950719833374,-1.4942268905952618,"[497.0, 168.0]"
normal_0540_EDD,normal,2,4,657,"[396.0, 258.0]",71.83757109179989,0.7078077733516692,0.08474332094192505,0.87566739320755,-0.05048638582229614,-0.8831537116932366,"[497.0, 168.0]"
normal_0542_EDD,normal,1,4,658,"[229.0, 296.0]",57.01751796098172,0.6389311462640762,0.04603511095046997,0.8376958966255188,-0.032544538378715515,-4.104447940994503,"[514.0, 237.0]"
normal_0543_EDD,normal,1,4,659,"[311.0, 288.0]",35.918785545899944,0.7017840981483459,0.03565680980682373,0.9398093223571777,-0.041303813457489014,-1.1175322696261838,"[308.0, 212.0]"
normal_0543_EDD,normal,2,4,660,"[235.0, 297.0]",35.918785545899944,0.7208802223205566,0.04530817270278931,0.9445030093193054,-0.0720997154712677,-2.1193881491414754,"[308.0, 212.0]"
normal_0544_EDD,normal,1,4,661,"[386.0, 189.0]",35.918785545899944,0.7079098701477051,0.0451778769493103,0.9278374910354614,-0.06622874736785889,-2.5121093769826714,"[481.0, 272.0]"
normal_0544_EDD,normal,2,4,662,"[378.0, 306.0]",45.254833995939045,0.7127949476242065,0.04774266481399536,0.9315245747566223,-0.06492540240287781,-1.396795549530664,"[481.0, 272.0]"
normal_0544_EDD,normal,3,3,663,"[424.0, 240.0]",114.03503592196344,0.7509781807661057,0.12363725900650024,0.8826281428337097,-0.04750610888004303,0.4267710142490797,"[481.0, 272.0]"
normal_0545_EDD,normal,1,4,664,"[205.0, 249.0]",35.918785545899944,0.694057548046112,0.030440986156463623,0.9339380860328674,-0.04929950833320618,-2.7531132465871644,"[98.0, 167.0]"
normal_0549_EDD,normal,1,4,665,"[356.0, 174.0]",35.918785545899944,0.7139461517333984,0.03640478849411011,0.9521622061729431,-0.05513909459114075,-3.4667440033607564,"[510.0, 219.0]"
normal_0549_EDD,normal,2,4,666,"[377.0, 268.0]",35.918785545899944,0.7077156364917755,0.02277618646621704,0.9606682658195496,-0.062358319759368896,-2.946102156992202,"[510.0, 219.0]"
normal_0549_EDD,normal,3,4,667,"[367.0, 183.0]",45.254833995939045,0.7242990255355835,0.04556697607040405,0.9530706405639648,-0.057913005352020264,-2.258477525049083,"[510.0, 219.0]"
normal_0550_EDD,normal,1,4,668,"[250.0, 289.0]",35.918785545899944,0.684415090084076,0.029154419898986816,0.9253731369972229,-0.037497371435165405,-2.279521642804095,"[340.0, 213.0]"
normal_0552_EDD,normal,1,4,669,"[157.0, 140.0]",35.918785545899944,0.7270666778087616,0.025992631912231445,0.9862682223320007,-0.05343145132064819,-1.803202676673691,"[100.0, 223.0]"
normal_0552_EDD,normal,2,1,670,"[109.0, 200.0]",35.918785545899944,0.7564071893692016,0.04494118690490723,0.9898414611816406,-0.09288489818572998,0.31238827551962756,"[100.0, 223.0]"
normal_0552_EDD,normal,3,4,671,"[193.0, 255.0]",35.918785545899944,0.7219233334064483,0.017098844051361084,0.9909464716911316,-0.05580979585647583,-1.7381608056328788,"[100.0, 223.0]"
normal_0552_EDD,normal,4,4,672,"[205.0, 155.0]",45.254833995939045,0.7303760945796965,0.02268075942993164,0.9883419871330261,-0.07927972078323364,-1.7642563703915015,"[100.0, 223.0]"
normal_0552_EDD,normal,5,1,673,"[113.0, 204.0]",45.254833995939045,0.7486898899078369,0.04125368595123291,0.9839216470718384,-0.0934552550315857,0.4912868563718842,"[100.0, 223.0]"
normal_0553_EDD,normal,1,4,674,"[380.0, 305.0]",45.254833995939045,0.734963434934616,0.049529314041137695,0.9583091139793396,-0.07308870553970337,-1.4600320755022684,"[417.0, 200.0]"
normal_0554_EDD,normal,1,4,675,"[193.0, 316.0]",57.01751796098172,0.7181065797805786,0.046032488346099854,0.9420136213302612,-0.06332278251647949,-0.8277912704804091,"[148.0, 222.0]"
normal_0555_EDD,normal,1,4,676,"[273.0, 333.0]",57.01751796098172,0.7457526504993438,0.06294840574264526,0.9533534049987793,-0.0772843062877655,-0.8107992014625527,"[257.0, 231.0]"
normal_0556_EDD,normal,1,1,677,"[293.0, 229.0]",45.254833995939045,0.7579290866851807,0.04811519384384155,0.9828274250030518,-0.1091734766960144,0.6875,"[303.0, 219.0]"
normal_0556_EDD,normal,2,4,678,"[285.0, 329.0]",45.254833995939045,0.7461685955524444,0.052593231201171875,0.9677631258964539,-0.08070588111877441,-1.4630075619047536,"[303.0, 219.0]"
normal_0556_EDD,normal,3,4,679,"[290.0, 325.0]",57.01751796098172,0.7490031003952026,0.06173062324523926,0.958597719669342,-0.08127036690711975,-0.8730067252638338,"[303.0, 219.0]"
normal_0557_EDD,normal,1,4,680,"[245.0, 285.0]",35.918785545899944,0.716568112373352,0.036864399909973145,0.9507438540458679,-0.07091507315635681,-2.1724832129160143,"[322.0, 201.0]"
normal_0558_EDD,normal,1,4,681,"[370.0, 201.0]",35.918785545899944,0.6984647750854491,0.03397953510284424,0.9362137913703918,-0.04567793011665344,-2.302132803847006,"[488.0, 189.0]"
normal_0561_EDD,normal,1,4,682,"[215.0, 188.0]",35.918785545899944,0.7004256784915923,0.030002474784851074,0.9431328773498535,-0.05115094780921936,-2.118145513491187,"[103.0, 188.0]"
normal_0562_EDD,normal,1,4,683,"[272.0, 302.0]",35.918785545899944,0.7325198233127593,0.030556678771972656,0.9803486466407776,-0.07859545946121216,-2.4778451577648686,"[231.0, 184.0]"
normal_0563_EDD,normal,1,4,684,"[300.0, 185.0]",35.918785545899944,0.738249272108078,0.04701948165893555,0.9622463583946228,-0.08828669786453247,-2.09381436097473,"[407.0, 215.0]"
normal_0563_EDD,normal,2,3,685,"[352.0, 220.0]",90.50966799187809,0.7746221542358398,0.10804218053817749,0.9271455407142639,-0.08789047598838806,0.38982424406979266,"[407.0, 215.0]"
normal_0564_EDD,normal,1,1,686,"[250.0, 232.0]",45.254833995939045,0.7342205345630646,0.03625911474227905,0.9685793519020081,-0.09977936744689941,0.8177827532860844,"[248.0, 224.0]"
normal_0565_EDD,normal,1,4,687,"[271.0, 177.0]",45.254833995939045,0.7398357808589935,0.05235016345977783,0.955617368221283,-0.09276729822158813,-1.6164294611168097,"[157.0, 209.0]"
normal_0565_EDD,normal,2,3,688,"[214.0, 224.0]",90.50966799187809,0.7631375014781951,0.09234148263931274,0.9344862699508667,-0.08327814936637878,0.3487916879945404,"[157.0, 209.0]"
normal_0569_EDD,normal,1,4,689,"[214.0, 228.0]",35.918785545899944,0.7327089846134185,0.024210035800933838,0.993238627910614,-0.06615954637527466,-2.5858197864053896,"[99.0, 170.0]"
normal_0569_EDD,normal,2,4,690,"[233.0, 312.0]",35.918785545899944,0.7375970542430876,0.028110265731811523,0.988368809223175,-0.08814311027526855,-4.435691514134144,"[99.0, 170.0]"
normal_0569_EDD,normal,3,1,691,"[108.0, 174.0]",45.254833995939045,0.7729939699172974,0.0617179274559021,0.9874123334884644,-0.10043704509735107,0.7823689331689981,"[99.0, 170.0]"
normal_0569_EDD,normal,4,4,692,"[230.0, 305.0]",45.254833995939045,0.7479396939277648,0.03989267349243164,0.9871058464050293,-0.08536463975906372,-3.156719898249099,"[99.0, 170.0]"
normal_0569_EDD,normal,5,2,693,"[109.0, 183.0]",57.01751796098172,0.764115959405899,0.06025421619415283,0.9769490361213684,-0.09998708963394165,0.7123477125384443,"[99.0, 170.0]"
normal_0570_EDD,normal,1,4,694,"[390.0, 258.0]",35.918785545899944,0.6770002245903015,0.03450745344161987,0.9079539775848389,-0.03462493419647217,-2.217003382744499,"[496.0, 212.0]"
normal_0573_EDD,normal,1,4,695,"[328.0, 183.0]",35.918785545899944,0.7190415561199187,0.013942837715148926,0.9924142956733704,-0.05204355716705322,-0.9615267817226218,"[270.0, 223.0]"
normal_0573_EDD,normal,2,4,696,"[203.0, 211.0]",35.918785545899944,0.7247483015060424,0.016108810901641846,0.9941859245300293,-0.06354671716690063,-0.8950012720777012,"[270.0, 223.0]"
normal_0573_EDD,normal,3,4,697,"[318.0, 284.0]",57.01751796098172,0.7431299567222596,0.0329933762550354,0.9922081232070923,-0.07795447111129761,-0.3613513224903566,"[270.0, 223.0]"
normal_0574_EDD,normal,1,4,698,"[190.0, 288.0]",35.918785545899944,0.6573701083660125,0.022312641143798828,0.9022365212440491,-0.017459511756896973,-3.1656809560818857,"[98.0, 170.0]"
normal_0574_EDD,normal,2,4,699,"[201.0, 277.0]",45.254833995939045,0.6669461160898208,0.030775249004364014,0.9037301540374756,-0.01779879629611969,-2.28184518411518,"[98.0, 170.0]"
normal_0576_EDD,normal,1,4,700,"[194.0, 269.0]",35.918785545899944,0.7265465319156647,0.01786714792251587,0.9923233389854431,-0.07026523351669312,-2.732403971668498,"[92.0, 182.0]"
normal_0577_EDD,normal,1,4,701,"[420.0, 205.0]",35.918785545899944,0.6562155902385711,0.019731462001800537,0.9015582799911499,-0.02696666121482849,-1.921139461323094,"[523.0, 225.0]"
normal_0577_EDD,normal,2,4,702,"[377.0, 170.0]",45.254833995939045,0.6658398658037186,0.03565526008605957,0.8895382881164551,-0.03753902018070221,-2.447499660079751,"[523.0, 225.0]"
normal_0577_EDD,normal,3,4,703,"[386.0, 177.0]",57.01751796098172,0.6706126898527145,0.0431133508682251,0.8859311938285828,-0.03673751652240753,-1.54597934234148,"[523.0, 225.0]"
normal_0579_EDD,normal,1,4,704,"[450.0, 163.0]",35.918785545899944,0.7346565425395964,0.027797222137451172,0.9919982552528381,-0.06230270862579346,-0.8915213856279021,"[496.0, 213.0]"
normal_0581_EDD,normal,1,4,705,"[263.0, 165.0]",45.254833995939045,0.7562445044517516,0.04039102792739868,0.9932776689529419,-0.1027955412864685,-2.127264804305833,"[140.0, 235.0]"
normal_0581_EDD,normal,2,1,706,"[149.0, 187.0]",45.254833995939045,0.7642353892326355,0.052783191204071045,0.985636830329895,-0.1075320839881897,-0.07914354061450046,"[140.0, 235.0]"
normal_0581_EDD,normal,3,4,707,"[230.0, 285.0]",45.254833995939045,0.7365183055400848,0.023197531700134277,0.9919824004173279,-0.09466546773910522,-1.275034340400162,"[140.0, 235.0]"
normal_0581_EDD,normal,4,4,708,"[222.0, 286.0]",57.01751796098172,0.745859670639038,0.03587687015533447,0.9876229763031006,-0.09323358535766602,-0.6936205403613322,"[140.0, 235.0]"
normal_0582_EDD,normal,1,1,709,"[463.0, 198.0]",57.01751796098172,0.8024503707885742,0.09824448823928833,0.9706939458847046,-0.12360060214996338,0.607827899658842,"[485.0, 194.0]"
normal_0582_EDD,normal,2,2,710,"[448.0, 198.0]",71.83757109179989,0.8043498814105987,0.10781580209732056,0.960026204586029,-0.1225786805152893,0.4819481287264058,"[485.0, 194.0]"
normal_0585_EDD,normal,1,4,711,"[368.0, 300.0]",45.254833995939045,0.6933779835700988,0.02160489559173584,0.9516102075576782,-0.028229713439941406,-2.7149402754283947,"[510.0, 210.0]"
normal_0586_EDD,normal,1,4,712,"[98.0, 233.0]",35.918785545899944,0.7344311714172364,0.03040933609008789,0.9868603944778442,-0.06609779596328735,-0.9096693141508458,"[89.0, 165.0]"
normal_0586_EDD,normal,2,1,713,"[104.0, 168.0]",45.254833995939045,0.7681783139705657,0.055932581424713135,0.9862440228462219,-0.10937458276748657,0.661979567925251,"[89.0, 165.0]"
normal_0586_EDD,normal,3,4,714,"[213.0, 203.0]",45.254833995939045,0.7325575649738311,0.02893155813217163,0.9852212071418762,-0.06985580921173096,-1.8658141295275934,"[89.0, 165.0]"
normal_0587_EDD,normal,1,4,715,"[207.0, 175.0]",35.918785545899944,0.7492001295089721,0.04446375370025635,0.9793103933334351,-0.0960955023765564,-1.9575298557061305,"[101.0, 182.0]"
normal_0587_EDD,normal,2,4,716,"[212.0, 225.0]",35.918785545899944,0.7429483771324157,0.03787851333618164,0.9858241081237793,-0.07496494054794312,-2.3140822360908517,"[101.0, 182.0]"
normal_0587_EDD,normal,3,1,717,"[109.0, 193.0]",45.254833995939045,0.8082371950149536,0.09855139255523682,0.9755686521530151,-0.133938729763031,0.6994471240363853,"[101.0, 182.0]"
normal_0587_EDD,normal,4,4,718,"[216.0, 272.0]",71.83757109179989,0.7761283338069915,0.08040416240692139,0.9643871784210205,-0.10326573252677917,-1.0327917055894371,"[101.0, 182.0]"
normal_0587_EDD,normal,5,4,719,"[204.0, 252.0]",90.50966799187809,0.78438241481781,0.0974111557006836,0.9526375532150269,-0.10062485933303833,-0.3759318575287438,"[101.0, 182.0]"
normal_0588_EDD,normal,1,4,720,"[387.0, 179.0]",35.918785545899944,0.6775992035865783,0.029440104961395264,0.9154381155967712,-0.036762088537216187,-2.504155420020115,"[506.0, 220.0]"
normal_0588_EDD,normal,2,4,721,"[380.0, 256.0]",45.254833995939045,0.6846174716949462,0.03395766019821167,0.9176409244537354,-0.041555821895599365,-1.8956459771525935,"[506.0, 220.0]"
normal_0589_EDD,normal,1,4,722,"[228.0, 268.0]",35.918785545899944,0.6469743013381958,0.0193292498588562,0.8929429054260254,-0.01292508840560913,-6.791634241795148,"[502.0, 211.0]"
normal_0589_EDD,normal,2,4,723,"[384.0, 265.0]",45.254833995939045,0.7145968496799469,0.04349231719970703,0.9396899938583374,-0.06660768389701843,-1.8675174367386154,"[502.0, 211.0]"
normal_0597_EDD,normal,1,4,724,"[296.0, 312.0]",35.918785545899944,0.7395213365554809,0.03377950191497803,0.9849997758865356,-0.08120995759963989,-2.3507158923271065,"[278.0, 193.0]"
normal_0600_EDD,normal,1,4,725,"[174.0, 319.0]",35.918785545899944,0.6262890547513961,0.03551369905471802,0.8356328010559082,-0.029161974787712097,-3.6686760046009175,"[110.0, 164.0]"
normal_0600_EDD,normal,2,4,726,"[176.0, 316.0]",45.254833995939045,0.6295129269361496,0.042174339294433594,0.8307375907897949,-0.02911137044429779,-2.661721333608007,"[110.0, 164.0]"
normal_0601_EDD,normal,1,3,727,"[255.0, 165.0]",35.918785545899944,0.7227777421474456,0.017488181591033936,0.9894796013832092,-0.06326919794082642,-0.3229405382134647,"[262.0, 212.0]"
normal_0602_EDD,normal,1,4,728,"[235.0, 294.0]",35.918785545899944,0.6140714228153228,0.017539799213409424,0.8490326404571533,-0.01104387640953064,-3.4019829903872507,"[145.0, 164.0]"
normal_0603_EDD,normal,1,4,729,"[231.0, 284.0]",35.918785545899944,0.7198112487792968,0.032896339893341064,0.9635748267173767,-0.06206265091896057,-3.6690080347559926,"[108.0, 170.0]"
normal_0603_EDD,normal,2,3,730,"[140.0, 208.0]",90.50966799187809,0.8022804498672486,0.1067618727684021,0.9571456909179688,-0.12758296728134155,0.45111974780467823,"[108.0, 170.0]"
normal_0604_EDD,normal,1,4,731,"[206.0, 279.0]",35.918785545899944,0.7195791959762572,0.020781874656677246,0.9897534251213074,-0.029849618673324585,-1.3283119637035306,"[281.0, 242.0]"
normal_0604_EDD,normal,2,4,732,"[347.0, 292.0]",35.918785545899944,0.7153364717960358,0.016297221183776855,0.9909899830818176,-0.02673131227493286,-1.3052273321470738,"[281.0, 242.0]"
normal_0604_EDD,normal,3,4,733,"[266.0, 141.0]",45.254833995939045,0.7303447425365448,0.02970343828201294,0.9936100244522095,-0.025571435689926147,-1.256284625773087,"[281.0, 242.0]"
normal_0604_EDD,normal,4,4,734,"[367.0, 202.0]",45.254833995939045,0.7241335272789001,0.022662580013275146,0.9926919937133789,-0.03293275833129883,-1.0958478296384015,"[281.0, 242.0]"
normal_0604_EDD,normal,5,4,735,"[207.0, 272.0]",45.254833995939045,0.7260932147502899,0.027058184146881104,0.9901840686798096,-0.02953091263771057,-0.764449276686638,"[281.0, 242.0]"
normal_0604_EDD,normal,6,4,736,"[331.0, 293.0]",45.254833995939045,0.7210760712623596,0.020102083683013916,0.9929503798484802,-0.02954360842704773,-0.5782023495895574,"[281.0, 242.0]"
normal_0604_EDD,normal,7,4,737,"[362.0, 193.0]",57.01751796098172,0.7338349759578704,0.03309577703475952,0.991553783416748,-0.033257752656936646,-0.6603290313881098,"[281.0, 242.0]"
normal_0605_EDD,normal,1,4,738,"[374.0, 313.0]",45.254833995939045,0.7328218162059784,0.07991558313369751,0.9115548729896545,-0.07408910989761353,-1.6590059232728307,"[406.0, 197.0]"
normal_0606_EDD,normal,1,4,739,"[175.0, 308.0]",35.918785545899944,0.6951742708683014,0.04473912715911865,0.9135745763778687,-0.05466470122337341,-1.7144213385415568,"[140.0, 217.0]"
normal_0606_EDD,normal,2,4,740,"[176.0, 311.0]",45.254833995939045,0.6935036540031433,0.049895405769348145,0.9037819504737854,-0.05480441451072693,-1.2242449561592803,"[140.0, 217.0]"
normal_0607_EDD,normal,1,4,741,"[252.0, 291.0]",45.254833995939045,0.7303252816200256,0.04953467845916748,0.9494979977607727,-0.0807100236415863,-2.103047896826602,"[278.0, 153.0]"
normal_0607_EDD,normal,2,4,742,"[258.0, 285.0]",57.01751796098172,0.7332837343215941,0.0581049919128418,0.9415240287780762,-0.0805596113204956,-1.3415006285891016,"[278.0, 153.0]"
normal_0608_EDD,normal,1,4,743,"[370.0, 194.0]",71.83757109179989,0.7728754639625549,0.06542283296585083,0.9753077030181885,-0.12368619441986084,-0.8516082145092816,"[503.0, 196.0]"
normal_0609_EDD,normal,1,4,744,"[383.0, 295.0]",45.254833995939045,0.7214702188968658,0.03308427333831787,0.9663680195808411,-0.05964165925979614,-2.0162321280034137,"[489.0, 209.0]"
normal_0609_EDD,normal,2,4,745,"[358.0, 183.0]",57.01751796098172,0.7644783973693847,0.05720323324203491,0.976929783821106,-0.11712157726287842,-1.342354363999306,"[489.0, 209.0]"
normal_0609_EDD,normal,3,4,746,"[390.0, 208.0]",114.03503592196344,0.802495777606964,0.12122392654418945,0.9484946131706238,-0.08662810921669006,0.13180147157596334,"[489.0, 209.0]"
normal_0610_EDD,normal,1,4,747,"[226.0, 167.0]",35.918785545899944,0.7285514831542969,0.032036662101745605,0.9758340120315552,-0.06715506315231323,-2.3994026850512618,"[104.0, 172.0]"
normal_0610_EDD,normal,2,1,748,"[118.0, 178.0]",35.918785545899944,0.7793602883815764,0.0627710223197937,0.990726888179779,-0.1154022216796875,0.5759448438961359,"[104.0, 172.0]"
normal_0611_EDD,normal,1,4,749,"[288.0, 301.0]",45.254833995939045,0.7635193347930908,0.05441242456436157,0.984366774559021,-0.10025084018707275,-1.230930474320076,"[260.0, 204.0]"
normal_0612_EDD,normal,1,4,750,"[210.0, 243.0]",35.918785545899944,0.6668159544467925,0.032812297344207764,0.8951733112335205,-0.03691169619560242,-2.4085108872829255,"[95.0, 201.0]"
normal_0614_EDD,normal,1,4,751,"[366.0, 182.0]",35.918785545899944,0.6489233881235121,0.039520859718322754,0.8600465655326843,-0.03684966266155243,-2.866635307256624,"[499.0, 222.0]"
normal_0615_EDD,normal,1,4,752,"[229.0, 266.0]",35.918785545899944,0.731326812505722,0.024250686168670654,0.9937543869018555,-0.05724027752876282,-2.6750626675769893,"[349.0, 211.0]"
normal_0615_EDD,normal,2,4,753,"[339.0, 284.0]",35.918785545899944,0.7170779585838317,0.014632761478424072,0.9923117160797119,-0.039134979248046875,-1.0513429660643192,"[349.0, 211.0]"
normal_0615_EDD,normal,3,4,754,"[345.0, 275.0]",45.254833995939045,0.7223715782165527,0.020375967025756836,0.9914208054542542,-0.040005236864089966,-0.4169730060943293,"[349.0, 211.0]"
normal_0615_EDD,normal,4,4,755,"[229.0, 289.0]",45.254833995939045,0.7411494314670563,0.033556580543518066,0.9931309819221497,-0.062005817890167236,-2.1625864612686874,"[349.0, 211.0]"
normal_0617_EDD,normal,1,4,756,"[304.0, 293.0]",45.254833995939045,0.7400879681110382,0.04481786489486694,0.970501720905304,-0.07959449291229248,-0.9575574704207281,"[346.0, 215.0]"
normal_0618_EDD,normal,1,4,757,"[398.0, 195.0]",35.918785545899944,0.7407077968120575,0.02812892198562622,0.9924103617668152,-0.08945810794830322,-1.921537445765276,"[502.0, 209.0]"
normal_0618_EDD,normal,2,4,758,"[401.0, 200.0]",45.254833995939045,0.7399400055408478,0.030253231525421143,0.9884998202323914,-0.08868449926376343,-1.240648971280419,"[502.0, 209.0]"
normal_0618_EDD,normal,3,1,759,"[488.0, 206.0]",45.254833995939045,0.7867595314979553,0.07956624031066895,0.9792590141296387,-0.10855990648269653,0.6836178635731783,"[502.0, 209.0]"
normal_0619_EDD,normal,1,4,760,"[223.0, 299.0]",57.01751796098172,0.7494527578353881,0.07734137773513794,0.938995361328125,-0.07407313585281372,-1.593381645340032,"[122.0, 191.0]"
normal_0621_EDD,normal,1,4,761,"[218.0, 211.0]",57.01751796098172,0.7079440817236899,0.03632473945617676,0.9516580104827881,-0.027293674647808075,-4.108032197815426,"[509.0, 199.0]"
normal_0621_EDD,normal,2,4,762,"[378.0, 281.0]",57.01751796098172,0.7431075036525726,0.03725588321685791,0.97972172498703,-0.1002320647239685,-1.7105306015210364,"[509.0, 199.0]"
normal_0623_EDD,normal,1,4,763,"[472.0, 298.0]",35.918785545899944,0.6566387444734573,0.022766947746276855,0.8999173045158386,-0.019648417830467224,-1.6949341090316978,"[525.0, 217.0]"
normal_0623_EDD,normal,2,1,764,"[492.0, 217.0]",57.01751796098172,0.7856944441795349,0.0989035964012146,0.9438406229019165,-0.1305120587348938,0.42123050634047965,"[525.0, 217.0]"
normal_0626_EDD,normal,1,4,765,"[210.0, 181.0]",35.918785545899944,0.7164343237876891,0.018996715545654297,0.980864405632019,-0.05416262149810791,-1.8316762822895485,"[109.0, 193.0]"
normal_0626_EDD,normal,2,4,766,"[217.0, 236.0]",35.918785545899944,0.7307410061359405,0.026204407215118408,0.9873839020729065,-0.06683933734893799,-2.236340768513796,"[109.0, 193.0]"
normal_0626_EDD,normal,3,1,767,"[125.0, 204.0]",45.254833995939045,0.7824505567550658,0.07046806812286377,0.9833606481552124,-0.11815017461776733,0.5709521806954381,"[109.0, 193.0]"
normal_0626_EDD,normal,4,2,768,"[144.0, 206.0]",71.83757109179989,0.7532168984413147,0.05940896272659302,0.9625461101531982,-0.10012829303741455,0.48026765329415755,"[109.0, 193.0]"
normal_0630_EDD,normal,1,4,769,"[370.0, 228.0]",35.918785545899944,0.6290643572807312,0.023922264575958252,0.8580127358436584,-0.02266588807106018,-1.157420800466987,"[296.0, 205.0]"
normal_0633_EDD,normal,1,4,770,"[251.0, 179.0]",35.918785545899944,0.7061896979808806,0.04272949695587158,0.9320561289787292,-0.05510455369949341,-1.9644667396343247,"[148.0, 206.0]"
normal_0637_EDD,normal,1,4,771,"[375.0, 175.0]",45.254833995939045,0.7083132565021514,0.05042153596878052,0.922155499458313,-0.0619143545627594,-2.0855320144992824,"[512.0, 202.0]"
normal_0639_EDD,normal,1,4,772,"[299.0, 311.0]",45.254833995939045,0.7667100846767425,0.055362164974212646,0.9890947937965393,-0.09490782022476196,-1.9601025372865037,"[366.0, 195.0]"
normal_0639_EDD,normal,2,4,773,"[310.0, 302.0]",57.01751796098172,0.7750154972076415,0.06525743007659912,0.9867353439331055,-0.09521663188934326,-1.1180924330308346,"[366.0, 195.0]"
normal_0641_EDD,normal,1,4,774,"[218.0, 163.0]",45.254833995939045,0.6857099115848542,0.03223532438278198,0.9223294258117676,-0.039219945669174194,-1.3104932170967305,"[115.0, 181.0]"
normal_0643_EDD,normal,1,2,775,"[389.0, 203.0]",57.01751796098172,0.788739538192749,0.11984235048294067,0.9202157258987427,-0.12373089790344238,0.6234330900149515,"[408.0, 213.0]"
normal_0644_EDD,normal,1,4,776,"[151.0, 289.0]",35.918785545899944,0.7387280523777008,0.054463982582092285,0.9559136033058167,-0.07562273740768433,-1.400110330535655,"[145.0, 203.0]"
normal_0644_EDD,normal,2,1,777,"[162.0, 207.0]",45.254833995939045,0.7758013486862182,0.07980000972747803,0.9628095626831055,-0.11017322540283203,0.6140909676491104,"[145.0, 203.0]"
normal_0644_EDD,normal,3,2,778,"[167.0, 215.0]",57.01751796098172,0.7595781087875365,0.07466810941696167,0.9478445053100586,-0.10709422826766968,0.5604872139570796,"[145.0, 203.0]"
normal_0644_EDD,normal,4,2,779,"[172.0, 228.0]",71.83757109179989,0.77178316116333,0.09205347299575806,0.9400283694267273,-0.10854914784431458,0.48777863133865795,"[145.0, 203.0]"
normal_0644_EDD,normal,5,3,780,"[174.0, 240.0]",90.50966799187809,0.7564801216125487,0.09200906753540039,0.9184638261795044,-0.1077318787574768,0.48060093316891683,"[145.0, 203.0]"
normal_0646_EDD,normal,1,4,781,"[177.0, 275.0]",35.918785545899944,0.7083967983722687,0.03769636154174805,0.9415673613548279,-0.058016419410705566,-1.8944837395497158,"[102.0, 203.0]"
normal_0646_EDD,normal,2,4,782,"[190.0, 283.0]",45.254833995939045,0.71445694565773,0.04894310235977173,0.9334800839424133,-0.060388922691345215,-1.62797450520358,"[102.0, 203.0]"
normal_0646_EDD,normal,3,4,783,"[198.0, 287.0]",57.01751796098172,0.7235998332500457,0.06596475839614868,0.9221967458724976,-0.06048676371574402,-1.2372378580230197,"[102.0, 203.0]"
normal_0649_EDD,normal,1,4,784,"[277.0, 353.0]",35.918785545899944,0.5740901917219162,0.024994075298309326,0.7836325764656067,-0.0027665644884109497,-3.122757301597596,"[272.0, 205.0]"
normal_0649_EDD,normal,2,4,785,"[270.0, 382.0]",45.254833995939045,0.5503616377711296,0.02211594581604004,0.7536643147468567,-0.0034033581614494324,-2.9114340600667163,"[272.0, 205.0]"
normal_0651_EDD,normal,1,1,786,"[152.0, 178.0]",57.01751796098172,0.8211980700492859,0.12269836664199829,0.9613388776779175,-0.1278124451637268,0.614153670893653,"[130.0, 178.0]"
normal_0656_EDD,normal,1,4,787,"[259.0, 317.0]",45.254833995939045,0.6016663327813148,0.03456300497055054,0.8068351149559021,-0.011593736708164215,-0.2610836733738169,"[203.0, 328.0]"
normal_0656_EDD,normal,2,4,788,"[277.0, 334.0]",57.01751796098172,0.621850112080574,0.05684554576873779,0.8037229776382446,-0.011992409825325012,-0.3021058690048253,"[203.0, 328.0]"
normal_0659_EDD,normal,1,4,789,"[359.0, 184.0]",35.918785545899944,0.6672428131103515,0.038410484790802,0.8892245888710022,-0.03187558054924011,-3.2017152468910677,"[508.0, 208.0]"
normal_0667_EDD,normal,1,4,790,"[250.0, 322.0]",45.254833995939045,0.6821401745080947,0.03375118970870972,0.9144048690795898,-0.0415278822183609,-3.5634630832844474,"[147.0, 143.0]"
normal_0669_EDD,normal,1,4,791,"[271.0, 178.0]",35.918785545899944,0.6876235365867615,0.043437957763671875,0.9039143323898315,-0.0572277307510376,-2.6906368203555653,"[144.0, 216.0]"
normal_0670_EDD,normal,1,4,792,"[390.0, 194.0]",45.254833995939045,0.7306918621063232,0.047724902629852295,0.9546951055526733,-0.07340192794799805,-1.565642128444651,"[499.0, 234.0]"
normal_0672_EDD,normal,1,4,793,"[305.0, 172.0]",35.918785545899944,0.6480615139007568,0.03945034742355347,0.8608496189117432,-0.03008216619491577,-2.081388093271075,"[410.0, 207.0]"
normal_0674_EDD,normal,1,4,794,"[201.0, 236.0]",35.918785545899944,0.7115054905414581,0.016930997371673584,0.976224958896637,-0.05608510971069336,-2.7110570304019816,"[83.0, 174.0]"
normal_0674_EDD,normal,2,2,795,"[118.0, 194.0]",71.83757109179989,0.79146528840065,0.08253473043441772,0.9762257933616638,-0.12786251306533813,0.4388550708377973,"[83.0, 174.0]"
normal_0675_EDD,normal,1,4,796,"[227.0, 266.0]",35.918785545899944,0.7401374220848084,0.037338852882385254,0.9793965816497803,-0.08610481023788452,-1.6272132009062417,"[155.0, 205.0]"
normal_0675_EDD,normal,2,3,797,"[204.0, 212.0]",90.50966799187809,0.7621398448944091,0.07503461837768555,0.9509099125862122,-0.10734143853187561,0.453125,"[155.0, 205.0]"
normal_0677_EDD,normal,1,4,798,"[317.0, 186.0]",35.918785545899944,0.647590160369873,0.04048866033554077,0.8588332533836365,-0.029591113328933716,-2.046986360182504,"[424.0, 209.0]"
normal_0680_EDD,normal,1,4,799,"[306.0, 180.0]",35.918785545899944,0.7203621566295624,0.015284419059753418,0.9937766194343567,-0.04717051982879639,-1.0000704124821849,"[237.0, 200.0]"
normal_0680_EDD,normal,2,4,800,"[304.0, 269.0]",35.918785545899944,0.7171036839485169,0.0128706693649292,0.9944413900375366,-0.04062020778656006,-1.6776217192937675,"[237.0, 200.0]"
normal_0681_EDD,normal,1,1,801,"[485.0, 242.0]",45.254833995939045,0.7896331548690796,0.07781100273132324,0.9793620109558105,-0.13134372234344482,0.6355655065721688,"[501.0, 238.0]"
normal_0684_EDD,normal,1,1,802,"[157.0, 202.0]",45.254833995939045,0.783030217885971,0.06726622581481934,0.9892889857292175,-0.11630851030349731,-4.463703028281277,"[301.0, 403.0]"
normal_0684_EDD,normal,2,2,803,"[164.0, 212.0]",57.01751796098172,0.7815957605838775,0.069416344165802,0.9834867119789124,-0.11869359016418457,-3.122473125394812,"[301.0, 403.0]"
normal_0684_EDD,normal,3,4,804,"[182.0, 282.0]",90.50966799187809,0.7818917036056519,0.07549268007278442,0.974287748336792,-0.12198799848556519,-0.8750651030364252,"[301.0, 403.0]"
normal_0685_EDD,normal,1,1,805,"[281.0, 227.0]",45.254833995939045,0.7854008555412292,0.0728185772895813,0.9820030927658081,-0.12590056657791138,-4.544035364696008,"[33.0, 265.0]"
normal_0685_EDD,normal,2,1,806,"[282.0, 232.0]",57.01751796098172,0.7741685628890991,0.07295441627502441,0.9655646085739136,-0.12659460306167603,-3.405264158273244,"[33.0, 265.0]"
normal_0685_EDD,normal,3,4,807,"[277.0, 340.0]",57.01751796098172,0.7602077305316925,0.061753809452056885,0.9667715430259705,-0.1085692048072815,-3.4769842060368576,"[33.0, 265.0]"
normal_0690_EDD,normal,1,4,808,"[234.0, 331.0]",35.918785545899944,0.6108709752559661,0.031239032745361328,0.8209914565086365,-0.02468961477279663,-2.6529563497402586,"[154.0, 227.0]"
normal_0692_EDD,normal,1,4,809,"[210.0, 293.0]",45.254833995939045,0.675411993265152,0.0499955415725708,0.8881049156188965,-0.01871505379676819,-1.9374999999999996,"[116.0, 199.0]"
normal_0696_EDD,normal,1,4,810,"[234.0, 208.0]",35.918785545899944,0.6924014687538146,0.028103888034820557,0.9390642642974854,-0.03476297855377197,-2.3627231822978976,"[117.0, 178.0]"
normal_0696_EDD,normal,2,4,811,"[228.0, 201.0]",45.254833995939045,0.6967381358146667,0.03227013349533081,0.9390507340431213,-0.035662442445755005,-1.504878053418968,"[117.0, 178.0]"
normal_0696_EDD,normal,3,3,812,"[156.0, 202.0]",90.50966799187809,0.7865292072296142,0.10705268383026123,0.9389749765396118,-0.11097019910812378,0.49405391066586946,"[117.0, 178.0]"
normal_0697_EDD,normal,1,4,813,"[365.0, 188.0]",35.918785545899944,0.6544912636280059,0.03957533836364746,0.8688263297080994,-0.033687472343444824,-2.8400836817012536,"[502.0, 204.0]"
normal_0700_EDD,normal,1,4,814,"[288.0, 121.0]",57.01751796098172,0.6027322635054587,0.03993779420852661,0.8001686334609985,-0.01338212937116623,-1.3702902508189592,"[411.0, 177.0]"
normal_0703_EDD,normal,1,4,815,"[267.0, 146.0]",45.254833995939045,0.6222870387136936,0.03819131851196289,0.8308367729187012,-0.01254989579319954,-3.294345846575471,"[89.0, 224.0]"
normal_0706_EDD,normal,1,4,816,"[202.0, 278.0]",35.918785545899944,0.5344327911734581,0.026262640953063965,0.7224695086479187,-0.012207470834255219,-2.3158358735199083,"[154.0, 169.0]"
normal_0709_EDD,normal,1,2,817,"[117.0, 211.0]",35.918785545899944,0.7127930164337157,0.011799871921539307,0.9961936473846436,-0.018287956714630127,0.1329099096350157,"[96.0, 188.0]"
normal_0709_EDD,normal,2,4,818,"[82.0, 282.0]",35.918785545899944,0.7251988053321837,0.026704251766204834,0.9908767938613892,-0.02440398931503296,-1.6458810764269294,"[96.0, 188.0]"
normal_0709_EDD,normal,3,3,819,"[124.0, 139.0]",45.254833995939045,0.7337763130664825,0.03187298774719238,0.9921045303344727,-0.03715077042579651,-0.24706687120218218,"[96.0, 188.0]"
normal_0709_EDD,normal,4,3,820,"[126.0, 142.0]",57.01751796098172,0.7390419512987136,0.0396304726600647,0.9885244369506836,-0.037221863865852356,0.036820211841463446,"[96.0, 188.0]"
normal_0710_EDD,normal,1,4,821,"[359.0, 268.0]",35.918785545899944,0.6916209161281585,0.03822070360183716,0.9219614863395691,-0.040135860443115234,-1.1930536118090873,"[316.0, 202.0]"
normal_0710_EDD,normal,2,4,822,"[280.0, 322.0]",35.918785545899944,0.6912121057510375,0.045094311237335205,0.9101145267486572,-0.04518812894821167,-2.487970882167743,"[316.0, 202.0]"
normal_0710_EDD,normal,3,4,823,"[280.0, 312.0]",45.254833995939045,0.699833458662033,0.052735865116119385,0.9118316769599915,-0.04407709836959839,-1.5575409332012655,"[316.0, 202.0]"
normal_0711_EDD,normal,1,4,824,"[382.0, 265.0]",35.918785545899944,0.650310057401657,0.0347747802734375,0.8694300651550293,-0.03467115759849548,-2.733753564971255,"[497.0, 196.0]"
normal_0712_EDD,normal,1,4,825,"[246.0, 279.0]",35.918785545899944,0.7262299180030822,0.02905106544494629,0.9770541191101074,-0.06620484590530396,-1.5070442875566772,"[291.0, 201.0]"
normal_0712_EDD,normal,2,1,826,"[308.0, 195.0]",45.254833995939045,0.752077066898346,0.039535343647003174,0.9884381294250488,-0.10317516326904297,0.6016391005005637,"[291.0, 201.0]"
normal_0712_EDD,normal,3,1,827,"[304.0, 196.0]",57.01751796098172,0.7329746127128601,0.030306994915008545,0.974511981010437,-0.10254615545272827,0.7557173869491196,"[291.0, 201.0]"
normal_0713_EDD,normal,1,4,828,"[284.0, 322.0]",35.918785545899944,0.7257318377494812,0.01949155330657959,0.9947499632835388,-0.04957655072212219,-1.5267535743555563,"[255.0, 408.0]"
normal_0713_EDD,normal,2,1,829,"[132.0, 163.0]",45.254833995939045,0.7403258383274078,0.041039347648620605,0.9884387850761414,-0.036896705627441406,-5.0577462032095735,"[255.0, 408.0]"
normal_0713_EDD,normal,3,4,830,"[277.0, 325.0]",45.254833995939045,0.7381841123104095,0.03322327136993408,0.9931266903877258,-0.048860788345336914,-0.8973923306079845,"[255.0, 408.0]"
normal_0713_EDD,normal,4,4,831,"[248.0, 161.0]",57.01751796098172,0.7432147741317748,0.034481942653656006,0.9947563409805298,-0.062016963958740234,-3.333741264291235,"[255.0, 408.0]"
normal_0713_EDD,normal,5,4,832,"[267.0, 319.0]",57.01751796098172,0.7452951192855835,0.04085773229598999,0.9928358197212219,-0.047261565923690796,-0.5750483055744999,"[255.0, 408.0]"
normal_0713_EDD,normal,6,4,833,"[240.0, 172.0]",71.83757109179989,0.741828042268753,0.035819172859191895,0.991234302520752,-0.06072428822517395,-2.2918180675476596,"[255.0, 408.0]"
normal_0714_EDD,normal,1,1,834,"[423.0, 222.0]",57.01751796098172,0.806804472208023,0.12380945682525635,0.9381555914878845,-0.1314305067062378,0.41043605842423747,"[452.0, 205.0]"
normal_0715_EDD,normal,1,4,835,"[249.0, 296.0]",35.918785545899944,0.690859144926071,0.05033886432647705,0.9013299345970154,-0.04794663190841675,-1.9726914126935986,"[324.0, 220.0]"
normal_0717_EDD,normal,1,4,836,"[268.0, 309.0]",35.918785545899944,0.7086354970932007,0.04007202386856079,0.9440046548843384,-0.03880107402801514,-2.7627042365178447,"[339.0, 194.0]"
normal_0717_EDD,normal,2,4,837,"[275.0, 305.0]",45.254833995939045,0.7148641467094421,0.04766315221786499,0.9422065615653992,-0.03828200697898865,-1.831274144488661,"[339.0, 194.0]"
normal_0718_EDD,normal,1,4,838,"[392.0, 283.0]",35.918785545899944,0.6665446758270263,0.020777225494384766,0.9148072600364685,-0.027011841535568237,-2.60307080804158,"[485.0, 193.0]"
normal_0718_EDD,normal,2,4,839,"[385.0, 275.0]",45.254833995939045,0.6736162066459654,0.027393579483032227,0.915194571018219,-0.02793213725090027,-1.8576241224135828,"[485.0, 193.0]"
normal_0719_EDD,normal,1,4,840,"[402.0, 283.0]",35.918785545899944,0.7433273553848265,0.033131301403045654,0.9913219213485718,-0.08135354518890381,-2.0529584820504554,"[477.0, 203.0]"
normal_0719_EDD,normal,2,4,841,"[310.0, 306.0]",45.254833995939045,0.7586031913757324,0.042682111263275146,0.9922765493392944,-0.10663747787475586,-3.3356489205769417,"[477.0, 203.0]"
normal_0719_EDD,normal,3,4,842,"[359.0, 174.0]",57.01751796098172,0.7538785398006439,0.03938990831375122,0.9891852736473083,-0.11029469966888428,-1.1311225162166156,"[477.0, 203.0]"
normal_0719_EDD,normal,4,4,843,"[321.0, 300.0]",57.01751796098172,0.7712692856788634,0.056727826595306396,0.9895554780960083,-0.10926312208175659,-2.2217839095354948,"[477.0, 203.0]"
normal_0719_EDD,normal,5,4,844,"[472.0, 32.0]",456.14014368785377,0.7177453726530074,0.1351519227027893,0.83036208152771,-0.00669996440410614,0.6249549920898686,"[477.0, 203.0]"
normal_0720_EDD,normal,1,4,845,"[214.0, 286.0]",35.918785545899944,0.7346464037895202,0.024076998233795166,0.9958056211471558,-0.06752735376358032,-3.5868578268721043,"[352.0, 196.0]"
normal_0720_EDD,normal,2,4,846,"[222.0, 286.0]",45.254833995939045,0.7398273885250092,0.03011876344680786,0.9946587681770325,-0.06723743677139282,-2.4938562148434213,"[352.0, 196.0]"
normal_0720_EDD,normal,3,4,847,"[250.0, 173.0]",57.01751796098172,0.7376981556415558,0.029668748378753662,0.99434494972229,-0.05993971228599548,-0.8338396816923699,"[352.0, 196.0]"
normal_0720_EDD,normal,4,4,848,"[232.0, 286.0]",57.01751796098172,0.75314581990242,0.044624269008636475,0.9929556250572205,-0.06726306676864624,-1.6307704257250926,"[352.0, 196.0]"
normal_0725_EDD,normal,1,4,849,"[263.0, 287.0]",57.01751796098172,0.6265422821044921,0.01746922731399536,0.8666024804115295,-0.012256592512130737,-1.5490583173342127,"[143.0, 205.0]"
normal_0726_EDD,normal,1,4,850,"[271.0, 158.0]",35.918785545899944,0.6389881253242492,0.02734750509262085,0.8707178831100464,-0.010690510272979736,-2.775043701985197,"[140.0, 193.0]"
normal_0728_EDD,normal,1,4,851,"[371.0, 319.0]",45.254833995939045,0.6575907975435257,0.03966259956359863,0.8718767166137695,-0.038072481751441956,-2.0042287903886415,"[431.0, 197.0]"
normal_0729_EDD,normal,1,4,852,"[223.0, 306.0]",45.254833995939045,0.6584868431091309,0.027208447456359863,0.8928451538085938,-0.031433939933776855,-2.192168762181912,"[133.0, 193.0]"
normal_0731_EDD,normal,1,4,853,"[460.0, 251.0]",35.918785545899944,0.6417033553123473,-0.005585670471191406,0.923259973526001,-0.005035221576690674,0.22445104613098388,"[434.0, 261.0]"
normal_0731_EDD,normal,2,4,854,"[295.0, 267.0]",35.918785545899944,0.684416776895523,0.010697007179260254,0.9611713290214539,-0.004499197006225586,-2.8734448847088503,"[434.0, 261.0]"
normal_0731_EDD,normal,3,4,855,"[494.0, 320.0]",35.918785545899944,0.6572724997997283,-0.0028073787689208984,0.9415102601051331,-0.005113482475280762,-1.3427484160931242,"[434.0, 261.0]"
normal_0731_EDD,normal,4,4,856,"[306.0, 156.0]",45.254833995939045,0.6972043752670287,0.027924954891204834,0.9555021524429321,-0.002139568328857422,-2.6583193930068485,"[434.0, 261.0]"
normal_0731_EDD,normal,5,4,857,"[468.0, 253.0]",45.254833995939045,0.6267602145671843,-0.013152837753295898,0.9127650856971741,-0.0048874616622924805,0.22818193529822084,"[434.0, 261.0]"
normal_0731_EDD,normal,6,4,858,"[290.0, 259.0]",45.254833995939045,0.6627393245697021,0.001394510269165039,0.9434587955474854,-0.004618287086486816,-2.182287404525242,"[434.0, 261.0]"
normal_0731_EDD,normal,7,4,859,"[361.0, 109.0]",57.01751796098172,0.6979833483695984,0.05210500955581665,0.9221863746643066,-0.0017393827438354492,-1.957352100809,"[434.0, 261.0]"
normal_0731_EDD,normal,8,4,860,"[285.0, 251.0]",57.01751796098172,0.6498163640499115,-0.003538072109222412,0.9320427775382996,-0.004622459411621094,-1.619110736159882,"[434.0, 261.0]"
normal_0731_EDD,normal,9,4,861,"[482.0, 261.0]",57.01751796098172,0.6091426014900206,-0.02472400665283203,0.9041311740875244,-0.004873931407928467,0.15815346376797035,"[434.0, 261.0]"
normal_0732_EDD,normal,1,4,862,"[249.0, 307.0]",35.918785545899944,0.723067170381546,0.02111119031906128,0.9933692812919617,-0.03298741579055786,-1.6934956599785727,"[261.0, 211.0]"
normal_0732_EDD,normal,2,4,863,"[348.0, 204.0]",45.254833995939045,0.7305022418498992,0.02291858196258545,0.9954219460487366,-0.05394148826599121,-0.928659265526184,"[261.0, 211.0]"
normal_0732_EDD,normal,3,4,864,"[179.0, 231.0]",45.254833995939045,0.7319708228111267,0.023848295211791992,0.9957536458969116,-0.05547487735748291,-0.8650779139220965,"[261.0, 211.0]"
normal_0732_EDD,normal,4,4,865,"[342.0, 206.0]",57.01751796098172,0.7364079296588897,0.03029686212539673,0.9933615922927856,-0.053789764642715454,-0.42332001046817624,"[261.0, 211.0]"
normal_0732_EDD,normal,5,4,866,"[183.0, 228.0]",57.01751796098172,0.7432076930999755,0.036576032638549805,0.9935628771781921,-0.05568823218345642,-0.40011481558524165,"[261.0, 211.0]"
normal_0733_EDD,normal,1,4,867,"[234.0, 152.0]",35.918785545899944,0.7201818168163299,0.016886770725250244,0.9943445920944214,-0.036269158124923706,-1.8677153943001983,"[317.0, 213.0]"
normal_0733_EDD,normal,2,4,868,"[390.0, 199.0]",35.918785545899944,0.7296365320682525,0.022434711456298828,0.9958356618881226,-0.05058428645133972,-1.0694002485581584,"[317.0, 213.0]"
normal_0733_EDD,normal,3,4,869,"[387.0, 204.0]",45.254833995939045,0.7401895225048065,0.03403282165527344,0.9941913485527039,-0.051113784313201904,-0.5595284243161456,"[317.0, 213.0]"
normal_0733_EDD,normal,4,4,870,"[238.0, 254.0]",45.254833995939045,0.7254283547401428,0.01689678430557251,0.9961740374565125,-0.05604872107505798,-0.9667648721949451,"[317.0, 213.0]"
normal_0733_EDD,normal,5,3,871,"[286.0, 228.0]",114.03503592196344,0.8247226059436797,0.11579036712646484,0.9938563704490662,-0.06616389751434326,0.6980020180901946,"[317.0, 213.0]"
normal_0734_EDD,normal,1,4,872,"[251.0, 294.0]",35.918785545899944,0.7287342071533203,0.019607901573181152,0.990685224533081,-0.07823324203491211,-3.766516291411878,"[115.0, 190.0]"
normal_0734_EDD,normal,2,4,873,"[218.0, 179.0]",45.254833995939045,0.734980434179306,0.02485179901123047,0.9932166934013367,-0.07438474893569946,-1.2889425096537481,"[115.0, 190.0]"
normal_0734_EDD,normal,3,4,874,"[240.0, 287.0]",45.254833995939045,0.7362466156482695,0.026584148406982422,0.9912895560264587,-0.07879889011383057,-2.4962312298387817,"[115.0, 190.0]"
normal_0736_EDD,normal,1,4,875,"[209.0, 282.0]",35.918785545899944,0.7175311267375946,0.012167215347290039,0.9961287975311279,-0.04036876559257507,-1.3860209676283484,"[266.0, 218.0]"
normal_0736_EDD,normal,2,4,876,"[316.0, 355.0]",35.918785545899944,0.7438644826412201,0.04099768400192261,0.9921588897705078,-0.04177787899971008,-3.0602417385838123,"[266.0, 218.0]"
normal_0736_EDD,normal,3,4,877,"[354.0, 199.0]",57.01751796098172,0.7457797706127166,0.0409926176071167,0.9929974675178528,-0.04844462871551514,-0.5789493599846649,"[266.0, 218.0]"
normal_0739_EDD,normal,1,4,878,"[155.0, 235.0]",35.918785545899944,0.7116080582141876,0.00889742374420166,0.9963271021842957,-0.02640831470489502,-1.0323627007576484,"[100.0, 187.0]"
normal_0739_EDD,normal,2,1,879,"[103.0, 173.0]",45.254833995939045,0.7192404150962829,0.0230293869972229,0.984576404094696,-0.035037726163864136,0.6836178635731783,"[100.0, 187.0]"
normal_0739_EDD,normal,3,4,880,"[255.0, 303.0]",45.254833995939045,0.7265428781509399,0.022187650203704834,0.9919547438621521,-0.04993453621864319,-3.277998308934915,"[100.0, 187.0]"
normal_0739_EDD,normal,4,1,881,"[116.0, 174.0]",57.01751796098172,0.7268965244293213,0.029164254665374756,0.9870891571044922,-0.03384929895401001,0.6384351885994768,"[100.0, 187.0]"
normal_0740_EDD,normal,1,4,882,"[372.0, 167.0]",35.918785545899944,0.6252398937940596,0.02282428741455078,0.8552406430244446,-0.01873578131198883,-3.3475014517727617,"[501.0, 255.0]"
normal_0740_EDD,normal,2,4,883,"[385.0, 257.0]",45.254833995939045,0.6494811743497848,0.03851348161697388,0.863827645778656,-0.03144170343875885,-1.5636430377492103,"[501.0, 255.0]"
normal_0747_EDD,normal,1,4,884,"[325.0, 341.0]",57.01751796098172,0.6978631377220154,0.0291825532913208,0.9410325288772583,-0.04978907108306885,-1.6004884364086704,"[421.0, 228.0]"
normal_0747_EDD,normal,2,3,885,"[364.0, 226.0]",90.50966799187809,0.7555158495903014,0.09150952100753784,0.9275902509689331,-0.07346576452255249,0.3698454740601318,"[421.0, 228.0]"
normal_0748_EDD,normal,1,4,886,"[233.0, 192.0]",35.918785545899944,0.6253028899431228,0.03650480508804321,0.8342752456665039,-0.024027064442634583,-2.532683913635933,"[107.0, 177.0]"
normal_0752_EDD,normal,1,4,887,"[254.0, 320.0]",45.254833995939045,0.7031554222106934,0.049641549587249756,0.9195243120193481,-0.04923427104949951,-2.463326277763907,"[135.0, 218.0]"
normal_0752_EDD,normal,2,4,888,"[273.0, 168.0]",57.01751796098172,0.766046804189682,0.07655727863311768,0.9556726217269897,-0.10259345173835754,-1.5742745441096533,"[135.0, 218.0]"
normal_0753_EDD,normal,1,4,889,"[219.0, 160.0]",35.918785545899944,0.741641217470169,0.03690427541732788,0.9848052859306335,-0.07686620950698853,-0.20874316969051132,"[240.0, 198.0]"
normal_0754_EDD,normal,1,4,890,"[103.0, 227.0]",35.918785545899944,0.738364189863205,0.03359109163284302,0.9877070784568787,-0.06689071655273438,-0.28338755294376594,"[122.0, 185.0]"
normal_0755_EDD,normal,1,4,891,"[236.0, 288.0]",35.918785545899944,0.6627805054187774,0.03805893659591675,0.8801294565200806,-0.043154746294021606,-3.0675847298883507,"[141.0, 177.0]"
normal_0756_EDD,normal,1,4,892,"[373.0, 189.0]",35.918785545899944,0.7315701365470886,0.025846242904663086,0.9861512184143066,-0.07709020376205444,-2.3408701930262716,"[493.0, 189.0]"
normal_0756_EDD,normal,2,1,893,"[474.0, 210.0]",57.01751796098172,0.7846342980861664,0.07731574773788452,0.9798082709312439,-0.10726380348205566,0.5033174797894169,"[493.0, 189.0]"
normal_0757_EDD,normal,1,4,894,"[267.0, 295.0]",45.254833995939045,0.7472795724868775,0.053072333335876465,0.968748927116394,-0.08041495084762573,-1.6490711815653425,"[323.0, 189.0]"
normal_0759_EDD,normal,1,4,895,"[266.0, 311.0]",35.918785545899944,0.7286744177341461,0.04059392213821411,0.96450275182724,-0.06464284658432007,-2.0934385407930383,"[271.0, 200.0]"
normal_0759_EDD,normal,2,1,896,"[304.0, 209.0]",45.254833995939045,0.8023494958877563,0.0865945816040039,0.9851793050765991,-0.13064700365066528,0.2441633360970109,"[271.0, 200.0]"
normal_0761_EDD,normal,1,4,897,"[321.0, 194.0]",35.918785545899944,0.7218698978424072,0.01720130443572998,0.9929870963096619,-0.0478881299495697,-2.046986360182504,"[428.0, 217.0]"
normal_0761_EDD,normal,2,1,898,"[424.0, 202.0]",35.918785545899944,0.7346597969532012,0.03433680534362793,0.9862924814224243,-0.049591273069381714,0.5677978957161018,"[428.0, 217.0]"
normal_0762_EDD,normal,1,4,899,"[336.0, 274.0]",35.918785545899944,0.719116461277008,0.016453564167022705,0.9906890392303467,-0.04590284824371338,-0.43831047256148414,"[301.0, 236.0]"
normal_0762_EDD,normal,2,4,900,"[259.0, 346.0]",35.918785545899944,0.7364336967468261,0.0327376127243042,0.9891525506973267,-0.05644649267196655,-2.2781032667659504,"[301.0, 236.0]"
normal_0763_EDD,normal,1,4,901,"[263.0, 150.0]",35.918785545899944,0.7395000636577606,0.0321384072303772,0.9920359253883362,-0.06468254327774048,-1.3149576122971416,"[268.0, 233.0]"
normal_0763_EDD,normal,2,4,902,"[197.0, 222.0]",35.918785545899944,0.7252157747745513,0.019512653350830078,0.992459774017334,-0.05490639805793762,-1.0002641708175855,"[268.0, 233.0]"
normal_0764_EDD,normal,1,4,903,"[180.0, 159.0]",35.918785545899944,0.7283328056335449,0.020727455615997314,0.9929367303848267,-0.06274819374084473,-0.45891040662640736,"[145.0, 198.0]"
normal_0764_EDD,normal,2,4,904,"[226.0, 289.0]",35.918785545899944,0.7251691102981567,0.02217310667037964,0.9890481233596802,-0.05331158638000488,-2.391755745591065,"[145.0, 198.0]"
normal_0766_EDD,normal,1,4,905,"[346.0, 204.0]",35.918785545899944,0.6560898780822754,0.031811296939849854,0.8833195567131042,-0.029774457216262817,-2.1802918135145903,"[453.0, 244.0]"
normal_0766_EDD,normal,2,4,906,"[341.0, 193.0]",45.254833995939045,0.65548597574234,0.036651670932769775,0.8758445382118225,-0.02871564030647278,-1.7193785193036293,"[453.0, 244.0]"
normal_0766_EDD,normal,3,4,907,"[370.0, 319.0]",45.254833995939045,0.6369752764701843,0.029300391674041748,0.8652474880218506,-0.01000821590423584,-1.471912531320637,"[453.0, 244.0]"
normal_0766_EDD,normal,4,4,908,"[347.0, 328.0]",57.01751796098172,0.648001480102539,0.04624742269515991,0.8571024537086487,-0.008911699056625366,-1.3720415293090569,"[453.0, 244.0]"
normal_0767_EDD,normal,1,4,909,"[373.0, 194.0]",35.918785545899944,0.664458292722702,0.023132026195526123,0.9102780222892761,-0.020658254623413086,-2.565334484513913,"[501.0, 190.0]"
normal_0768_EDD,normal,1,4,910,"[241.0, 176.0]",45.254833995939045,0.7567287564277648,0.04404032230377197,0.9932302236557007,-0.08713638782501221,-1.9409886199201787,"[108.0, 181.0]"
normal_0768_EDD,normal,2,4,911,"[231.0, 180.0]",57.01751796098172,0.7630941927433014,0.05168783664703369,0.991847813129425,-0.08556443452835083,-1.1573030425079867,"[108.0, 181.0]"
normal_0769_EDD,normal,1,2,912,"[302.0, 192.0]",71.83757109179989,0.7611765503883362,0.04905217885971069,0.9835963249206543,-0.1180347204208374,0.8500738617609189,"[312.0, 188.0]"
normal_0770_EDD,normal,1,4,913,"[232.0, 179.0]",45.254833995939045,0.7412684381008148,0.040068984031677246,0.977331280708313,-0.08533778786659241,-2.0259296092275507,"[96.0, 195.0]"
normal_0770_EDD,normal,2,3,914,"[166.0, 214.0]",114.03503592196344,0.77129487991333,0.1010599136352539,0.9358729720115662,-0.07561942934989929,0.3639432772854999,"[96.0, 195.0]"
normal_0771_EDD,normal,1,4,915,"[255.0, 174.0]",35.918785545899944,0.7233284533023834,0.032327234745025635,0.9687919020652771,-0.06423443555831909,-5.2070145507614916,"[314.0, 389.0]"
normal_0771_EDD,normal,2,4,916,"[417.0, 204.0]",35.918785545899944,0.7406251728534698,0.03357571363449097,0.9830346703529358,-0.09462594985961914,-4.89497678957103,"[314.0, 389.0]"
normal_0771_EDD,normal,3,4,917,"[387.0, 270.0]",35.918785545899944,0.7343478739261627,0.036731600761413574,0.9747028350830078,-0.07662144303321838,-2.8867291301909246,"[314.0, 389.0]"
normal_0771_EDD,normal,4,4,918,"[417.0, 211.0]",45.254833995939045,0.7424823284149169,0.03882664442062378,0.9783663749694824,-0.09399610757827759,-3.54432381177332,"[314.0, 389.0]"
normal_0772_EDD,normal,1,4,919,"[303.0, 143.0]",35.918785545899944,0.7226522207260131,0.019799649715423584,0.9905091524124146,-0.04748082160949707,-0.884130998145052,"[341.0, 199.0]"
normal_0772_EDD,normal,2,4,920,"[238.0, 208.0]",35.918785545899944,0.730147784948349,0.019116580486297607,0.9949513077735901,-0.07282644510269165,-1.8785064593116427,"[341.0, 199.0]"
normal_0772_EDD,normal,3,4,921,"[371.0, 267.0]",35.918785545899944,0.7339551210403442,0.0262831449508667,0.9916082620620728,-0.06773096323013306,-1.0692129640427686,"[341.0, 199.0]"
normal_0773_EDD,normal,1,2,922,"[450.0, 208.0]",71.83757109179989,0.8255460619926451,0.1156226396560669,0.9751845598220825,-0.13647115230560303,0.44843311222641247,"[489.0, 215.0]"
normal_0775_EDD,normal,1,4,923,"[341.0, 320.0]",45.254833995939045,0.6587183386087417,0.028539001941680908,0.8918445706367493,-0.029440686106681824,-2.257353459865846,"[428.0, 201.0]"
normal_0777_EDD,normal,1,4,924,"[220.0, 305.0]",35.918785545899944,0.6862839519977569,0.03154158592224121,0.9213161468505859,-0.049105316400527954,-3.4120080959839587,"[137.0, 170.0]"
normal_0777_EDD,normal,2,4,925,"[222.0, 313.0]",45.254833995939045,0.689924293756485,0.03917193412780762,0.9154874086380005,-0.04955586791038513,-2.675961821414907,"[137.0, 170.0]"
normal_0779_EDD,normal,1,4,926,"[264.0, 188.0]",35.918785545899944,0.7264162838459014,0.017016053199768066,0.9958336353302002,-0.06158342957496643,-1.6726961544210175,"[360.0, 188.0]"
normal_0779_EDD,normal,2,4,927,"[401.0, 253.0]",35.918785545899944,0.7219706714153289,0.015668153762817383,0.9960901141166687,-0.04519718885421753,-1.139562990768649,"[360.0, 188.0]"
normal_0779_EDD,normal,3,4,928,"[252.0, 287.0]",35.918785545899944,0.722056496143341,0.014992058277130127,0.9963242411613464,-0.04818734526634216,-3.078906988034875,"[360.0, 188.0]"
normal_0779_EDD,normal,4,4,929,"[270.0, 185.0]",45.254833995939045,0.7300153255462647,0.021575987339019775,0.9949865937232971,-0.05974361300468445,-0.9898423696991678,"[360.0, 188.0]"
normal_0781_EDD,normal,1,4,930,"[268.0, 179.0]",35.918785545899944,0.7170342147350312,0.013081252574920654,0.9921714663505554,-0.0471646785736084,0.18688331776422518,"[291.0, 197.0]"
normal_0783_EDD,normal,1,4,931,"[378.0, 240.0]",35.918785545899944,0.6496830761432647,0.024974405765533447,0.8841254711151123,-0.02910420298576355,-2.3898127335977715,"[494.0, 203.0]"
normal_0783_EDD,normal,2,4,932,"[370.0, 178.0]",45.254833995939045,0.6636607497930526,0.03890872001647949,0.883315920829773,-0.032154425978660583,-1.7951723169153633,"[494.0, 203.0]"
normal_0784_EDD,normal,1,4,933,"[227.0, 229.0]",35.918785545899944,0.6875199198722839,0.03110414743423462,0.9241772294044495,-0.04745855927467346,-2.967942681706431,"[104.0, 157.0]"
normal_0787_EDD,normal,1,4,934,"[250.0, 292.0]",35.918785545899944,0.6830239325761794,0.030152082443237305,0.9218453764915466,-0.03790043294429779,-3.6104546642941475,"[118.0, 192.0]"
normal_0790_EDD,normal,1,2,935,"[224.0, 164.0]",35.918785545899944,0.726663464307785,0.02257317304611206,0.9908565282821655,-0.05245360732078552,0.20373980195956565,"[207.0, 187.0]"
normal_0790_EDD,normal,2,4,936,"[305.0, 215.0]",35.918785545899944,0.7443433582782745,0.04506129026412964,0.9884907603263855,-0.036692678928375244,-1.8375552486228588,"[207.0, 187.0]"
normal_0790_EDD,normal,3,4,937,"[302.0, 119.0]",45.254833995939045,0.7647282540798187,0.06411176919937134,0.9840690493583679,-0.05884075164794922,-1.5815791255063245,"[207.0, 187.0]"
normal_0791_EDD,normal,1,4,938,"[246.0, 86.0]",35.918785545899944,0.758688747882843,0.055034339427948,0.9856519103050232,-0.06849035620689392,-2.042276655212621,"[151.0, 140.0]"
normal_0791_EDD,normal,2,1,939,"[168.0, 128.0]",35.918785545899944,0.7602190494537353,0.05508613586425781,0.9869639873504639,-0.07129061222076416,0.4206749551681299,"[151.0, 140.0]"
normal_0791_EDD,normal,3,4,940,"[247.0, 166.0]",35.918785545899944,0.7404518008232116,0.04614460468292236,0.9814613461494446,-0.0364212691783905,-1.7689837660617629,"[151.0, 140.0]"
normal_0792_EDD,normal,1,4,941,"[258.0, 146.0]",35.918785545899944,0.7278691411018372,0.035166382789611816,0.9712022542953491,-0.06430590152740479,-1.78419769363337,"[323.0, 222.0]"
normal_0792_EDD,normal,2,1,942,"[310.0, 215.0]",45.254833995939045,0.7620235979557037,0.04850274324417114,0.9879967570304871,-0.10961562395095825,0.6737404215965453,"[323.0, 222.0]"
normal_0792_EDD,normal,3,4,943,"[246.0, 308.0]",45.254833995939045,0.7619693517684937,0.06030839681625366,0.9731816053390503,-0.10216915607452393,-1.5507543308303915,"[323.0, 222.0]"
normal_0792_EDD,normal,4,1,944,"[303.0, 211.0]",57.01751796098172,0.7440503418445586,0.039953649044036865,0.9746031165122986,-0.10937255620956421,0.5996769898569319,"[323.0, 222.0]"
normal_0796_EDD,normal,1,1,945,"[475.0, 198.0]",35.918785545899944,0.7717392325401307,0.0610661506652832,0.9873509407043457,-0.0976371169090271,0.5823912258717161,"[487.0, 189.0]"
normal_0796_EDD,normal,2,4,946,"[376.0, 164.0]",45.254833995939045,0.7368666112422942,0.026532649993896484,0.9914694428443909,-0.0815267562866211,-1.514217385688835,"[487.0, 189.0]"
normal_0796_EDD,normal,3,1,947,"[468.0, 196.0]",45.254833995939045,0.7685940980911254,0.060179948806762695,0.983561635017395,-0.0996050238609314,0.552568091772614,"[487.0, 189.0]"
normal_0796_EDD,normal,4,4,948,"[374.0, 276.0]",71.83757109179989,0.7759543240070342,0.06411391496658325,0.987771213054657,-0.10200279951095581,-0.9851918408276872,"[487.0, 189.0]"
normal_0797_EDD,normal,1,4,949,"[285.0, 310.0]",35.918785545899944,0.738918113708496,0.033877670764923096,0.9915821552276611,-0.054664671421051025,-2.2755013155002177,"[324.0, 199.0]"
normal_0797_EDD,normal,2,4,950,"[237.0, 161.0]",45.254833995939045,0.7367351293563843,0.02741420269012451,0.9939861297607422,-0.06765317916870117,-1.0978271869365215,"[324.0, 199.0]"
normal_0798_EDD,normal,1,4,951,"[172.0, 237.0]",45.254833995939045,0.7342650294303894,0.032643914222717285,0.9909725785255432,-0.03970155119895935,-1.0608421367246934,"[265.0, 230.0]"
normal_0798_EDD,normal,2,4,952,"[370.0, 266.0]",45.254833995939045,0.7345521867275238,0.02926766872406006,0.9944750070571899,-0.04576006531715393,-1.4527766472408365,"[265.0, 230.0]"
normal_0798_EDD,normal,3,4,953,"[362.0, 178.0]",57.01751796098172,0.7456701636314391,0.04110085964202881,0.9928246736526489,-0.04796016216278076,-0.9302677314260115,"[265.0, 230.0]"
normal_0798_EDD,normal,4,4,954,"[368.0, 253.0]",57.01751796098172,0.7461827158927917,0.04322618246078491,0.9913263320922852,-0.04514050483703613,-0.850952606153607,"[265.0, 230.0]"
normal_0800_EDD,normal,1,4,955,"[240.0, 168.0]",35.918785545899944,0.7078813195228576,0.025030136108398438,0.9601805806159973,-0.05362388491630554,-2.5788960948457818,"[115.0, 198.0]"
normal_0800_EDD,normal,2,1,956,"[126.0, 192.0]",45.254833995939045,0.7856781482696533,0.07329946756362915,0.9812263250350952,-0.1276012659072876,0.7231242945832914,"[115.0, 198.0]"
normal_0800_EDD,normal,3,4,957,"[206.0, 257.0]",57.01751796098172,0.7382196843624115,0.04207736253738403,0.9696871042251587,-0.08680674433708191,-0.902095330857986,"[115.0, 198.0]"
normal_0802_EDD,normal,1,4,958,"[252.0, 135.0]",35.918785545899944,0.7243617415428162,0.023161470890045166,0.992514967918396,-0.032198965549468994,-0.7484241997040171,"[262.0, 197.0]"
normal_0802_EDD,normal,2,4,959,"[355.0, 187.0]",35.918785545899944,0.7288800597190856,0.0232008695602417,0.99470454454422,-0.04693004488945007,-1.6040994390596208,"[262.0, 197.0]"
normal_0802_EDD,normal,3,4,960,"[222.0, 311.0]",35.918785545899944,0.7251027345657348,0.021479129791259766,0.9945458173751831,-0.03720766305923462,-2.3635298256375012,"[262.0, 197.0]"
normal_0802_EDD,normal,4,4,961,"[241.0, 140.0]",45.254833995939045,0.7321272373199463,0.031245946884155273,0.9919911623001099,-0.03243738412857056,-0.3422957246821581,"[262.0, 197.0]"
normal_0802_EDD,normal,5,4,962,"[349.0, 190.0]",45.254833995939045,0.7359964728355408,0.030864715576171875,0.9938269853591919,-0.04726433753967285,-0.928659265526184,"[262.0, 197.0]"
normal_0802_EDD,normal,6,4,963,"[339.0, 238.0]",45.254833995939045,0.7230060279369354,0.020658493041992188,0.9925415515899658,-0.037842243909835815,-0.9276463141613918,"[262.0, 197.0]"
normal_0802_EDD,normal,7,4,964,"[260.0, 312.0]",45.254833995939045,0.7346481382846831,0.032363057136535645,0.9922240376472473,-0.038641273975372314,-1.5415492629988505,"[262.0, 197.0]"
normal_0802_EDD,normal,8,4,965,"[342.0, 196.0]",57.01751796098172,0.7450423479080199,0.041333019733428955,0.9918767809867859,-0.04697790741920471,-0.40318717153960293,"[262.0, 197.0]"
normal_0802_EDD,normal,9,4,966,"[244.0, 306.0]",57.01751796098172,0.7427868425846099,0.04170048236846924,0.9903149008750916,-0.0393296480178833,-0.9375841976392003,"[262.0, 197.0]"
normal_0802_EDD,normal,10,4,967,"[178.0, 216.0]",71.83757109179989,0.7467835247516632,0.0407634973526001,0.9916302561759949,-0.059394240379333496,-0.19884351837462266,"[262.0, 197.0]"
normal_0803_EDD,normal,1,1,968,"[310.0, 205.0]",57.01751796098172,0.7607649624347687,0.07483327388763428,0.942558228969574,-0.13070464134216309,0.7363389899107761,"[295.0, 206.0]"
normal_0804_EDD,normal,1,4,969,"[373.0, 185.0]",35.918785545899944,0.6814485907554626,0.02894747257232666,0.9229928851127625,-0.03203049302101135,-2.570548235022123,"[501.0, 193.0]"
normal_0805_EDD,normal,1,4,970,"[227.0, 168.0]",35.918785545899944,0.7340226709842682,0.028746306896209717,0.9862973093986511,-0.07434123754501343,-2.30506558308457,"[109.0, 181.0]"
normal_0805_EDD,normal,2,4,971,"[218.0, 283.0]",35.918785545899944,0.7327437996864319,0.02549797296524048,0.986454963684082,-0.08363676071166992,-3.156087428864189,"[109.0, 181.0]"
normal_0806_EDD,normal,1,4,972,"[208.0, 262.0]",35.918785545899944,0.7235314846038817,0.018844962120056152,0.9945129752159119,-0.04263719916343689,-1.9066424018064523,"[308.0, 232.0]"
normal_0806_EDD,normal,2,4,973,"[285.0, 332.0]",35.918785545899944,0.734191209077835,0.031084716320037842,0.9940581917762756,-0.036328792572021484,-1.8567479116897818,"[308.0, 232.0]"
normal_0806_EDD,normal,3,4,974,"[387.0, 238.0]",45.254833995939045,0.7267781734466552,0.01870858669281006,0.9958047270774841,-0.055031388998031616,-0.7506974056786626,"[308.0, 232.0]"
normal_0806_EDD,normal,4,4,975,"[284.0, 324.0]",45.254833995939045,0.7359324932098388,0.033147990703582764,0.9936840534210205,-0.03602832555770874,-1.1009670392464512,"[308.0, 232.0]"
normal_0806_EDD,normal,5,4,976,"[357.0, 172.0]",57.01751796098172,0.739246028661728,0.03676503896713257,0.992564857006073,-0.03842794895172119,-0.3586372118209169,"[308.0, 232.0]"
normal_0806_EDD,normal,6,4,977,"[231.0, 184.0]",57.01751796098172,0.731890058517456,0.0289270281791687,0.9933434724807739,-0.03811299800872803,-0.5913684721663921,"[308.0, 232.0]"
normal_0811_EDD,normal,1,4,978,"[221.0, 193.0]",35.918785545899944,0.7171291828155517,0.03537261486053467,0.9578263759613037,-0.05639052391052246,-2.464111699482288,"[100.0, 164.0]"
normal_0811_EDD,normal,2,1,979,"[120.0, 181.0]",45.254833995939045,0.7812124669551849,0.07929408550262451,0.9688252806663513,-0.11870342493057251,0.4199777752102942,"[100.0, 164.0]"
normal_0812_EDD,normal,1,4,980,"[253.0, 141.0]",35.918785545899944,0.7339682519435883,0.02822810411453247,0.9950577020645142,-0.04599878191947937,-0.7039711689078476,"[248.0, 202.0]"
normal_0812_EDD,normal,2,4,981,"[176.0, 252.0]",45.254833995939045,0.723923635482788,0.017011046409606934,0.993174135684967,-0.05845347046852112,-0.9369959021639669,"[248.0, 202.0]"
normal_0812_EDD,normal,3,4,982,"[302.0, 319.0]",45.254833995939045,0.7336504220962524,0.03277212381362915,0.9927493929862976,-0.02976861596107483,-1.8474392278413951,"[248.0, 202.0]"
normal_0812_EDD,normal,4,4,983,"[346.0, 195.0]",57.01751796098172,0.7431596994400024,0.03660625219345093,0.9945235252380371,-0.051934897899627686,-0.7231490504472977,"[248.0, 202.0]"
normal_0812_EDD,normal,5,4,984,"[334.0, 194.0]",71.83757109179989,0.7564518451690674,0.050742149353027344,0.993340790271759,-0.05185571312904358,-0.20231363914551737,"[248.0, 202.0]"
normal_0814_EDD,normal,1,4,985,"[324.0, 164.0]",35.918785545899944,0.6458145886659621,0.029976844787597656,0.8721528649330139,-0.02665369212627411,-2.177365837140912,"[428.0, 211.0]"
normal_0817_EDD,normal,1,4,986,"[436.0, 294.0]",35.918785545899944,0.6932563543319702,0.024403929710388184,0.9443413615226746,-0.039067357778549194,-1.934244446415415,"[494.0, 206.0]"
normal_0818_EDD,normal,1,4,987,"[271.0, 313.0]",35.918785545899944,0.7346787929534911,0.02814924716949463,0.9926871061325073,-0.058242857456207275,-2.2565154936923975,"[330.0, 212.0]"
normal_0818_EDD,normal,2,4,988,"[262.0, 193.0]",45.254833995939045,0.7339857518672943,0.025096356868743896,0.994296133518219,-0.0644105076789856,-0.5601544895458268,"[330.0, 212.0]"
normal_0818_EDD,normal,3,3,989,"[271.0, 193.0]",57.01751796098172,0.7419699311256408,0.03441441059112549,0.9927226901054382,-0.06324818730354309,-0.08710219395491392,"[330.0, 212.0]"
normal_0818_EDD,normal,4,4,990,"[283.0, 301.0]",57.01751796098172,0.7486751556396485,0.04476368427276611,0.9904560446739197,-0.05296120047569275,-0.765210144530748,"[330.0, 212.0]"
normal_0820_EDD,normal,1,4,991,"[379.0, 272.0]",35.918785545899944,0.6906632840633392,0.022513866424560547,0.9421855807304382,-0.04309755563735962,-2.8112123666944804,"[503.0, 214.0]"
normal_0820_EDD,normal,2,4,992,"[385.0, 279.0]",45.254833995939045,0.6949999988079071,0.02923029661178589,0.9385760426521301,-0.043832361698150635,-1.9768803143979436,"[503.0, 214.0]"
normal_0822_EDD,normal,1,1,993,"[272.0, 225.0]",35.918785545899944,0.7482360303401946,0.039653480052948,0.9858183264732361,-0.09254860877990723,0.5129886654385319,"[281.0, 240.0]"
normal_0823_EDD,normal,1,4,994,"[255.0, 333.0]",35.918785545899944,0.6588758051395416,0.05283147096633911,0.8524307608604431,-0.04671400785446167,-2.9199899513128003,"[304.0, 201.0]"
normal_0824_EDD,normal,1,4,995,"[358.0, 331.0]",57.01751796098172,0.7824997425079345,0.09981030225753784,0.9429823160171509,-0.11300909519195557,-1.9807659593872753,"[445.0, 185.0]"
normal_0827_EDD,normal,1,4,996,"[210.0, 281.0]",45.254833995939045,0.7020959258079529,0.04210972785949707,0.9279007315635681,-0.05227842926979065,-1.8764432518737442,"[99.0, 213.0]"
normal_0828_EDD,normal,1,1,997,"[123.0, 177.0]",57.01751796098172,0.7624733924865722,0.054130494594573975,0.9770467281341553,-0.122050940990448,0.4977746638121169,"[97.0, 189.0]"
normal_0828_EDD,normal,2,4,998,"[210.0, 261.0]",57.01751796098172,0.7418582141399384,0.03968513011932373,0.9785212874412537,-0.0860409140586853,-1.3499585792955893,"[97.0, 189.0]"
normal_0832_EDD,normal,1,4,999,"[336.0, 307.0]",35.918785545899944,0.6189274400472641,0.028631150722503662,0.8352892994880676,-0.02796889841556549,-2.6224869932843724,"[429.0, 216.0]"
normal_0833_EDD,normal,1,4,1000,"[366.0, 183.0]",45.254833995939045,0.6803766816854477,0.03270190954208374,0.9144142270088196,-0.03792406618595123,-1.9692433800549258,"[496.0, 217.0]"
normal_0839_EDD,normal,1,4,1001,"[370.0, 295.0]",35.918785545899944,0.7008348345756531,0.033055126667022705,0.9386414289474487,-0.0536535382270813,-3.1348658299628305,"[473.0, 188.0]"
normal_0839_EDD,normal,2,4,1002,"[374.0, 288.0]",45.254833995939045,0.7082248449325561,0.04232686758041382,0.9356679916381836,-0.05465191602706909,-2.109414258546133,"[473.0, 188.0]"
normal_0840_EDD,normal,1,4,1003,"[333.0, 168.0]",35.918785545899944,0.7289348602294922,0.02211594581604004,0.9901878833770752,-0.06843698024749756,-1.4277245486191101,"[281.0, 238.0]"
normal_0841_EDD,normal,1,4,1004,"[241.0, 309.0]",35.918785545899944,0.7273276388645171,0.014814376831054688,0.9965080618858337,-0.07478809356689453,-4.318426225340756,"[94.0, 187.0]"
normal_0842_EDD,normal,1,4,1005,"[376.0, 271.0]",35.918785545899944,0.7176078081130981,0.02470463514328003,0.97130286693573,-0.06495583057403564,-2.4380586224018628,"[495.0, 238.0]"
normal_0842_EDD,normal,2,1,1006,"[479.0, 207.0]",45.254833995939045,0.8110428035259246,0.09802049398422241,0.9831590056419373,-0.12405502796173096,0.22913147602849937,"[495.0, 238.0]"
normal_0843_EDD,normal,1,4,1007,"[376.0, 177.0]",35.918785545899944,0.6894218862056731,0.029710710048675537,0.9311649799346924,-0.039478451013565063,-2.4370439635743146,"[496.0, 206.0]"
normal_0843_EDD,normal,2,4,1008,"[384.0, 265.0]",35.918785545899944,0.6890720844268798,0.030751705169677734,0.9305225014686584,-0.03477314114570618,-2.524336557814706,"[496.0, 206.0]"
normal_0846_EDD,normal,1,2,1009,"[132.0, 183.0]",57.01751796098172,0.7869090259075164,0.0819287896156311,0.9721264243125916,-0.12245869636535645,0.6838207445357983,"[114.0, 184.0]"
normal_0847_EDD,normal,1,4,1010,"[361.0, 174.0]",35.918785545899944,0.6313461214303969,0.02544790506362915,0.8606029748916626,-0.017380669713020325,-2.887526735192178,"[498.0, 201.0]"
normal_0847_EDD,normal,2,4,1011,"[223.0, 199.0]",45.254833995939045,0.6624570488929749,0.03684943914413452,0.8814719319343567,-0.04288628697395325,-5.076859604783542,"[498.0, 201.0]"
normal_0847_EDD,normal,3,4,1012,"[218.0, 200.0]",57.01751796098172,0.6708869874477386,0.049481868743896484,0.8754331469535828,-0.04300957918167114,-3.910802779949183,"[498.0, 201.0]"
normal_0848_EDD,normal,1,1,1013,"[486.0, 195.0]",35.918785545899944,0.7605648577213286,0.056473731994628906,0.98866206407547,-0.06013840436935425,0.7704206552112504,"[494.0, 193.0]"
normal_0848_EDD,normal,2,1,1014,"[480.0, 200.0]",45.254833995939045,0.7555616438388825,0.053869009017944336,0.9854364395141602,-0.059435635805130005,0.6541258809190835,"[494.0, 193.0]"
normal_0848_EDD,normal,3,4,1015,"[326.0, 292.0]",45.254833995939045,0.7339127480983734,0.0285184383392334,0.9922709465026855,-0.05402323603630066,-3.3089319478555232,"[494.0, 193.0]"
normal_0848_EDD,normal,4,4,1016,"[367.0, 160.0]",57.01751796098172,0.7563209116458892,0.04254406690597534,0.9951608777046204,-0.08582115173339844,-1.3013519632304251,"[494.0, 193.0]"
normal_0849_EDD,normal,1,4,1017,"[229.0, 218.0]",35.918785545899944,0.6362302884459495,0.02286970615386963,0.8716516494750977,-0.01602213829755783,-6.92909439063589,"[512.0, 186.0]"
normal_0849_EDD,normal,2,4,1018,"[370.0, 236.0]",35.918785545899944,0.6569455862045288,0.02653944492340088,0.8907204866409302,-0.03450900316238403,-3.1912796283184743,"[512.0, 186.0]"
normal_0851_EDD,normal,1,2,1019,"[469.0, 205.0]",57.01751796098172,0.7881191432476043,0.08483004570007324,0.970147430896759,-0.12092947959899902,0.4026612530703294,"[503.0, 203.0]"
normal_0852_EDD,normal,1,4,1020,"[220.0, 252.0]",35.918785545899944,0.7278484582901,0.024984359741210938,0.9850723743438721,-0.06656718254089355,-2.347012675455,"[117.0, 190.0]"
normal_0852_EDD,normal,2,4,1021,"[106.0, 253.0]",35.918785545899944,0.7456956684589386,0.04141998291015625,0.9852203726768494,-0.07310712337493896,-0.7804919305958562,"[117.0, 190.0]"
normal_0854_EDD,normal,1,4,1022,"[307.0, 159.0]",35.918785545899944,0.7328405916690826,0.02916043996810913,0.9849368929862976,-0.07112163305282593,-0.9266408943239774,"[252.0, 201.0]"
normal_0855_EDD,normal,1,1,1023,"[128.0, 186.0]",45.254833995939045,0.7715620279312133,0.06315284967422485,0.9810068607330322,-0.10852187871932983,0.7339158380324,"[120.0, 177.0]"
normal_0855_EDD,normal,2,4,1024,"[231.0, 285.0]",45.254833995939045,0.7128163516521454,0.028646230697631836,0.961821973323822,-0.054473698139190674,-2.422196046583246,"[120.0, 177.0]"
normal_0855_EDD,normal,3,3,1025,"[166.0, 210.0]",71.83757109179989,0.7934808135032654,0.08048176765441895,0.9807800054550171,-0.13226521015167236,0.21193438811387,"[120.0, 177.0]"
normal_0856_EDD,normal,1,4,1026,"[416.0, 301.0]",35.918785545899944,0.6951194345951079,0.02529621124267578,0.9485057592391968,-0.029345959424972534,-2.987331646743094,"[500.0, 185.0]"
normal_0856_EDD,normal,2,2,1027,"[464.0, 200.0]",71.83757109179989,0.8040648639202117,0.10229939222335815,0.9662145972251892,-0.12707626819610596,0.45710859363323086,"[500.0, 185.0]"
normal_0857_EDD,normal,1,4,1028,"[311.0, 164.0]",45.254833995939045,0.7536382973194122,0.04125785827636719,0.9927216172218323,-0.08737653493881226,-0.28847050800551877,"[257.0, 186.0]"
normal_0859_EDD,normal,1,1,1029,"[122.0, 187.0]",35.918785545899944,0.7264496564865113,0.028528988361358643,0.9870684146881104,-0.03486388921737671,0.18071066457636809,"[117.0, 216.0]"
normal_0859_EDD,normal,2,4,1030,"[252.0, 311.0]",35.918785545899944,0.7305236876010894,0.02285069227218628,0.9953470230102539,-0.05465039610862732,-3.595805166665353,"[117.0, 216.0]"
normal_0859_EDD,normal,3,4,1031,"[240.0, 166.0]",71.83757109179989,0.7585984647274017,0.04859441518783569,0.9937097430229187,-0.07203614711761475,-0.848256315915016,"[117.0, 216.0]"
normal_0859_EDD,normal,4,4,1032,"[230.0, 176.0]",90.50966799187809,0.7649552166461944,0.05924767255783081,0.9881449937820435,-0.07003024220466614,-0.32439734230800243,"[117.0, 216.0]"
normal_0862_EDD,normal,1,2,1033,"[448.0, 200.0]",71.83757109179989,0.841683542728424,0.15579599142074585,0.9401106834411621,-0.13905036449432373,0.601383486505136,"[474.0, 212.0]"
normal_0864_EDD,normal,1,4,1034,"[377.0, 171.0]",45.254833995939045,0.7405337870121002,0.028091490268707275,0.9939706921577454,-0.08331406116485596,-1.5004882335755947,"[488.0, 193.0]"
normal_0864_EDD,normal,2,1,1035,"[475.0, 193.0]",45.254833995939045,0.767379093170166,0.05798429250717163,0.9881840944290161,-0.08832967281341553,0.7127378701429651,"[488.0, 193.0]"
normal_0864_EDD,normal,3,4,1036,"[331.0, 316.0]",57.01751796098172,0.7624134242534637,0.05823659896850586,0.9856862425804138,-0.07098227739334106,-2.4979465070650573,"[488.0, 193.0]"
normal_0865_EDD,normal,1,4,1037,"[247.0, 267.0]",35.918785545899944,0.7245437026023864,0.01741790771484375,0.9911893606185913,-0.06646621227264404,-1.9396546559563528,"[340.0, 217.0]"
normal_0865_EDD,normal,2,4,1038,"[248.0, 177.0]",45.254833995939045,0.7421937644481659,0.030927181243896484,0.991156280040741,-0.08728593587875366,-1.216768481371025,"[340.0, 217.0]"
normal_0866_EDD,normal,1,4,1039,"[405.0, 197.0]",35.918785545899944,0.6859325766563414,0.007610023021697998,0.9677537679672241,-0.00447458028793335,-7.137503422402288,"[113.0, 184.0]"
normal_0866_EDD,normal,2,4,1040,"[417.0, 279.0]",35.918785545899944,0.6832698762416839,0.011349201202392578,0.9586828351020813,-0.004213452339172363,-7.867171671591215,"[113.0, 184.0]"
normal_0866_EDD,normal,3,4,1041,"[416.0, 282.0]",35.918785545899944,0.6839707314968109,0.011571228504180908,0.9593659043312073,-0.0042168498039245605,-7.865947817617267,"[113.0, 184.0]"
normal_0866_EDD,normal,4,4,1042,"[415.0, 284.0]",35.918785545899944,0.6848571896553038,0.011827290058135986,0.9602667093276978,-0.004216015338897705,-7.856807279556328,"[113.0, 184.0]"
normal_0866_EDD,normal,5,4,1043,"[55.0, 296.0]",35.918785545899944,0.6610728204250335,0.0012617707252502441,0.9412180781364441,-0.004791975021362305,-2.511447235381755,"[113.0, 184.0]"
normal_0866_EDD,normal,6,4,1044,"[244.0, 398.0]",35.918785545899944,0.6696269631385803,0.011763513088226318,0.9383927583694458,-0.004942595958709717,-5.985546183570322,"[113.0, 184.0]"
normal_0866_EDD,normal,7,4,1045,"[247.0, 76.0]",45.254833995939045,0.6827699899673462,0.017583012580871582,0.9486207962036133,-0.0057621002197265625,-2.8030107316440747,"[113.0, 184.0]"
normal_0866_EDD,normal,8,4,1046,"[316.0, 230.0]",45.254833995939045,0.6545854449272155,-0.027172625064849854,0.9694406986236572,-0.015747904777526855,-3.5994331342296952,"[113.0, 184.0]"
normal_0866_EDD,normal,9,4,1047,"[46.0, 289.0]",45.254833995939045,0.645083063840866,-0.010631978511810303,0.9354245066642761,-0.004589438438415527,-1.7523072707275982,"[113.0, 184.0]"
normal_0866_EDD,normal,10,4,1048,"[131.0, 378.0]",45.254833995939045,0.6867989122867584,0.02807384729385376,0.9399052262306213,-0.003957033157348633,-3.3052475248236304,"[113.0, 184.0]"
normal_0866_EDD,normal,11,4,1049,"[221.0, 398.0]",45.254833995939045,0.6759076416492462,0.019356489181518555,0.9364725947380066,-0.005101680755615234,-4.296851954227152,"[113.0, 184.0]"
normal_0866_EDD,normal,12,4,1050,"[307.0, 78.0]",57.01751796098172,0.6552109360694884,0.006881237030029297,0.9248659610748291,-0.004617631435394287,-2.8772316390974524,"[113.0, 184.0]"
normal_0866_EDD,normal,13,4,1051,"[219.0, 406.0]",57.01751796098172,0.6637599766254424,0.020528197288513184,0.9174512028694153,-0.005079686641693115,-3.3146060850159733,"[113.0, 184.0]"
normal_0866_EDD,normal,14,4,1052,"[293.0, 410.0]",57.01751796098172,0.6429685115814209,0.012141764163970947,0.8999166488647461,-0.004425466060638428,-4.067252051147592,"[113.0, 184.0]"
normal_0866_EDD,normal,15,4,1053,"[250.0, 54.0]",71.83757109179989,0.6199135601520538,-0.021524131298065186,0.9148781895637512,-0.00511479377746582,-1.6290196187167134,"[113.0, 184.0]"
normal_0866_EDD,normal,16,4,1054,"[214.0, 416.0]",71.83757109179989,0.6298210978507995,0.001608431339263916,0.8960630893707275,-0.004842519760131836,-2.522274134996234,"[113.0, 184.0]"
normal_0866_EDD,normal,17,4,1055,"[468.0, 280.0]",114.03503592196344,0.618331217765808,0.004430174827575684,0.8763078451156616,-0.0024277567863464355,-2.2248972578265405,"[113.0, 184.0]"
normal_0867_EDD,normal,1,4,1056,"[315.0, 84.0]",35.918785545899944,0.690951919555664,0.01639401912689209,0.9617063999176025,-0.0068171024322509766,-5.327167247472831,"[500.0, 216.0]"
normal_0867_EDD,normal,2,4,1057,"[180.0, 174.0]",35.918785545899944,0.6845251500606536,-0.0061776041984558105,0.9840874075889587,-0.009207844734191895,-7.985395137116939,"[500.0, 216.0]"
normal_0867_EDD,normal,3,4,1058,"[129.0, 260.0]",35.918785545899944,0.6714121639728546,-0.005488038063049316,0.9653154015541077,-0.005897104740142822,-9.401244024683692,"[500.0, 216.0]"
normal_0867_EDD,normal,4,4,1059,"[508.0, 279.0]",35.918785545899944,0.6674703896045684,0.013212859630584717,0.9330759644508362,-0.0055217742919921875,-0.7680415490684311,"[500.0, 216.0]"
normal_0867_EDD,normal,5,4,1060,"[433.0, 352.0]",35.918785545899944,0.685513037443161,0.014625191688537598,0.9568879008293152,-0.005331575870513916,-3.220856718167224,"[500.0, 216.0]"
normal_0867_EDD,normal,6,4,1061,"[209.0, 360.0]",35.918785545899944,0.6742155730724334,0.004718959331512451,0.9548096060752869,-0.005649447441101074,-8.039276728644687,"[500.0, 216.0]"
normal_0867_EDD,normal,7,4,1062,"[247.0, 74.0]",45.254833995939045,0.6806624531745911,0.02128654718399048,0.9405784606933594,-0.004854917526245117,-5.410935786314662,"[500.0, 216.0]"
normal_0867_EDD,normal,8,4,1063,"[325.0, 77.0]",45.254833995939045,0.6781223893165589,0.015032827854156494,0.9453803300857544,-0.006616652011871338,-3.938389951441664,"[500.0, 216.0]"
normal_0867_EDD,normal,9,4,1064,"[489.0, 141.0]",45.254833995939045,0.6741231977939605,0.013178646564483643,0.9426450133323669,-0.005465209484100342,-0.6750116604071743,"[500.0, 216.0]"
normal_0867_EDD,normal,10,4,1065,"[302.0, 244.0]",45.254833995939045,0.6512365579605103,-0.029881954193115234,0.9678870439529419,-0.01798790693283081,-3.4187544200826547,"[500.0, 216.0]"
normal_0867_EDD,normal,11,4,1066,"[436.0, 359.0]",45.254833995939045,0.6801317989826202,0.018707334995269775,0.9434075951576233,-0.005195736885070801,-2.4619161285695523,"[500.0, 216.0]"
normal_0867_EDD,normal,12,4,1067,"[211.0, 368.0]",45.254833995939045,0.6664216458797455,0.004512369632720947,0.9440389275550842,-0.005410134792327881,-6.21546868063676,"[500.0, 216.0]"
normal_0867_EDD,normal,13,4,1068,"[328.0, 68.0]",57.01751796098172,0.6434527516365051,-0.007100880146026611,0.9275916814804077,-0.0061972737312316895,-2.979648391818886,"[500.0, 216.0]"
normal_0867_EDD,normal,14,4,1069,"[330.0, 68.0]",57.01751796098172,0.643347704410553,-0.007184445858001709,0.9275609254837036,-0.006197512149810791,-2.9531258960862106,"[500.0, 216.0]"
normal_0867_EDD,normal,15,4,1070,"[328.0, 54.0]",71.83757109179989,0.6027856588363647,-0.034944117069244385,0.9094017744064331,-0.005742669105529785,-2.2890796824313764,"[500.0, 216.0]"
normal_0867_EDD,normal,16,4,1071,"[392.0, 402.0]",71.83757109179989,0.6313554644584656,0.006675004959106445,0.8911303281784058,-0.004446148872375488,-1.9939957139192606,"[500.0, 216.0]"
normal_0867_EDD,normal,17,4,1072,"[386.0, 404.0]",71.83757109179989,0.6293632984161377,0.0054222941398620605,0.8900748491287231,-0.004443049430847168,-2.060565533250057,"[500.0, 216.0]"
normal_0867_EDD,normal,18,4,1073,"[132.0, 120.0]",90.50966799187809,0.6548944354057311,-0.0007781982421875,0.9357073307037354,-0.0033875107765197754,-3.2019340784929025,"[500.0, 216.0]"
normal_0868_EDD,normal,1,4,1074,"[382.0, 283.0]",35.918785545899944,0.7210052788257598,0.0172995924949646,0.9950509071350098,-0.03585025668144226,-1.6201229915522126,"[313.0, 219.0]"
normal_0868_EDD,normal,2,4,1075,"[294.0, 324.0]",35.918785545899944,0.7296516418457031,0.025008201599121094,0.9945245981216431,-0.042381107807159424,-1.9707352225591679,"[313.0, 219.0]"
normal_0868_EDD,normal,3,4,1076,"[337.0, 141.0]",45.254833995939045,0.7237147390842438,0.021407127380371094,0.993999719619751,-0.032539039850234985,-0.8033172557816886,"[313.0, 219.0]"
normal_0868_EDD,normal,4,4,1077,"[375.0, 276.0]",45.254833995939045,0.7214911878108977,0.018034636974334717,0.9948615431785583,-0.03526735305786133,-0.86101555776678,"[313.0, 219.0]"
normal_0868_EDD,normal,5,4,1078,"[219.0, 178.0]",57.01751796098172,0.7327050626277922,0.026522159576416016,0.9953359961509705,-0.04723852872848511,-0.7986125893364651,"[313.0, 219.0]"
normal_0869_EDD,normal,1,4,1079,"[102.0, 191.0]",35.918785545899944,0.7294226050376892,0.02590763568878174,0.9934930801391602,-0.04034906625747681,-2.846940259221851,"[240.0, 184.0]"
normal_0869_EDD,normal,2,4,1080,"[357.0, 193.0]",35.918785545899944,0.7304284334182739,0.022526443004608154,0.996246874332428,-0.05264589190483093,-2.2669713496770063,"[240.0, 184.0]"
normal_0869_EDD,normal,3,4,1081,"[351.0, 289.0]",35.918785545899944,0.7258427441120147,0.019903957843780518,0.9940765500068665,-0.05042600631713867,-3.2538737492588536,"[240.0, 184.0]"
normal_0869_EDD,normal,4,4,1082,"[109.0, 189.0]",45.254833995939045,0.7318250000476837,0.028799057006835938,0.9930958151817322,-0.03929436206817627,-1.8968261187893205,"[240.0, 184.0]"
normal_0869_EDD,normal,5,4,1083,"[330.0, 200.0]",71.83757109179989,0.7518695056438446,0.0449681282043457,0.993426501750946,-0.05751413106918335,-0.2724700691703359,"[240.0, 184.0]"
normal_0870_EDD,normal,1,4,1084,"[211.0, 212.0]",35.918785545899944,0.7274192571640015,0.017087340354919434,0.9968245029449463,-0.06277382373809814,-1.6242612750292023,"[305.0, 205.0]"
normal_0870_EDD,normal,2,4,1085,"[378.0, 322.0]",35.918785545899944,0.7256704092025756,0.028309166431427002,0.9871042370796204,-0.031941384077072144,-2.839377162415658,"[305.0, 205.0]"
normal_0870_EDD,normal,3,4,1086,"[216.0, 213.0]",45.254833995939045,0.7296999216079711,0.02034008502960205,0.9956271648406982,-0.062104105949401855,-0.974569771178015,"[305.0, 205.0]"
normal_0870_EDD,normal,4,4,1087,"[370.0, 318.0]",45.254833995939045,0.7320049583911895,0.03406459093093872,0.9878222346305847,-0.032324016094207764,-1.8805991672740587,"[305.0, 205.0]"
normal_0870_EDD,normal,5,4,1088,"[394.0, 180.0]",57.01751796098172,0.7499860525131226,0.044807493686676025,0.9923670291900635,-0.0526081919670105,-0.6213364119886502,"[305.0, 205.0]"
normal_0871_EDD,normal,1,4,1089,"[365.0, 177.0]",35.918785545899944,0.6757185280323028,0.033883869647979736,0.9051169753074646,-0.0412638783454895,-2.65391105209703,"[493.0, 206.0]"
normal_0871_EDD,normal,2,4,1090,"[390.0, 274.0]",45.254833995939045,0.6562843173742294,0.025847256183624268,0.8952914476394653,-0.018665239214897156,-1.72726754852728,"[493.0, 206.0]"
normal_0877_EDD,normal,1,4,1091,"[292.0, 267.0]",35.918785545899944,0.7288246929645538,0.01988130807876587,0.9933363795280457,-0.06803959608078003,-0.9878255633185116,"[249.0, 210.0]"
normal_0879_EDD,normal,1,4,1092,"[387.0, 210.0]",35.918785545899944,0.7087957859039307,0.040447235107421875,0.9373419284820557,-0.06104600429534912,-2.2190507037755642,"[502.0, 222.0]"
normal_0882_EDD,normal,1,4,1093,"[258.0, 291.0]",35.918785545899944,0.7136787176132202,0.02333730459213257,0.9703110456466675,-0.05561840534210205,-2.346665288783256,"[343.0, 206.0]"
normal_0883_EDD,normal,1,4,1094,"[371.0, 180.0]",35.918785545899944,0.6624478787183762,0.02807164192199707,0.8979453444480896,-0.029072478413581848,-2.547572266320921,"[497.0, 199.0]"
normal_0884_EDD,normal,1,2,1095,"[142.0, 200.0]",71.83757109179989,0.7896969199180602,0.08653205633163452,0.9669643044471741,-0.13144925236701965,0.7130258190140629,"[123.0, 192.0]"
normal_0887_EDD,normal,1,4,1096,"[193.0, 216.0]",35.918785545899944,0.7283748388290405,0.023699462413787842,0.9887800216674805,-0.06264680624008179,-0.8374786061644495,"[259.0, 216.0]"
normal_0888_EDD,normal,1,4,1097,"[201.0, 272.0]",45.254833995939045,0.674251937866211,0.04983419179916382,0.8820052742958069,-0.0350702702999115,-1.853605860354579,"[135.0, 161.0]"
normal_0889_EDD,normal,1,2,1098,"[472.0, 229.0]",57.01751796098172,0.8444274008274077,0.17337369918823242,0.9192178249359131,-0.13800612092018127,0.6626408032206081,"[489.0, 238.0]"
normal_0890_EDD,normal,1,4,1099,"[201.0, 273.0]",45.254833995939045,0.6850252449512482,0.05656087398529053,0.8863978385925293,-0.03992941975593567,-1.8157099737455202,"[135.0, 164.0]"
normal_0890_EDD,normal,2,2,1100,"[152.0, 170.0]",71.83757109179989,0.8276351273059845,0.15170514583587646,0.9274911880493164,-0.13343074917793274,0.7490483586328021,"[135.0, 164.0]"
normal_0897_EDD,normal,1,4,1101,"[247.0, 170.0]",35.918785545899944,0.6660747587680816,0.0361860990524292,0.8910378813743591,-0.03081071376800537,-2.581926856659661,"[119.0, 183.0]"
normal_0897_EDD,normal,2,4,1102,"[215.0, 264.0]",45.254833995939045,0.6816457152366637,0.04849487543106079,0.8949480652809143,-0.033435970544815063,-1.7755383768288988,"[119.0, 183.0]"
normal_0898_EDD,normal,1,4,1103,"[341.0, 164.0]",35.918785545899944,0.6479177892208099,0.03347593545913696,0.8687905073165894,-0.031442493200302124,-3.2168148069154645,"[491.0, 185.0]"
normal_0898_EDD,normal,2,4,1104,"[373.0, 213.0]",35.918785545899944,0.6383643239736556,0.021971404552459717,0.8745136260986328,-0.021166905760765076,-2.376409910390407,"[491.0, 185.0]"
normal_0901_EDD,normal,1,4,1105,"[339.0, 163.0]",35.918785545899944,0.6649362623691559,0.03787589073181152,0.8855140209197998,-0.036002784967422485,-3.2566970667291644,"[490.0, 187.0]"
normal_0901_EDD,normal,2,4,1106,"[374.0, 215.0]",35.918785545899944,0.6538745164871216,0.024285316467285156,0.8921399712562561,-0.025456100702285767,-2.322257957995794,"[490.0, 187.0]"
normal_0904_EDD,normal,1,4,1107,"[223.0, 242.0]",35.918785545899944,0.6415804490447045,0.028071701526641846,0.8696535229682922,-0.02375640720129013,-6.925770068583867,"[505.0, 203.0]"
normal_0904_EDD,normal,2,4,1108,"[376.0, 265.0]",35.918785545899944,0.6851883590221405,0.04389137029647827,0.902003288269043,-0.04947343468666077,-2.9847065149809366,"[505.0, 203.0]"
normal_0907_EDD,normal,1,4,1109,"[375.0, 265.0]",35.918785545899944,0.7188224077224731,0.04931122064590454,0.9366549849510193,-0.06926348805427551,-3.034099797396398,"[505.0, 201.0]"
normal_0910_EDD,normal,1,4,1110,"[249.0, 277.0]",35.918785545899944,0.736291742324829,0.033378541469573975,0.9810162782669067,-0.08100903034210205,-1.674000863385435,"[324.0, 217.0]"
normal_0911_EDD,normal,1,4,1111,"[296.0, 304.0]",35.918785545899944,0.6751551806926727,0.036054790019989014,0.9032263159751892,-0.03420984745025635,-1.7245394423999603,"[332.0, 213.0]"
normal_0913_EDD,normal,1,3,1112,"[170.0, 224.0]",90.50966799187809,0.7963047385215759,0.13386690616607666,0.9209158420562744,-0.08898371458053589,0.304292598097088,"[127.0, 178.0]"
normal_0914_EDD,normal,1,4,1113,"[219.0, 261.0]",35.918785545899944,0.673616600036621,0.022764384746551514,0.9211264848709106,-0.030318379402160645,-3.041490286322169,"[111.0, 164.0]"
normal_0914_EDD,normal,2,4,1114,"[220.0, 266.0]",45.254833995939045,0.6744297444820404,0.027274489402770996,0.9158037900924683,-0.03046301007270813,-2.298688778325412,"[111.0, 164.0]"
normal_0916_EDD,normal,1,1,1115,"[137.0, 176.0]",35.918785545899944,0.8211678326129913,0.10972392559051514,0.9798987507820129,-0.1275739073753357,0.7093357598193548,"[127.0, 179.0]"
normal_0917_EDD,normal,1,2,1116,"[283.0, 199.0]",57.01751796098172,0.7603562653064727,0.06301617622375488,0.9635019898414612,-0.11444348096847534,0.827266107785753,"[279.0, 208.0]"
normal_0924_EDD,normal,1,1,1117,"[318.0, 252.0]",57.01751796098172,0.7685332000255584,0.06632494926452637,0.9688156247138977,-0.12018656730651855,0.8246153049516605,"[326.0, 258.0]"
normal_0924_EDD,normal,2,2,1118,"[314.0, 234.0]",71.83757109179989,0.7835990846157074,0.0868072509765625,0.9600594639778137,-0.12375104427337646,0.6264793572195206,"[326.0, 258.0]"
normal_0925_EDD,normal,1,4,1119,"[366.0, 191.0]",45.254833995939045,0.699738848209381,0.04278826713562012,0.922166645526886,-0.05716964602470398,-1.8916805505190233,"[479.0, 257.0]"
normal_0925_EDD,normal,2,4,1120,"[370.0, 187.0]",57.01751796098172,0.7044964671134948,0.05269724130630493,0.9148117303848267,-0.057155072689056396,-1.2719596323153657,"[479.0, 257.0]"
normal_0926_EDD,normal,1,4,1121,"[407.0, 205.0]",45.254833995939045,0.6676568806171417,0.0425606369972229,0.8834508657455444,-0.0334031879901886,-1.5929968786136244,"[524.0, 214.0]"
normal_0930_EDD,normal,1,2,1122,"[121.0, 190.0]",57.01751796098172,0.7747785091400147,0.07077515125274658,0.9732102155685425,-0.11378103494644165,0.7254795297611895,"[107.0, 183.0]"
normal_0930_EDD,normal,2,4,1123,"[200.0, 279.0]",57.01751796098172,0.7444689869880676,0.05093050003051758,0.9684646725654602,-0.07806608080863953,-1.3441921226935754,"[107.0, 183.0]"
normal_0931_EDD,normal,1,4,1124,"[320.0, 74.0]",35.918785545899944,0.6673180818557738,0.011888980865478516,0.9349037408828735,-0.004982411861419678,-2.960121370831344,"[267.0, 206.0]"
normal_0931_EDD,normal,2,4,1125,"[199.0, 88.0]",35.918785545899944,0.6933187544345855,0.0258597731590271,0.951965868473053,-0.005414366722106934,-2.791638281194941,"[267.0, 206.0]"
normal_0931_EDD,normal,3,4,1126,"[413.0, 216.0]",35.918785545899944,0.6638265967369079,0.012961208820343018,0.9276092052459717,-0.007694721221923828,-3.0742486923007446,"[267.0, 206.0]"
normal_0931_EDD,normal,4,4,1127,"[216.0, 362.0]",35.918785545899944,0.6638149201869965,0.007024407386779785,0.9363231062889099,-0.006821691989898682,-3.5693346783494935,"[267.0, 206.0]"
normal_0931_EDD,normal,5,4,1128,"[318.0, 67.0]",45.254833995939045,0.6538356184959411,0.009229540824890137,0.9194786548614502,-0.004855096340179443,-2.2717123288119327,"[267.0, 206.0]"
normal_0931_EDD,normal,6,4,1129,"[206.0, 79.0]",45.254833995939045,0.684222000837326,0.03010737895965576,0.9329628348350525,-0.005203187465667725,-2.1132591945580117,"[267.0, 206.0]"
normal_0931_EDD,normal,7,1,1130,"[275.0, 217.0]",45.254833995939045,0.6986231684684753,-0.0005571842193603516,0.9973589181900024,-0.005145549774169922,0.6994471240363853,"[267.0, 206.0]"
normal_0931_EDD,normal,8,1,1131,"[275.0, 218.0]",45.254833995939045,0.6986146628856659,-0.0005639791488647461,0.9973564743995667,-0.005145549774169922,0.681311280400451,"[267.0, 206.0]"
normal_0931_EDD,normal,9,4,1132,"[419.0, 229.0]",45.254833995939045,0.6389435231685637,0.005957961082458496,0.9021359086036682,-0.007452130317687988,-2.3969914308473013,"[267.0, 206.0]"
normal_0931_EDD,normal,10,4,1133,"[217.0, 371.0]",45.254833995939045,0.6490662753582,0.004978954792022705,0.9183104634284973,-0.00634998083114624,-2.80974541882394,"[267.0, 206.0]"
normal_0931_EDD,normal,11,4,1134,"[312.0, 58.0]",57.01751796098172,0.6124761044979095,-0.018406331539154053,0.8999232649803162,-0.004680752754211426,-1.7130260687901915,"[267.0, 206.0]"
normal_0931_EDD,normal,12,4,1135,"[215.0, 68.0]",57.01751796098172,0.6368910372257233,0.0002968907356262207,0.9079892039299011,-0.005008518695831299,-1.5864337228345224,"[267.0, 206.0]"
normal_0931_EDD,normal,13,4,1136,"[428.0, 234.0]",57.01751796098172,0.6047896027565002,-0.009238481521606445,0.8751729726791382,-0.007035017013549805,-1.8660778522634387,"[267.0, 206.0]"
normal_0931_EDD,normal,14,4,1137,"[230.0, 436.0]",114.03503592196344,0.5153250992298126,-0.06032514572143555,0.8211643099784851,-0.004176139831542969,-1.0428553006374037,"[267.0, 206.0]"
normal_0931_EDD,normal,15,4,1138,"[234.0, 438.0]",114.03503592196344,0.5131249070167541,-0.06178790330886841,0.8201107978820801,-0.0041762590408325195,-1.0549406422732575,"[267.0, 206.0]"
normal_0932_EDD,normal,1,4,1139,"[205.0, 268.0]",45.254833995939045,0.6715961575508117,0.03224307298660278,0.9039230942726135,-0.03303459286689758,-1.85471786040232,"[122.0, 169.0]"
normal_0933_EDD,normal,1,4,1140,"[349.0, 168.0]",35.918785545899944,0.6731805562973022,0.025037109851837158,0.9147772789001465,-0.038996756076812744,-2.61391811790499,"[474.0, 203.0]"
normal_0934_EDD,normal,1,1,1141,"[108.0, 195.0]",57.01751796098172,0.765315580368042,0.07286667823791504,0.9548741579055786,-0.12018495798110962,0.7193844879226567,"[92.0, 195.0]"
normal_0934_EDD,normal,2,4,1142,"[208.0, 208.0]",57.01751796098172,0.7058090269565581,0.04343736171722412,0.9324231147766113,-0.048377424478530884,-1.047198465902456,"[92.0, 195.0]"
normal_0936_EDD,normal,1,1,1143,"[477.0, 199.0]",45.254833995939045,0.8067743957042693,0.09334564208984375,0.9841843247413635,-0.12249863147735596,0.650614378515658,"[492.0, 194.0]"
normal_0941_EDD,normal,1,4,1144,"[353.0, 296.0]",35.918785545899944,0.730917465686798,0.022845149040222168,0.9945188164710999,-0.05954572558403015,-2.452681545286159,"[277.0, 198.0]"
normal_0941_EDD,normal,2,4,1145,"[276.0, 149.0]",45.254833995939045,0.7317019760608672,0.02602618932723999,0.9949625730514526,-0.04600992798805237,-0.08298271569771587,"[277.0, 198.0]"
normal_0941_EDD,normal,3,4,1146,"[348.0, 293.0]",45.254833995939045,0.7371648490428925,0.03036552667617798,0.9927006363868713,-0.059544384479522705,-1.6207182340915627,"[277.0, 198.0]"
normal_0941_EDD,normal,4,3,1147,"[342.0, 184.0]",57.01751796098172,0.7475687444210053,0.04458099603652954,0.9902879595756531,-0.04893088340759277,-0.16614337518195832,"[277.0, 198.0]"
normal_0941_EDD,normal,5,4,1148,"[340.0, 288.0]",57.01751796098172,0.7469506919384002,0.04047316312789917,0.9923096299171448,-0.05930393934249878,-0.9267587308304464,"[277.0, 198.0]"
normal_0943_EDD,normal,1,4,1149,"[292.0, 307.0]",35.918785545899944,0.7350013077259063,0.03623676300048828,0.9775097966194153,-0.07253843545913696,-2.158894401428182,"[249.0, 202.0]"
normal_0948_EDD,normal,1,4,1150,"[248.0, 191.0]",35.918785545899944,0.7125316441059113,0.03911757469177246,0.9446945786476135,-0.06063932180404663,-6.26388551797209,"[505.0, 236.0]"
normal_0948_EDD,normal,2,4,1151,"[360.0, 180.0]",57.01751796098172,0.7437945127487182,0.05670773983001709,0.9565362930297852,-0.08755683898925781,-1.726146211348882,"[505.0, 236.0]"
normal_0949_EDD,normal,1,4,1152,"[385.0, 187.0]",35.918785545899944,0.6099638000130654,0.028861820697784424,0.8241882920265198,-0.020850874483585358,-3.4837173453353323,"[536.0, 243.0]"
normal_0949_EDD,normal,2,4,1153,"[380.0, 319.0]",35.918785545899944,0.59865208491683,0.029985249042510986,0.8086782097816467,-0.012960445135831833,-3.831123688358633,"[536.0, 243.0]"
normal_0951_EDD,normal,1,4,1154,"[274.0, 218.0]",35.918785545899944,0.725713962316513,0.018430888652801514,0.9919411540031433,-0.06462132930755615,-0.9488409459319918,"[344.0, 218.0]"
normal_0951_EDD,normal,2,4,1155,"[313.0, 304.0]",35.918785545899944,0.7437076151371002,0.03476917743682861,0.9894631505012512,-0.08157116174697876,-1.545092415985585,"[344.0, 218.0]"
normal_0952_EDD,normal,1,1,1156,"[133.0, 182.0]",35.918785545899944,0.7272609770298004,0.021289587020874023,0.9881076216697693,-0.07148027420043945,0.8500738617609189,"[131.0, 187.0]"
normal_0952_EDD,normal,2,4,1157,"[226.0, 265.0]",35.918785545899944,0.7295383870601654,0.020622849464416504,0.9911584258079529,-0.07552319765090942,-2.4221277371125405,"[131.0, 187.0]"
normal_0953_EDD,normal,1,4,1158,"[327.0, 159.0]",35.918785545899944,0.7320083796977996,0.020480215549468994,0.9934766888618469,-0.08047240972518921,-1.186859782501421,"[260.0, 200.0]"
normal_0953_EDD,normal,2,4,1159,"[277.0, 304.0]",35.918785545899944,0.7393787264823912,0.029226362705230713,0.9929705858230591,-0.07536476850509644,-1.933848185712748,"[260.0, 200.0]"
normal_0953_EDD,normal,3,4,1160,"[319.0, 159.0]",45.254833995939045,0.7359048068523407,0.025680601596832275,0.9916266798973083,-0.08042764663696289,-0.587610724485067,"[260.0, 200.0]"
normal_0954_EDD,normal,1,4,1161,"[250.0, 277.0]",57.01751796098172,0.7494117259979247,0.03691893815994263,0.9920260906219482,-0.09037262201309204,-0.9480337387737017,"[331.0, 201.0]"
normal_0955_EDD,normal,1,1,1162,"[133.0, 181.0]",35.918785545899944,0.7234024047851562,0.017422914505004883,0.9904172420501709,-0.06343710422515869,0.8217332757743043,"[129.0, 186.0]"
normal_0955_EDD,normal,2,4,1163,"[230.0, 275.0]",35.918785545899944,0.7298154294490813,0.019224822521209717,0.9930209517478943,-0.07737970352172852,-2.7478432511302846,"[129.0, 186.0]"
normal_0955_EDD,normal,3,4,1164,"[225.0, 266.0]",45.254833995939045,0.7346613943576813,0.024464130401611328,0.9924836754798889,-0.07729345560073853,-1.7613402542968148,"[129.0, 186.0]"
normal_0956_EDD,normal,1,4,1165,"[330.0, 159.0]",35.918785545899944,0.7307431519031524,0.017818987369537354,0.9964848160743713,-0.07692396640777588,-1.2585218741809143,"[260.0, 200.0]"
normal_0956_EDD,normal,2,4,1166,"[272.0, 307.0]",35.918785545899944,0.7389720320701599,0.028952062129974365,0.994646430015564,-0.06883734464645386,-1.9976179015552136,"[260.0, 200.0]"
normal_0956_EDD,normal,3,4,1167,"[269.0, 300.0]",45.254833995939045,0.7442986190319061,0.03496861457824707,0.9935747981071472,-0.06913822889328003,-1.2186399620600903,"[260.0, 200.0]"
normal_0958_EDD,normal,1,4,1168,"[347.0, 179.0]",35.918785545899944,0.7402051627635955,0.02727431058883667,0.9956614375114441,-0.07983922958374023,-1.7560772966450346,"[249.0, 193.0]"
normal_0958_EDD,normal,2,4,1169,"[218.0, 170.0]",45.254833995939045,0.7312461137771605,0.02334505319595337,0.9946777820587158,-0.058133065700531006,0.1470409960027388,"[249.0, 193.0]"
normal_0958_EDD,normal,3,4,1170,"[345.0, 187.0]",45.254833995939045,0.7469332098960876,0.03481787443161011,0.9940569400787354,-0.08137738704681396,-1.125459509141494,"[249.0, 193.0]"
normal_0959_EDD,normal,1,4,1171,"[312.0, 301.0]",35.918785545899944,0.7131097912788391,0.027410030364990234,0.9649797081947327,-0.051069825887680054,-1.4983725827537837,"[334.0, 214.0]"
normal_0962_EDD,normal,1,4,1172,"[381.0, 268.0]",35.918785545899944,0.6958212792873382,0.053390681743621826,0.9004958868026733,-0.060417383909225464,-2.9616868682965873,"[506.0, 200.0]"
normal_0966_EDD,normal,1,1,1173,"[470.0, 207.0]",35.918785545899944,0.7693266212940215,0.05294924974441528,0.991977870464325,-0.10996431112289429,0.8376628884795106,"[473.0, 212.0]"
normal_0966_EDD,normal,2,4,1174,"[366.0, 259.0]",35.918785545899944,0.7264371991157531,0.015240132808685303,0.9932377338409424,-0.07965326309204102,-2.2536580650985574,"[473.0, 212.0]"
normal_0966_EDD,normal,3,4,1175,"[282.0, 310.0]",35.918785545899944,0.7336343944072723,0.027553260326385498,0.9868953227996826,-0.07627204060554504,-4.976654512361745,"[473.0, 212.0]"
normal_0966_EDD,normal,4,4,1176,"[352.0, 171.0]",45.254833995939045,0.7467812538146972,0.027800381183624268,0.995392918586731,-0.11102914810180664,-1.8230704140173333,"[473.0, 212.0]"
normal_0966_EDD,normal,5,4,1177,"[359.0, 180.0]",57.01751796098172,0.7463429510593413,0.029903531074523926,0.9916942715644836,-0.11126714944839478,-1.0766614394887064,"[473.0, 212.0]"
normal_0966_EDD,normal,6,4,1178,"[370.0, 194.0]",71.83757109179989,0.7484767615795135,0.03511840105056763,0.9878886342048645,-0.10918158292770386,-0.4555195199297477,"[473.0, 212.0]"
normal_0967_EDD,normal,1,4,1179,"[203.0, 253.0]",35.918785545899944,0.7371560335159302,0.026622116565704346,0.9917920827865601,-0.08139729499816895,-6.603130711081144,"[473.0, 212.0]"
normal_0967_EDD,normal,2,4,1180,"[284.0, 315.0]",35.918785545899944,0.7392548084259033,0.025964021682739258,0.995089590549469,-0.08364036679267883,-4.992520188681976,"[473.0, 212.0]"
normal_0967_EDD,normal,3,4,1181,"[340.0, 162.0]",45.254833995939045,0.7391409397125244,0.02439427375793457,0.9958670139312744,-0.08819878101348877,-2.139730905069732,"[473.0, 212.0]"
normal_0967_EDD,normal,4,1,1182,"[469.0, 207.0]",45.254833995939045,0.7546776890754698,0.05056023597717285,0.9829456806182861,-0.08027738332748413,0.8585096072166029,"[473.0, 212.0]"
normal_0967_EDD,normal,5,4,1183,"[362.0, 259.0]",45.254833995939045,0.7264072179794311,0.01636362075805664,0.9957332611083984,-0.06515157222747803,-1.6635927921700042,"[473.0, 212.0]"
normal_0967_EDD,normal,6,4,1184,"[350.0, 168.0]",57.01751796098172,0.741232305765152,0.028314590454101562,0.9937969446182251,-0.08629927039146423,-1.291104183148601,"[473.0, 212.0]"
normal_0968_EDD,normal,1,4,1185,"[242.0, 200.0]",35.918785545899944,0.7399091124534606,0.029076039791107178,0.990592360496521,-0.08709210157394409,-1.5449401383406718,"[332.0, 216.0]"
normal_0968_EDD,normal,2,4,1186,"[246.0, 205.0]",45.254833995939045,0.7450035750865937,0.03595203161239624,0.9879745841026306,-0.08734667301177979,-0.9158314529858831,"[332.0, 216.0]"
normal_0968_EDD,normal,3,4,1187,"[258.0, 200.0]",57.01751796098172,0.754124641418457,0.0459597110748291,0.9872326850891113,-0.08551025390625,-0.3278370513216784,"[332.0, 216.0]"
normal_0969_EDD,normal,1,4,1188,"[284.0, 147.0]",45.254833995939045,0.7322640001773834,0.023049771785736084,0.9961820840835571,-0.05943384766578674,-2.5380189548672574,"[124.0, 153.0]"
normal_0969_EDD,normal,2,4,1189,"[293.0, 306.0]",45.254833995939045,0.7284542262554168,0.023805201053619385,0.9935582280158997,-0.04579132795333862,-4.0374573509360845,"[124.0, 153.0]"
normal_0972_EDD,normal,1,4,1190,"[229.0, 265.0]",45.254833995939045,0.7436130225658416,0.03156089782714844,0.9928233027458191,-0.08537906408309937,-1.4670682563013937,"[325.0, 208.0]"
normal_0973_EDD,normal,1,4,1191,"[369.0, 172.0]",35.918785545899944,0.706936639547348,0.035665810108184814,0.9425349235534668,-0.05748191475868225,-2.848853884372607,"[503.0, 206.0]"
normal_0973_EDD,normal,2,4,1192,"[382.0, 256.0]",35.918785545899944,0.7189124286174774,0.03433328866958618,0.9543848037719727,-0.08254888653755188,-2.6449907723291557,"[503.0, 206.0]"
normal_0973_EDD,normal,3,4,1193,"[217.0, 268.0]",35.918785545899944,0.6692562282085418,0.02206885814666748,0.918382465839386,-0.021598219871520996,-7.147355845351273,"[503.0, 206.0]"
normal_0973_EDD,normal,4,4,1194,"[376.0, 178.0]",45.254833995939045,0.7101440310478211,0.041240811347961426,0.9394323825836182,-0.05650275945663452,-1.8737259405256443,"[503.0, 206.0]"
normal_0973_EDD,normal,5,4,1195,"[207.0, 255.0]",45.254833995939045,0.6794150456786155,0.03338199853897095,0.9167445302009583,-0.021559379994869232,-5.629752128190766,"[503.0, 206.0]"
normal_0973_EDD,normal,6,3,1196,"[410.0, 222.0]",114.03503592196344,0.7779014259576797,0.13099819421768188,0.9096289277076721,-0.0508149117231369,0.1724796964041343,"[503.0, 206.0]"
normal_0975_EDD,normal,1,4,1197,"[233.0, 216.0]",35.918785545899944,0.6709262013435363,0.02336364984512329,0.9169330596923828,-0.028547048568725586,-2.5159693843713042,"[115.0, 171.0]"
normal_0975_EDD,normal,2,4,1198,"[169.0, 288.0]",35.918785545899944,0.7102168738842011,0.04537355899810791,0.9318365454673767,-0.06278866529464722,-2.587548621453777,"[115.0, 171.0]"
normal_0976_EDD,normal,1,4,1199,"[348.0, 193.0]",35.918785545899944,0.7316390931606293,0.025814533233642578,0.992911696434021,-0.053931862115859985,-1.728945440359734,"[250.0, 195.0]"
normal_0977_EDD,normal,1,4,1200,"[241.0, 174.0]",35.918785545899944,0.7412033975124359,0.030159056186676025,0.9908545613288879,-0.08723074197769165,-2.5189442113258633,"[115.0, 184.0]"
normal_0977_EDD,normal,2,4,1201,"[236.0, 181.0]",45.254833995939045,0.7450651288032532,0.035879671573638916,0.9887790679931641,-0.08520054817199707,-1.6745691825974514,"[115.0, 184.0]"
normal_0981_EDD,normal,1,4,1202,"[221.0, 214.0]",35.918785545899944,0.7248139023780823,0.017349541187286377,0.9932076930999756,-0.06109488010406494,-2.3088157473523894,"[111.0, 169.0]"
normal_0981_EDD,normal,2,1,1203,"[125.0, 174.0]",57.01751796098172,0.7750832855701446,0.06632906198501587,0.9837283492088318,-0.10072189569473267,0.7392719066183893,"[111.0, 169.0]"
normal_0981_EDD,normal,3,3,1204,"[164.0, 206.0]",90.50966799187809,0.8107167661190032,0.096108078956604,0.9878910779953003,-0.11542466282844543,0.28585031987334764,"[111.0, 169.0]"
normal_0982_EDD,normal,1,2,1205,"[138.0, 202.0]",71.83757109179989,0.7801822900772094,0.08251023292541504,0.9605481624603271,-0.12644171714782715,0.6018699009797828,"[115.0, 185.0]"
normal_0984_EDD,normal,1,4,1206,"[240.0, 156.0]",35.918785545899944,0.7221989214420319,0.015103578567504883,0.995078980922699,-0.05270028114318848,-0.47344832753228183,"[260.0, 205.0]"
normal_0984_EDD,normal,2,4,1207,"[204.0, 173.0]",35.918785545899944,0.7213257849216461,0.013635694980621338,0.9959052801132202,-0.05278196930885315,-0.7956637733190486,"[260.0, 205.0]"
normal_0984_EDD,normal,3,4,1208,"[218.0, 169.0]",45.254833995939045,0.7295977413654327,0.02152317762374878,0.9956530332565308,-0.055587202310562134,-0.22235045097549655,"[260.0, 205.0]"
normal_0984_EDD,normal,4,4,1209,"[353.0, 222.0]",45.254833995939045,0.7355317592620849,0.027293920516967773,0.994257390499115,-0.06128832697868347,-1.0890806141697835,"[260.0, 205.0]"
normal_0984_EDD,normal,5,4,1210,"[246.0, 327.0]",45.254833995939045,0.7310238420963286,0.025970935821533203,0.9931377172470093,-0.04928252100944519,-1.713536668261551,"[260.0, 205.0]"
normal_0984_EDD,normal,6,4,1211,"[189.0, 246.0]",57.01751796098172,0.7358169317245482,0.027902960777282715,0.9940455555915833,-0.06041041016578674,-0.4379405997150647,"[260.0, 205.0]"
normal_0986_EDD,normal,1,4,1212,"[366.0, 166.0]",35.918785545899944,0.6908132433891295,0.0319904088973999,0.9271080493927002,-0.049235999584198,-2.774941039768461,"[498.0, 197.0]"
normal_0986_EDD,normal,2,4,1213,"[367.0, 278.0]",45.254833995939045,0.6990560352802276,0.03797882795333862,0.9279297590255737,-0.057631880044937134,-2.4033818199696606,"[498.0, 197.0]"
normal_0987_EDD,normal,1,4,1214,"[256.0, 188.0]",35.918785545899944,0.7361897706985473,0.032269060611724854,0.9814903736114502,-0.08438724279403687,-1.9653817186978655,"[360.0, 211.0]"
normal_0987_EDD,normal,2,4,1215,"[261.0, 184.0]",45.254833995939045,0.7343725740909576,0.03474259376525879,0.9753825068473816,-0.08431112766265869,-1.267509991708967,"[360.0, 211.0]"
normal_0989_EDD,normal,1,4,1216,"[366.0, 166.0]",35.918785545899944,0.7064979314804076,0.03378862142562866,0.9445822834968567,-0.05750855803489685,-2.7567256324696863,"[498.0, 194.0]"
normal_0989_EDD,normal,2,4,1217,"[367.0, 278.0]",45.254833995939045,0.7157644093036651,0.040383338928222656,0.9456448554992676,-0.067148357629776,-2.4387071743970874,"[498.0, 194.0]"
normal_0992_EDD,normal,1,4,1218,"[366.0, 193.0]",35.918785545899944,0.7187734186649322,0.014647126197814941,0.9968321919441223,-0.03171879053115845,-3.079001999902629,"[511.0, 214.0]"
normal_0992_EDD,normal,2,4,1219,"[237.0, 207.0]",35.918785545899944,0.7267719566822052,0.01848214864730835,0.9941539764404297,-0.06191012263298035,-6.630809263388407,"[511.0, 214.0]"
normal_0992_EDD,normal,3,1,1220,"[501.0, 218.0]",35.918785545899944,0.7461784124374389,0.0479012131690979,0.9885401129722595,-0.031495600938797,0.7001477235218377,"[511.0, 214.0]"
normal_0992_EDD,normal,4,4,1221,"[363.0, 282.0]",35.918785545899944,0.7338091611862182,0.02190607786178589,0.9959981441497803,-0.07352191209793091,-3.534512570417638,"[511.0, 214.0]"
normal_0992_EDD,normal,5,4,1222,"[247.0, 194.0]",45.254833995939045,0.735067617893219,0.026348114013671875,0.9938819408416748,-0.06501072645187378,-4.85034721191828,"[511.0, 214.0]"
normal_0992_EDD,normal,6,4,1223,"[369.0, 280.0]",45.254833995939045,0.7406471788883209,0.030119597911834717,0.9944366812705994,-0.07210952043533325,-2.4601526339166018,"[511.0, 214.0]"
normal_0994_EDD,normal,1,4,1224,"[230.0, 176.0]",35.918785545899944,0.6636274993419647,0.04400825500488281,0.8751358389854431,-0.03512078523635864,-2.1231130895472665,"[120.0, 198.0]"
normal_0996_EDD,normal,1,4,1225,"[306.0, 313.0]",35.918785545899944,0.6400592915713786,0.02846473455429077,0.8704314827919006,-0.01146259531378746,-5.135612684498702,"[494.0, 198.0]"
normal_0998_EDD,normal,1,4,1226,"[236.0, 156.0]",35.918785545899944,0.6763715267181396,0.036337077617645264,0.9024367928504944,-0.04164347052574158,-2.8230911825280844,"[100.0, 175.0]"
normal_1002_EDD,normal,1,4,1227,"[328.0, 196.0]",35.918785545899944,0.6490369111299514,0.04275822639465332,0.858034074306488,-0.028274163603782654,-2.1459860984330725,"[440.0, 211.0]"
normal_1002_EDD,normal,2,4,1228,"[336.0, 297.0]",57.01751796098172,0.6434396624565124,0.03900766372680664,0.8568210005760193,-0.023286491632461548,-1.3668487876839723,"[440.0, 211.0]"
normal_1003_EDD,normal,1,4,1229,"[401.0, 193.0]",35.918785545899944,0.730568391084671,0.020876049995422363,0.9944645762443542,-0.06783568859100342,-1.1458933401764422,"[330.0, 223.0]"
normal_1003_EDD,normal,2,4,1230,"[372.0, 271.0]",35.918785545899944,0.731356680393219,0.021294474601745605,0.9939537048339844,-0.07147306203842163,-0.7756968646644111,"[330.0, 223.0]"
normal_1006_EDD,normal,1,4,1231,"[205.0, 245.0]",35.918785545899944,0.6544960975646973,0.03646129369735718,0.8718209266662598,-0.03880077600479126,-7.3844545866738365,"[504.0, 209.0]"
normal_1006_EDD,normal,2,4,1232,"[368.0, 257.0]",35.918785545899944,0.645346388220787,0.030822932720184326,0.8692355751991272,-0.03029276430606842,-3.015226261875166,"[504.0, 209.0]"
normal_1009_EDD,normal,1,4,1233,"[322.0, 309.0]",35.918785545899944,0.6741957306861877,0.03647959232330322,0.900334358215332,-0.0374104380607605,-2.3622621563590296,"[374.0, 200.0]"
normal_1011_EDD,normal,1,4,1234,"[213.0, 270.0]",45.254833995939045,0.6525368958711624,0.05345946550369263,0.8469786643981934,-0.03096182644367218,-1.9551497688357524,"[115.0, 179.0]"
normal_1015_EDD,normal,1,4,1235,"[212.0, 269.0]",45.254833995939045,0.6626091301441192,0.05762988328933716,0.8542577624320984,-0.03499406576156616,-1.970229894301113,"[114.0, 177.0]"
normal_1016_EDD,normal,1,4,1236,"[356.0, 181.0]",35.918785545899944,0.7242468774318694,0.016312241554260254,0.9942681193351746,-0.0597347617149353,-2.717317604549059,"[484.0, 219.0]"
normal_1016_EDD,normal,2,1,1237,"[485.0, 207.0]",35.918785545899944,0.7507989585399627,0.048588335514068604,0.9872599840164185,-0.055643171072006226,0.664754963293384,"[484.0, 219.0]"
normal_1016_EDD,normal,3,4,1238,"[365.0, 188.0]",45.254833995939045,0.7265518486499786,0.018334925174713135,0.9947653412818909,-0.05940592288970947,-1.7173128385410465,"[484.0, 219.0]"
normal_1016_EDD,normal,4,1,1239,"[477.0, 207.0]",45.254833995939045,0.7523030340671539,0.050633370876312256,0.9864203929901123,-0.05587694048881531,0.6930174577439296,"[484.0, 219.0]"
normal_1017_EDD,normal,1,4,1240,"[268.0, 170.0]",35.918785545899944,0.7268666386604309,0.020302236080169678,0.991814374923706,-0.06147170066833496,-0.8727838152937517,"[318.0, 215.0]"
normal_1017_EDD,normal,2,4,1241,"[269.0, 315.0]",35.918785545899944,0.747855281829834,0.038722097873687744,0.9921413660049438,-0.07317113876342773,-2.1003213389919133,"[318.0, 215.0]"
normal_1017_EDD,normal,3,4,1242,"[266.0, 307.0]",45.254833995939045,0.7498925447463989,0.041979432106018066,0.9907623529434204,-0.07189732789993286,-1.3351927115336752,"[318.0, 215.0]"
normal_1018_EDD,normal,1,4,1243,"[367.0, 305.0]",57.01751796098172,0.7671136260032654,0.06348884105682373,0.9742313623428345,-0.1083141565322876,-1.833426462453005,"[505.0, 221.0]"
normal_1020_EDD,normal,1,4,1244,"[385.0, 263.0]",35.918785545899944,0.6611066162586212,0.026587188243865967,0.8977509140968323,-0.03046894073486328,-2.158894401428182,"[478.0, 198.0]"
normal_1021_EDD,normal,1,4,1245,"[248.0, 177.0]",35.918785545899944,0.6949988663196563,0.03332394361495972,0.9327867031097412,-0.04362115263938904,-2.7879568795468486,"[112.0, 181.0]"
normal_1024_EDD,normal,1,1,1246,"[311.0, 246.0]",35.918785545899944,0.7329182982444763,0.025473356246948242,0.987567663192749,-0.0807378888130188,0.47176204115353004,"[329.0, 240.0]"
normal_1025_IFD,normal,1,4,1247,"[251.0, 202.0]",57.01751796098172,0.5101425543427468,0.034726083278656006,0.6735249757766724,-0.019744940102100372,-2.3034302087854837,"[85.0, 291.0]"
normal_1027_IFD,normal,1,4,1248,"[332.0, 191.0]",57.01751796098172,0.5185454294085503,0.032720983028411865,0.6887342929840088,-0.018552206456661224,-2.600643945058197,"[500.0, 309.0]"
normal_1028_IFD,normal,1,4,1249,"[210.0, 246.0]",35.918785545899944,0.48440980613231654,0.021330595016479492,0.6586281061172485,-0.010197684168815613,-2.630928913093322,"[235.0, 118.0]"
normal_1029_IFD,normal,1,4,1250,"[236.0, 221.0]",35.918785545899944,0.5224763303995132,0.05887496471405029,0.6541627645492554,-0.02843715250492096,-3.991623560507085,"[61.0, 260.0]"
normal_1029_IFD,normal,2,4,1251,"[157.0, 354.0]",35.918785545899944,0.4992236956954002,0.050428807735443115,0.6366748213768005,-0.015612564980983734,-2.7405978349923394,"[61.0, 260.0]"
normal_1037_IFD,normal,1,4,1252,"[378.0, 224.0]",35.918785545899944,0.48900191634893414,0.02780383825302124,0.6553789973258972,-0.012163899838924408,-2.461649564405982,"[490.0, 170.0]"
normal_1039_IFD,normal,1,4,1253,"[392.0, 245.0]",45.254833995939045,0.41357263550162315,0.032249391078948975,0.5425735116004944,-0.007608931511640549,-6.536272961899004,"[58.0, 176.0]"
normal_1043_IFD,normal,1,4,1254,"[248.0, 162.0]",45.254833995939045,0.5108036190271378,0.022349417209625244,0.6945609450340271,-0.011307701468467712,-3.53125,"[81.0, 281.0]"
normal_1043_IFD,normal,2,4,1255,"[247.0, 173.0]",57.01751796098172,0.5168881610035896,0.029060065746307373,0.6936272978782654,-0.011444933712482452,-2.473325514701072,"[81.0, 281.0]"
normal_1043_IFD,normal,3,4,1256,"[192.0, 221.0]",57.01751796098172,0.519155229628086,0.027881622314453125,0.6993077993392944,-0.008790738880634308,-1.2129768110078922,"[81.0, 281.0]"
normal_1043_IFD,normal,4,4,1257,"[240.0, 186.0]",71.83757109179989,0.5226378768682479,0.03707325458526611,0.6903125047683716,-0.011729344725608826,-1.5782997215610495,"[81.0, 281.0]"
normal_1046_IFD,normal,1,4,1258,"[232.0, 232.0]",35.918785545899944,0.4764549076557159,0.03651237487792969,0.6203655004501343,-0.028433412313461304,-3.24876880720978,"[93.0, 295.0]"
normal_1047_IFD,normal,1,4,1259,"[390.0, 350.0]",35.918785545899944,0.6193871647119522,0.039917945861816406,0.8174859285354614,-0.036145344376564026,-3.114853523711889,"[479.0, 232.0]"
normal_1048_IFD,normal,1,4,1260,"[245.0, 216.0]",35.918785545899944,0.47275680303573603,0.02149432897567749,0.6417120099067688,-0.010320335626602173,-3.705058855178666,"[89.0, 281.0]"
normal_1048_IFD,normal,2,4,1261,"[244.0, 218.0]",35.918785545899944,0.47251555919647215,0.021496057510375977,0.6413646340370178,-0.010321289300918579,-3.658121742543692,"[89.0, 281.0]"
normal_1048_IFD,normal,3,4,1262,"[241.0, 211.0]",45.254833995939045,0.47292391508817666,0.02297532558441162,0.6398087739944458,-0.010412238538265228,-2.697813965710011,"[89.0, 281.0]"
normal_1048_IFD,normal,4,4,1263,"[239.0, 166.0]",57.01751796098172,0.4901081562042236,0.040897369384765625,0.6382430791854858,-0.0122031569480896,-2.314956323488193,"[89.0, 281.0]"
normal_1049_IFD,normal,1,4,1264,"[185.0, 122.0]",45.254833995939045,0.4830434650182724,0.04788482189178467,0.6168779730796814,-0.016720309853553772,-2.329921756775976,"[75.0, 225.0]"
normal_1052_IFD,normal,1,4,1265,"[190.0, 153.0]",45.254833995939045,0.4892129868268967,0.043459951877593994,0.626594066619873,-0.0356859415769577,-3.019301575678292,"[56.0, 276.0]"
normal_1053_IFD,normal,1,4,1266,"[196.0, 145.0]",45.254833995939045,0.513516654074192,0.022090256214141846,0.699847400188446,-0.00766608864068985,-3.062139407073568,"[83.0, 290.0]"
normal_1056_IFD,normal,1,4,1267,"[335.0, 227.0]",35.918785545899944,0.5041459783911705,0.05634397268295288,0.6351934671401978,-0.015832893550395966,-3.178778131202959,"[483.0, 252.0]"
normal_1057_IFD,normal,1,4,1268,"[363.0, 186.0]",57.01751796098172,0.5141430452466011,0.0357058048248291,0.6792262196540833,-0.014894433319568634,-2.1074287878340714,"[519.0, 270.0]"
normal_1058_IFD,normal,1,4,1269,"[344.0, 232.0]",45.254833995939045,0.7145420014858246,0.04841506481170654,0.9339091777801514,-0.061952561140060425,-2.0621811058459616,"[474.0, 280.0]"
normal_1059_IFD,normal,1,4,1270,"[390.0, 189.0]",57.01751796098172,0.491040089726448,0.04519015550613403,0.6297144889831543,-0.02524895966053009,-2.2493535278626693,"[544.0, 292.0]"
normal_1060_IFD,normal,1,4,1271,"[367.0, 200.0]",35.918785545899944,0.4915012069046497,0.019347548484802246,0.6735026240348816,-0.0035091079771518707,-2.670736518146179,"[489.0, 250.0]"
normal_1061_IFD,normal,1,4,1272,"[346.0, 169.0]",57.01751796098172,0.5201831206679345,0.037424445152282715,0.6863253712654114,-0.011654578149318695,-2.1499501370394256,"[502.0, 258.0]"
normal_1062_IFD,normal,1,4,1273,"[210.0, 205.0]",45.254833995939045,0.5205354914069176,0.038643479347229004,0.6818689703941345,-0.022918663918972015,-5.929647864881014,"[511.0, 293.0]"
normal_1063_PPE,normal,1,4,1274,"[172.0, 128.0]",35.918785545899944,0.8348261117935181,0.14137345552444458,0.9778407216072083,-0.04482075572013855,-0.09820433088486591,"[152.0, 94.0]"
normal_1066_PPE,normal,1,4,1275,"[63.0, 166.0]",35.918785545899944,0.6107841193675995,-0.027446985244750977,0.9103990197181702,-0.004758954048156738,-2.524336557814706,"[175.0, 107.0]"
normal_1066_PPE,normal,2,4,1276,"[64.0, 168.0]",35.918785545899944,0.6099265992641448,-0.02764946222305298,0.9094633460044861,-0.004758596420288086,-2.5262054451829123,"[175.0, 107.0]"
normal_1066_PPE,normal,3,4,1277,"[65.0, 170.0]",35.918785545899944,0.6088686764240264,-0.028016626834869385,0.9084773659706116,-0.004755735397338867,-2.529171643916613,"[175.0, 107.0]"
normal_1136_PPE,normal,1,4,1278,"[196.0, 184.0]",228.07007184392688,0.32819741517305373,-0.08353888988494873,0.5876727104187012,-0.001827038824558258,0.7247801134168306,"[164.0, 130.0]"
normal_1180_PPE,normal,1,4,1279,"[235.0, 131.0]",35.918785545899944,0.5581197989173233,0.0022095441818237305,0.7937392592430115,-0.001463866326957941,-3.2304865846776485,"[84.0, 114.0]"
normal_1201_PPE,normal,1,4,1280,"[94.0, 208.0]",35.918785545899944,0.524782794713974,-0.05106353759765625,0.8218148350715637,-0.0028797388076782227,-1.5523910589999423,"[165.0, 150.0]"
normal_1201_PPE,normal,2,4,1281,"[41.0, 97.0]",57.01751796098172,0.5493288218975068,-0.04238694906234741,0.8445063233375549,-0.002806723117828369,-1.3650936641329126,"[165.0, 150.0]"
normal_1201_PPE,normal,3,4,1282,"[39.0, 102.0]",57.01751796098172,0.5438563406467437,-0.044780433177948,0.8401082158088684,-0.0028051137924194336,-1.364768498301427,"[165.0, 150.0]"
normal_1349_PPE,normal,1,3,1283,"[126.0, 86.0]",35.918785545899944,0.8027209281921387,0.10298949480056763,0.9870123863220215,-0.04411381483078003,-0.39230762510868034,"[175.0, 96.0]"
normal_1349_PPE,normal,2,3,1284,"[184.0, 121.0]",35.918785545899944,0.8496687352657317,0.17188256978988647,0.9572517275810242,-0.03854978084564209,0.260257269076687,"[175.0, 96.0]"
normal_1426_PPE,normal,1,4,1285,"[204.0, 192.0]",228.07007184392688,0.5277677245438099,0.140253484249115,0.55316561460495,-0.0014915503561496735,0.5429680454214199,"[101.0, 176.0]"
normal_1458_PPE,normal,1,3,1286,"[112.0, 152.0]",35.918785545899944,0.7933958947658538,0.1012616753578186,0.9779007434844971,-0.038018494844436646,-0.19032745687428476,"[70.0, 144.0]"
normal_1464_PPE,normal,1,2,1287,"[126.0, 127.0]",57.01751796098172,0.9127245098352432,0.20977741479873657,0.9864757061004639,-0.06207050383090973,0.1607150544720476,"[173.0, 136.0]"
normal_1472_PPE,normal,1,4,1288,"[16.0, 200.0]",228.07007184392688,0.4471667110919952,-0.0028961896896362305,0.6423225998878479,-0.0021854043006896973,0.5738115823092322,"[94.0, 142.0]"
normal_1490_PPE,normal,1,3,1289,"[130.0, 163.0]",35.918785545899944,0.8347409904003142,0.1312187910079956,0.9899411201477051,-0.052817076444625854,-0.6031922939589769,"[76.0, 143.0]"
normal_1495_PPE,normal,1,4,1290,"[215.0, 169.0]",35.918785545899944,0.17432484626770017,-0.1913272738456726,0.5213315486907959,-0.003600180149078369,-0.6576257153887306,"[163.0, 140.0]"
normal_1515_PPE,normal,1,4,1291,"[105.0, 39.0]",45.254833995939045,0.5122371435165405,-0.04976266622543335,0.8020167350769043,-0.0029404759407043457,-1.2921401026115311,"[71.0, 137.0]"
normal_1519_PPE,normal,1,4,1292,"[44.0, 44.0]",228.07007184392688,0.5704919710755348,0.10142713785171509,0.6696093082427979,-0.0016915872693061829,0.6720611029734622,"[81.0, 109.0]"
normal_1550_PPE,normal,1,4,1293,"[177.0, 200.0]",35.918785545899944,0.5134859323501587,-0.024632811546325684,0.7677750587463379,-0.003381013870239258,-1.288523177522392,"[163.0, 119.0]"
normal_1569_PPE,normal,1,4,1294,"[122.0, 72.0]",35.918785545899944,0.8124417662620543,0.11844033002853394,0.9795620441436768,-0.04154002666473389,-1.0776240536267494,"[59.0, 112.0]"
normal_1584_PPE,normal,1,4,1295,"[32.0, 56.0]",228.07007184392688,0.5812395051121712,0.08933871984481812,0.7022017240524292,-0.001797892153263092,0.76076698261334,"[68.0, 97.0]"
normal_1585_PPE,normal,1,3,1296,"[135.0, 151.0]",35.918785545899944,0.7945673167705536,0.10285645723342896,0.976276159286499,-0.04158774018287659,-0.27975874015851576,"[167.0, 118.0]"
normal_1591_PPE,normal,1,4,1297,"[160.0, 232.0]",228.07007184392688,0.49940179809927937,0.0798407793045044,0.5989781618118286,-0.0013815276324748993,0.5422955065426369,"[151.0, 128.0]"
normal_1592_PPE,normal,1,4,1298,"[200.0, 180.0]",228.07007184392688,0.6378088906407355,0.20084375143051147,0.6236693859100342,-0.001982845366001129,0.3939386521563777,"[75.0, 121.0]"
normal_1595_PPE,normal,1,3,1299,"[122.0, 72.0]",35.918785545899944,0.7865293622016906,0.09873348474502563,0.9700720906257629,-0.04372707009315491,-1.210654645406993,"[186.0, 119.0]"
normal_1595_PPE,normal,2,3,1300,"[194.0, 100.0]",35.918785545899944,0.7753545284271239,0.07853782176971436,0.9847424030303955,-0.03748512268066406,0.42605163802812585,"[186.0, 119.0]"
normal_1597_PPE,normal,1,4,1301,"[90.0, 33.0]",45.254833995939045,0.4630228579044342,-0.06443130970001221,0.7526007294654846,-0.0031682848930358887,-1.2036236137893424,"[78.0, 132.0]"
normal_1603_PPE,normal,1,3,1302,"[84.0, 106.0]",35.918785545899944,0.7381297767162323,0.038987934589385986,0.9900292158126831,-0.030606955289840698,-0.7898270129325158,"[146.0, 123.0]"
normal_1605_PPE,normal,1,4,1303,"[46.0, 168.0]",35.918785545899944,0.5796627342700957,-0.02621680498123169,0.8646957278251648,-0.002962648868560791,-1.9543832675053134,"[152.0, 163.0]"
normal_1605_PPE,normal,2,4,1304,"[49.0, 175.0]",35.918785545899944,0.5739132404327393,-0.02890777587890625,0.8603280782699585,-0.0029568076133728027,-1.886976034019498,"[152.0, 163.0]"
normal_1605_PPE,normal,3,4,1305,"[50.0, 177.0]",35.918785545899944,0.5717339396476745,-0.030211210250854492,0.8590770959854126,-0.002955913543701172,-1.866363654703862,"[152.0, 163.0]"
normal_1605_PPE,normal,4,4,1306,"[51.0, 179.0]",35.918785545899944,0.5695988416671753,-0.03155159950256348,0.8579421043395996,-0.002954840660095215,-1.84696356891174,"[152.0, 163.0]"
normal_1605_PPE,normal,5,4,1307,"[52.0, 181.0]",35.918785545899944,0.5690696656703949,-0.031874120235443115,0.8576470017433167,-0.002954423427581787,-1.828800718699203,"[152.0, 163.0]"
normal_1605_PPE,normal,6,4,1308,"[53.0, 183.0]",35.918785545899944,0.5683453857898711,-0.03234219551086426,0.8572812676429749,-0.002953469753265381,-1.8118990791304452,"[152.0, 163.0]"
normal_1605_PPE,normal,7,4,1309,"[32.0, 115.0]",45.254833995939045,0.6046097278594971,-0.01978987455368042,0.8911620378494263,-0.002930879592895508,-1.8559149146989653,"[152.0, 163.0]"
normal_1605_PPE,normal,8,4,1310,"[32.0, 118.0]",45.254833995939045,0.6039869964122772,-0.019801437854766846,0.8902888894081116,-0.002931058406829834,-1.8319639000612273,"[152.0, 163.0]"
normal_1605_PPE,normal,9,4,1311,"[32.0, 120.0]",45.254833995939045,0.6032613515853882,-0.020034074783325195,0.8895848989486694,-0.002929985523223877,-1.8167502607171264,"[152.0, 163.0]"
normal_1605_PPE,normal,10,4,1312,"[49.0, 189.0]",45.254833995939045,0.5321662425994873,-0.06336557865142822,0.8499550819396973,-0.002816319465637207,-1.3473930020876348,"[152.0, 163.0]"
normal_1625_PPE,normal,1,4,1313,"[204.0, 180.0]",228.07007184392688,0.6091775730252266,0.2029619812965393,0.5798617601394653,-0.0015617981553077698,0.4389745424320842,"[88.0, 126.0]"
normal_1626_PPE,normal,1,3,1314,"[176.0, 130.0]",35.918785545899944,0.8104647159576416,0.11907070875167847,0.9762345552444458,-0.04014909267425537,0.559801700961275,"[163.0, 121.0]"
normal_1626_PPE,normal,2,3,1315,"[114.0, 158.0]",35.918785545899944,0.7925658345222473,0.10364198684692383,0.972093403339386,-0.04229232668876648,-0.7094209840021646,"[163.0, 121.0]"
normal_1627_PPE,normal,1,3,1316,"[107.0, 88.0]",35.918785545899944,0.8079493403434752,0.10599911212921143,0.9892861247062683,-0.04724970459938049,-0.00919720335370533,"[74.0, 103.0]"
normal_1629_PPE,normal,1,4,1317,"[196.0, 40.0]",228.07007184392688,0.597919049859047,0.11797159910202026,0.6850585341453552,-0.0020323842763900757,0.432975557743872,"[86.0, 108.0]"
normal_1630_PPE,normal,1,3,1318,"[96.0, 109.0]",35.918785545899944,0.7753037452697754,0.08637237548828125,0.972390353679657,-0.041290611028671265,-0.8317750892302733,"[156.0, 136.0]"
normal_1640_PPE,normal,1,4,1319,"[45.0, 78.0]",45.254833995939045,0.6495089054107666,-0.00634610652923584,0.9361494779586792,-0.0027518868446350098,-1.8987638798719013,"[165.0, 131.0]"
normal_1640_PPE,normal,2,4,1320,"[41.0, 88.0]",45.254833995939045,0.6509756624698638,-0.005036413669586182,0.9363759160041809,-0.0027446746826171875,-1.9001111239485287,"[165.0, 131.0]"
normal_1665_PPE,normal,1,3,1321,"[124.0, 118.0]",45.254833995939045,0.8624563455581664,0.16161149740219116,0.9777516722679138,-0.08209338784217834,-0.45371291870162556,"[186.0, 140.0]"
normal_1667_PPE,normal,1,4,1322,"[55.0, 65.0]",35.918785545899944,0.6893719732761383,0.02358776330947876,0.9484042525291443,-0.009506165981292725,-2.2975524598732533,"[145.0, 142.0]"
normal_1680_PPE,normal,1,3,1323,"[71.0, 121.0]",35.918785545899944,0.8100643754005431,0.10984176397323608,0.9874322414398193,-0.04510021209716797,-0.0210323396073393,"[64.0, 157.0]"
normal_1684_PPE,normal,1,4,1324,"[170.0, 211.0]",35.918785545899944,0.5241051614284515,-0.04107242822647095,0.8064253926277161,-0.003399074077606201,-1.3597256731677936,"[198.0, 131.0]"
normal_1684_PPE,normal,2,4,1325,"[36.0, 122.0]",57.01751796098172,0.44623424410820006,-0.0765300989151001,0.7460107207298279,-0.0027841925621032715,-1.8456132991778151,"[198.0, 131.0]"
normal_1684_PPE,normal,3,4,1326,"[37.0, 125.0]",57.01751796098172,0.44791935682296746,-0.07585924863815308,0.7474597692489624,-0.002783834934234619,-1.8256537326132434,"[198.0, 131.0]"
normal_1691_PPE,normal,1,4,1327,"[174.0, 52.0]",35.918785545899944,0.5191234648227692,-0.0031439661979675293,0.7451725602149963,-0.003233194351196289,-0.2809694866357031,"[175.0, 98.0]"
normal_1691_PPE,normal,2,4,1328,"[177.0, 53.0]",35.918785545899944,0.5156539261341095,-0.0032500028610229492,0.740367591381073,-0.0032330751419067383,-0.25406307127671135,"[175.0, 98.0]"
normal_1691_PPE,normal,3,4,1329,"[179.0, 54.0]",35.918785545899944,0.5143044948577881,-0.0031881332397460938,0.7383511066436768,-0.003234267234802246,-0.2300372464511753,"[175.0, 98.0]"
normal_1691_PPE,normal,4,4,1330,"[186.0, 58.0]",35.918785545899944,0.5052294671535492,-0.006703197956085205,0.7304074168205261,-0.0032373666763305664,-0.15496491306395255,"[175.0, 98.0]"
normal_1691_PPE,normal,5,4,1331,"[189.0, 60.0]",35.918785545899944,0.49902603030204773,-0.010187685489654541,0.7265235781669617,-0.003236055374145508,-0.12745775914062918,"[175.0, 98.0]"
normal_1691_PPE,normal,6,4,1332,"[49.0, 181.0]",35.918785545899944,0.48719525933265684,-0.04029268026351929,0.7526925206184387,-0.003015875816345215,-3.200608269991143,"[175.0, 98.0]"
normal_1691_PPE,normal,7,4,1333,"[117.0, 42.0]",45.254833995939045,0.4990716814994812,-0.04634511470794678,0.7781761884689331,-0.0034673213958740234,-0.7815241017174028,"[175.0, 98.0]"
normal_1693_PPE,normal,1,4,1334,"[184.0, 200.0]",228.07007184392688,0.5437208861112593,-0.02438640594482422,0.811070442199707,-0.0017899125814437866,0.689960732037461,"[174.0, 130.0]"
normal_1750_PPE,normal,1,3,1335,"[72.0, 151.0]",45.254833995939045,0.7882839918136596,0.10878932476043701,0.9594045877456665,-0.03955727815628052,0.78125,"[79.0, 158.0]"
normal_1750_PPE,normal,2,3,1336,"[80.0, 152.0]",57.01751796098172,0.7959956377744675,0.12155884504318237,0.9520078301429749,-0.04015655815601349,0.893317654857218,"[79.0, 158.0]"
normal_1778_PPE,normal,1,3,1337,"[86.0, 132.0]",35.918785545899944,0.8352649390697479,0.15268474817276,0.9576020836830139,-0.06129366159439087,-0.7361903071857601,"[146.0, 149.0]"
normal_1778_PPE,normal,2,1,1338,"[105.0, 127.0]",57.01751796098172,0.969499984383583,0.2925523519515991,0.9487537145614624,-0.06410016119480133,0.1839427221583283,"[146.0, 149.0]"
normal_1788_PPE,normal,1,4,1339,"[165.0, 100.0]",35.918785545899944,0.7572113513946532,0.07116228342056274,0.9736385345458984,-0.02251046895980835,-0.12745775914062918,"[143.0, 134.0]"
normal_1788_PPE,normal,2,2,1340,"[154.0, 121.0]",57.01751796098172,0.7644751250743865,0.07876092195510864,0.9727954268455505,-0.02378702163696289,0.7013306265351646,"[143.0, 134.0]"
normal_1788_PPE,normal,3,1,1341,"[140.0, 124.0]",71.83757109179989,0.7598676443099975,0.07401466369628906,0.9731056690216064,-0.023395061492919922,0.8546678799096774,"[143.0, 134.0]"
normal_1795_PPE,normal,1,3,1342,"[189.0, 122.0]",35.918785545899944,0.8003387928009033,0.09813350439071655,0.9918047785758972,-0.03970971703529358,0.21205734085849626,"[174.0, 98.0]"
normal_1820_PPE,normal,1,3,1343,"[164.0, 153.0]",35.918785545899944,0.775905755162239,0.08208215236663818,0.9813433885574341,-0.03441615402698517,0.260257269076687,"[155.0, 128.0]"
normal_1820_PPE,normal,2,1,1344,"[124.0, 134.0]",90.50966799187809,0.8005546182394027,0.14100807905197144,0.9307899475097656,-0.03996787965297699,0.6511388505974046,"[155.0, 128.0]"
normal_1827_PPE,normal,1,4,1345,"[127.0, 32.0]",45.254833995939045,0.48650296926498415,-0.05154794454574585,0.7677894830703735,-0.0029913783073425293,-1.1619038195534972,"[63.0, 106.0]"
papilledema_0004_EDD,papilledema,1,4,1859,"[200.0, 327.0]",35.918785545899944,0.6783526986837386,0.04228544235229492,0.8970513343811035,-0.04065661132335663,-2.367329970103903,"[135.0, 225.0]"
papilledema_0005_EDD,papilledema,1,4,1860,"[380.0, 153.0]",35.918785545899944,0.739530062675476,0.02838766574859619,0.994051456451416,-0.07653188705444336,-0.46156442083881233,"[346.0, 193.0]"
papilledema_0005_EDD,papilledema,2,4,1861,"[260.0, 195.0]",35.918785545899944,0.7309660732746124,0.020578384399414062,0.994764506816864,-0.07026267051696777,-1.3949376729482896,"[346.0, 193.0]"
papilledema_0005_EDD,papilledema,3,3,1862,"[291.0, 249.0]",35.918785545899944,0.7151180267333984,0.007597088813781738,0.9966115951538086,-0.04946410655975342,-1.1852642459878862,"[346.0, 193.0]"
papilledema_0005_EDD,papilledema,4,3,1863,"[377.0, 262.0]",35.918785545899944,0.732621544599533,0.022362351417541504,0.995029628276825,-0.06869226694107056,-1.1059704955682825,"[346.0, 193.0]"
papilledema_0007_EDD,papilledema,1,2,1864,"[418.0, 178.0]",45.254833995939045,0.800824075937271,0.09623855352401733,0.9713284373283386,-0.12327808141708374,0.552568091772614,"[435.0, 189.0]"
papilledema_0007_EDD,papilledema,2,4,1865,"[349.0, 313.0]",45.254833995939045,0.7228294730186462,0.04483640193939209,0.9477224946022034,-0.07293662428855896,-2.3345375428985653,"[435.0, 189.0]"
papilledema_0007_EDD,papilledema,3,4,1866,"[347.0, 309.0]",57.01751796098172,0.7274755775928498,0.05600237846374512,0.9384718537330627,-0.07271450757980347,-1.6098751265135576,"[435.0, 189.0]"
papilledema_0007_EDD,papilledema,4,2,1867,"[412.0, 214.0]",71.83757109179989,0.8003322243690489,0.11138284206390381,0.9480885863304138,-0.12643685936927795,0.5271196535930245,"[435.0, 189.0]"
papilledema_0009_EDD,papilledema,1,4,1868,"[214.0, 300.0]",35.918785545899944,0.6880480945110321,0.032541632652282715,0.9237959980964661,-0.04424631595611572,-2.4870818874082627,"[136.0, 202.0]"
papilledema_0011_EDD,papilledema,1,4,1869,"[234.0, 320.0]",35.918785545899944,0.6610680013895034,0.042362868785858154,0.8732761144638062,-0.03705926239490509,-2.6387122637466436,"[165.0, 209.0]"
papilledema_0013_EDD,papilledema,1,4,1870,"[240.0, 165.0]",35.918785545899944,0.6725123763084411,0.039159536361694336,0.8943953514099121,-0.03638046979904175,-2.1817537926663655,"[130.0, 196.0]"
papilledema_0013_EDD,papilledema,2,4,1871,"[266.0, 270.0]",35.918785545899944,0.6457570374011993,0.02290797233581543,0.8830640912055969,-0.023521006107330322,-3.3105281960561346,"[130.0, 196.0]"
papilledema_0013_EDD,papilledema,3,4,1872,"[254.0, 264.0]",57.01751796098172,0.6540574312210082,0.03478860855102539,0.878089189529419,-0.023031949996948242,-1.4803141437003116,"[130.0, 196.0]"
papilledema_0015_EDD,papilledema,1,4,1873,"[352.0, 319.0]",35.918785545899944,0.7038930594921112,0.061893343925476074,0.8990823030471802,-0.06321051716804504,-3.0045950026641046,"[441.0, 206.0]"
papilledema_0016_EDD,papilledema,1,4,1874,"[248.0, 318.0]",35.918785545899944,0.6805794119834899,0.031764864921569824,0.9182392358779907,-0.0302354097366333,-2.5754292212635654,"[150.0, 235.0]"
papilledema_0018_EDD,papilledema,1,4,1875,"[177.0, 270.0]",35.918785545899944,0.7059431493282318,0.030086100101470947,0.9499882459640503,-0.054326385259628296,-2.2239830115005437,"[144.0, 159.0]"
papilledema_0026_EDD,papilledema,1,4,1876,"[319.0, 160.0]",45.254833995939045,0.6343790084123612,0.03796124458312988,0.8436383605003357,-0.029354557394981384,-3.325670558566613,"[134.0, 224.0]"
papilledema_0031_EDD,papilledema,1,4,1877,"[359.0, 167.0]",35.918785545899944,0.6403084725141525,0.032897233963012695,0.8594980239868164,-0.028813108801841736,-2.7879568795468486,"[483.0, 223.0]"
papilledema_0031_EDD,papilledema,2,4,1878,"[369.0, 263.0]",35.918785545899944,0.6484067738056183,0.03386390209197998,0.8670411109924316,-0.038070470094680786,-2.3635298256375012,"[483.0, 223.0]"
papilledema_0031_EDD,papilledema,3,4,1879,"[305.0, 288.0]",35.918785545899944,0.6354246467351914,0.027295708656311035,0.8606281876564026,-0.028446033596992493,-4.275699023178542,"[483.0, 223.0]"
papilledema_0032_EDD,papilledema,1,4,1880,"[254.0, 152.0]",35.918785545899944,0.6693098902702331,0.023649096488952637,0.9136316776275635,-0.03059309720993042,-2.5519393169880606,"[135.0, 198.0]"
papilledema_0039_EDD,papilledema,1,4,1881,"[227.0, 287.0]",45.254833995939045,0.7298685193061829,0.03577005863189697,0.9695509076118469,-0.07706412672996521,-1.8285134401748913,"[135.0, 198.0]"
papilledema_0039_EDD,papilledema,2,1,1882,"[153.0, 200.0]",57.01751796098172,0.7659375250339507,0.05850154161453247,0.9757793545722961,-0.12195217609405518,0.6823648078005007,"[135.0, 198.0]"
papilledema_0041_EDD,papilledema,1,4,1883,"[349.0, 142.0]",35.918785545899944,0.7462740242481232,0.03804171085357666,0.9921249747276306,-0.06872415542602539,-0.3653245396698783,"[332.0, 188.0]"
papilledema_0041_EDD,papilledema,2,4,1884,"[258.0, 298.0]",35.918785545899944,0.7486763715744018,0.0361972451210022,0.9921859502792358,-0.08974480628967285,-2.6909518331013147,"[332.0, 188.0]"
papilledema_0043_EDD,papilledema,1,4,1885,"[207.0, 309.0]",45.254833995939045,0.7036745846271515,0.05008465051651001,0.9263009428977966,-0.02589637041091919,-1.983106733130747,"[126.0, 201.0]"
papilledema_0044_EDD,papilledema,1,4,1886,"[260.0, 295.0]",45.254833995939045,0.7575396180152892,0.07210147380828857,0.957839846611023,-0.07475125789642334,-1.839540153132193,"[323.0, 183.0]"
papilledema_0045_EDD,papilledema,1,3,1887,"[143.0, 157.0]",35.918785545899944,0.7402019262313843,0.031295597553253174,0.9916034936904907,-0.07391941547393799,-0.9798160129710027,"[112.0, 221.0]"
papilledema_0045_EDD,papilledema,2,4,1888,"[124.0, 310.0]",35.918785545899944,0.7393934607505799,0.034513235092163086,0.9879499673843384,-0.06657624244689941,-1.500233337169691,"[112.0, 221.0]"
papilledema_0045_EDD,papilledema,3,4,1889,"[129.0, 308.0]",45.254833995939045,0.7437446534633636,0.04127734899520874,0.9847872257232666,-0.06558123230934143,-0.9588042430268522,"[112.0, 221.0]"
papilledema_0045_EDD,papilledema,4,2,1890,"[129.0, 184.0]",57.01751796098172,0.7681567192077636,0.057259559631347656,0.991847038269043,-0.08302116394042969,0.2858590201897385,"[112.0, 221.0]"
papilledema_0046_EDD,papilledema,1,4,1891,"[294.0, 125.0]",35.918785545899944,0.7253599405288695,0.020680725574493408,0.9937244057655334,-0.04536065459251404,-1.6606336812411189,"[316.0, 218.0]"
papilledema_0046_EDD,papilledema,2,4,1892,"[206.0, 148.0]",35.918785545899944,0.7260674476623534,0.021044790744781494,0.995174765586853,-0.04200160503387451,-2.6299681663077843,"[316.0, 218.0]"
papilledema_0046_EDD,papilledema,3,4,1893,"[226.0, 340.0]",45.254833995939045,0.7418846726417541,0.040673673152923584,0.9926482439041138,-0.03178614377975464,-2.3500233208143486,"[316.0, 218.0]"
papilledema_0055_EDD,papilledema,1,3,1894,"[472.0, 173.0]",35.918785545899944,0.7774203658103943,0.07752937078475952,0.9771507978439331,-0.07942718267440796,-4.646218887737886,"[373.0, 350.0]"
papilledema_0056_EDD,papilledema,1,4,1895,"[361.0, 194.0]",35.918785545899944,0.7359510838985442,0.02563786506652832,0.9919421076774597,-0.07976871728897095,-1.4532911138555868,"[283.0, 235.0]"
papilledema_0056_EDD,papilledema,2,4,1896,"[356.0, 194.0]",45.254833995939045,0.733226978778839,0.025662779808044434,0.9880695343017578,-0.07957762479782104,-0.8500950144519603,"[283.0, 235.0]"
papilledema_0058_EDD,papilledema,1,4,1897,"[298.0, 205.0]",35.918785545899944,0.6559718340635299,0.030306875705718994,0.8883402347564697,-0.019133970141410828,-3.3702624640474736,"[438.0, 134.0]"
papilledema_0059_EDD,papilledema,1,3,1898,"[412.0, 263.0]",45.254833995939045,0.7588049173355103,0.05055886507034302,0.9842890501022339,-0.09621858596801758,-2.9474081686595315,"[346.0, 97.0]"
papilledema_0060_EDD,papilledema,1,4,1899,"[371.0, 175.0]",35.918785545899944,0.7370950758457183,0.028172731399536133,0.9912938475608826,-0.07508325576782227,-0.6085016913722494,"[318.0, 198.0]"
papilledema_0060_EDD,papilledema,2,3,1900,"[376.0, 266.0]",35.918785545899944,0.7370455384254455,0.02775508165359497,0.9900659322738647,-0.08122152090072632,-1.4882693144456653,"[318.0, 198.0]"
papilledema_0060_EDD,papilledema,3,3,1901,"[370.0, 259.0]",45.254833995939045,0.7415139019489287,0.03226262331008911,0.9902303814888,-0.08045005798339844,-0.7712162576179116,"[318.0, 198.0]"
papilledema_0060_EDD,papilledema,4,3,1902,"[294.0, 279.0]",45.254833995939045,0.7388316571712493,0.02809274196624756,0.9913850426673889,-0.08384692668914795,-0.8667788517256134,"[318.0, 198.0]"
papilledema_0061_EDD,papilledema,1,4,1903,"[365.0, 195.0]",35.918785545899944,0.7265351772308348,0.0429997444152832,0.9587408304214478,-0.06208425760269165,-2.222059106801986,"[480.0, 208.0]"
papilledema_0061_EDD,papilledema,2,4,1904,"[382.0, 272.0]",35.918785545899944,0.6967564702033996,0.02168351411819458,0.953797459602356,-0.03707367181777954,-2.258656920836705,"[480.0, 208.0]"
papilledema_0061_EDD,papilledema,3,4,1905,"[369.0, 197.0]",45.254833995939045,0.724357098340988,0.04490256309509277,0.9528721570968628,-0.06222012639045715,-1.4647911295888743,"[480.0, 208.0]"
papilledema_0061_EDD,papilledema,4,4,1906,"[379.0, 278.0]",45.254833995939045,0.6933787584304809,0.023914992809295654,0.9458445906639099,-0.03686276078224182,-1.7154254098115085,"[480.0, 208.0]"
papilledema_0061_EDD,papilledema,5,1,1907,"[456.0, 208.0]",71.83757109179989,0.8213802814483643,0.12577033042907715,0.9574830532073975,-0.12685906887054443,0.6659129806973728,"[480.0, 208.0]"
papilledema_0066_EDD,papilledema,1,4,1908,"[219.0, 271.0]",35.918785545899944,0.7006573498249054,0.036666154861450195,0.9359409213066101,-0.044162750244140625,-6.794021354222102,"[492.0, 209.0]"
papilledema_0066_EDD,papilledema,2,4,1909,"[216.0, 263.0]",45.254833995939045,0.7053397446870804,0.044619202613830566,0.9314973950386047,-0.04336182773113251,-5.214430032191205,"[492.0, 209.0]"
papilledema_0066_EDD,papilledema,3,4,1910,"[212.0, 248.0]",57.01751796098172,0.7105011910200119,0.05369371175765991,0.9259989857673645,-0.04304094612598419,-3.958178372211517,"[492.0, 209.0]"
papilledema_0075_EDD,papilledema,1,4,1911,"[261.0, 317.0]",35.918785545899944,0.6598144441843032,0.0312345027923584,0.8869063258171082,-0.038727566599845886,-3.528012454749069,"[147.0, 201.0]"
papilledema_0076_EDD,papilledema,1,2,1912,"[292.0, 248.0]",35.918785545899944,0.7382649958133697,0.037081003189086914,0.9775455594062805,-0.08451050519943237,0.8217332757743043,"[288.0, 243.0]"
papilledema_0076_EDD,papilledema,2,3,1913,"[250.0, 179.0]",45.254833995939045,0.7516937911510467,0.05357426404953003,0.9743818640708923,-0.08026111125946045,-0.6447121708675958,"[288.0, 243.0]"
papilledema_0076_EDD,papilledema,3,1,1914,"[280.0, 247.0]",45.254833995939045,0.7466984510421752,0.045395612716674805,0.9768781661987305,-0.0874406099319458,0.8023576462394764,"[288.0, 243.0]"
papilledema_0076_EDD,papilledema,4,1,1915,"[272.0, 237.0]",57.01751796098172,0.7459187626838684,0.04871070384979248,0.9720513820648193,-0.08386045694351196,0.7003025017271229,"[288.0, 243.0]"
papilledema_0078_EDD,papilledema,1,4,1916,"[391.0, 169.0]",35.918785545899944,0.7322317063808441,0.02506619691848755,0.9948670864105225,-0.053792744874954224,-1.3473757453514383,"[344.0, 239.0]"
papilledema_0078_EDD,papilledema,2,4,1917,"[221.0, 239.0]",35.918785545899944,0.7431929707527161,0.032676100730895996,0.9944800138473511,-0.07190430164337158,-2.4243919478519285,"[344.0, 239.0]"
papilledema_0078_EDD,papilledema,3,4,1918,"[383.0, 244.0]",35.918785545899944,0.726802134513855,0.018307924270629883,0.9945845603942871,-0.061425089836120605,-0.0946697084852639,"[344.0, 239.0]"
papilledema_0081_EDD,papilledema,1,4,1919,"[226.0, 325.0]",35.918785545899944,0.5996563732624054,0.026790082454681396,0.813014805316925,-0.018779635429382324,-2.4380586224018628,"[161.0, 220.0]"
papilledema_0083_EDD,papilledema,1,4,1920,"[345.0, 268.0]",57.01751796098172,0.6724332273006439,0.06428050994873047,0.8550894260406494,-0.04795059561729431,-0.9612526345967622,"[414.0, 180.0]"
papilledema_0086_EDD,papilledema,1,4,1921,"[221.0, 311.0]",35.918785545899944,0.6309871375560759,0.026546359062194824,0.8575667142868042,-0.02072039246559143,-1.6884550274045287,"[170.0, 229.0]"
papilledema_0088_EDD,papilledema,1,4,1922,"[267.0, 323.0]",35.918785545899944,0.6311487600207328,0.02384728193283081,0.861066460609436,-0.022774778306484222,-3.7740718140907905,"[160.0, 189.0]"
papilledema_0092_EDD,papilledema,1,4,1923,"[272.0, 197.0]",35.918785545899944,0.6571025699377059,0.04378354549407959,0.8657958507537842,-0.03630964457988739,-2.1401909046343897,"[163.0, 226.0]"
papilledema_0096_EDD,papilledema,1,4,1924,"[315.0, 180.0]",35.918785545899944,0.6504670798778533,0.04173851013183594,0.8601239919662476,-0.033208876848220825,-2.3627231822978976,"[432.0, 210.0]"
papilledema_0096_EDD,papilledema,2,4,1925,"[334.0, 333.0]",57.01751796098172,0.646872118115425,0.05407238006591797,0.8417786359786987,-0.01777346432209015,-1.75822754167292,"[432.0, 210.0]"
papilledema_0097_EDD,papilledema,1,4,1926,"[214.0, 298.0]",35.918785545899944,0.7077861815690994,0.03738671541213989,0.9460094571113586,-0.04096423089504242,-5.8295173674487675,"[438.0, 198.0]"
papilledema_0097_EDD,papilledema,2,4,1927,"[345.0, 299.0]",45.254833995939045,0.7425376296043396,0.04178816080093384,0.9715749621391296,-0.10323497653007507,-2.033826224835562,"[438.0, 198.0]"
papilledema_0098_EDD,papilledema,1,4,1928,"[224.0, 236.0]",35.918785545899944,0.7375609517097472,0.02881985902786255,0.9934921264648438,-0.0664830207824707,-1.610639425119162,"[317.0, 224.0]"
papilledema_0098_EDD,papilledema,2,3,1929,"[348.0, 242.0]",35.918785545899944,0.7409730434417724,0.03278070688247681,0.991997241973877,-0.06897133588790894,0.0020014286935797765,"[317.0, 224.0]"
papilledema_0098_EDD,papilledema,3,4,1930,"[316.0, 312.0]",35.918785545899944,0.7353001296520233,0.027059614658355713,0.9921075701713562,-0.06882607936859131,-1.4501296549212777,"[317.0, 224.0]"
papilledema_0098_EDD,papilledema,4,4,1931,"[230.0, 332.0]",35.918785545899944,0.7331755638122558,0.02299731969833374,0.9910722970962524,-0.08213818073272705,-2.861018402158784,"[317.0, 224.0]"
papilledema_0098_EDD,papilledema,5,4,1932,"[314.0, 304.0]",45.254833995939045,0.740186321735382,0.032574474811553955,0.9915589094161987,-0.06760305166244507,-0.7690094774336287,"[317.0, 224.0]"
papilledema_0098_EDD,papilledema,6,4,1933,"[231.0, 320.0]",45.254833995939045,0.7387248277664183,0.02869957685470581,0.9909917116165161,-0.08165526390075684,-1.8480393475161119,"[317.0, 224.0]"
papilledema_0100_EDD,papilledema,1,1,1934,"[322.0, 200.0]",71.83757109179989,0.7610976636409759,0.07990306615829468,0.9355366826057434,-0.13159459829330444,0.3821522447407647,"[279.0, 211.0]"
papilledema_0101_EDD,papilledema,1,3,1935,"[211.0, 267.0]",35.918785545899944,0.7962167501449584,0.09193652868270874,0.9791566133499146,-0.09435296058654785,-1.6896080048467912,"[154.0, 189.0]"
papilledema_0101_EDD,papilledema,2,3,1936,"[216.0, 260.0]",45.254833995939045,0.7810231983661652,0.08266770839691162,0.9715034365653992,-0.0915154218673706,-1.0828775543103824,"[154.0, 189.0]"
papilledema_0101_EDD,papilledema,3,2,1937,"[182.0, 183.0]",57.01751796098172,0.7879671156406401,0.08706337213516235,0.9692798256874084,-0.11203932762145996,0.4977746638121169,"[154.0, 189.0]"
papilledema_0101_EDD,papilledema,4,2,1938,"[218.0, 208.0]",90.50966799187809,0.7937774062156677,0.10562622547149658,0.9441223740577698,-0.1363275945186615,0.2623907655048645,"[154.0, 189.0]"
papilledema_0102_EDD,papilledema,1,4,1939,"[271.0, 174.0]",45.254833995939045,0.7083268046379089,0.0447046160697937,0.9303938746452332,-0.06173238158226013,-1.728609994117884,"[159.0, 226.0]"
papilledema_0104_EDD,papilledema,1,4,1940,"[313.0, 315.0]",35.918785545899944,0.6857401967048644,0.03657960891723633,0.9131033420562744,-0.04994124174118042,-3.455363524034997,"[432.0, 208.0]"
papilledema_0104_EDD,papilledema,2,4,1941,"[338.0, 309.0]",57.01751796098172,0.7168429195880889,0.06642264127731323,0.9127829670906067,-0.05736100673675537,-1.4198639345287543,"[432.0, 208.0]"
papilledema_0105_EDD,papilledema,1,1,1942,"[329.0, 252.0]",57.01751796098172,0.7711252868175507,0.0875861644744873,0.9403628706932068,-0.12642556428909302,0.8823483698976526,"[335.0, 255.0]"
papilledema_0106_EDD,papilledema,1,4,1943,"[347.0, 164.0]",35.918785545899944,0.7251863479614257,0.04189717769622803,0.9585153460502625,-0.06164214015007019,-2.3110403976930534,"[459.0, 204.0]"
papilledema_0110_EDD,papilledema,1,4,1944,"[464.0, 72.0]",362.03867196751236,0.5674315862357615,0.06575953960418701,0.7136474251747131,-0.010594245046377182,0.6695349438740723,"[431.0, 187.0]"
papilledema_0112_EDD,papilledema,1,4,1945,"[236.0, 283.0]",35.918785545899944,0.6986127793788909,0.03771442174911499,0.9281520247459412,-0.05595970153808594,-2.1083112276415656,"[140.0, 226.0]"
papilledema_0117_EDD,papilledema,1,4,1946,"[380.0, 331.0]",35.918785545899944,0.6350716512650251,0.02502274513244629,0.87079918384552,-0.0024473872035741806,-3.383013591255315,"[504.0, 234.0]"
papilledema_0120_EDD,papilledema,1,4,1947,"[342.0, 181.0]",35.918785545899944,0.6710073709487915,0.0532497763633728,0.8693507313728333,-0.046060413122177124,-2.539697997928086,"[469.0, 187.0]"
papilledema_0121_EDD,papilledema,1,4,1948,"[210.0, 295.0]",35.918785545899944,0.6337110459804535,0.0313572883605957,0.8519518971443176,-0.029937148094177246,-1.477812059827818,"[249.0, 215.0]"
papilledema_0126_EDD,papilledema,1,4,1949,"[210.0, 314.0]",35.918785545899944,0.6345162242650986,0.03650182485580444,0.8481414914131165,-0.02157677710056305,-2.877744769345081,"[136.0, 196.0]"
papilledema_0126_EDD,papilledema,2,4,1950,"[229.0, 314.0]",45.254833995939045,0.647892764210701,0.0508541464805603,0.8457666635513306,-0.025009766221046448,-2.3199356403776865,"[136.0, 196.0]"
papilledema_0129_IFD,papilledema,1,4,1951,"[291.0, 179.0]",45.254833995939045,0.5211782157421112,0.03986912965774536,0.6779592037200928,-0.03368821740150452,-2.6527092898627997,"[153.0, 270.0]"
papilledema_0131_IFD,papilledema,1,4,1952,"[332.0, 167.0]",35.918785545899944,0.4874967634677887,0.031049489974975586,0.6443853974342346,-0.026887476444244385,-3.8067558026946093,"[485.0, 247.0]"
papilledema_0137_IFD,papilledema,1,3,1953,"[132.0, 267.0]",35.918785545899944,0.5593409836292267,0.055199623107910156,0.6929343342781067,-0.09543663263320923,-0.12608197124666898,"[126.0, 307.0]"
papilledema_0137_IFD,papilledema,2,4,1954,"[242.0, 249.0]",45.254833995939045,0.4941923320293426,0.029688775539398193,0.6550381779670715,-0.029884159564971924,-1.8658141295275934,"[126.0, 307.0]"
papilledema_0137_IFD,papilledema,3,4,1955,"[246.0, 186.0]",71.83757109179989,0.520475122332573,0.05199611186981201,0.6560602188110352,-0.04618428647518158,-1.3722155231054693,"[126.0, 307.0]"
papilledema_0138_IFD,papilledema,1,2,1956,"[489.0, 295.0]",45.254833995939045,0.6027124464511872,0.08410406112670898,0.7063990235328674,-0.12064534425735474,-3.269372209412058,"[366.0, 146.0]"
papilledema_0138_IFD,papilledema,2,4,1957,"[379.0, 197.0]",57.01751796098172,0.5402467668056489,0.05350673198699951,0.6745197772979736,-0.07288095355033875,0.07693650390430162,"[366.0, 146.0]"
papilledema_0139_IFD,papilledema,1,4,1958,"[353.0, 204.0]",35.918785545899944,0.5895639359951019,0.020735502243041992,0.7942381501197815,-0.06430864334106445,-4.578408493952376,"[531.0, 296.0]"
papilledema_0151_PPE,papilledema,1,4,1959,"[7.0, 100.0]",45.254833995939045,0.581837722659111,0.024330317974090576,0.7937860488891602,-0.009285852313041687,-1.9633173977824243,"[135.0, 140.0]"
papilledema_0175_PPE,papilledema,1,3,1960,"[80.0, 140.0]",35.918785545899944,0.7304710209369659,0.03334212303161621,0.9886804819107056,-0.025262802839279175,-0.8149840831538921,"[145.0, 145.0]"
papilledema_0177_PPE,papilledema,1,1,1961,"[86.0, 107.0]",57.01751796098172,0.4166892290115356,0.11370441317558289,0.4224171042442322,-0.03646421432495117,0.893317654857218,"[80.0, 108.0]"
papilledema_0201_PPE,papilledema,1,1,1962,"[146.0, 134.0]",35.918785545899944,0.7370728552341461,0.11359679698944092,0.8592367172241211,-0.11005178093910217,-0.022170403129417426,"[128.0, 102.0]"
papilledema_0218_PPE,papilledema,1,2,1963,"[118.0, 89.0]",35.918785545899944,0.7251806497573853,0.07448375225067139,0.8940963745117188,-0.12414717674255371,-0.059406508392501056,"[80.0, 87.0]"
papilledema_0222_PPE,papilledema,1,3,1964,"[49.0, 141.0]",35.918785545899944,0.39181779623031615,0.05632951855659485,0.47312718629837036,-0.021496236324310303,-0.0601378902596601,"[82.0, 160.0]"
papilledema_0224_PPE,papilledema,1,4,1965,"[165.0, 50.0]",35.918785545899944,0.6140164256095886,0.0444219708442688,0.8097076416015625,-0.013995528221130371,-2.2307076556009937,"[80.0, 129.0]"
papilledema_0227_PPE,papilledema,1,4,1966,"[32.0, 193.0]",35.918785545899944,0.7411873519420623,0.061900317668914795,0.9643052220344543,-0.021366894245147705,-2.8853329274459885,"[158.0, 133.0]"
papilledema_0251_PPE,papilledema,1,2,1967,"[190.0, 170.0]",35.918785545899944,0.6898743569850921,0.044940412044525146,0.9158048033714294,-0.01935291290283203,0.08421824661185384,"[179.0, 139.0]"
papilledema_0251_PPE,papilledema,2,4,1968,"[47.0, 230.0]",35.918785545899944,0.6508893013000489,0.03194230794906616,0.8816295862197876,-0.009031414985656738,-3.4636194346564366,"[179.0, 139.0]"
papilledema_0251_PPE,papilledema,3,1,1969,"[167.0, 149.0]",57.01751796098172,0.7543390393257141,0.10031020641326904,0.9275012016296387,-0.02388995885848999,0.7260403484679439,"[179.0, 139.0]"
papilledema_0253_PPE,papilledema,1,4,1970,"[52.0, 132.0]",35.918785545899944,0.6885586678981781,0.022589564323425293,0.9489092230796814,-0.00866323709487915,-2.1749254636340742,"[166.0, 129.0]"
papilledema_0254_PPE,papilledema,1,4,1971,"[188.0, 208.0]",181.01933598375618,0.609719243645668,0.03423792123794556,0.8195878267288208,-0.008849218487739563,0.5994998244382408,"[158.0, 142.0]"
papilledema_0259_PPE,papilledema,1,1,1972,"[164.0, 110.0]",57.01751796098172,0.5776862680912018,0.10673844814300537,0.6641333699226379,-0.030272305011749268,0.40060500345424577,"[196.0, 122.0]"
papilledema_0263_PPE,papilledema,1,4,1973,"[192.0, 175.0]",35.918785545899944,0.6730639040470122,0.05925184488296509,0.872532069683075,-0.015198051929473877,-1.866363654703862,"[102.0, 125.0]"
papilledema_0268_PPE,papilledema,1,1,1974,"[136.0, 122.0]",35.918785545899944,0.738165670633316,0.11709761619567871,0.8539276719093323,-0.11659342050552368,0.42605163802812585,"[156.0, 127.0]"
papilledema_0276_PPE,papilledema,1,1,1975,"[94.0, 150.0]",71.83757109179989,0.5689315021038056,0.1289314329624176,0.6193205118179321,-0.032378554344177246,0.7254489172787835,"[77.0, 140.0]"
papilledema_0292_PPE,papilledema,1,2,1976,"[116.0, 157.0]",35.918785545899944,0.6142171800136565,0.05254417657852173,0.7683197855949402,-0.11924576759338379,0.4127022172625504,"[105.0, 175.0]"
papilledema_0295_PPE,papilledema,1,4,1977,"[56.0, 192.0]",181.01933598375618,0.40761936753988265,0.017462551593780518,0.5549936890602112,-0.008306168019771576,0.7777896460417517,"[89.0, 169.0]"
papilledema_0300_PPE,papilledema,1,4,1978,"[73.0, 70.0]",35.918785545899944,0.4846819937229156,0.01558762788772583,0.6673217415809631,-0.009845733642578125,-1.6686329805912834,"[111.0, 158.0]"
papilledema_0306_PPE,papilledema,1,4,1979,"[196.0, 176.0]",181.01933598375618,0.4530826732516289,0.041565001010894775,0.585691511631012,-0.007668070495128632,0.8091925821590654,"[183.0, 144.0]"
papilledema_0311_PPE,papilledema,1,4,1980,"[26.0, 47.0]",35.918785545899944,0.6993901073932647,0.006136417388916016,0.9889600872993469,-0.004908144474029541,-3.544160026283735,"[155.0, 147.0]"
papilledema_0311_PPE,papilledema,2,4,1981,"[152.0, 51.0]",35.918785545899944,0.7134223103523254,0.025065898895263672,0.9800574779510498,-0.011580884456634521,-1.674000863385435,"[155.0, 147.0]"
papilledema_0311_PPE,papilledema,3,4,1982,"[165.0, 188.0]",35.918785545899944,0.713916790485382,0.02407735586166382,0.9827715158462524,-0.009496867656707764,-0.17492546172223356,"[155.0, 147.0]"
papilledema_0311_PPE,papilledema,4,4,1983,"[35.0, 57.0]",45.254833995939045,0.6998741030693053,0.0057795047760009766,0.9902651309967041,-0.004545032978057861,-2.314563036811941,"[155.0, 147.0]"
papilledema_0311_PPE,papilledema,5,4,1984,"[159.0, 66.0]",45.254833995939045,0.7204131066799163,0.031498610973358154,0.980692446231842,-0.012148916721343994,-0.7920451392891863,"[155.0, 147.0]"
papilledema_0311_PPE,papilledema,6,3,1985,"[166.0, 171.0]",45.254833995939045,0.7164024710655212,0.02609074115753174,0.9834204912185669,-0.009586930274963379,0.4166201655439229,"[155.0, 147.0]"
papilledema_0311_PPE,papilledema,7,4,1986,"[50.0, 180.0]",45.254833995939045,0.6985683262348175,0.0030342936515808105,0.9930705428123474,-0.0019232630729675293,-1.4320853320761584,"[155.0, 147.0]"
papilledema_0311_PPE,papilledema,8,3,1987,"[160.0, 82.0]",57.01751796098172,0.7176444172859192,0.028568923473358154,0.9807759523391724,-0.012661635875701904,-0.1433683257948679,"[155.0, 147.0]"
papilledema_0311_PPE,papilledema,9,2,1988,"[150.0, 98.0]",71.83757109179989,0.7196815490722656,0.028207719326019287,0.9842345714569092,-0.01254814863204956,0.31436376988362147,"[155.0, 147.0]"
papilledema_0311_PPE,papilledema,10,2,1989,"[134.0, 112.0]",90.50966799187809,0.7262491941452026,0.03382241725921631,0.9857355356216431,-0.012059509754180908,0.5490353221980684,"[155.0, 147.0]"
papilledema_0311_PPE,papilledema,11,2,1990,"[134.0, 114.0]",90.50966799187809,0.726968878507614,0.034323930740356445,0.9860472083091736,-0.012059509754180908,0.567833853564396,"[155.0, 147.0]"
papilledema_0312_PPE,papilledema,1,2,1991,"[107.0, 126.0]",35.918785545899944,0.7027281641960144,0.1157764196395874,0.8033120632171631,-0.12316650152206421,0.17364566456786124,"[91.0, 101.0]"
papilledema_0323_PPE,papilledema,1,4,1992,"[191.0, 68.0]",35.918785545899944,0.7107450067996979,0.021873891353607178,0.9813055396080017,-0.00978618860244751,-0.6927899852444086,"[155.0, 117.0]"
papilledema_0323_PPE,papilledema,2,4,1993,"[189.0, 180.0]",35.918785545899944,0.7074995577335357,0.018353760242462158,0.9820418953895569,-0.008582353591918945,-0.9930825674743202,"[155.0, 117.0]"
papilledema_0323_PPE,papilledema,3,4,1994,"[182.0, 70.0]",45.254833995939045,0.7115376651287079,0.02123856544494629,0.9832558035850525,-0.010100185871124268,-0.1977354935460498,"[155.0, 117.0]"
papilledema_0323_PPE,papilledema,4,4,1995,"[181.0, 176.0]",45.254833995939045,0.7067189931869506,0.016034424304962158,0.9842921495437622,-0.008400321006774902,-0.4247052875068582,"[155.0, 117.0]"
papilledema_0323_PPE,papilledema,5,4,1996,"[172.0, 78.0]",57.01751796098172,0.7083679556846618,0.01680600643157959,0.9852694272994995,-0.009366750717163086,0.2538416912241057,"[155.0, 117.0]"
papilledema_0323_PPE,papilledema,6,3,1997,"[171.0, 168.0]",57.01751796098172,0.7036539137363433,0.011913418769836426,0.9860473275184631,-0.007536828517913818,0.06255280883765157,"[155.0, 117.0]"
papilledema_0323_PPE,papilledema,7,3,1998,"[158.0, 92.0]",71.83757109179989,0.7077418982982635,0.014698624610900879,0.9877544045448303,-0.008075952529907227,0.6494959915633546,"[155.0, 117.0]"
papilledema_0323_PPE,papilledema,8,3,1999,"[158.0, 94.0]",71.83757109179989,0.7083209455013275,0.015105605125427246,0.988000214099884,-0.008075952529907227,0.6771212242150257,"[155.0, 117.0]"
papilledema_0323_PPE,papilledema,9,2,2000,"[142.0, 114.0]",90.50966799187809,0.7110886871814728,0.017281293869018555,0.9891226887702942,-0.007107555866241455,0.8525940448116156,"[155.0, 117.0]"
papilledema_0324_PPE,papilledema,1,3,2001,"[111.0, 186.0]",35.918785545899944,0.6716706275939941,0.04737448692321777,0.8875013589859009,-0.01522594690322876,-0.09147876165597268,"[80.0, 162.0]"
papilledema_0325_PPE,papilledema,1,4,2002,"[40.0, 196.0]",35.918785545899944,0.6161199271678924,0.028625190258026123,0.8375882506370544,-0.005914807319641113,-2.940106755540289,"[163.0, 126.0]"
papilledema_0325_PPE,papilledema,2,1,2003,"[147.0, 131.0]",57.01751796098172,0.6824268102645873,0.11031967401504517,0.809773325920105,-0.02632904052734375,0.706001677840282,"[163.0, 126.0]"
papilledema_0326_PPE,papilledema,1,4,2004,"[232.0, 188.0]",228.07007184392688,0.5021887496113777,-0.050659775733947754,0.7894781231880188,-0.001069195568561554,0.5655465858092635,"[159.0, 121.0]"
papilledema_0365_PPE,papilledema,1,4,2005,"[172.0, 36.0]",181.01933598375618,0.705014531314373,0.0662570595741272,0.9101577997207642,-0.008235059678554535,0.812093539518661,"[171.0, 70.0]"
papilledema_0374_PPE,papilledema,1,4,2006,"[28.0, 216.0]",181.01933598375618,0.6371378853917121,0.06189364194869995,0.8190457820892334,-0.009560979902744293,0.560204126717576,"[71.0, 149.0]"
papilledema_0383_PPE,papilledema,1,2,2007,"[88.0, 198.0]",35.918785545899944,0.604793781042099,0.032162368297576904,0.8149877190589905,-0.010700047016143799,0.29513268843705875,"[92.0, 173.0]"
papilledema_0385_PPE,papilledema,1,3,2008,"[16.0, 184.0]",181.01933598375618,0.7304675459861755,0.08499807119369507,0.9186910390853882,-0.011928737163543701,0.5195153711973453,"[45.0, 102.0]"
papilledema_0391_PPE,papilledema,1,1,2009,"[95.0, 84.0]",57.01751796098172,0.6436749279499054,0.1424674391746521,0.7071313261985779,-0.031077802181243896,0.6384351885994768,"[103.0, 65.0]"
papilledema_0416_PPE,papilledema,1,4,2010,"[36.0, 52.0]",181.01933598375618,0.7189694613218307,0.16702383756637573,0.7860372066497803,-0.008597895503044128,0.4817479328761679,"[112.0, 107.0]"
papilledema_0431_PPE,papilledema,1,2,2011,"[135.0, 119.0]",35.918785545899944,0.7784009933471678,0.10265207290649414,0.9368969202041626,-0.09960538148880005,0.21402720058811286,"[161.0, 108.0]"
papilledema_0533_WHC,papilledema,1,4,2066,"[387.0, 127.0]",35.918785545899944,0.735437422990799,0.09058207273483276,0.8917326331138611,-0.10321253538131714,-4.3548092120555895,"[250.0, 262.0]"
papilledema_0533_WHC,papilledema,2,4,2067,"[354.0, 407.0]",45.254833995939045,0.7769324719905852,0.12226498126983643,0.9000138640403748,-0.12328892946243286,-2.943014491635809,"[250.0, 262.0]"
papilledema_0533_WHC,papilledema,3,4,2068,"[280.0, 12.0]",143.67514218359977,0.5614979237318038,0.038368821144104004,0.7339527606964111,-0.046810850501060486,-0.7525200421832272,"[250.0, 262.0]"
papilledema_0534_WHC,papilledema,1,4,2069,"[463.0, 238.0]",35.918785545899944,0.7765535235404968,0.09016436338424683,0.9490622282028198,-0.11022800207138062,-2.953951199371462,"[322.0, 221.0]"
papilledema_0534_WHC,papilledema,2,2,2070,"[258.0, 220.0]",57.01751796098172,0.766905528306961,0.1457093358039856,0.8741961717605591,-0.04629436135292053,-0.12259905924040604,"[322.0, 221.0]"
papilledema_0535_WHC,papilledema,1,4,2071,"[388.0, 146.0]",45.254833995939045,0.8218705832958222,0.14212995767593384,0.9399798512458801,-0.10877364873886108,-3.20663770501454,"[248.0, 275.0]"
papilledema_0536_WHC,papilledema,1,4,2072,"[526.0, 220.0]",35.918785545899944,0.7644427895545959,0.10139983892440796,0.9246425628662109,-0.07896578311920166,-0.9727564246758311,"[456.0, 231.0]"
papilledema_0537_WHC,papilledema,1,4,2073,"[270.0, 117.0]",35.918785545899944,0.7579393208026886,0.10969871282577515,0.9105557203292847,-0.05425801873207092,-1.007613130937583,"[210.0, 157.0]"
papilledema_0540_WHC,papilledema,1,2,2074,"[264.0, 219.0]",57.01751796098172,0.7086493968963623,0.054752349853515625,0.9209320545196533,-0.04622304439544678,0.48179832335725925,"[276.0, 246.0]"
papilledema_0541_WHC,papilledema,1,4,2075,"[395.0, 361.0]",35.918785545899944,0.7575651943683624,0.04400646686553955,0.9903243184089661,-0.10165852308273315,-4.457393808279862,"[275.0, 206.0]"
papilledema_0541_WHC,papilledema,2,4,2076,"[375.0, 389.0]",57.01751796098172,0.7690673410892487,0.05831557512283325,0.9831591248512268,-0.1127018928527832,-2.6574753067988435,"[275.0, 206.0]"
papilledema_0542_WHC,papilledema,1,4,2077,"[438.0, 237.0]",35.918785545899944,0.7604982614517211,0.04617500305175781,0.9919024705886841,-0.09995764493942261,-2.9476732139498343,"[297.0, 222.0]"
papilledema_0542_WHC,papilledema,2,4,2078,"[416.0, 173.0]",45.254833995939045,0.7653636276721955,0.04927551746368408,0.9908856749534607,-0.11234068870544434,-1.8437499999999996,"[297.0, 222.0]"
papilledema_0542_WHC,papilledema,3,4,2079,"[435.0, 229.0]",45.254833995939045,0.7612045586109161,0.05142241716384888,0.9856133460998535,-0.099263995885849,-2.0533185071737927,"[297.0, 222.0]"
papilledema_0542_WHC,papilledema,4,4,2080,"[292.0, 76.0]",57.01751796098172,0.7677639663219452,0.056704580783843994,0.9824967384338379,-0.11655834317207336,-1.5621176889828559,"[297.0, 222.0]"
papilledema_0544_WHC,papilledema,1,4,2081,"[294.0, 114.0]",71.83757109179989,0.7432512760162353,0.08985346555709839,0.9214221239089966,-0.04201161861419678,-1.6005624981867586,"[404.0, 265.0]"
papilledema_0547_WHC,papilledema,1,3,2082,"[278.0, 191.0]",57.01751796098172,0.7374134361743927,0.05209857225418091,0.953052818775177,-0.09088945388793945,0.013938642051083194,"[313.0, 235.0]"
papilledema_0548_WHC,papilledema,1,1,2083,"[303.0, 216.0]",57.01751796098172,0.7806353449821472,0.08840245008468628,0.9522325992584229,-0.1283503770828247,0.803913949829421,"[293.0, 211.0]"
papilledema_0548_WHC,papilledema,2,4,2084,"[311.0, 396.0]",57.01751796098172,0.6917903125286101,0.03806358575820923,0.9222083687782288,-0.040904343128204346,-2.259938692897414,"[293.0, 211.0]"
papilledema_0548_WHC,papilledema,3,4,2085,"[304.0, 400.0]",71.83757109179989,0.7212716907262802,0.07135331630706787,0.9167946577072144,-0.04081057012081146,-1.635387476528987,"[293.0, 211.0]"
papilledema_0549_WHC,papilledema,1,4,2086,"[301.0, 75.0]",35.918785545899944,0.803940850496292,0.1121969223022461,0.9561418890953064,-0.11222302913665771,-3.7414894725321917,"[387.0, 222.0]"
papilledema_0550_WHC,papilledema,1,3,2087,"[209.0, 225.0]",45.254833995939045,0.7161230504512787,0.07898139953613281,0.8941589593887329,-0.056151896715164185,-0.4674196102342367,"[272.0, 204.0]"
papilledema_0551_WHC,papilledema,1,4,2088,"[325.0, 72.0]",57.01751796098172,0.8053713798522949,0.1298431158065796,0.9384649395942688,-0.09301403164863586,-2.0712359057910366,"[233.0, 221.0]"
papilledema_0552_WHC,papilledema,1,4,2089,"[423.0, 165.0]",35.918785545899944,0.7131224632263182,0.05808514356613159,0.9282497763633728,-0.02631238102912903,-4.490809914288345,"[247.0, 254.0]"
papilledema_0552_WHC,papilledema,2,4,2090,"[407.0, 282.0]",35.918785545899944,0.7288700997829437,0.0459369421005249,0.9484128952026367,-0.0952206552028656,-3.52218864210783,"[247.0, 254.0]"
papilledema_0552_WHC,papilledema,3,4,2091,"[342.0, 426.0]",35.918785545899944,0.72943115234375,0.07388722896575928,0.9282681941986084,-0.02878093719482422,-4.470444702390671,"[247.0, 254.0]"
papilledema_0552_WHC,papilledema,4,4,2092,"[416.0, 168.0]",45.254833995939045,0.7235505908727645,0.06910890340805054,0.9273471832275391,-0.026493296027183533,-3.1901227793765177,"[247.0, 254.0]"
papilledema_0553_WHC,papilledema,1,4,2093,"[176.0, 432.0]",35.918785545899944,0.8329320430755615,0.1522539258003235,0.9654673337936401,-0.024254918098449707,-4.1426014386888435,"[238.0, 258.0]"
papilledema_0554_WHC,papilledema,1,4,2094,"[275.0, 106.0]",45.254833995939045,0.7226105540990828,0.03448516130447388,0.9705860614776611,-0.043575748801231384,-2.6301821794849354,"[208.0, 256.0]"
papilledema_0557_WHC,papilledema,1,4,2095,"[394.0, 184.0]",45.254833995939045,0.7017978161573409,0.07791924476623535,0.8865352869033813,-0.016519352793693542,-1.9849884840648881,"[272.0, 242.0]"
papilledema_0558_WHC,papilledema,1,4,2096,"[429.0, 257.0]",35.918785545899944,0.7280042052268981,0.0753169059753418,0.9119925498962402,-0.07146257162094116,-2.606940917436552,"[300.0, 269.0]"
papilledema_0558_WHC,papilledema,2,2,2097,"[327.0, 272.0]",45.254833995939045,0.7832062304019928,0.0901484489440918,0.9538202881813049,-0.12691789865493774,0.39970710274067056,"[300.0, 269.0]"
papilledema_0561_WHC,papilledema,1,3,2098,"[258.0, 335.0]",35.918785545899944,0.7476866841316222,0.05309438705444336,0.9678466320037842,-0.08549827337265015,-0.4296621538122345,"[207.0, 341.0]"
papilledema_0566_WHC,papilledema,1,2,2099,"[245.0, 282.0]",35.918785545899944,0.7736319541931151,0.061497390270233154,0.9885672330856323,-0.10068750381469727,0.1573910019266267,"[275.0, 286.0]"
papilledema_0566_WHC,papilledema,2,4,2100,"[152.0, 164.0]",71.83757109179989,0.7412760376930236,0.03784412145614624,0.986018717288971,-0.06609407067298889,-1.4115877225076838,"[275.0, 286.0]"
papilledema_0567_WHC,papilledema,1,4,2101,"[254.0, 53.0]",35.918785545899944,0.755858963727951,0.04969203472137451,0.9792775511741638,-0.10336321592330933,-2.741012236792203,"[244.0, 187.0]"
papilledema_0567_WHC,papilledema,2,4,2102,"[353.0, 94.0]",35.918785545899944,0.755407154560089,0.048813462257385254,0.9793936610221863,-0.10509064793586731,-2.989080774837394,"[244.0, 187.0]"
papilledema_0568_WHC,papilledema,1,4,2103,"[261.0, 183.0]",35.918785545899944,0.6541941538453102,0.005120813846588135,0.9248128533363342,-0.008521713316440582,-4.9865026586446755,"[282.0, 397.0]"
papilledema_0568_WHC,papilledema,2,3,2104,"[294.0, 340.0]",71.83757109179989,0.6637361854314804,0.022275805473327637,0.9133031964302063,-0.010740712285041809,0.18915043157003597,"[282.0, 397.0]"
papilledema_0569_WHC,papilledema,1,4,2105,"[54.0, 317.0]",35.918785545899944,0.6684564888477325,0.016472578048706055,0.9220660328865051,-0.0326884388923645,-4.659929978562396,"[257.0, 328.0]"
papilledema_0569_WHC,papilledema,2,3,2106,"[169.0, 322.0]",57.01751796098172,0.677254056930542,0.019248247146606445,0.9248017072677612,-0.05322307348251343,-0.5469685710479335,"[257.0, 328.0]"
papilledema_0570_WHC,papilledema,1,2,2107,"[343.0, 253.0]",57.01751796098172,0.7699964702129363,0.11276054382324219,0.9068707823753357,-0.11213189363479614,0.2001227230695073,"[299.0, 241.0]"
papilledema_0570_WHC,papilledema,2,2,2108,"[358.0, 256.0]",71.83757109179989,0.7911691725254059,0.14650851488113403,0.8880678415298462,-0.11506584286689758,0.15257539897744854,"[299.0, 241.0]"
papilledema_0571_WHC,papilledema,1,4,2109,"[316.0, 294.0]",35.918785545899944,0.730321854352951,0.07694530487060547,0.9135813117027283,-0.06934815645217896,-2.5697883706783307,"[420.0, 219.0]"
papilledema_0571_WHC,papilledema,2,3,2110,"[389.0, 234.0]",45.254833995939045,0.7873475968837738,0.10116958618164062,0.949888288974762,-0.10628104209899902,0.23901277113213015,"[420.0, 219.0]"
papilledema_0572_WHC,papilledema,1,4,2111,"[530.0, 133.0]",35.918785545899944,0.7217659831047057,0.07035839557647705,0.9060748815536499,-0.08577585220336914,-2.594132176153123,"[409.0, 178.0]"
papilledema_0572_WHC,papilledema,2,3,2112,"[500.0, 184.0]",90.50966799187809,0.7746091485023499,0.13920456171035767,0.8712235689163208,-0.12774044275283813,-0.007600510650178194,"[409.0, 178.0]"
papilledema_0573_WHC,papilledema,1,4,2113,"[458.0, 103.0]",35.918785545899944,0.7582935035228728,0.07060283422470093,0.9479755759239197,-0.12053883075714111,-2.696512631830032,"[356.0, 188.0]"
papilledema_0573_WHC,papilledema,2,4,2114,"[316.0, 223.0]",45.254833995939045,0.7213865637779235,0.06366026401519775,0.922360897064209,-0.060368359088897705,-0.17447627956038336,"[356.0, 188.0]"
papilledema_0573_WHC,papilledema,3,3,2115,"[324.0, 188.0]",71.83757109179989,0.7455866992473602,0.0932665467262268,0.910477340221405,-0.07493007183074951,0.5545506409298304,"[356.0, 188.0]"
papilledema_0573_WHC,papilledema,4,1,2116,"[416.0, 164.0]",114.03503592196344,0.7662832140922545,0.1238359808921814,0.8990557193756104,-0.06554114818572998,0.43331470750939904,"[356.0, 188.0]"
papilledema_0573_WHC,papilledema,5,1,2117,"[374.0, 178.0]",114.03503592196344,0.7933336615562439,0.15065258741378784,0.8994950652122498,-0.06517264246940613,0.8194304047392502,"[356.0, 188.0]"
papilledema_0574_WHC,papilledema,1,3,2118,"[493.0, 256.0]",35.918785545899944,0.6909786343574523,0.031125307083129883,0.9288438558578491,-0.048313140869140625,-0.7236447677091207,"[461.0, 309.0]"
papilledema_0575_WHC,papilledema,1,4,2119,"[421.0, 172.0]",45.254833995939045,0.7017363905906676,0.026891708374023438,0.9465326070785522,-0.061359286308288574,-1.708854116596167,"[313.0, 230.0]"
papilledema_0577_WHC,papilledema,1,4,2120,"[371.0, 122.0]",57.01751796098172,0.7911759376525878,0.1161150336265564,0.9339348673820496,-0.10653248429298401,-2.08048626077863,"[278.0, 271.0]"
papilledema_0578_WHC,papilledema,1,4,2121,"[338.0, 185.0]",35.918785545899944,0.6950312316417694,0.02610677480697632,0.9365427494049072,-0.06672266125679016,-2.0254147299872876,"[443.0, 213.0]"
papilledema_0582_WHC,papilledema,1,4,2122,"[298.0, 221.0]",35.918785545899944,0.7795768618583679,0.08068376779556274,0.9732650518417358,-0.08803778886795044,-1.707416368570657,"[214.0, 270.0]"
papilledema_0584_WHC,papilledema,1,4,2123,"[376.0, 368.0]",45.254833995939045,0.7552334427833557,0.07026803493499756,0.9570920467376709,-0.07500487565994263,-3.693953890378558,"[344.0, 158.0]"
papilledema_0585_WHC,papilledema,1,4,2124,"[398.0, 140.0]",35.918785545899944,0.4806039273738861,0.08555427193641663,0.5506519079208374,-0.047966599464416504,-2.794907640096123,"[272.0, 192.0]"
papilledema_0585_WHC,papilledema,2,4,2125,"[126.0, 188.0]",35.918785545899944,0.4511347949504852,0.07120350003242493,0.5325535535812378,-0.03571903705596924,-3.0662506268603504,"[272.0, 192.0]"
papilledema_0585_WHC,papilledema,3,4,2126,"[385.0, 240.0]",35.918785545899944,0.5258090257644654,0.056207239627838135,0.6634833812713623,-0.02581709623336792,-2.4180483780950746,"[272.0, 192.0]"
papilledema_0585_WHC,papilledema,4,4,2127,"[312.0, 272.0]",35.918785545899944,0.5048792302608489,0.05699563026428223,0.6327406764030457,-0.024825632572174072,-1.4901376185365294,"[272.0, 192.0]"
papilledema_0585_WHC,papilledema,5,4,2128,"[144.0, 325.0]",35.918785545899944,0.31266304254531857,0.01278764009475708,0.4264901876449585,-0.006661355495452881,-4.139058273966054,"[272.0, 192.0]"
papilledema_0585_WHC,papilledema,6,4,2129,"[103.0, 348.0]",35.918785545899944,0.2804139345884323,0.014781028032302856,0.3762335479259491,-0.01134711503982544,-5.403152965027155,"[272.0, 192.0]"
papilledema_0585_WHC,papilledema,7,4,2130,"[195.0, 426.0]",35.918785545899944,0.3214193135499954,0.025638610124588013,0.4183296859264374,-0.014749616384506226,-5.858340356147883,"[272.0, 192.0]"
papilledema_0585_WHC,papilledema,8,4,2131,"[125.0, 192.0]",45.254833995939045,0.45035972595214846,0.07694393396377563,0.5231863260269165,-0.03592681884765625,-2.2482717760757023,"[272.0, 192.0]"
papilledema_0585_WHC,papilledema,9,4,2132,"[400.0, 249.0]",45.254833995939045,0.5669212639331818,0.06977701187133789,0.7026143670082092,-0.02657097578048706,-2.096195371944413,"[272.0, 192.0]"
papilledema_0585_WHC,papilledema,10,4,2133,"[227.0, 258.0]",45.254833995939045,0.4582282543182373,0.04988366365432739,0.5764132738113403,-0.0242764949798584,-0.7651409734777559,"[272.0, 192.0]"
papilledema_0585_WHC,papilledema,11,4,2134,"[224.0, 236.0]",71.83757109179989,0.4618717074394226,0.07074791193008423,0.5511211156845093,-0.026695072650909424,0.09357622488113881,"[272.0, 192.0]"
papilledema_0586_WHC,papilledema,1,4,2135,"[320.0, 423.0]",35.918785545899944,0.6628130555152892,0.053534626960754395,0.8574941158294678,-0.045162737369537354,-2.4254103544016856,"[323.0, 300.0]"
papilledema_0586_WHC,papilledema,2,4,2136,"[325.0, 418.0]",45.254833995939045,0.6675012111663818,0.06454241275787354,0.8483954071998596,-0.04541006684303284,-1.6078307556281328,"[323.0, 300.0]"
papilledema_0590_WHC,papilledema,1,4,2137,"[268.0, 166.0]",35.918785545899944,0.7175058662891387,0.04892820119857788,0.9394590258598328,-0.05478173494338989,-1.974255438448611,"[206.0, 253.0]"
papilledema_0590_WHC,papilledema,2,4,2138,"[287.0, 284.0]",35.918785545899944,0.7552241086959838,0.08752065896987915,0.9264607429504395,-0.0959046483039856,-1.4145990213771604,"[206.0, 253.0]"
papilledema_0590_WHC,papilledema,3,4,2139,"[290.0, 274.0]",45.254833995939045,0.7590851306915283,0.097145676612854,0.9189978241920471,-0.09320488572120667,-0.913281090496114,"[206.0, 253.0]"
papilledema_0591_WHC,papilledema,1,2,2140,"[314.0, 250.0]",71.83757109179989,0.7788421630859375,0.07791155576705933,0.9662442803382874,-0.12279805541038513,0.5648934291468063,"[345.0, 254.0]"
papilledema_0592_WHC,papilledema,1,4,2141,"[350.0, 435.0]",57.01751796098172,0.7405965276062488,0.1707276701927185,0.8137557506561279,-0.0011991597712039948,-2.915834003339994,"[225.0, 250.0]"
papilledema_0593_WHC,papilledema,1,4,2142,"[397.0, 124.0]",35.918785545899944,0.7284328684210777,0.05586254596710205,0.9596415758132935,-0.004106096923351288,-4.858773118520854,"[239.0, 263.0]"
papilledema_0593_WHC,papilledema,2,3,2143,"[282.0, 268.0]",35.918785545899944,0.7299827575683593,0.024158895015716553,0.9796984195709229,-0.10017484426498413,-0.20521117253554122,"[239.0, 263.0]"
papilledema_0593_WHC,papilledema,3,4,2144,"[348.0, 419.0]",45.254833995939045,0.8054446280002594,0.09738832712173462,0.982983410358429,-0.09983956813812256,-3.205244586376635,"[239.0, 263.0]"
papilledema_0593_WHC,papilledema,4,4,2145,"[284.0, 476.0]",143.67514218359977,0.5767104417085647,-0.032926857471466064,0.8596689105033875,-0.039345309138298035,-0.5152351852216996,"[239.0, 263.0]"
papilledema_0595_WHC,papilledema,1,4,2146,"[347.0, 108.0]",35.918785545899944,0.8292556226253509,0.1782248616218567,0.8962811231613159,-0.1181698739528656,-4.748929114609663,"[199.0, 252.0]"
papilledema_0597_WHC,papilledema,1,4,2147,"[134.0, 49.0]",35.918785545899944,0.2572526067495346,-0.07688590884208679,0.4754696786403656,-0.006548702716827393,-4.193966865854114,"[255.0, 191.0]"
papilledema_0597_WHC,papilledema,2,4,2148,"[161.0, 235.0]",35.918785545899944,0.6928680300712584,-0.0035459399223327637,0.9923572540283203,-0.00881946086883545,-1.8895254776919979,"[255.0, 191.0]"
papilledema_0597_WHC,papilledema,3,4,2149,"[225.0, 303.0]",35.918785545899944,0.6937586724758148,-0.002752363681793213,0.9928178191184998,-0.007692813873291016,-2.228067501806759,"[255.0, 191.0]"
papilledema_0597_WHC,papilledema,4,4,2150,"[234.0, 300.0]",45.254833995939045,0.6938883423805237,-0.00288468599319458,0.993221640586853,-0.007589399814605713,-1.4528761816488003,"[255.0, 191.0]"
papilledema_0597_WHC,papilledema,5,4,2151,"[136.0, 237.0]",57.01751796098172,0.6944682598114014,-0.0033119916915893555,0.9936857223510742,-0.011001229286193848,-1.2375815567112385,"[255.0, 191.0]"
papilledema_0597_WHC,papilledema,6,4,2152,"[244.0, 294.0]",57.01751796098172,0.6955017745494841,-0.0019736886024475098,0.9942930340766907,-0.007351696491241455,-0.8167348738595452,"[255.0, 191.0]"
papilledema_0597_WHC,papilledema,7,4,2153,"[224.0, 274.0]",90.50966799187809,0.695163905620575,-0.0025693774223327637,0.9948275089263916,-0.006770133972167969,0.021096555770182324,"[255.0, 191.0]"
papilledema_0598_WHC,papilledema,1,4,2154,"[320.0, 88.0]",45.254833995939045,0.7959212064743042,0.10919713973999023,0.9494062066078186,-0.11069861054420471,-2.4930874819062288,"[325.0, 246.0]"
papilledema_0599_WHC,papilledema,1,4,2155,"[288.0, 464.0]",45.254833995939045,0.7449960470199585,0.13241183757781982,0.8546023964881897,-0.07181265950202942,-2.998351711174243,"[193.0, 310.0]"
papilledema_0600_WHC,papilledema,1,4,2156,"[143.0, 299.0]",35.918785545899944,0.700487932562828,0.03820151090621948,0.9301355481147766,-0.05595768988132477,-3.6567071519980594,"[274.0, 195.0]"
papilledema_0601_WHC,papilledema,1,3,2157,"[169.0, 321.0]",35.918785545899944,0.7357852280139923,0.07330530881881714,0.9144928455352783,-0.11167463660240173,-0.34703556588189555,"[123.0, 306.0]"
papilledema_0602_WHC,papilledema,1,4,2158,"[197.0, 314.0]",35.918785545899944,0.6606626629829406,0.015400528907775879,0.9099693894386292,-0.04141780734062195,-3.7253601004221943,"[355.0, 252.0]"
papilledema_0604_WHC,papilledema,1,3,2159,"[127.0, 206.0]",45.254833995939045,0.7514878690242767,0.046395301818847656,0.9836435914039612,-0.08271026611328125,-0.08725751606967513,"[166.0, 176.0]"
papilledema_0605_WHC,papilledema,1,3,2160,"[320.0, 233.0]",45.254833995939045,0.7580398797988891,0.05295592546463013,0.9749632477760315,-0.11304840445518494,-0.8968775741333437,"[405.0, 221.0]"
papilledema_0607_WHC,papilledema,1,4,2161,"[364.0, 236.0]",35.918785545899944,0.7522193729877471,0.05636870861053467,0.9710860848426819,-0.08045202493667603,-1.7819696667136533,"[267.0, 212.0]"
papilledema_0609_WHC,papilledema,1,3,2162,"[108.0, 252.0]",35.918785545899944,0.7911705076694489,0.09297746419906616,0.9707571864128113,-0.09331506490707397,-0.08292360352349082,"[145.0, 240.0]"
papilledema_0610_WHC,papilledema,1,4,2163,"[630.0, 4.0]",71.83757109179989,0.7425292834639549,0.11031436920166016,0.9013192057609558,-0.0064573511481285095,-4.0444689207653814,"[355.0, 240.0]"
papilledema_0611_WHC,papilledema,1,4,2164,"[455.0, 248.0]",45.254833995939045,0.7621922969818115,0.07722407579421997,0.9550853371620178,-0.08204242587089539,-1.1034059062030797,"[365.0, 217.0]"
papilledema_0611_WHC,papilledema,2,4,2165,"[430.0, 138.0]",57.01751796098172,0.8027585089206696,0.10890769958496094,0.9616845846176147,-0.10335800051689148,-0.7942462910588537,"[365.0, 217.0]"
papilledema_0611_WHC,papilledema,3,3,2166,"[301.0, 218.0]",57.01751796098172,0.8277495682239532,0.11982583999633789,0.9733934998512268,-0.13274139165878296,-0.12259905924040604,"[365.0, 217.0]"
papilledema_0612_WHC,papilledema,1,3,2167,"[413.0, 107.0]",45.254833995939045,0.7804675698280334,0.10132557153701782,0.9453501105308533,-0.08698460459709167,-1.2921401026115311,"[379.0, 205.0]"
papilledema_0612_WHC,papilledema,2,3,2168,"[323.0, 212.0]",45.254833995939045,0.7792011797428131,0.07423388957977295,0.9674105048179626,-0.13889968395233154,-0.24706687120218218,"[379.0, 205.0]"
papilledema_0612_WHC,papilledema,3,3,2169,"[461.0, 223.0]",45.254833995939045,0.7617520689964293,0.09535950422286987,0.9322267174720764,-0.0691693127155304,-0.8551027599569785,"[379.0, 205.0]"
papilledema_0612_WHC,papilledema,4,3,2170,"[418.0, 113.0]",57.01751796098172,0.7891196966171264,0.12054860591888428,0.9303823709487915,-0.08651715517044067,-0.7525310716307783,"[379.0, 205.0]"
papilledema_0612_WHC,papilledema,5,2,2171,"[408.0, 154.0]",114.03503592196344,0.8307602494955062,0.19321435689926147,0.893781840801239,-0.05949302017688751,0.48552161972712804,"[379.0, 205.0]"
papilledema_0614_WHC,papilledema,1,4,2172,"[361.0, 138.0]",35.918785545899944,0.8022866427898406,0.08572155237197876,0.9855280518531799,-0.13347727060317993,-2.2222996577080516,"[381.0, 252.0]"
papilledema_0614_WHC,papilledema,2,4,2173,"[262.0, 254.0]",35.918785545899944,0.8059557795524597,0.09112483263015747,0.9915386438369751,-0.10376948118209839,-2.313497484037585,"[381.0, 252.0]"
papilledema_0614_WHC,papilledema,3,4,2174,"[269.0, 256.0]",45.254833995939045,0.8090865254402161,0.09852337837219238,0.9855424165725708,-0.1034172773361206,-1.4764515945198684,"[381.0, 252.0]"
papilledema_0614_WHC,papilledema,4,4,2175,"[280.0, 257.0]",57.01751796098172,0.8153307259082794,0.10796105861663818,0.981051504611969,-0.1031680703163147,-0.7735546943810823,"[381.0, 252.0]"
papilledema_0614_WHC,papilledema,5,3,2176,"[288.0, 260.0]",71.83757109179989,0.830071610212326,0.13022476434707642,0.9706547856330872,-0.10194247961044312,-0.2993681497552956,"[381.0, 252.0]"
papilledema_0614_WHC,papilledema,6,3,2177,"[450.0, 260.0]",71.83757109179989,0.8622801184654235,0.1487414836883545,0.981122612953186,-0.13376402854919434,0.0330655826533367,"[381.0, 252.0]"
papilledema_0615_WHC,papilledema,1,4,2178,"[228.0, 341.0]",35.918785545899944,0.6589881241321563,0.09180206060409546,0.7834574580192566,-0.0938292145729065,-3.4019829903872507,"[318.0, 211.0]"
papilledema_0616_WHC,papilledema,1,4,2179,"[293.0, 246.0]",35.918785545899944,0.7389112830162048,0.024153590202331543,0.9917717576026917,-0.10258731245994568,-0.7636521640715241,"[231.0, 259.0]"
papilledema_0617_WHC,papilledema,1,2,2180,"[269.0, 238.0]",45.254833995939045,0.7821180939674377,0.1383380889892578,0.8842363357543945,-0.1240728497505188,0.3061373965257963,"[238.0, 233.0]"
papilledema_0618_WHC,papilledema,1,2,2181,"[370.0, 247.0]",57.01751796098172,0.7701364040374756,0.14563757181167603,0.8603125810623169,-0.11140012741088867,0.5962341103273396,"[393.0, 248.0]"
papilledema_0620_WHC,papilledema,1,3,2182,"[282.0, 201.0]",57.01751796098172,0.7359180152416229,0.15093457698822021,0.8210049867630005,-0.05139973759651184,-0.07157034656211003,"[339.0, 223.0]"
papilledema_0620_WHC,papilledema,2,3,2183,"[388.0, 206.0]",71.83757109179989,0.842946720123291,0.2073691487312317,0.8743859529495239,-0.11753702163696289,0.27802110885288456,"[339.0, 223.0]"
papilledema_0620_WHC,papilledema,3,2,2184,"[376.0, 204.0]",90.50966799187809,0.8483885586261748,0.2396600842475891,0.8369575142860413,-0.11429107189178467,0.5404549634421019,"[339.0, 223.0]"
papilledema_0626_WHC,papilledema,1,4,2185,"[400.0, 153.0]",35.918785545899944,0.7292196154594421,0.03874427080154419,0.9575873613357544,-0.10082095861434937,-1.1202757805193202,"[362.0, 219.0]"
papilledema_0627_WHC,papilledema,1,4,2186,"[341.0, 133.0]",35.918785545899944,0.7191634893417358,0.04106193780899048,0.9413554072380066,-0.09576383233070374,-1.1740627038079894,"[328.0, 210.0]"
papilledema_0627_WHC,papilledema,2,4,2187,"[211.0, 202.0]",35.918785545899944,0.6977425932884216,0.03425556421279907,0.9318065047264099,-0.0561123788356781,-2.2649540778886905,"[328.0, 210.0]"
papilledema_0627_WHC,papilledema,3,4,2188,"[209.0, 195.0]",45.254833995939045,0.7246827960014343,0.06180387735366821,0.9308173656463623,-0.0565338134765625,-1.650361119262807,"[328.0, 210.0]"
papilledema_0628_WHC,papilledema,1,4,2189,"[325.0, 432.0]",35.918785545899944,0.7121904969215392,0.018484771251678467,0.9702268838882446,-0.072734534740448,-2.2364605154573374,"[342.0, 317.0]"
papilledema_0629_WHC,papilledema,1,4,2190,"[285.0, 87.0]",35.918785545899944,0.6998912572860717,0.01640796661376953,0.9623991847038269,-0.049019306898117065,-5.240391193862344,"[366.0, 296.0]"
papilledema_0629_WHC,papilledema,2,4,2191,"[418.0, 252.0]",35.918785545899944,0.757010531425476,0.06479215621948242,0.9653319120407104,-0.08243018388748169,-0.89643231051505,"[366.0, 296.0]"
papilledema_0629_WHC,papilledema,3,4,2192,"[286.0, 100.0]",45.254833995939045,0.6992447435855865,0.020783543586730957,0.9553634524345398,-0.04853391647338867,-3.6779068502910572,"[366.0, 296.0]"
papilledema_0630_WHC,papilledema,1,4,2193,"[292.0, 58.0]",35.918785545899944,0.7183344542980193,0.014083147048950195,0.9933141469955444,-0.04465702176094055,-5.126510334416719,"[351.0, 270.0]"
papilledema_0630_WHC,papilledema,2,4,2194,"[346.0, 186.0]",35.918785545899944,0.7103491306304931,0.005035281181335449,0.9965061545372009,-0.03879770636558533,-1.3427484160931242,"[351.0, 270.0]"
papilledema_0630_WHC,papilledema,3,3,2195,"[304.0, 293.0]",35.918785545899944,0.7052427232265472,0.001795351505279541,0.9972686171531677,-0.026796698570251465,-0.45678371394094675,"[351.0, 270.0]"
papilledema_0630_WHC,papilledema,4,3,2196,"[406.0, 248.0]",45.254833995939045,0.7202198445796967,0.011248946189880371,0.9968897700309753,-0.055740296840667725,-0.3089610025703593,"[351.0, 270.0]"
papilledema_0630_WHC,papilledema,5,3,2197,"[397.0, 250.0]",57.01751796098172,0.7226651012897491,0.013873934745788574,0.9962001442909241,-0.057255327701568604,0.12027484517542175,"[351.0, 270.0]"
papilledema_0630_WHC,papilledema,6,4,2198,"[332.0, 405.0]",57.01751796098172,0.7323300182819367,0.01886129379272461,0.9971149563789368,-0.0774412751197815,-1.391027980401529,"[351.0, 270.0]"
papilledema_0631_WHC,papilledema,1,4,2199,"[202.0, 49.0]",35.918785545899944,0.7388868868350982,0.025431156158447266,0.9938753247261047,-0.08871501684188843,-0.5443370968806744,"[228.0, 0.0]"
papilledema_0631_WHC,papilledema,2,4,2200,"[360.0, 53.0]",35.918785545899944,0.7307687163352966,0.020457923412322998,0.9947209358215332,-0.07003068923950195,-2.960121370831344,"[228.0, 0.0]"
papilledema_0631_WHC,papilledema,3,4,2201,"[360.0, 48.0]",45.254833995939045,0.7377715229988098,0.028108179569244385,0.9935237169265747,-0.07098370790481567,-2.103677254483784,"[228.0, 0.0]"
papilledema_0633_WHC,papilledema,1,3,2202,"[298.0, 234.0]",57.01751796098172,0.723023247718811,0.032233476638793945,0.9644515514373779,-0.0783684253692627,0.3911851803304649,"[291.0, 200.0]"
papilledema_0635_WHC,papilledema,1,3,2203,"[427.0, 231.0]",57.01751796098172,0.7727459609508514,0.054324209690093994,0.9907035231590271,-0.12464642524719238,-0.10380946349343012,"[382.0, 275.0]"
papilledema_0635_WHC,papilledema,2,3,2204,"[282.0, 214.0]",71.83757109179989,0.8255813419818877,0.11567258834838867,0.9788596034049988,-0.12353515625,-0.6305767376364864,"[382.0, 275.0]"
papilledema_0635_WHC,papilledema,3,2,2205,"[378.0, 214.0]",114.03503592196344,0.8070885717868805,0.11054497957229614,0.9669780731201172,-0.0982947051525116,0.4639278501727756,"[382.0, 275.0]"
papilledema_0637_WHC,papilledema,1,4,2206,"[323.0, 424.0]",35.918785545899944,0.8041209518909453,0.13195502758026123,0.9255627393722534,-0.12136003375053406,-4.776166611483667,"[210.0, 250.0]"
papilledema_0637_WHC,papilledema,2,1,2207,"[243.0, 254.0]",45.254833995939045,0.8535877048969268,0.20088893175125122,0.8955491781234741,-0.12907174229621887,0.26545879540355266,"[210.0, 250.0]"
papilledema_0638_WHC,papilledema,1,4,2208,"[284.0, 304.0]",45.254833995939045,0.7112025380134582,0.016762614250183105,0.9805431962013245,-0.04029843211174011,-1.9534970003793806,"[188.0, 211.0]"
papilledema_0639_WHC,papilledema,1,2,2209,"[271.0, 250.0]",45.254833995939045,0.8282796442508698,0.1436498761177063,0.9402245879173279,-0.13236278295516968,0.15769800175352788,"[309.0, 253.0]"
papilledema_0642_WHC,papilledema,1,4,2210,"[380.0, 129.0]",45.254833995939045,0.6848222762346267,0.05011343955993652,0.895776093006134,-0.03832785785198212,-3.1108303031443656,"[245.0, 257.0]"
papilledema_0643_WHC,papilledema,1,4,2211,"[217.0, 352.0]",35.918785545899944,0.55374795794487,0.05626147985458374,0.7037991881370544,-0.024135231971740723,-2.4290289058973076,"[240.0, 231.0]"
papilledema_0643_WHC,papilledema,2,4,2212,"[219.0, 365.0]",45.254833995939045,0.5563252985477447,0.06409579515457153,0.6962729692459106,-0.024192124605178833,-1.9971503392806307,"[240.0, 231.0]"
papilledema_0643_WHC,papilledema,3,4,2213,"[223.0, 382.0]",57.01751796098172,0.5951476931571961,0.10930031538009644,0.68678218126297,-0.02549925446510315,-1.66503954966662,"[240.0, 231.0]"
papilledema_0644_WHC,papilledema,1,3,2214,"[137.0, 201.0]",45.254833995939045,0.7332004487514495,0.03433263301849365,0.9708622694015503,-0.09632113575935364,-0.6086922095292187,"[195.0, 245.0]"
papilledema_0647_WHC,papilledema,1,4,2215,"[49.0, 173.0]",35.918785545899944,0.8515152931213379,0.1597346067428589,0.9664998054504395,-0.07615411281585693,-7.7529754143601295,"[342.0, 287.0]"
papilledema_0647_WHC,papilledema,2,4,2216,"[30.0, 240.0]",35.918785545899944,0.8556445240974425,0.15684205293655396,0.982501745223999,-0.05525624752044678,-7.784267078629075,"[342.0, 287.0]"
papilledema_0648_WHC,papilledema,1,2,2217,"[221.0, 244.0]",45.254833995939045,0.804759281873703,0.14272159337997437,0.9089815616607666,-0.12875297665596008,0.20144172880121025,"[256.0, 253.0]"
papilledema_0650_WHC,papilledema,1,3,2218,"[386.0, 184.0]",45.254833995939045,0.7622441232204437,0.08995926380157471,0.9319590926170349,-0.0995674729347229,-0.126084546670453,"[337.0, 170.0]"
papilledema_0651_WHC,papilledema,1,4,2219,"[334.0, 100.0]",35.918785545899944,0.7107712417840958,0.0394442081451416,0.9483587741851807,-0.03737945854663849,-3.441685909497232,"[396.0, 247.0]"
papilledema_0651_WHC,papilledema,2,4,2220,"[235.0, 62.0]",45.254833995939045,0.72796431183815,0.0661199688911438,0.9385711550712585,-0.02422267198562622,-4.419240173908146,"[396.0, 247.0]"
papilledema_0651_WHC,papilledema,3,4,2221,"[389.0, 360.0]",45.254833995939045,0.730420833826065,0.045127809047698975,0.9588158130645752,-0.07060977816581726,-1.501757194953179,"[396.0, 247.0]"
papilledema_0651_WHC,papilledema,4,4,2222,"[249.0, 80.0]",57.01751796098172,0.7344672977924347,0.07168906927108765,0.9398809671401978,-0.02430775761604309,-2.9019842998772285,"[396.0, 247.0]"
papilledema_0656_WHC,papilledema,1,1,2223,"[390.0, 208.0]",90.50966799187809,0.6972758769989013,0.041041672229766846,0.9332684874534607,-0.01473131775856018,0.6610779380705647,"[380.0, 237.0]"
papilledema_0657_WHC,papilledema,1,4,2224,"[303.0, 83.0]",35.918785545899944,0.7292998790740967,0.037841081619262695,0.9743835926055908,-0.04695141315460205,-3.4094600113960345,"[266.0, 237.0]"
papilledema_0658_WHC,papilledema,1,2,2225,"[223.0, 250.0]",35.918785545899944,0.736296385526657,0.024821460247039795,0.9807647466659546,-0.12469801306724548,-0.20231363914551737,"[180.0, 246.0]"
papilledema_0660_WHC,papilledema,1,4,2226,"[362.0, 177.0]",35.918785545899944,0.715999287366867,0.03462529182434082,0.9574384093284607,-0.0558355450630188,-1.3827702563537239,"[421.0, 239.0]"
papilledema_0660_WHC,papilledema,2,4,2227,"[520.0, 234.0]",45.254833995939045,0.7517782628536224,0.045439183712005615,0.9782825112342834,-0.10770660638809204,-1.190399863609382,"[421.0, 239.0]"
pseudopapilledema_0001_PPE,pseudopapilledema,1,1,2228,"[157.0, 118.0]",57.01751796098172,0.773350977897644,0.23982518911361694,0.7483795881271362,-0.04830038547515869,0.7614510242616451,"[149.0, 129.0]"
pseudopapilledema_0016_PPE,pseudopapilledema,1,4,2229,"[7.0, 138.0]",57.01751796098172,0.5868359804153442,0.04926711320877075,0.7661318778991699,-0.006382763385772705,-1.5692510978483432,"[153.0, 126.0]"
pseudopapilledema_0024_PPE,pseudopapilledema,1,4,2230,"[216.0, 184.0]",228.07007184392688,0.3571288265287876,0.004274159669876099,0.5037590265274048,-0.0011167414486408234,0.5842929489931024,"[141.0, 126.0]"
pseudopapilledema_0029_PPE,pseudopapilledema,1,4,2231,"[66.0, 65.0]",35.918785545899944,0.457604706287384,0.008785843849182129,0.6398087739944458,-0.004763603210449219,-2.3590332030699983,"[167.0, 131.0]"
pseudopapilledema_0092_PPE,pseudopapilledema,1,4,2232,"[48.0, 48.0]",228.07007184392688,0.35334853380918496,-0.01778632402420044,0.5297503471374512,-0.001548074185848236,0.6605388564249481,"[93.0, 111.0]"
pseudopapilledema_0100_PPE,pseudopapilledema,1,4,2233,"[200.0, 192.0]",228.07007184392688,0.4480650365352631,-0.06171196699142456,0.7277773022651672,-0.0016644597053527832,0.6156513334058534,"[150.0, 120.0]"
pseudopapilledema_0112_PPE,pseudopapilledema,1,4,2234,"[194.0, 60.0]",35.918785545899944,0.5980875015258789,0.03225988149642944,0.8044934272766113,-0.013411104679107666,-0.25560729433589624,"[239.0, 63.0]"
pseudopapilledema_0112_PPE,pseudopapilledema,2,4,2235,"[108.0, 110.0]",71.83757109179989,0.6272587716579437,0.0676378607749939,0.7949681878089905,-0.01571589708328247,-0.9373726765316699,"[239.0, 63.0]"
pseudopapilledema_0112_PPE,pseudopapilledema,3,4,2236,"[124.0, 110.0]",90.50966799187809,0.6370937287807463,0.08010232448577881,0.791215717792511,-0.015702009201049805,-0.3726008899621913,"[239.0, 63.0]"
pseudopapilledema_0133_PPE,pseudopapilledema,1,4,2237,"[12.0, 176.0]",228.07007184392688,0.45765727460384364,-0.03664124011993408,0.7057209610939026,-0.0014692097902297974,0.5576097063972482,"[90.0, 112.0]"
pseudopapilledema_0142_PPE,pseudopapilledema,1,4,2238,"[110.0, 218.0]",90.50966799187809,0.46161510348320006,0.06932562589645386,0.5556376576423645,-0.016715586185455322,-0.4517802917883269,"[135.0, 89.0]"
pseudopapilledema_0145_PPE,pseudopapilledema,1,4,2239,"[184.0, 48.0]",181.01933598375618,0.6042009606957435,0.03236985206604004,0.8144446611404419,-0.008599229156970978,0.6442094519770094,"[156.0, 106.0]"
pseudopapilledema_0176_PPE,pseudopapilledema,1,4,2240,"[106.0, 141.0]",45.254833995939045,0.7337949991226196,0.05882823467254639,0.9499449729919434,-0.05002641677856445,-1.5868696394000992,"[223.0, 145.0]"
pseudopapilledema_0181_PPE,pseudopapilledema,1,4,2241,"[6.0, 192.0]",35.918785545899944,0.5511536374688148,0.02938014268875122,0.7447404265403748,-0.0022759810090065002,-3.73494609943356,"[155.0, 110.0]"
pseudopapilledema_0215_PPE,pseudopapilledema,1,4,2242,"[208.0, 164.0]",181.01933598375618,0.5475379094481467,0.005482375621795654,0.771009087562561,-0.011745862662792206,0.7479938888079796,"[167.0, 144.0]"
pseudopapilledema_0222_PPE,pseudopapilledema,1,2,2243,"[107.0, 119.0]",35.918785545899944,0.7744557082653045,0.11621850728988647,0.9025636315345764,-0.132213294506073,0.3084542163875076,"[88.0, 135.0]"
pseudopapilledema_0229_PPE,pseudopapilledema,1,4,2244,"[70.0, 51.0]",35.918785545899944,0.5843047738075255,0.01568293571472168,0.8080143928527832,-0.015058815479278564,-1.7421209576277765,"[135.0, 125.0]"
pseudopapilledema_0245_PPE,pseudopapilledema,1,4,2245,"[7.0, 160.0]",35.918785545899944,0.4431701298803091,0.02616196870803833,0.5947303771972656,-0.0034844856709241867,-2.9861651349486404,"[147.0, 130.0]"
pseudopapilledema_0282_PPE,pseudopapilledema,1,4,2246,"[178.0, 202.0]",35.918785545899944,0.4314723610877991,0.0357590913772583,0.5626788139343262,-0.009190499782562256,-2.2118190396228075,"[100.0, 117.0]"
pseudopapilledema_0282_PPE,pseudopapilledema,2,1,2247,"[103.0, 116.0]",45.254833995939045,0.5508873343467712,0.17382463812828064,0.5275456309318542,-0.038903772830963135,0.9301228757031316,"[100.0, 117.0]"
pseudopapilledema_0287_PPE,pseudopapilledema,1,2,2248,"[117.0, 122.0]",35.918785545899944,0.7360377311706543,0.07387000322341919,0.9091875553131104,-0.1286821961402893,0.47029674580374947,"[98.0, 121.0]"
pseudopapilledema_0291_PPE,pseudopapilledema,1,4,2249,"[136.0, 215.0]",35.918785545899944,0.4388420045375824,0.015168249607086182,0.6028741002082825,-0.008309423923492432,-2.1083112276415656,"[79.0, 119.0]"
pseudopapilledema_0292_PPE,pseudopapilledema,1,1,2250,"[145.0, 125.0]",45.254833995939045,0.709596848487854,0.15908926725387573,0.7778947353363037,-0.02990633249282837,0.96875,"[144.0, 124.0]"
pseudopapilledema_0296_WHC,pseudopapilledema,1,4,2251,"[541.0, 121.0]",35.918785545899944,0.7141353547573089,0.03861767053604126,0.944397509098053,-0.07219713926315308,-3.463185293777654,"[453.0, 255.0]"
pseudopapilledema_0297_WHC,pseudopapilledema,1,4,2252,"[429.0, 155.0]",35.918785545899944,0.7496056079864502,0.04691505432128906,0.976893424987793,-0.09432578086853027,-3.019278051738656,"[398.0, 296.0]"
pseudopapilledema_0297_WHC,pseudopapilledema,2,4,2253,"[427.0, 149.0]",45.254833995939045,0.7361014544963836,0.04313015937805176,0.9630992412567139,-0.09400913119316101,-2.3108781406901704,"[398.0, 296.0]"
pseudopapilledema_0297_WHC,pseudopapilledema,3,3,2254,"[472.0, 304.0]",57.01751796098172,0.7571236908435821,0.06166887283325195,0.964264452457428,-0.10234850645065308,-0.3054089151100612,"[398.0, 296.0]"
pseudopapilledema_0298_WHC,pseudopapilledema,1,4,2255,"[343.0, 419.0]",57.01751796098172,0.7710427343845367,0.1040952205657959,0.9233995079994202,-0.10283929109573364,-2.1570219453082102,"[324.0, 240.0]"
pseudopapilledema_0300_WHC,pseudopapilledema,1,4,2256,"[273.0, 60.0]",45.254833995939045,0.7841220140457154,0.08127230405807495,0.9723430871963501,-0.11104774475097656,-4.785935601201417,"[242.0, 320.0]"
pseudopapilledema_0300_WHC,pseudopapilledema,2,4,2257,"[272.0, 67.0]",57.01751796098172,0.7915888249874115,0.0984528660774231,0.9582033157348633,-0.11196818947792053,-3.468318800973732,"[242.0, 320.0]"
pseudopapilledema_0302_WHC,pseudopapilledema,1,4,2258,"[596.0, 10.0]",35.918785545899944,0.7289375364780426,0.05927318334579468,0.9430203437805176,-0.0477505624294281,-8.32962883957036,"[423.0, 297.0]"
pseudopapilledema_0303_WHC,pseudopapilledema,1,4,2259,"[169.0, 446.0]",35.918785545899944,0.7486201167106628,0.03862112760543823,0.9872145652770996,-0.09474396705627441,-3.4909719971441655,"[159.0, 285.0]"
pseudopapilledema_0303_WHC,pseudopapilledema,2,4,2260,"[182.0, 447.0]",45.254833995939045,0.7395936250686646,0.03390657901763916,0.9802238941192627,-0.09765160083770752,-2.615626350475115,"[159.0, 285.0]"
pseudopapilledema_0303_WHC,pseudopapilledema,3,4,2261,"[212.0, 440.0]",57.01751796098172,0.7697449743747711,0.05985790491104126,0.9828557372093201,-0.10944026708602905,-1.8729918875549916,"[159.0, 285.0]"
pseudopapilledema_0306_WHC,pseudopapilledema,1,3,2262,"[459.0, 81.0]",35.918785545899944,0.7862294971942901,0.08193087577819824,0.9741591811180115,-0.11193597316741943,-3.059859921605482,"[436.0, 225.0]"
pseudopapilledema_0306_WHC,pseudopapilledema,2,3,2263,"[364.0, 256.0]",35.918785545899944,0.7892865657806396,0.07598185539245605,0.9850559234619141,-0.11882781982421875,-1.1824248564554294,"[436.0, 225.0]"
pseudopapilledema_0306_WHC,pseudopapilledema,3,3,2264,"[352.0, 166.0]",45.254833995939045,0.7741588175296783,0.07562905550003052,0.9688889384269714,-0.10153752565383911,-1.2682635497776706,"[436.0, 225.0]"
pseudopapilledema_0306_WHC,pseudopapilledema,4,3,2265,"[360.0, 248.0]",45.254833995939045,0.7825237810611725,0.08040326833724976,0.9691706299781799,-0.11850535869598389,-0.7545977548287242,"[436.0, 225.0]"
pseudopapilledema_0306_WHC,pseudopapilledema,5,3,2266,"[500.0, 190.0]",57.01751796098172,0.8173011660575866,0.11056715250015259,0.9743869304656982,-0.12331581115722656,-0.2793469008816809,"[436.0, 225.0]"
pseudopapilledema_0307_WHC,pseudopapilledema,1,4,2267,"[151.0, 152.0]",57.01751796098172,0.8002911329269409,0.09080696105957031,0.9845530986785889,-0.10148501396179199,-2.5072115598921787,"[261.0, 319.0]"
pseudopapilledema_0307_WHC,pseudopapilledema,2,4,2268,"[158.0, 144.0]",71.83757109179989,0.846104097366333,0.1434308886528015,0.9753466844558716,-0.09965264797210693,-1.8266764025051714,"[261.0, 319.0]"
pseudopapilledema_0307_WHC,pseudopapilledema,3,4,2269,"[192.0, 122.0]",90.50966799187809,0.8484195351600646,0.15961366891860962,0.9560046195983887,-0.09801316261291504,-1.3062097726843929,"[261.0, 319.0]"
pseudopapilledema_0307_WHC,pseudopapilledema,4,4,2270,"[188.0, 124.0]",90.50966799187809,0.8472748517990112,0.15899819135665894,0.9552468061447144,-0.09801948070526123,-1.300486106918492,"[261.0, 319.0]"
pseudopapilledema_0308_WHC,pseudopapilledema,1,4,2271,"[248.0, 435.0]",57.01751796098172,0.7445109188556671,0.07793653011322021,0.9443694949150085,-0.02757871150970459,-2.1043091023556095,"[248.0, 258.0]"
pseudopapilledema_0309_WHC,pseudopapilledema,1,4,2272,"[170.0, 94.0]",35.918785545899944,0.7932267367839813,0.1281713843345642,0.9348882436752319,-0.053167909383773804,-5.30268047799508,"[285.0, 289.0]"
pseudopapilledema_0309_WHC,pseudopapilledema,2,4,2273,"[161.0, 109.0]",45.254833995939045,0.8277425259351731,0.16311734914779663,0.933429479598999,-0.05612270534038544,-3.829919771590414,"[285.0, 289.0]"
pseudopapilledema_0310_WHC,pseudopapilledema,1,2,2274,"[357.0, 269.0]",45.254833995939045,0.7713436603546142,0.08331817388534546,0.9525145888328552,-0.10632637143135071,0.3192805965377512,"[387.0, 262.0]"
pseudopapilledema_0314_WHC,pseudopapilledema,1,4,2275,"[520.0, 102.0]",35.918785545899944,0.7757193744182587,0.07342320680618286,0.9786786437034607,-0.0861055850982666,-1.1319417600701054,"[470.0, 160.0]"
pseudopapilledema_0314_WHC,pseudopapilledema,2,3,2276,"[399.0, 168.0]",35.918785545899944,0.803691017627716,0.10631692409515381,0.9684534072875977,-0.09728354215621948,-0.9891898243686803,"[470.0, 160.0]"
pseudopapilledema_0314_WHC,pseudopapilledema,3,3,2277,"[491.0, 238.0]",35.918785545899944,0.7915488064289092,0.08479577302932739,0.9830791354179382,-0.09298819303512573,-1.2488920735862168,"[470.0, 160.0]"
pseudopapilledema_0315_WHC,pseudopapilledema,1,4,2278,"[333.0, 122.0]",35.918785545899944,0.7152854323387146,0.049212634563446045,0.9319777488708496,-0.06844186782836914,-3.395110532217134,"[204.0, 213.0]"
pseudopapilledema_0317_WHC,pseudopapilledema,1,3,2279,"[260.0, 213.0]",45.254833995939045,0.7629558742046356,0.07344019412994385,0.9619951248168945,-0.080595463514328,-0.4903661987075525,"[195.0, 231.0]"
pseudopapilledema_0318_WHC,pseudopapilledema,1,3,2280,"[346.0, 271.0]",35.918785545899944,0.7482773065567015,0.04296445846557617,0.980401873588562,-0.0951576828956604,-1.6960843157033727,"[253.0, 298.0]"
pseudopapilledema_0322_WHC,pseudopapilledema,1,4,2281,"[244.0, 468.0]",45.254833995939045,0.7199168026447296,0.017451584339141846,0.9773370623588562,-0.09164637327194214,-4.702118918108424,"[249.0, 210.0]"
pseudopapilledema_0323_WHC,pseudopapilledema,1,2,2282,"[220.0, 252.0]",35.918785545899944,0.8010689675807953,0.12202417850494385,0.9457144141197205,-0.0852234959602356,0.2772163764190019,"[245.0, 245.0]"
pseudopapilledema_0323_WHC,pseudopapilledema,2,4,2283,"[424.0, 368.0]",456.14014368785377,0.49654731228947635,0.005431830883026123,0.7010248303413391,-0.0019905008375644684,0.5238600268825092,"[245.0, 245.0]"
pseudopapilledema_0324_WHC,pseudopapilledema,1,4,2284,"[203.0, 341.0]",45.254833995939045,0.6841848224401473,0.04743248224258423,0.9028146862983704,-0.023910298943519592,-1.8375619486629713,"[264.0, 228.0]"
pseudopapilledema_0325_WHC,pseudopapilledema,1,4,2285,"[299.0, 450.0]",45.254833995939045,0.7449970364570617,0.05329412221908569,0.9636528491973877,-0.08572959899902344,-3.497449363945079,"[386.0, 266.0]"
pseudopapilledema_0325_WHC,pseudopapilledema,2,4,2286,"[302.0, 451.0]",45.254833995939045,0.7458533525466918,0.05396085977554321,0.9639223217964172,-0.08573433756828308,-3.4896256281843803,"[386.0, 266.0]"
pseudopapilledema_0325_WHC,pseudopapilledema,3,4,2287,"[298.0, 482.0]",114.03503592196344,0.7145335137844085,0.057211875915527344,0.9249799847602844,-0.049178242683410645,-1.0453194398379608,"[386.0, 266.0]"
pseudopapilledema_0326_WHC,pseudopapilledema,1,3,2288,"[284.0, 264.0]",35.918785545899944,0.711195582151413,0.028458833694458008,0.9569420218467712,-0.06438666582107544,-1.3072438603053622,"[362.0, 292.0]"
pseudopapilledema_0326_WHC,pseudopapilledema,2,3,2289,"[275.0, 263.0]",45.254833995939045,0.7042785584926605,0.026172757148742676,0.9505731463432312,-0.06352299451828003,-1.0264366046091844,"[362.0, 292.0]"
pseudopapilledema_0326_WHC,pseudopapilledema,3,3,2290,"[324.0, 212.0]",90.50966799187809,0.7367405474185944,0.06399351358413696,0.9364214539527893,-0.08626008033752441,0.021470730509301483,"[362.0, 292.0]"
pseudopapilledema_0327_WHC,pseudopapilledema,1,3,2291,"[231.0, 225.0]",35.918785545899944,0.742413169145584,0.051529109477996826,0.9599183201789856,-0.09470617771148682,-1.0437720121445309,"[173.0, 270.0]"
pseudopapilledema_0327_WHC,pseudopapilledema,2,3,2292,"[206.0, 224.0]",90.50966799187809,0.7312985897064208,0.07272905111312866,0.915920078754425,-0.08712741732597351,0.3745119093359971,"[173.0, 270.0]"
pseudopapilledema_0328_WHC,pseudopapilledema,1,3,2293,"[454.0, 296.0]",57.01751796098172,0.7835375070571898,0.09810107946395874,0.9503008127212524,-0.10112929344177246,-0.9907514926724343,"[344.0, 324.0]"
pseudopapilledema_0328_WHC,pseudopapilledema,2,2,2294,"[424.0, 302.0]",114.03503592196344,0.7981325566768646,0.14664405584335327,0.9051693677902222,-0.08934971690177917,0.2724176970703619,"[344.0, 324.0]"
pseudopapilledema_0330_WHC,pseudopapilledema,1,4,2295,"[646.0, 352.0]",35.918785545899944,0.7272173881530761,0.022837579250335693,0.9878144860267639,-0.06454834342002869,-6.57448127177484,"[432.0, 184.0]"
pseudopapilledema_0330_WHC,pseudopapilledema,2,4,2296,"[653.0, 454.0]",35.918785545899944,0.7183486759662628,0.012310981750488281,0.9932860732078552,-0.053687214851379395,-8.713970676431375,"[432.0, 184.0]"
pseudopapilledema_0330_WHC,pseudopapilledema,3,4,2297,"[656.0, 443.0]",45.254833995939045,0.717419797182083,0.011587202548980713,0.9928368926048279,-0.0542338490486145,-6.566663368437239,"[432.0, 184.0]"
pseudopapilledema_0330_WHC,pseudopapilledema,4,4,2298,"[646.0, 381.0]",57.01751796098172,0.7246561229228973,0.02105712890625,0.9874232411384583,-0.06201362609863281,-4.1014038649329905,"[432.0, 184.0]"
pseudopapilledema_0330_WHC,pseudopapilledema,5,4,2299,"[650.0, 400.0]",71.83757109179989,0.7273602426052094,0.022772133350372314,0.9879894852638245,-0.06497734785079956,-3.2719651696198246,"[432.0, 184.0]"
pseudopapilledema_0331_WHC,pseudopapilledema,1,3,2300,"[461.0, 259.0]",35.918785545899944,0.7897620320320129,0.10028076171875,0.9539939165115356,-0.10842764377593994,-0.7852741175110616,"[397.0, 255.0]"
pseudopapilledema_0331_WHC,pseudopapilledema,2,3,2301,"[459.0, 252.0]",45.254833995939045,0.785997188091278,0.10951614379882812,0.9355682134628296,-0.10791647434234619,-0.3716222717096713,"[397.0, 255.0]"
pseudopapilledema_0331_WHC,pseudopapilledema,3,3,2302,"[338.0, 246.0]",57.01751796098172,0.7787514328956604,0.10956192016601562,0.9271905422210693,-0.1007806658744812,-0.046739587758784396,"[397.0, 255.0]"
pseudopapilledema_0331_WHC,pseudopapilledema,4,2,2303,"[360.0, 236.0]",90.50966799187809,0.7795230865478515,0.13639861345291138,0.895054817199707,-0.08293050527572632,0.5404549634421019,"[397.0, 255.0]"
pseudopapilledema_0331_WHC,pseudopapilledema,5,2,2304,"[430.0, 238.0]",90.50966799187809,0.8045459389686584,0.16219496726989746,0.8935266733169556,-0.08441150188446045,0.5898623516122911,"[397.0, 255.0]"
pseudopapilledema_0333_WHC,pseudopapilledema,1,4,2305,"[364.0, 76.0]",45.254833995939045,0.752222329378128,0.05755913257598877,0.9719732403755188,-0.07140964269638062,-3.9472313121836136,"[393.0, 298.0]"
pseudopapilledema_0333_WHC,pseudopapilledema,2,4,2306,"[214.0, 118.0]",45.254833995939045,0.7269779682159423,0.04741978645324707,0.9492612481117249,-0.07537654042243958,-4.609396761796226,"[393.0, 298.0]"
pseudopapilledema_0335_WHC,pseudopapilledema,1,4,2307,"[208.0, 28.0]",181.01933598375618,0.6531944639980792,0.08109360933303833,0.8134753108024597,-0.01334068551659584,-0.3286993243511678,"[249.0, 265.0]"
pseudopapilledema_0336_WHC,pseudopapilledema,1,4,2308,"[270.0, 59.0]",35.918785545899944,0.7455722093582153,0.1041145920753479,0.9033792018890381,-0.04546087980270386,-2.8745453094196907,"[288.0, 197.0]"
pseudopapilledema_0336_WHC,pseudopapilledema,2,4,2309,"[358.0, 88.0]",35.918785545899944,0.7054828226566314,0.09460735321044922,0.8629298806190491,-0.0341227650642395,-2.606511110366695,"[288.0, 197.0]"
pseudopapilledema_0336_WHC,pseudopapilledema,3,4,2310,"[379.0, 342.0]",35.918785545899944,0.6131838858127593,0.030061542987823486,0.8282666802406311,-0.016678333282470703,-3.76602842703182,"[288.0, 197.0]"
pseudopapilledema_0336_WHC,pseudopapilledema,4,1,2311,"[288.0, 184.0]",45.254833995939045,0.721907615661621,0.08420461416244507,0.9018775224685669,-0.031943678855895996,0.7127378701429651,"[288.0, 197.0]"
pseudopapilledema_0336_WHC,pseudopapilledema,5,4,2312,"[444.0, 217.0]",45.254833995939045,0.5415970623493194,0.05082738399505615,0.6936127543449402,-0.02620375156402588,-2.475359693614461,"[288.0, 197.0]"
pseudopapilledema_0336_WHC,pseudopapilledema,6,4,2313,"[61.0, 315.0]",45.254833995939045,0.5985068082809448,0.03026789426803589,0.8079103231430054,-0.013508439064025879,-4.653270969646687,"[288.0, 197.0]"
pseudopapilledema_0336_WHC,pseudopapilledema,7,4,2314,"[143.0, 442.0]",45.254833995939045,0.7095972180366517,0.03743499517440796,0.9564077854156494,-0.013383865356445312,-5.290881918499186,"[288.0, 197.0]"
pseudopapilledema_0336_WHC,pseudopapilledema,8,4,2315,"[114.0, 163.0]",57.01751796098172,0.6324321925640106,0.06565415859222412,0.8033403754234314,-0.022198855876922607,-2.1094079159805976,"[288.0, 197.0]"
pseudopapilledema_0336_WHC,pseudopapilledema,9,1,2316,"[301.0, 187.0]",57.01751796098172,0.7354260563850402,0.10426753759384155,0.8921225070953369,-0.03336381912231445,0.7123477125384443,"[288.0, 197.0]"
pseudopapilledema_0336_WHC,pseudopapilledema,10,4,2317,"[56.0, 330.0]",57.01751796098172,0.6103485941886901,0.033618807792663574,0.8201148509979248,-0.01324695348739624,-3.690122548693238,"[288.0, 197.0]"
pseudopapilledema_0336_WHC,pseudopapilledema,11,4,2318,"[424.0, 349.0]",57.01751796098172,0.6290408313274383,0.06399810314178467,0.8003706336021423,-0.023916423320770264,-2.5771599297480123,"[288.0, 197.0]"
pseudopapilledema_0336_WHC,pseudopapilledema,12,3,2319,"[334.0, 124.0]",90.50966799187809,0.7213139116764069,0.12260878086090088,0.8473846316337585,-0.027679443359375,0.046682908701149994,"[288.0, 197.0]"
pseudopapilledema_0336_WHC,pseudopapilledema,13,3,2320,"[318.0, 132.0]",114.03503592196344,0.7137320935726165,0.12435352802276611,0.8342145085334778,-0.027142047882080078,0.37221832976514624,"[288.0, 197.0]"
pseudopapilledema_0338_WHC,pseudopapilledema,1,4,2321,"[354.0, 337.0]",35.918785545899944,0.7230132281780242,0.017788469791412354,0.993326723575592,-0.04948025941848755,-2.670102995371179,"[431.0, 230.0]"
pseudopapilledema_0338_WHC,pseudopapilledema,2,4,2322,"[366.0, 376.0]",71.83757109179989,0.7451026856899261,0.03569060564041138,0.9918485283851624,-0.07559055089950562,-1.2246787609438137,"[431.0, 230.0]"
pseudopapilledema_0342_WHC,pseudopapilledema,1,3,2323,"[498.0, 292.0]",45.254833995939045,0.8191704928874969,0.12391674518585205,0.9618842005729675,-0.10967403650283813,0.0017104471897945173,"[458.0, 271.0]"
pseudopapilledema_0342_WHC,pseudopapilledema,2,2,2324,"[400.0, 272.0]",90.50966799187809,0.9017633318901062,0.21716570854187012,0.9419092535972595,-0.1263057291507721,0.3590892405626974,"[458.0, 271.0]"
pseudopapilledema_0343_WHC,pseudopapilledema,1,4,2325,"[216.0, 212.0]",45.254833995939045,0.6796242266893386,0.10813301801681519,0.8024653792381287,-0.048827216029167175,-1.8848337257110677,"[346.0, 200.0]"
pseudopapilledema_0344_WHC,pseudopapilledema,1,4,2326,"[224.0, 428.0]",35.918785545899944,0.7610455632209777,0.13768380880355835,0.8659603595733643,-0.08594751358032227,-4.423271628386895,"[285.0, 243.0]"
pseudopapilledema_0345_WHC,pseudopapilledema,1,4,2327,"[224.0, 428.0]",35.918785545899944,0.7602324187755585,0.1367049217224121,0.8660222887992859,-0.0865594744682312,-4.247193267968434,"[283.0, 249.0]"
pseudopapilledema_0346_WHC,pseudopapilledema,1,4,2328,"[603.0, 259.0]",35.918785545899944,0.6152655296027659,0.021445810794830322,0.8464328646659851,-0.006583567708730698,-5.128597483708794,"[386.0, 296.0]"
pseudopapilledema_0346_WHC,pseudopapilledema,2,3,2329,"[309.0, 268.0]",35.918785545899944,0.6984327614307404,0.05727410316467285,0.892956554889679,-0.08044534921646118,-1.2810598445856933,"[386.0, 296.0]"
pseudopapilledema_0347_WHC,pseudopapilledema,1,4,2330,"[352.0, 24.0]",287.35028436719955,0.7345558702945709,0.1052364706993103,0.8925408124923706,-0.02270415425300598,0.21069057025774995,"[403.0, 245.0]"
pseudopapilledema_0348_WHC,pseudopapilledema,1,4,2331,"[261.0, 108.0]",45.254833995939045,0.7354625165462493,0.03775596618652344,0.9692051410675049,-0.09631475806236267,-2.551036930426097,"[276.0, 268.0]"
pseudopapilledema_0348_WHC,pseudopapilledema,2,4,2332,"[396.0, 154.0]",45.254833995939045,0.719729870557785,0.03295004367828369,0.9615426063537598,-0.06850001215934753,-2.657451725587092,"[276.0, 268.0]"
pseudopapilledema_0349_WHC,pseudopapilledema,1,4,2333,"[297.0, 249.0]",35.918785545899944,0.7483940660953521,0.03763383626937866,0.9812959432601929,-0.1192653477191925,-0.3229405382134647,"[250.0, 242.0]"
pseudopapilledema_0349_WHC,pseudopapilledema,2,4,2334,"[375.0, 130.0]",45.254833995939045,0.760680103302002,0.0671839714050293,0.9700873494148254,-0.07217493653297424,-2.708691754682505,"[250.0, 242.0]"
pseudopapilledema_0350_WHC,pseudopapilledema,1,4,2335,"[397.0, 155.0]",45.254833995939045,0.7187608659267425,0.032817542552948,0.961929202079773,-0.06296440958976746,-2.673503628179779,"[276.0, 269.0]"
pseudopapilledema_0352_WHC,pseudopapilledema,1,4,2336,"[159.0, 273.0]",35.918785545899944,0.7566307663917541,0.062313973903656006,0.9665801525115967,-0.08855342864990234,-0.6214601420702048,"[215.0, 257.0]"
pseudopapilledema_0352_WHC,pseudopapilledema,2,4,2337,"[252.0, 323.0]",35.918785545899944,0.7496151149272918,0.053080081939697266,0.9693860411643982,-0.08982402086257935,-1.1065224951834334,"[215.0, 257.0]"
pseudopapilledema_0352_WHC,pseudopapilledema,3,3,2338,"[155.0, 253.0]",45.254833995939045,0.7796010136604309,0.0844985842704773,0.9654894471168518,-0.09629908204078674,-0.328768226591831,"[215.0, 257.0]"
pseudopapilledema_0352_WHC,pseudopapilledema,4,3,2339,"[258.0, 316.0]",45.254833995939045,0.7582829713821411,0.06272196769714355,0.9677594900131226,-0.09064680337905884,-0.6132386873925382,"[215.0, 257.0]"
pseudopapilledema_0352_WHC,pseudopapilledema,5,3,2340,"[265.0, 302.0]",57.01751796098172,0.7642733812332153,0.07333654165267944,0.9611460566520691,-0.09067299962043762,-0.1797798753955151,"[215.0, 257.0]"
pseudopapilledema_0353_WHC,pseudopapilledema,1,3,2341,"[439.0, 150.0]",45.254833995939045,0.7771082222461699,0.07526737451553345,0.9750662446022034,-0.09647238254547119,-0.7811129333228701,"[375.0, 199.0]"
pseudopapilledema_0353_WHC,pseudopapilledema,2,3,2342,"[446.0, 260.0]",71.83757109179989,0.7936502516269683,0.10140246152877808,0.961231529712677,-0.09692859649658203,-0.3030167079434758,"[375.0, 199.0]"
pseudopapilledema_0354_WHC,pseudopapilledema,1,4,2343,"[448.0, 136.0]",362.03867196751236,0.7273819670081138,0.24798208475112915,0.6805307865142822,-0.01514165848493576,0.6414539111194176,"[345.0, 215.0]"
pseudopapilledema_0355_WHC,pseudopapilledema,1,3,2344,"[479.0, 210.0]",45.254833995939045,0.8339625358581543,0.15635651350021362,0.9364466667175293,-0.11046677827835083,-1.0340125445163801,"[387.0, 213.0]"
pseudopapilledema_0356_WHC,pseudopapilledema,1,4,2345,"[393.0, 218.0]",35.918785545899944,0.806830072402954,0.16856008768081665,0.8908666372299194,-0.07331669330596924,-0.4758136255763581,"[362.0, 261.0]"
pseudopapilledema_0356_WHC,pseudopapilledema,2,3,2346,"[411.0, 325.0]",57.01751796098172,0.8637040317058562,0.22334402799606323,0.8876792788505554,-0.09492254257202148,-0.4136702720154448,"[362.0, 261.0]"
pseudopapilledema_0357_WHC,pseudopapilledema,1,4,2347,"[260.0, 398.0]",35.918785545899944,0.5909683994948863,0.027932286262512207,0.8020018935203552,-0.00817393884062767,-3.622878620584559,"[286.0, 234.0]"
pseudopapilledema_0357_WHC,pseudopapilledema,2,4,2348,"[262.0, 393.0]",45.254833995939045,0.5967700660228729,0.034650444984436035,0.8006935715675354,-0.008170604705810547,-2.5532363109213545,"[286.0, 234.0]"
pseudopapilledema_0358_WHC,pseudopapilledema,1,3,2349,"[264.0, 232.0]",35.918785545899944,0.7606993615627289,0.06410342454910278,0.9706080555915833,-0.08585149049758911,0.29568272153804,"[256.0, 256.0]"
pseudopapilledema_0358_WHC,pseudopapilledema,2,3,2350,"[254.0, 291.0]",35.918785545899944,0.7574930429458617,0.06086158752441406,0.9717837572097778,-0.08191412687301636,0.02398993303608765,"[256.0, 256.0]"
pseudopapilledema_0358_WHC,pseudopapilledema,3,3,2351,"[205.0, 300.0]",35.918785545899944,0.7483174443244933,0.0560380220413208,0.9668878316879272,-0.07728970050811768,-0.8752654203778985,"[256.0, 256.0]"
pseudopapilledema_0360_WHC,pseudopapilledema,1,3,2352,"[418.0, 190.0]",45.254833995939045,0.7911502659320832,0.11768722534179688,0.9396358132362366,-0.07858985662460327,-0.4955990125197327,"[403.0, 256.0]"
pseudopapilledema_0360_WHC,pseudopapilledema,2,3,2353,"[355.0, 275.0]",57.01751796098172,0.8715232014656067,0.1977887749671936,0.9352681636810303,-0.09523355960845947,0.09460039926872366,"[403.0, 256.0]"
pseudopapilledema_0363_WHC,pseudopapilledema,1,4,2354,"[110.0, 220.0]",45.254833995939045,0.5118921741843223,0.08751505613327026,0.600457489490509,-0.02028437703847885,-2.479010725048142,"[252.0, 288.0]"
