filename,status,class,centre,radius,blob_score,blob_contrast,blob_brightness,blob_response,final_score,vessel_centre
normal_0001_EDD.jpg,ok,normal,"[475.0, 205.0]",57.01751796098172,0.7981038630008697,0.10552078485488892,0.9525424838066101,-0.1290166974067688,0.46457376370120307,"[501.0, 221.0]"
normal_0002_EDD.jpg,ok,normal,"[120.0, 191.0]",45.254833995939045,0.8068802237510682,0.0933312177658081,0.9831911325454712,-0.12657606601715088,0.6090626249000999,"[107.0, 179.0]"
normal_0003_EDD.jpg,ok,normal,"[468.0, 216.0]",57.01751796098172,0.8117210149765014,0.10473072528839111,0.9725174903869629,-0.13114023208618164,0.42737501381642284,"[493.0, 237.0]"
normal_0004_EDD.jpg,negative_score,normal,"[361.0, 281.0]",45.254833995939045,0.7470295965671538,0.04103058576583862,0.9763960242271423,-0.11260896921157837,-2.598637980194729,"[512.0, 220.0]"
normal_0005_EDD.jpg,ok,normal,"[123.0, 188.0]",45.254833995939045,0.9545757412910462,0.2847442030906677,0.9137779474258423,-0.1509348750114441,0.7423058983988962,"[117.0, 198.0]"
normal_0006_EDD.jpg,ok,normal,"[345.0, 202.0]",45.254833995939045,0.7824283182621001,0.09207111597061157,0.9510911107063293,-0.12296712398529053,0.6678079433520423,"[360.0, 201.0]"
normal_0007_EDD.jpg,ok,normal,"[322.0, 198.0]",57.01751796098172,0.7901777863502502,0.09386903047561646,0.9573296308517456,-0.13089007139205933,0.5426526696820528,"[300.0, 184.0]"
normal_0008_EDD.jpg,ok,normal,"[114.0, 184.0]",35.918785545899944,0.8373738288879394,0.11651194095611572,0.9905526638031006,-0.1373751163482666,0.559801700961275,"[101.0, 193.0]"
normal_0009_EDD.jpg,ok,normal,"[112.0, 181.0]",35.918785545899944,0.7989298045635224,0.0814206600189209,0.9904946684837341,-0.12081438302993774,0.3645268325718176,"[101.0, 201.0]"
normal_0010_EDD.jpg,ok,normal,"[256.0, 240.0]",114.03503592196344,0.8571806550025939,0.19623494148254395,0.9173105359077454,-0.09414169192314148,0.5767992384280938,"[283.0, 200.0]"
normal_0011_EDD.jpg,ok,normal,"[140.0, 186.0]",45.254833995939045,0.8923809587955475,0.1831188201904297,0.9723209738731384,-0.1431872844696045,0.5848334295129243,"[123.0, 178.0]"
normal_0012_EDD.jpg,ok,normal,"[332.0, 204.0]",71.83757109179989,0.8381584703922271,0.15513163805007935,0.9361669421195984,-0.13854986429214478,0.8500738617609189,"[342.0, 208.0]"
normal_0013_EDD.jpg,ok,normal,"[475.0, 197.0]",35.918785545899944,0.9703651905059815,0.2708573341369629,0.9553581476211548,-0.15378576517105103,0.35906160198474313,"[498.0, 198.0]"
normal_0014_EDD.jpg,ok,normal,"[184.0, 168.0]",90.50966799187809,0.8112399518489837,0.0983172059059143,0.9796553254127502,-0.13582009077072144,0.35652311618831256,"[128.0, 184.0]"
normal_0015_EDD.jpg,ok,normal,"[313.0, 218.0]",45.254833995939045,0.8221842944622039,0.15473109483718872,0.9144782423973083,-0.13659214973449707,0.5658611253296937,"[294.0, 213.0]"
normal_0016_EDD.jpg,ok,normal,"[139.0, 194.0]",57.01751796098172,0.847087961435318,0.15807849168777466,0.9446712136268616,-0.13869810104370117,0.5261366482016645,"[118.0, 211.0]"
normal_0017_EDD.jpg,ok,normal,"[136.0, 177.0]",35.918785545899944,0.8739383697509765,0.15420383214950562,0.9879382848739624,-0.14088869094848633,0.12845183351221479,"[122.0, 205.0]"
normal_0018_EDD.jpg,ok,normal,"[472.0, 177.0]",35.918785545899944,0.8636228501796721,0.14835482835769653,0.9830288290977478,-0.13573920726776123,0.6887327976829338,"[483.0, 179.0]"
normal_0019_EDD.jpg,ok,normal,"[506.0, 202.0]",45.254833995939045,0.8335843443870544,0.1322871446609497,0.9630105495452881,-0.13594907522201538,0.6656103975151142,"[521.0, 204.0]"
normal_0020_EDD.jpg,ok,normal,"[170.0, 192.0]",71.83757109179989,0.7970684587955474,0.1080324649810791,0.9480791091918945,-0.12690308690071106,0.5330991965244009,"[137.0, 186.0]"
normal_0021_EDD.jpg,ok,normal,"[304.0, 174.0]",71.83757109179989,0.8258476674556732,0.12297290563583374,0.9650081992149353,-0.13684511184692383,0.8412842461443847,"[295.0, 181.0]"
normal_0022_EDD.jpg,ok,normal,"[498.0, 222.0]",45.254833995939045,0.8280534923076629,0.13278990983963013,0.9510035514831543,-0.14780548214912415,0.41161967550741474,"[513.0, 244.0]"
normal_0023_EDD.jpg,ok,normal,"[182.0, 210.0]",90.50966799187809,0.8116007685661315,0.12600141763687134,0.9488484859466553,-0.10702705383300781,0.4599759481629545,"[140.0, 185.0]"
normal_0024_EDD.jpg,ok,normal,"[314.0, 212.0]",71.83757109179989,0.7683420777320861,0.08300703763961792,0.9438144564628601,-0.12332460284233093,0.7215941505811441,"[334.0, 212.0]"
normal_0025_EDD.jpg,ok,normal,"[438.0, 200.0]",90.50966799187809,0.8086178541183472,0.11713016033172607,0.9598009586334229,-0.09813511371612549,0.17128558711399267,"[493.0, 251.0]"
normal_0026_EDD.jpg,ok,normal,"[196.0, 212.0]",114.03503592196344,0.8611251771450041,0.16338956356048584,0.9605250954627991,-0.1268402338027954,0.4389745424320842,"[138.0, 185.0]"
normal_0027_EDD.jpg,ok,normal,"[488.0, 210.0]",45.254833995939045,0.8311423003673553,0.12380892038345337,0.9698469042778015,-0.1422027349472046,0.5647378663379963,"[506.0, 202.0]"
normal_0028_EDD.jpg,ok,normal,"[204.0, 224.0]",143.67514218359977,0.8267220199108124,0.1290607452392578,0.9790219664573669,-0.061729490756988525,0.364793701958275,"[129.0, 172.0]"
normal_0029_EDD.jpg,ok,normal,"[109.0, 199.0]",45.254833995939045,0.8155364394187926,0.10370540618896484,0.9773750305175781,-0.13834255933761597,0.5255554234159695,"[90.0, 209.0]"
normal_0030_EDD.jpg,ok,normal,"[477.0, 181.0]",35.918785545899944,0.8396975100040436,0.13865786790847778,0.9598070979118347,-0.14587336778640747,0.42605163802812585,"[496.0, 189.0]"
normal_0031_EDD.jpg,ok,normal,"[300.0, 198.0]",90.50966799187809,0.8227175831794739,0.10938423871994019,0.9797296524047852,-0.1376129388809204,0.6836178635731783,"[328.0, 204.0]"
normal_0032_EDD.jpg,ok,normal,"[288.0, 228.0]",143.67514218359977,0.8906831562519073,0.1881529688835144,0.9853323698043823,-0.06398764252662659,0.8115611905449556,"[286.0, 201.0]"
normal_0033_EDD.jpg,ok,normal,"[192.0, 216.0]",143.67514218359977,0.7917122721672057,0.09323430061340332,0.9800731539726257,-0.06213381886482239,0.3382368505295221,"[100.0, 192.0]"
normal_0034_EDD.jpg,ok,normal,"[134.0, 206.0]",90.50966799187809,0.7986359119415283,0.10243046283721924,0.9576718807220459,-0.12917566299438477,0.4366326132087517,"[96.0, 172.0]"
normal_0035_EDD.jpg,ok,normal,"[128.0, 217.0]",35.918785545899944,0.8309688448905945,0.1176750659942627,0.9826582670211792,-0.12716495990753174,0.5074497719209882,"[116.0, 230.0]"
normal_0036_EDD.jpg,ok,normal,"[474.0, 215.0]",35.918785545899944,0.8129965722560881,0.11306256055831909,0.9546170830726624,-0.1585102677345276,0.4048362715628576,"[478.0, 194.0]"
normal_0037_EDD.jpg,ok,normal,"[260.0, 200.0]",71.83757109179989,0.7703905105590819,0.062390148639678955,0.9754009246826172,-0.12609857320785522,0.8318004661077157,"[265.0, 211.0]"
normal_0038_EDD.jpg,ok,normal,"[304.0, 204.0]",114.03503592196344,0.8332729995250701,0.11926472187042236,0.9869609475135803,-0.11567807197570801,0.5764359759049249,"[347.0, 182.0]"
normal_0039_EDD.jpg,ok,normal,"[137.0, 207.0]",45.254833995939045,0.8299996018409729,0.14498579502105713,0.938043475151062,-0.14191687107086182,0.6016391005005637,"[119.0, 208.0]"
normal_0040_EDD.jpg,ok,normal,"[278.0, 210.0]",57.01751796098172,0.7726074218749999,0.0936846137046814,0.9338803291320801,-0.12603288888931274,0.6663078599201646,"[259.0, 209.0]"
normal_0041_EDD.jpg,ok,normal,"[278.0, 200.0]",71.83757109179989,0.7895717799663543,0.10905760526657104,0.9362702369689941,-0.12562504410743713,0.7181355602148427,"[259.0, 207.0]"
normal_0042_EDD.jpg,ok,normal,"[132.0, 211.0]",57.01751796098172,0.8103898048400878,0.12617802619934082,0.9384018778800964,-0.13665232062339783,0.6137552749908222,"[110.0, 212.0]"
normal_0043_EDD.jpg,negative_score,normal,"[474.0, 250.0]",45.254833995939045,0.8281242668628692,0.1312214732170105,0.9542377591133118,-0.14468181133270264,-0.8855173776048844,"[459.0, 334.0]"
normal_0044_EDD.jpg,ok,normal,"[278.0, 230.0]",114.03503592196344,0.8553280770778656,0.14733344316482544,0.9764008522033691,-0.12257018685340881,0.7268837357484771,"[309.0, 227.0]"
normal_0045_EDD.jpg,ok,normal,"[422.0, 208.0]",90.50966799187809,0.8135277390480041,0.1040259599685669,0.977828860282898,-0.12510788440704346,0.22368747735689598,"[486.0, 237.0]"
normal_0046_EDD.jpg,ok,normal,"[298.0, 230.0]",114.03503592196344,0.8501801013946533,0.140896737575531,0.9887024164199829,-0.08595836162567139,0.6788735448615922,"[319.0, 200.0]"
normal_0047_EDD.jpg,ok,normal,"[314.0, 210.0]",90.50966799187809,0.8594108402729034,0.1427006721496582,0.9814066290855408,-0.1486276388168335,0.9752947057799345,"[316.0, 209.0]"
normal_0048_EDD.jpg,ok,normal,"[456.0, 212.0]",71.83757109179989,0.8271915137767791,0.14609301090240479,0.9352017641067505,-0.13228633999824524,0.7202055841147985,"[476.0, 214.0]"
normal_0049_EDD.jpg,ok,normal,"[130.0, 192.0]",45.254833995939045,0.7510055124759674,0.03908741474151611,0.9818088412284851,-0.1232595443725586,0.8023576462394764,"[122.0, 188.0]"
normal_0050_EDD.jpg,ok,normal,"[282.0, 216.0]",90.50966799187809,0.8517423152923583,0.14287132024765015,0.970163106918335,-0.1487841010093689,0.34813593609365157,"[282.0, 275.0]"
normal_0051_EDD.jpg,ok,normal,"[145.0, 182.0]",45.254833995939045,0.8035923898220062,0.10991764068603516,0.951332151889801,-0.13871121406555176,0.5133621405500801,"[131.0, 165.0]"
normal_0052_EDD.jpg,ok,normal,"[308.0, 209.0]",45.254833995939045,0.7933219969272612,0.09111225605010986,0.9667550921440125,-0.12740588188171387,0.2980913298369937,"[293.0, 181.0]"
normal_0053_EDD.jpg,ok,normal,"[495.0, 202.0]",35.918785545899944,0.8793722987174988,0.16355758905410767,0.9795832633972168,-0.15053212642669678,0.6434665515486087,"[505.0, 194.0]"
normal_0054_EDD.jpg,ok,normal,"[396.0, 220.0]",143.67514218359977,0.8014348745346068,0.11502397060394287,0.9674252271652222,-0.046066224575042725,0.21523000845712004,"[508.0, 207.0]"
normal_0055_EDD.jpg,ok,normal,"[204.0, 220.0]",143.67514218359977,0.8097126632928847,0.11561405658721924,0.9743521809577942,-0.06026040017604828,0.3880610297292679,"[121.0, 191.0]"
normal_0056_EDD.jpg,ok,normal,"[292.0, 240.0]",143.67514218359977,0.8578289628028869,0.154859721660614,0.9869832396507263,-0.06040486693382263,0.6947041517949544,"[322.0, 208.0]"
normal_0057_EDD.jpg,ok,normal,"[294.0, 214.0]",90.50966799187809,0.8227069973945618,0.10944563150405884,0.9836676716804504,-0.12346997857093811,0.8429706934199861,"[303.0, 203.0]"
normal_0058_EDD.jpg,ok,normal,"[278.0, 206.0]",90.50966799187809,0.7914653360843659,0.09434258937835693,0.9626209735870361,-0.11644032597541809,0.9109237949141299,"[286.0, 207.0]"
normal_0059_EDD.jpg,ok,normal,"[317.0, 218.0]",45.254833995939045,0.7640282869338989,0.050611138343811035,0.9854875802993774,-0.11787921190261841,0.6436951796565195,"[325.0, 204.0]"
normal_0060_EDD.jpg,ok,normal,"[276.0, 261.0]",45.254833995939045,0.7739353418350219,0.06216120719909668,0.9831448793411255,-0.11786359548568726,0.5848334295129243,"[268.0, 278.0]"
normal_0061_EDD.jpg,ok,normal,"[465.0, 214.0]",35.918785545899944,0.80966756939888,0.08972597122192383,0.9905264973640442,-0.13286525011062622,0.6825684922887694,"[476.0, 211.0]"
normal_0062_EDD.jpg,ok,normal,"[180.0, 224.0]",90.50966799187809,0.7965224921703338,0.09858274459838867,0.9684126973152161,-0.10025429725646973,0.27972308927399325,"[131.0, 181.0]"
normal_0063_EDD.jpg,ok,normal,"[474.0, 214.0]",45.254833995939045,0.8542263627052307,0.14709603786468506,0.9687834978103638,-0.14490938186645508,0.6355655065721688,"[490.0, 210.0]"
normal_0064_EDD.jpg,ok,normal,"[279.0, 191.0]",57.01751796098172,0.7778231859207153,0.08412742614746094,0.9547420740127563,-0.12688153982162476,0.7488873319060585,"[265.0, 194.0]"
normal_0065_EDD.jpg,ok,normal,"[136.0, 195.0]",45.254833995939045,0.8242600798606872,0.12090080976486206,0.9646472930908203,-0.14053082466125488,0.6875,"[122.0, 193.0]"
normal_0066_EDD.jpg,ok,normal,"[475.0, 213.0]",45.254833995939045,0.8395570039749145,0.1286960244178772,0.9764120578765869,-0.13686269521713257,0.6656103975151142,"[490.0, 215.0]"
normal_0067_EDD.jpg,ok,normal,"[135.0, 195.0]",45.254833995939045,0.8079608559608459,0.10040122270584106,0.9738578796386719,-0.12929558753967285,0.7339158380324,"[123.0, 194.0]"
normal_0068_EDD.jpg,ok,normal,"[274.0, 216.0]",90.50966799187809,0.817597097158432,0.13020646572113037,0.9469050168991089,-0.12278559803962708,0.734375,"[267.0, 193.0]"
normal_0069_EDD.jpg,ok,normal,"[128.0, 201.0]",57.01751796098172,0.7864697456359863,0.08877021074295044,0.9622730016708374,-0.12054216861724854,0.5894349551052224,"[106.0, 209.0]"
normal_0070_EDD.jpg,ok,normal,"[485.0, 189.0]",45.254833995939045,0.8103809833526611,0.09544610977172852,0.9835375547409058,-0.13229292631149292,0.3352485191817923,"[514.0, 181.0]"
normal_0071_EDD.jpg,negative_score,normal,"[139.0, 194.0]",45.254833995939045,0.8097016394138337,0.0986284613609314,0.9738776087760925,-0.14679425954818726,-4.296160534410753,"[268.0, 396.0]"
normal_0072_EDD.jpg,ok,normal,"[294.0, 208.0]",90.50966799187809,0.8234103858470916,0.11076861619949341,0.9772050976753235,-0.14299100637435913,0.8449263028025062,"[293.0, 194.0]"
normal_0073_EDD.jpg,ok,normal,"[304.0, 222.0]",114.03503592196344,0.8650837123394012,0.15265315771102905,0.9804368615150452,-0.13062375783920288,0.7805938165923383,"[329.0, 221.0]"
normal_0074_EDD.jpg,ok,normal,"[162.0, 204.0]",90.50966799187809,0.8093293964862823,0.11172354221343994,0.9641968011856079,-0.11334046721458435,0.3632932324747129,"[117.0, 168.0]"
normal_0075_EDD.jpg,ok,normal,"[164.0, 198.0]",71.83757109179989,0.8410343825817107,0.1365976333618164,0.9658376574516296,-0.1417519450187683,0.48815707348020787,"[138.0, 224.0]"
normal_0076_EDD.jpg,ok,normal,"[509.0, 229.0]",45.254833995939045,0.8527794420719146,0.17093759775161743,0.9307021498680115,-0.15175169706344604,0.8218475898282598,"[517.0, 228.0]"
normal_0077_EDD.jpg,ok,normal,"[308.0, 212.0]",71.83757109179989,0.7942237615585327,0.10200130939483643,0.9517415761947632,-0.1300167441368103,0.8255792352704985,"[319.0, 218.0]"
normal_0078_EDD.jpg,ok,normal,"[298.0, 214.0]",71.83757109179989,0.7990865230560302,0.10946297645568848,0.947396993637085,-0.13222825527191162,0.7838989478580509,"[283.0, 210.0]"
normal_0079_EDD.jpg,ok,normal,"[108.0, 197.0]",45.254833995939045,0.8469424605369568,0.14534157514572144,0.9628274440765381,-0.13810837268829346,0.6464466094067263,"[92.0, 197.0]"
normal_0080_EDD.jpg,ok,normal,"[278.0, 222.0]",57.01751796098172,0.8066699624061584,0.14860498905181885,0.9017961025238037,-0.134038507938385,0.693703798041084,"[295.0, 226.0]"
normal_0081_EDD.jpg,ok,normal,"[507.0, 256.0]",45.254833995939045,0.8534885942935942,0.14442980289459229,0.9745637774467468,-0.13432073593139648,0.6922231936938718,"[520.0, 251.0]"
normal_0082_EDD.jpg,ok,normal,"[463.0, 208.0]",57.01751796098172,0.8104019701480865,0.11720007658004761,0.9520582556724548,-0.13380557298660278,0.6838207445357983,"[481.0, 209.0]"
normal_0083_EDD.jpg,ok,normal,"[272.0, 222.0]",90.50966799187809,0.8190884232521056,0.10885274410247803,0.974549412727356,-0.14025545120239258,0.5788490008767639,"[310.0, 225.0]"
normal_0084_EDD.jpg,ok,normal,"[442.0, 208.0]",71.83757109179989,0.8254031360149383,0.11966437101364136,0.9691528677940369,-0.13665878772735596,0.5941572211987767,"[471.0, 205.0]"
normal_0085_EDD.jpg,ok,normal,"[328.0, 202.0]",90.50966799187809,0.8223446071147918,0.1020134687423706,0.9871620535850525,-0.1465885043144226,0.7790291308792039,"[348.0, 202.0]"
normal_0086_EDD.jpg,ok,normal,"[168.0, 208.0]",90.50966799187809,0.8367526471614838,0.12438273429870605,0.9774269461631775,-0.14085525274276733,0.4119309604200372,"[120.0, 185.0]"
normal_0087_EDD.jpg,ok,normal,"[296.0, 220.0]",143.67514218359977,0.8542941927909851,0.15298539400100708,0.9840365648269653,-0.062416017055511475,0.7112587717340119,"[336.0, 209.0]"
normal_0088_EDD.jpg,ok,normal,"[483.0, 214.0]",35.918785545899944,0.8212996006011962,0.10024833679199219,0.9909416437149048,-0.13696056604385376,0.5137850867965528,"[500.0, 210.0]"
normal_0089_EDD.jpg,ok,normal,"[444.0, 214.0]",90.50966799187809,0.8021730780601501,0.10294795036315918,0.9633559584617615,-0.12437978386878967,0.3996054357237234,"[497.0, 226.0]"
normal_0090_EDD.jpg,ok,normal,"[292.0, 186.0]",90.50966799187809,0.8164795458316803,0.09404051303863525,0.9902326464653015,-0.14638090133666992,0.5978269476176954,"[279.0, 220.0]"
normal_0091_EDD.jpg,ok,normal,"[166.0, 204.0]",90.50966799187809,0.8103967249393463,0.10150748491287231,0.9752787947654724,-0.13097041845321655,0.4898491338339217,"[120.0, 200.0]"
normal_0092_EDD.jpg,ok,normal,"[286.0, 234.0]",57.01751796098172,0.7720392882823944,0.09533542394638062,0.931037962436676,-0.12488645315170288,0.5229020485232903,"[308.0, 218.0]"
normal_0093_EDD.jpg,ok,normal,"[286.0, 196.0]",90.50966799187809,0.820627099275589,0.11748820543289185,0.9661457538604736,-0.134184330701828,0.9601639100500564,"[288.0, 199.0]"
normal_0094_EDD.jpg,ok,normal,"[124.0, 194.0]",45.254833995939045,0.8830445051193238,0.1920645833015442,0.9451454877853394,-0.14689040184020996,0.2977435920548678,"[111.0, 223.0]"
normal_0095_EDD.jpg,ok,normal,"[469.0, 217.0]",45.254833995939045,0.8794531047344207,0.19108688831329346,0.9410722851753235,-0.1480780839920044,0.5034297318102905,"[490.0, 209.0]"
normal_0096_EDD.jpg,ok,normal,"[328.0, 218.0]",114.03503592196344,0.8653196156024932,0.14767956733703613,0.9873325824737549,-0.13253620266914368,0.7718313196277601,"[354.0, 217.0]"
normal_0097_EDD.jpg,ok,normal,"[454.0, 225.0]",57.01751796098172,0.8548808753490447,0.17677843570709229,0.9282706379890442,-0.1415649652481079,0.5507960033044834,"[474.0, 209.0]"
normal_0098_EDD.jpg,ok,normal,"[313.0, 197.0]",45.254833995939045,0.778040212392807,0.10258924961090088,0.9291854500770569,-0.12510573863983154,0.7118892357095973,"[300.0, 196.0]"
normal_0099_EDD.jpg,ok,normal,"[123.0, 186.0]",35.918785545899944,0.8291620910167694,0.11965352296829224,0.9786476492881775,-0.12227606773376465,0.7478927808801967,"[114.0, 187.0]"
normal_0100_EDD.jpg,ok,normal,"[302.0, 222.0]",90.50966799187809,0.8142210066318512,0.11522513628005981,0.9581573009490967,-0.14142879843711853,0.8559446178547987,"[315.0, 221.0]"
normal_0101_EDD.jpg,ok,normal,"[108.0, 205.0]",45.254833995939045,0.7918954372406005,0.09728831052780151,0.9545164108276367,-0.13222819566726685,0.3888247745122517,"[90.0, 184.0]"
normal_0102_EDD.jpg,ok,normal,"[300.0, 228.0]",114.03503592196344,0.8557611525058746,0.13927382230758667,0.9892296195030212,-0.12013298273086548,0.9332154978135356,"[303.0, 235.0]"
normal_0103_EDD.jpg,ok,normal,"[452.0, 232.0]",45.254833995939045,0.8128294169902801,0.09922409057617188,0.9819716811180115,-0.13112574815750122,0.5967660031073769,"[470.0, 235.0]"
normal_0104_EDD.jpg,ok,normal,"[298.0, 206.0]",90.50966799187809,0.815670359134674,0.11224609613418579,0.96479332447052,-0.14034467935562134,0.7231242945832914,"[320.0, 194.0]"
normal_0105_EDD.jpg,ok,normal,"[298.0, 208.0]",90.50966799187809,0.8149980723857879,0.11930930614471436,0.959660530090332,-0.11963197588920593,0.8342718481594029,"[307.0, 220.0]"
normal_0106_EDD.jpg,ok,normal,"[115.0, 209.0]",45.254833995939045,0.7932655751705169,0.08528071641921997,0.9770476222038269,-0.12025761604309082,0.6402854864618333,"[103.0, 198.0]"
normal_0107_EDD.jpg,ok,normal,"[272.0, 216.0]",90.50966799187809,0.8093946158885955,0.10068124532699585,0.9769276976585388,-0.12431991100311279,0.9109237949141299,"[265.0, 212.0]"
normal_0108_EDD.jpg,ok,normal,"[487.0, 215.0]",45.254833995939045,0.8480947852134705,0.13538134098052979,0.9744237661361694,-0.15308403968811035,0.5749540466020174,"[506.0, 218.0]"
normal_0109_EDD.jpg,ok,normal,"[280.0, 230.0]",90.50966799187809,0.813138210773468,0.11138397455215454,0.9645149111747742,-0.1329689919948578,0.8779648488139585,"[279.0, 219.0]"
normal_0110_EDD.jpg,ok,normal,"[320.0, 214.0]",90.50966799187809,0.8191091537475585,0.11823594570159912,0.9635398387908936,-0.13197660446166992,0.7999023675802235,"[338.0, 212.0]"
normal_0111_EDD.jpg,ok,normal,"[455.0, 218.0]",57.01751796098172,0.8401874125003814,0.15447139739990234,0.9407727122306824,-0.13587558269500732,0.575801015024064,"[479.0, 215.0]"
normal_0112_EDD.jpg,ok,normal,"[298.0, 226.0]",71.83757109179989,0.8229060530662535,0.14775627851486206,0.9254170656204224,-0.13678914308547974,0.6795308009923715,"[321.0, 225.0]"
normal_0113_EDD.jpg,ok,normal,"[110.0, 219.0]",45.254833995939045,0.8798101246356963,0.19880330562591553,0.9324782490730286,-0.14136022329330444,0.5807372542187894,"[92.0, 213.0]"
normal_0114_EDD.jpg,ok,normal,"[148.0, 154.0]",90.50966799187809,0.7651168227195739,0.06792491674423218,0.9683152437210083,-0.09685617685317993,0.14518253958812943,"[79.0, 189.0]"
normal_0115_EDD.jpg,ok,normal,"[456.0, 191.0]",45.254833995939045,0.7892437458038329,0.0875091552734375,0.968052864074707,-0.12048792839050293,0.6430106356626293,"[471.0, 197.0]"
normal_0116_EDD.jpg,negative_score,normal,"[210.0, 214.0]",71.83757109179989,0.7148490130901336,0.05368226766586304,0.9231241345405579,-0.07489925622940063,-3.597828562052494,"[540.0, 228.0]"
normal_0117_EDD.jpg,ok,normal,"[284.0, 208.0]",90.50966799187809,0.8091119527816772,0.09592604637145996,0.9840508103370667,-0.12175169587135315,0.2677890928837512,"[350.0, 202.0]"
normal_0118_EDD.jpg,ok,normal,"[301.0, 220.0]",57.01751796098172,0.7692113637924194,0.07988899946212769,0.9492186307907104,-0.12434661388397217,0.6932020840243058,"[286.0, 229.0]"
normal_0119_EDD.jpg,ok,normal,"[498.0, 222.0]",45.254833995939045,0.8541346311569213,0.18642371892929077,0.9105061292648315,-0.15178310871124268,0.59375,"[515.0, 215.0]"
normal_0120_EDD.jpg,ok,normal,"[124.0, 189.0]",35.918785545899944,0.8275433540344238,0.11183667182922363,0.9854545593261719,-0.12944245338439941,0.7433224894112469,"[118.0, 182.0]"
normal_0121_EDD.jpg,ok,normal,"[306.0, 200.0]",71.83757109179989,0.7641962587833404,0.06255215406417847,0.9661551713943481,-0.12667742371559143,0.6918611906728925,"[299.0, 221.0]"
normal_0122_EDD.jpg,ok,normal,"[466.0, 204.0]",71.83757109179989,0.798883843421936,0.10664141178131104,0.951848566532135,-0.12974217534065247,0.542109123305927,"[497.0, 215.0]"
normal_0123_EDD.jpg,ok,normal,"[310.0, 224.0]",35.918785545899944,0.8142830789089203,0.10352838039398193,0.9815097451210022,-0.11848938465118408,0.6338142774577387,"[297.0, 226.0]"
normal_0124_EDD.jpg,ok,normal,"[302.0, 232.0]",35.918785545899944,0.8122163593769074,0.09638047218322754,0.9871265292167664,-0.1242365837097168,0.3023169410819939,"[324.0, 220.0]"
normal_0125_EDD.jpg,ok,normal,"[474.0, 228.0]",35.918785545899944,0.8787817120552063,0.16559147834777832,0.9761010408401489,-0.14959752559661865,0.38372238134578507,"[495.0, 221.0]"
normal_0126_EDD.jpg,ok,normal,"[141.0, 181.0]",45.254833995939045,0.8309825897216796,0.12891161441802979,0.9651085138320923,-0.1324750781059265,0.6016391005005637,"[124.0, 175.0]"
normal_0127_EDD.jpg,ok,normal,"[486.0, 206.0]",57.01751796098172,0.8472101807594299,0.153620183467865,0.949120044708252,-0.14602982997894287,0.5339912809014993,"[511.0, 197.0]"
normal_0128_EDD.jpg,ok,normal,"[316.0, 220.0]",90.50966799187809,0.843894100189209,0.1341230869293213,0.9718254804611206,-0.14746588468551636,0.7820886612346664,"[333.0, 210.0]"
normal_0129_EDD.jpg,ok,normal,"[106.0, 194.0]",57.01751796098172,0.8304916322231292,0.13656610250473022,0.9488282799720764,-0.14872866868972778,0.6799529645716542,"[88.0, 191.0]"
normal_0130_EDD.jpg,ok,normal,"[300.0, 214.0]",71.83757109179989,0.8063260257244109,0.10246193408966064,0.9669082760810852,-0.1351414918899536,0.5992019265102557,"[290.0, 241.0]"
normal_0131_EDD.jpg,ok,normal,"[316.0, 224.0]",90.50966799187809,0.8260261416435241,0.12805211544036865,0.9611750841140747,-0.1257573366165161,0.6788311751391489,"[342.0, 237.0]"
normal_0132_EDD.jpg,ok,normal,"[487.0, 222.0]",45.254833995939045,0.8309447526931762,0.12236976623535156,0.9747505187988281,-0.1312481164932251,0.7118892357095973,"[498.0, 229.0]"
normal_0133_EDD.jpg,ok,normal,"[152.0, 200.0]",71.83757109179989,0.805480670928955,0.11009085178375244,0.9584794044494629,-0.12227118015289307,0.6887327976829338,"[130.0, 204.0]"
normal_0134_EDD.jpg,ok,normal,"[296.0, 208.0]",90.50966799187809,0.8350966751575469,0.1223372220993042,0.9808457493782043,-0.13083714246749878,0.6795922397748457,"[276.0, 229.0]"
normal_0135_EDD.jpg,ok,normal,"[465.0, 225.0]",57.01751796098172,0.8780581057071686,0.18871521949768066,0.943504273891449,-0.14444947242736816,0.693703798041084,"[482.0, 221.0]"
normal_0136_EDD.jpg,ok,normal,"[314.0, 222.0]",71.83757109179989,0.8405540108680725,0.16189050674438477,0.928642988204956,-0.14306706190109253,0.868676223476416,"[322.0, 217.0]"
normal_0137_EDD.jpg,ok,normal,"[296.0, 206.0]",71.83757109179989,0.811630642414093,0.12648111581802368,0.9425436854362488,-0.12684473395347595,0.559801700961275,"[314.0, 232.0]"
normal_0138_EDD.jpg,ok,normal,"[310.0, 218.0]",71.83757109179989,0.7781898081302642,0.09264367818832397,0.94420325756073,-0.1230192482471466,0.6259609383124596,"[329.0, 237.0]"
normal_0139_EDD.jpg,ok,normal,"[412.0, 210.0]",90.50966799187809,0.830872917175293,0.13886487483978271,0.9561526775360107,-0.11350584030151367,0.3392084233190469,"[468.0, 231.0]"
normal_0140_EDD.jpg,ok,normal,"[308.0, 200.0]",90.50966799187809,0.8283593714237213,0.1294906735420227,0.9597516655921936,-0.13521265983581543,0.4997559189505587,"[331.0, 239.0]"
normal_0141_EDD.jpg,ok,normal,"[284.0, 228.0]",114.03503592196344,0.8706625819206237,0.15646803379058838,0.984536349773407,-0.12509551644325256,0.8446087642854294,"[267.0, 233.0]"
normal_0142_EDD.jpg,ok,normal,"[472.0, 220.0]",57.01751796098172,0.8272637248039245,0.1412372589111328,0.9392355680465698,-0.14280784130096436,0.6384351885994768,"[491.0, 212.0]"
normal_0143_EDD.jpg,ok,normal,"[425.0, 207.0]",35.918785545899944,0.8682535171508788,0.167682945728302,0.9588453769683838,-0.14689403772354126,0.6043109423788899,"[436.0, 198.0]"
normal_0144_EDD.jpg,ok,normal,"[284.0, 227.0]",35.918785545899944,0.8672988593578338,0.15936434268951416,0.971354067325592,-0.13993334770202637,0.5642259167561074,"[298.0, 220.0]"
normal_0145_EDD.jpg,ok,normal,"[264.0, 200.0]",143.67514218359977,0.8479002952575683,0.14386212825775146,0.9837036728858948,-0.07722797989845276,0.7814469750369979,"[283.0, 225.0]"
normal_0146_EDD.jpg,ok,normal,"[206.0, 198.0]",114.03503592196344,0.7831426620483398,0.07502490282058716,0.9893803596496582,-0.07775753736495972,0.25332656633791184,"[121.0, 193.0]"
normal_0147_EDD.jpg,ok,normal,"[294.0, 238.0]",114.03503592196344,0.8801381945610046,0.1787029504776001,0.9660712480545044,-0.12592685222625732,0.8419103722678991,"[293.0, 220.0]"
normal_0148_EDD.jpg,ok,normal,"[306.0, 224.0]",90.50966799187809,0.8296482980251312,0.10854989290237427,0.9887499213218689,-0.14486730098724365,0.7722284416076055,"[286.0, 229.0]"
normal_0149_EDD.jpg,ok,normal,"[130.0, 193.0]",57.01751796098172,0.7831371247768402,0.08671534061431885,0.9578238129615784,-0.12972557544708252,0.7328619912541425,"[116.0, 199.0]"
normal_0150_EDD.jpg,ok,normal,"[166.0, 208.0]",90.50966799187809,0.8282709062099457,0.12665128707885742,0.9623202681541443,-0.13997715711593628,0.4777882822791124,"[119.0, 203.0]"
normal_0151_EDD.jpg,ok,normal,"[294.0, 212.0]",90.50966799187809,0.8434609353542327,0.1407468318939209,0.9617780447006226,-0.1473473608493805,0.5792839994426169,"[329.0, 197.0]"
normal_0152_EDD.jpg,ok,normal,"[433.0, 187.0]",45.254833995939045,0.7987360596656798,0.11271005868911743,0.9386618137359619,-0.1448136568069458,0.4961088907313407,"[451.0, 201.0]"
normal_0153_EDD.jpg,ok,normal,"[158.0, 215.0]",45.254833995939045,0.7934577584266662,0.10363936424255371,0.9465413093566895,-0.13619738817214966,0.5795742485289466,"[139.0, 214.0]"
normal_0154_EDD.jpg,ok,normal,"[289.0, 216.0]",57.01751796098172,0.7804621160030364,0.10705769062042236,0.9253208041191101,-0.1283993124961853,0.7640440249208971,"[299.0, 207.0]"
normal_0155_EDD.jpg,ok,normal,"[410.0, 203.0]",45.254833995939045,0.851121437549591,0.16309338808059692,0.9433755874633789,-0.13832569122314453,0.5889704238135655,"[421.0, 188.0]"
normal_0156_EDD.jpg,ok,normal,"[232.0, 220.0]",143.67514218359977,0.8237716168165207,0.11829954385757446,0.9887880682945251,-0.06660212576389313,0.2489166911820213,"[125.0, 206.0]"
normal_0157_EDD.jpg,ok,normal,"[300.0, 228.0]",143.67514218359977,0.8785591542720794,0.17480778694152832,0.9799090027809143,-0.08907532691955566,0.737629258081608,"[286.0, 193.0]"
normal_0158_EDD.jpg,ok,normal,"[153.0, 198.0]",35.918785545899944,0.8240074872970581,0.11886286735534668,0.9685056209564209,-0.13595342636108398,0.40223729095331984,"[143.0, 217.0]"
normal_0159_EDD.jpg,ok,normal,"[414.0, 180.0]",35.918785545899944,0.8483487129211426,0.14207535982131958,0.9674422740936279,-0.14531880617141724,0.2761447915109745,"[424.0, 204.0]"
normal_0160_EDD.jpg,ok,normal,"[294.0, 198.0]",71.83757109179989,0.7839836478233337,0.08154726028442383,0.9669070243835449,-0.12800735235214233,0.9498096717265604,"[291.0, 200.0]"
normal_0161_EDD.jpg,ok,normal,"[291.0, 195.0]",45.254833995939045,0.7925873219966888,0.10947465896606445,0.9363536238670349,-0.13832563161849976,0.6715031868495525,"[281.0, 206.0]"
normal_0162_EDD.jpg,ok,normal,"[294.0, 205.0]",45.254833995939045,0.7959733784198761,0.11532467603683472,0.9332957863807678,-0.13670825958251953,0.1194373247746644,"[306.0, 243.0]"
normal_0163_EDD.jpg,ok,normal,"[160.0, 192.0]",45.254833995939045,0.8276092112064362,0.11933684349060059,0.9746069312095642,-0.13023757934570312,0.3192805965377512,"[142.0, 217.0]"
normal_0164_EDD.jpg,ok,normal,"[308.0, 218.0]",71.83757109179989,0.7904699742794036,0.09657007455825806,0.954140841960907,-0.1300065517425537,0.5062709503831619,"[295.0, 251.0]"
normal_0165_EDD.jpg,ok,normal,"[318.0, 220.0]",71.83757109179989,0.779487907886505,0.0968625545501709,0.9381949305534363,-0.12944450974464417,0.7716902281412339,"[328.0, 233.0]"
normal_0166_EDD.jpg,ok,normal,"[116.0, 178.0]",57.01751796098172,0.7613988578319549,0.05598771572113037,0.9730874300003052,-0.12124970555305481,0.6799529645716542,"[98.0, 181.0]"
normal_0167_EDD.jpg,ok,normal,"[458.0, 224.0]",57.01751796098172,0.8128445506095886,0.1164557933807373,0.9545068740844727,-0.1411697268486023,0.6594645201456383,"[477.0, 220.0]"
normal_0168_EDD.jpg,ok,normal,"[282.0, 202.0]",114.03503592196344,0.863042014837265,0.14816713333129883,0.9870750904083252,-0.11961159110069275,0.6754198326208043,"[281.0, 165.0]"
normal_0169_EDD.jpg,ok,normal,"[280.0, 214.0]",57.01751796098172,0.8122878491878509,0.15142607688903809,0.9030439257621765,-0.14365512132644653,0.6766066013746157,"[292.0, 200.0]"
normal_0170_EDD.jpg,ok,normal,"[414.0, 191.0]",45.254833995939045,0.8867488861083984,0.189566969871521,0.9531841278076172,-0.14976513385772705,0.7093581994103395,"[427.0, 189.0]"
normal_0171_EDD.jpg,ok,normal,"[300.0, 208.0]",90.50966799187809,0.8047317266464232,0.0988849401473999,0.9731390476226807,-0.12324726581573486,0.7229039398286219,"[323.0, 198.0]"
normal_0172_EDD.jpg,ok,normal,"[138.0, 200.0]",45.254833995939045,0.8611390650272369,0.17019951343536377,0.9430673718452454,-0.15396195650100708,0.7093581994103395,"[125.0, 198.0]"
normal_0173_EDD.jpg,ok,normal,"[266.0, 193.0]",57.01751796098172,0.8058123946189879,0.14178121089935303,0.9081943035125732,-0.1414758563041687,0.7081016927379651,"[257.0, 179.0]"
normal_0174_EDD.jpg,ok,normal,"[318.0, 218.0]",114.03503592196344,0.8792006492614746,0.16616541147232056,0.9861211180686951,-0.11375227570533752,0.8491283806333103,"[308.0, 232.0]"
normal_0175_EDD.jpg,ok,normal,"[280.0, 212.0]",114.03503592196344,0.8778126120567321,0.165843665599823,0.9829756021499634,-0.11943012475967407,0.8419103722678991,"[298.0, 211.0]"
normal_0176_EDD.jpg,ok,normal,"[454.0, 206.0]",45.254833995939045,0.8376270830631256,0.1258576512336731,0.9779711365699768,-0.13594818115234375,0.6016391005005637,"[471.0, 200.0]"
normal_0177_EDD.jpg,ok,normal,"[144.0, 193.0]",45.254833995939045,0.795015001296997,0.08841502666473389,0.97071373462677,-0.13550180196762085,0.5778357473091783,"[125.0, 191.0]"
normal_0178_EDD.jpg,ok,normal,"[278.0, 210.0]",90.50966799187809,0.8125054419040679,0.11342346668243408,0.9619784951210022,-0.12848514318466187,0.9601639100500564,"[276.0, 207.0]"
normal_0179_EDD.jpg,ok,normal,"[294.0, 232.0]",114.03503592196344,0.8268845200538635,0.11365914344787598,0.9910104274749756,-0.0975903868675232,0.35024763562949857,"[357.0, 193.0]"
normal_0180_EDD.jpg,ok,normal,"[304.0, 230.0]",114.03503592196344,0.8628877460956573,0.1497119665145874,0.9830731749534607,-0.1251227855682373,0.7332941371430451,"[299.0, 200.0]"
normal_0181_EDD.jpg,negative_score,normal,"[186.0, 228.0]",90.50966799187809,0.8087891817092895,0.09407323598861694,0.9858871102333069,-0.12297484278678894,-0.10336178407741659,"[104.0, 171.0]"
normal_0182_EDD.jpg,ok,normal,"[474.0, 189.0]",45.254833995939045,0.7806805074214935,0.07288414239883423,0.9737314581871033,-0.13092172145843506,0.23294139321040142,"[500.0, 166.0]"
normal_0183_EDD.jpg,ok,normal,"[284.0, 236.0]",114.03503592196344,0.817023354768753,0.10685265064239502,0.9915932416915894,-0.08027717471122742,0.26005116097250136,"[356.0, 192.0]"
normal_0184_EDD.jpg,ok,normal,"[494.0, 192.0]",35.918785545899944,0.8177553117275238,0.10071593523025513,0.9940233826637268,-0.10611504316329956,0.5889386894396608,"[507.0, 199.0]"
normal_0185_EDD.jpg,negative_score,normal,"[188.0, 226.0]",90.50966799187809,0.8044665157794951,0.08863651752471924,0.9901096820831299,-0.11376610398292542,-0.1278176520386618,"[104.0, 168.0]"
normal_0186_EDD.jpg,ok,normal,"[326.0, 218.0]",71.83757109179989,0.8004694521427154,0.10641151666641235,0.9542158842086792,-0.1305340826511383,0.41833828459823796,"[341.0, 257.0]"
normal_0187_EDD.jpg,ok,normal,"[129.0, 205.0]",45.254833995939045,0.8070321977138518,0.10813385248184204,0.9612159132957458,-0.13023602962493896,0.5830729979960521,"[113.0, 215.0]"
normal_0188_EDD.jpg,ok,normal,"[274.0, 222.0]",45.254833995939045,0.834591519832611,0.14580696821212769,0.945813775062561,-0.13357454538345337,0.34412212931827013,"[258.0, 197.0]"
normal_0189_EDD.jpg,ok,normal,"[408.0, 212.0]",45.254833995939045,0.8695813655853271,0.18588554859161377,0.9358092546463013,-0.14314669370651245,0.731177335404918,"[420.0, 210.0]"
normal_0190_EDD.jpg,ok,normal,"[149.0, 220.0]",45.254833995939045,0.8268320083618164,0.15129107236862183,0.9234687089920044,-0.14556419849395752,0.45111974780467823,"[133.0, 201.0]"
normal_0191_EDD.jpg,ok,normal,"[281.0, 214.0]",57.01751796098172,0.7872630178928375,0.1246037483215332,0.9087739586830139,-0.1325874924659729,0.8168930026723529,"[291.0, 211.0]"
normal_0192_EDD.jpg,negative_score,normal,"[143.0, 194.0]",57.01751796098172,0.7949167251586913,0.10580062866210938,0.9468616247177124,-0.13156479597091675,-3.4553236127239613,"[259.0, 420.0]"
normal_0193_EDD.jpg,ok,normal,"[156.0, 216.0]",90.50966799187809,0.7899209976196289,0.096690833568573,0.9640786647796631,-0.09187549352645874,0.4103761792464623,"[104.0, 204.0]"
normal_0194_EDD.jpg,ok,normal,"[104.0, 185.0]",57.01751796098172,0.8076817631721496,0.10345304012298584,0.9678366184234619,-0.1337154507637024,0.8194304047392502,"[95.0, 190.0]"
normal_0195_EDD.jpg,ok,normal,"[294.0, 198.0]",71.83757109179989,0.7885343492031097,0.08765196800231934,0.9623569846153259,-0.13616245985031128,0.48777863133865795,"[319.0, 225.0]"
normal_0196_EDD.jpg,ok,normal,"[106.0, 206.0]",57.01751796098172,0.7852022945880889,0.08125656843185425,0.9685843586921692,-0.12968337535858154,0.3230059898844999,"[83.0, 237.0]"
normal_0197_EDD.jpg,ok,normal,"[480.0, 210.0]",35.918785545899944,0.8344989776611327,0.1465715765953064,0.9417695999145508,-0.14344340562820435,0.32662608500535684,"[501.0, 198.0]"
normal_0198_EDD.jpg,ok,normal,"[157.0, 196.0]",57.01751796098172,0.7874638497829437,0.08043360710144043,0.9711942076683044,-0.13597148656845093,0.5229020485232903,"[141.0, 174.0]"
normal_0199_EDD.jpg,ok,normal,"[296.0, 212.0]",71.83757109179989,0.7952393233776092,0.11643266677856445,0.931957483291626,-0.13218209147453308,0.7130258190140629,"[316.0, 217.0]"
normal_0200_EDD.jpg,ok,normal,"[438.0, 207.0]",57.01751796098172,0.8058332562446594,0.11134648323059082,0.9542398452758789,-0.13259440660476685,0.5149099020619234,"[465.0, 213.0]"
normal_0201_EDD.jpg,ok,normal,"[278.0, 202.0]",71.83757109179989,0.799956351518631,0.1280454397201538,0.9223577380180359,-0.13130247592926025,0.787515957311979,"[270.0, 189.0]"
normal_0202_EDD.jpg,ok,normal,"[300.0, 220.0]",71.83757109179989,0.7905096113681793,0.11574488878250122,0.9276168346405029,-0.12716469168663025,0.6959762233618365,"[321.0, 214.0]"
normal_0203_EDD.jpg,ok,normal,"[135.0, 192.0]",45.254833995939045,0.8245056271553038,0.13172191381454468,0.9510214328765869,-0.1353435516357422,0.5613853485119313,"[120.0, 179.0]"
normal_0204_EDD.jpg,ok,normal,"[306.0, 196.0]",90.50966799187809,0.7845743358135223,0.08445346355438232,0.9697794914245605,-0.10637614130973816,0.6151996763742266,"[333.0, 218.0]"
normal_0205_EDD.jpg,ok,normal,"[308.0, 228.0]",143.67514218359977,0.8755566209554673,0.17598092555999756,0.9815797209739685,-0.06234945356845856,0.7776018166280382,"[319.0, 198.0]"
normal_0206_EDD.jpg,ok,normal,"[132.0, 211.0]",45.254833995939045,0.8363885223865508,0.1309909224510193,0.9677779078483582,-0.13976532220840454,0.5153730493977868,"[112.0, 202.0]"
normal_0207_EDD.jpg,ok,normal,"[124.0, 191.0]",35.918785545899944,0.8466128945350646,0.12442797422409058,0.9885855913162231,-0.1508750319480896,0.3034287873007001,"[99.0, 192.0]"
normal_0208_EDD.jpg,ok,normal,"[268.0, 216.0]",90.50966799187809,0.8182239294052124,0.10248833894729614,0.9810171127319336,-0.14511805772781372,0.84375,"[278.0, 206.0]"
normal_0209_EDD.jpg,ok,normal,"[282.0, 192.0]",90.50966799187809,0.8081031799316406,0.10231810808181763,0.9741682410240173,-0.11933651566505432,0.6748648117705498,"[287.0, 221.0]"
normal_0210_EDD.jpg,ok,normal,"[466.0, 200.0]",35.918785545899944,0.7846325814723968,0.06776672601699829,0.9920988082885742,-0.11198344826698303,0.42605163802812585,"[479.0, 216.0]"
normal_0211_EDD.jpg,ok,normal,"[318.0, 214.0]",57.01751796098172,0.7925637125968932,0.09909969568252563,0.9503240585327148,-0.14118587970733643,0.6594645201456383,"[302.0, 203.0]"
normal_0212_EDD.jpg,ok,normal,"[406.0, 196.0]",35.918785545899944,0.8099921464920044,0.12087374925613403,0.9502174854278564,-0.11983078718185425,0.7243922703354966,"[413.0, 189.0]"
normal_0213_EDD.jpg,ok,normal,"[279.0, 244.0]",35.918785545899944,0.7776606738567352,0.08070969581604004,0.9665840268135071,-0.10171079635620117,0.601383486505136,"[285.0, 231.0]"
normal_0214_EDD.jpg,ok,normal,"[157.0, 202.0]",35.918785545899944,0.8394027233123779,0.13778042793273926,0.9676047563552856,-0.1214948296546936,0.2761447915109745,"[147.0, 226.0]"
normal_0215_EDD.jpg,ok,normal,"[412.0, 226.0]",114.03503592196344,0.7960170626640319,0.1125040054321289,0.9498246908187866,-0.09317886829376221,0.34977440005010496,"[485.0, 213.0]"
normal_0216_EDD.jpg,ok,normal,"[286.0, 208.0]",71.83757109179989,0.7859848141670227,0.12117087841033936,0.9163615703582764,-0.11680418252944946,0.5364312698137041,"[261.0, 186.0]"
normal_0217_EDD.jpg,ok,normal,"[292.0, 206.0]",90.50966799187809,0.8433084607124328,0.1374630331993103,0.9677807092666626,-0.1419946551322937,0.5696737701899872,"[311.0, 240.0]"
normal_0218_EDD.jpg,ok,normal,"[306.0, 238.0]",114.03503592196344,0.9196679413318634,0.20546245574951172,0.9833824038505554,-0.12918901443481445,0.720895769722391,"[328.0, 215.0]"
normal_0219_EDD.jpg,ok,normal,"[121.0, 183.0]",45.254833995939045,0.8246363937854767,0.11042416095733643,0.9811325669288635,-0.13709717988967896,0.3742192376718505,"[102.0, 162.0]"
normal_0220_EDD.jpg,ok,normal,"[286.0, 218.0]",90.50966799187809,0.853760403394699,0.14863312244415283,0.9665589928627014,-0.14267992973327637,0.7722284416076055,"[281.0, 198.0]"
normal_0221_EDD.jpg,ok,normal,"[416.0, 236.0]",114.03503592196344,0.8892355144023895,0.19790828227996826,0.951742947101593,-0.12553584575653076,0.37516510138117365,"[487.0, 230.0]"
normal_0222_EDD.jpg,ok,normal,"[324.0, 218.0]",71.83757109179989,0.810367852449417,0.1297917366027832,0.9337764382362366,-0.13466304540634155,0.6576060774512272,"[346.0, 229.0]"
normal_0223_EDD.jpg,ok,normal,"[457.0, 222.0]",45.254833995939045,0.8555198609828948,0.1738675832748413,0.9302638173103333,-0.15233802795410156,0.5647378663379963,"[475.0, 214.0]"
normal_0224_EDD.jpg,ok,normal,"[115.0, 210.0]",35.918785545899944,0.8613480269908904,0.139174222946167,0.9892367720603943,-0.14854031801223755,0.5651161609611727,"[103.0, 220.0]"
normal_0225_EDD.jpg,ok,normal,"[279.0, 218.0]",45.254833995939045,0.7470425844192505,0.03966057300567627,0.9787178039550781,-0.11139774322509766,0.30825176183816705,"[265.0, 190.0]"
normal_0226_EDD.jpg,ok,normal,"[428.0, 192.0]",90.50966799187809,0.7896966397762298,0.10453969240188599,0.9489396214485168,-0.1044960618019104,0.4559223329224954,"[476.0, 203.0]"
normal_0227_EDD.jpg,ok,normal,"[468.0, 195.0]",57.01751796098172,0.8336585342884063,0.14234638214111328,0.9467088580131531,-0.1430797576904297,0.6149516993159178,"[487.0, 184.0]"
normal_0228_EDD.jpg,ok,normal,"[326.0, 214.0]",71.83757109179989,0.79019336104393,0.09706723690032959,0.9509981870651245,-0.13713696599006653,0.7930599751441841,"[340.0, 209.0]"
normal_0229_EDD.jpg,ok,normal,"[292.0, 206.0]",71.83757109179989,0.7829114854335784,0.08245104551315308,0.961922824382782,-0.13557231426239014,0.7893477504816566,"[277.0, 204.0]"
normal_0230_EDD.jpg,ok,normal,"[468.0, 195.0]",57.01751796098172,0.8401525855064391,0.14785921573638916,0.9484484195709229,-0.14189738035202026,0.6153513344009531,"[488.0, 186.0]"
normal_0231_EDD.jpg,ok,normal,"[326.0, 214.0]",71.83757109179989,0.795952159166336,0.09861063957214355,0.9570532441139221,-0.1370212435722351,0.7870604711672318,"[341.0, 211.0]"
normal_0232_EDD.jpg,ok,normal,"[266.0, 202.0]",71.83757109179989,0.7823942184448242,0.08114910125732422,0.9645602703094482,-0.13026463985443115,0.559801700961275,"[240.0, 184.0]"
normal_0233_EDD.jpg,ok,normal,"[288.0, 232.0]",114.03503592196344,0.870673418045044,0.15950709581375122,0.9789136648178101,-0.12963378429412842,0.7419400300863461,"[293.0, 203.0]"
normal_0234_EDD.jpg,ok,normal,"[404.0, 250.0]",90.50966799187809,0.806466919183731,0.10482293367385864,0.9686753153800964,-0.11785632371902466,0.025157765167870938,"[476.0, 199.0]"
normal_0235_EDD.jpg,ok,normal,"[162.0, 226.0]",90.50966799187809,0.8045249760150909,0.10770910978317261,0.9648240804672241,-0.10719504952430725,0.03125000000000011,"[100.0, 164.0]"
normal_0236_EDD.jpg,ok,normal,"[420.0, 200.0]",45.254833995939045,0.8178537309169769,0.12188798189163208,0.9529929757118225,-0.14435333013534546,0.4841383118994007,"[437.0, 216.0]"
normal_0237_EDD.jpg,ok,normal,"[325.0, 226.0]",57.01751796098172,0.7701550900936126,0.06487149000167847,0.9716241955757141,-0.12573331594467163,0.8630201742339719,"[331.0, 221.0]"
normal_0238_EDD.jpg,ok,normal,"[286.0, 208.0]",45.254833995939045,0.8031652808189391,0.0950203537940979,0.9732456207275391,-0.13436496257781982,0.23965468371272258,"[306.0, 236.0]"
normal_0239_EDD.jpg,ok,normal,"[177.0, 199.0]",45.254833995939045,0.7998087227344512,0.09287416934967041,0.9721285700798035,-0.13222277164459229,0.3012287570313158,"[159.0, 225.0]"
normal_0240_EDD.jpg,ok,normal,"[267.0, 217.0]",57.01751796098172,0.7431943476200104,0.050418972969055176,0.9526186585426331,-0.1297115683555603,0.5036272288187391,"[252.0, 241.0]"
normal_0241_EDD.jpg,ok,normal,"[159.0, 197.0]",35.918785545899944,0.7863233208656311,0.08767199516296387,0.9567979574203491,-0.14446377754211426,0.5759448438961359,"[145.0, 191.0]"
normal_0242_EDD.jpg,ok,normal,"[283.0, 232.0]",35.918785545899944,0.8188717603683471,0.12491369247436523,0.9490283727645874,-0.14819103479385376,0.5210124654103421,"[269.0, 222.0]"
normal_0243_EDD.jpg,ok,normal,"[406.0, 207.0]",35.918785545899944,0.8806108772754669,0.16891717910766602,0.9745809435844421,-0.14743518829345703,0.6370031833692216,"[413.0, 196.0]"
normal_0244_EDD.jpg,ok,normal,"[274.0, 229.0]",45.254833995939045,0.7980015635490417,0.11250591278076172,0.9380027055740356,-0.1444687843322754,0.7035364693592144,"[280.0, 217.0]"
normal_0245_EDD.jpg,ok,normal,"[282.0, 222.0]",90.50966799187809,0.8147655069828033,0.11110520362854004,0.9692720174789429,-0.12584945559501648,0.671875,"[261.0, 201.0]"
normal_0246_EDD.jpg,negative_score,normal,"[378.0, 288.0]",90.50966799187809,0.7632708966732025,0.0770377516746521,0.9535037279129028,-0.09390267729759216,-0.11825233344268038,"[440.0, 208.0]"
normal_0247_EDD.jpg,negative_score,normal,"[192.0, 298.0]",71.83757109179989,0.774278676509857,0.07303595542907715,0.970300555229187,-0.1101616621017456,-0.24335566105527873,"[159.0, 215.0]"
normal_0248_EDD.jpg,ok,normal,"[296.0, 216.0]",143.67514218359977,0.8776904582977294,0.1772383451461792,0.9849284291267395,-0.05501106381416321,0.895366058805342,"[297.0, 201.0]"
normal_0249_EDD.jpg,ok,normal,"[466.0, 207.0]",45.254833995939045,0.8412249267101288,0.1358751654624939,0.9660813212394714,-0.14546418190002441,0.7423058983988962,"[476.0, 201.0]"
normal_0250_EDD.jpg,ok,normal,"[160.0, 218.0]",90.50966799187809,0.7947020709514617,0.12621444463729858,0.9251558184623718,-0.10439276695251465,0.5792839994426169,"[125.0, 203.0]"
normal_0251_EDD.jpg,ok,normal,"[294.0, 218.0]",90.50966799187809,0.8120818078517913,0.1265195608139038,0.9473700523376465,-0.11201605200767517,0.9558058261758408,"[294.0, 214.0]"
normal_0252_EDD.jpg,ok,normal,"[424.0, 217.0]",35.918785545899944,0.7972794771194457,0.0966256856918335,0.9658553600311279,-0.12277519702911377,0.6850197375262818,"[432.0, 209.0]"
normal_0253_EDD.jpg,ok,normal,"[280.0, 206.0]",71.83757109179989,0.7777693569660186,0.08856159448623657,0.9494086503982544,-0.12310853600502014,0.7733940562202847,"[264.0, 209.0]"
normal_0254_EDD.jpg,ok,normal,"[152.0, 207.0]",45.254833995939045,0.7841699779033661,0.09050703048706055,0.9534874558448792,-0.13110864162445068,0.6922231936938718,"[139.0, 212.0]"
normal_0255_EDD.jpg,ok,normal,"[113.0, 194.0]",45.254833995939045,0.8072796821594237,0.11386603116989136,0.9517045021057129,-0.13610249757766724,0.6237001694127408,"[96.0, 195.0]"
normal_0256_EDD.jpg,ok,normal,"[296.0, 202.0]",71.83757109179989,0.7954592764377594,0.10254144668579102,0.9521641135215759,-0.13201475143432617,0.8546678799096774,"[286.0, 205.0]"
normal_0257_EDD.jpg,ok,normal,"[471.0, 204.0]",45.254833995939045,0.8317384719848633,0.13895434141159058,0.9497736692428589,-0.13971281051635742,0.32794333851229485,"[498.0, 190.0]"
normal_0258_EDD.jpg,ok,normal,"[300.0, 208.0]",71.83757109179989,0.8061856567859649,0.11106348037719727,0.9563981890678406,-0.12821722030639648,0.2477888168661454,"[334.0, 166.0]"
normal_0259_EDD.jpg,ok,normal,"[398.0, 196.0]",35.918785545899944,0.902807891368866,0.18830788135528564,0.976518988609314,-0.15468358993530273,0.4206749551681299,"[415.0, 184.0]"
normal_0260_EDD.jpg,negative_score,normal,"[406.0, 220.0]",90.50966799187809,0.8020366847515106,0.09441506862640381,0.9743178486824036,-0.12799561023712158,-0.19001583826119717,"[511.0, 244.0]"
normal_0261_EDD.jpg,ok,normal,"[169.0, 224.0]",35.918785545899944,0.8542342543601988,0.1458171010017395,0.9684814214706421,-0.15240079164505005,0.4980967172656042,"[152.0, 218.0]"
normal_0262_EDD.jpg,negative_score,normal,"[270.0, 202.0]",57.01751796098172,0.7763106107711791,0.09750741720199585,0.932923436164856,-0.1287839412689209,-0.07458018025424806,"[243.0, 147.0]"
normal_0263_EDD.jpg,ok,normal,"[286.0, 198.0]",71.83757109179989,0.7700195670127868,0.07193553447723389,0.9621585011482239,-0.12286540865898132,0.7215941505811441,"[270.0, 210.0]"
normal_0264_EDD.jpg,ok,normal,"[473.0, 211.0]",35.918785545899944,0.8190681219100951,0.13954442739486694,0.9300378561019897,-0.14248597621917725,0.371887773974801,"[495.0, 216.0]"
normal_0265_EDD.jpg,ok,normal,"[276.0, 206.0]",90.50966799187809,0.824599552154541,0.12137162685394287,0.9664633274078369,-0.13351798057556152,0.6596402982688756,"[306.0, 199.0]"
normal_0266_EDD.jpg,ok,normal,"[465.0, 211.0]",45.254833995939045,0.8636130690574646,0.14814651012420654,0.9838870763778687,-0.13372802734375,0.5709521806954381,"[484.0, 215.0]"
normal_0267_EDD.jpg,ok,normal,"[174.0, 206.0]",114.03503592196344,0.8193831980228423,0.13607549667358398,0.9455270171165466,-0.1071939468383789,0.42149630175916275,"[110.0, 190.0]"
normal_0268_EDD.jpg,ok,normal,"[308.0, 206.0]",71.83757109179989,0.8024361014366149,0.09984958171844482,0.9659569263458252,-0.13208335638046265,0.7629459611856187,"[325.0, 205.0]"
normal_0269_EDD.jpg,negative_score,normal,"[117.0, 183.0]",45.254833995939045,0.7823211193084717,0.08480274677276611,0.9627312421798706,-0.11803251504898071,-3.5758046594287647,"[197.0, 374.0]"
normal_0270_EDD.jpg,ok,normal,"[460.0, 207.0]",35.918785545899944,0.8991203069686889,0.18069732189178467,0.98419189453125,-0.14744329452514648,0.38372238134578507,"[481.0, 200.0]"
normal_0271_EDD.jpg,ok,normal,"[414.0, 200.0]",90.50966799187809,0.7942603349685669,0.07842057943344116,0.9865845441818237,-0.1261528730392456,0.35766235027829796,"[472.0, 204.0]"
normal_0272_EDD.jpg,ok,normal,"[264.0, 212.0]",143.67514218359977,0.8645515650510787,0.15994161367416382,0.9861217141151428,-0.07162375748157501,0.9185335769790823,"[275.0, 208.0]"
normal_0273_EDD.jpg,ok,normal,"[117.0, 205.0]",57.01751796098172,0.8755805909633636,0.177423357963562,0.9561954140663147,-0.14410221576690674,0.7013306265351646,"[100.0, 206.0]"
normal_0274_EDD.jpg,negative_score,normal,"[130.0, 200.0]",57.01751796098172,0.7982231616973876,0.11604303121566772,0.9361048936843872,-0.13453352451324463,-3.3813891093798984,"[252.0, 418.0]"
normal_0275_EDD.jpg,ok,normal,"[310.0, 220.0]",57.01751796098172,0.8040298163890838,0.10340684652328491,0.9622364640235901,-0.13528722524642944,0.7719998964371586,"[322.0, 215.0]"
normal_0276_EDD.jpg,ok,normal,"[486.0, 210.0]",45.254833995939045,0.9524879097938538,0.259692907333374,0.9450727701187134,-0.15622031688690186,0.7692996396838532,"[496.0, 213.0]"
normal_0277_EDD.jpg,ok,normal,"[494.0, 195.0]",57.01751796098172,0.8055312335491179,0.08833116292953491,0.9861069321632385,-0.1346260905265808,0.5528550087814985,"[517.0, 184.0]"
normal_0278_EDD.jpg,ok,normal,"[168.0, 244.0]",143.67514218359977,0.8004554629325866,0.10268449783325195,0.9793139100074768,-0.06125614047050476,0.48579637962252475,"[121.0, 187.0]"
normal_0279_EDD.jpg,ok,normal,"[470.0, 201.0]",35.918785545899944,0.8892768502235412,0.17294585704803467,0.9816868305206299,-0.14575105905532837,0.49578556176039357,"[488.0, 199.0]"
normal_0280_EDD.jpg,ok,normal,"[474.0, 191.0]",45.254833995939045,0.8324413478374482,0.12094402313232422,0.9735915064811707,-0.14991635084152222,0.6016391005005637,"[491.0, 185.0]"
normal_0281_EDD.jpg,ok,normal,"[396.0, 215.0]",45.254833995939045,0.8216415762901306,0.14988714456558228,0.9197912216186523,-0.1395028829574585,0.2873903593130389,"[400.0, 183.0]"
normal_0282_EDD.jpg,ok,normal,"[294.0, 222.0]",57.01751796098172,0.7845499694347381,0.11138921976089478,0.9256607890129089,-0.12599098682403564,0.6545322155715061,"[312.0, 214.0]"
normal_0283_EDD.jpg,ok,normal,"[289.0, 220.0]",45.254833995939045,0.8300742924213409,0.14777714014053345,0.9359084963798523,-0.13580602407455444,0.16001999651777432,"[290.0, 182.0]"
normal_0284_EDD.jpg,ok,normal,"[302.0, 216.0]",71.83757109179989,0.7608600437641144,0.0703815221786499,0.953734815120697,-0.11432075500488281,0.7838989478580509,"[317.0, 212.0]"
normal_0285_EDD.jpg,ok,normal,"[266.0, 210.0]",71.83757109179989,0.7702604234218597,0.07785862684249878,0.9527882933616638,-0.12724995613098145,0.7202055841147985,"[264.0, 190.0]"
normal_0286_EDD.jpg,negative_score,normal,"[206.0, 230.0]",90.50966799187809,0.7918310761451721,0.08931005001068115,0.9718254208564758,-0.11121615767478943,-0.13644353412301125,"[114.0, 184.0]"
normal_0287_EDD.jpg,ok,normal,"[117.0, 198.0]",45.254833995939045,0.9186251401901244,0.22251009941101074,0.9532864093780518,-0.1440727710723877,0.5580582617584078,"[97.0, 198.0]"
normal_0288_EDD.jpg,ok,normal,"[281.0, 216.0]",57.01751796098172,0.8132157444953918,0.13200116157531738,0.9354851245880127,-0.13187497854232788,0.7713263348410264,"[268.0, 217.0]"
normal_0289_EDD.jpg,ok,normal,"[312.0, 212.0]",90.50966799187809,0.8358937203884124,0.14017444849014282,0.9546939730644226,-0.13716745376586914,0.7790291308792039,"[328.0, 224.0]"
normal_0290_EDD.jpg,ok,normal,"[308.0, 226.0]",114.03503592196344,0.8916601359844207,0.17655813694000244,0.985135018825531,-0.12753742933273315,0.8084770220725204,"[329.0, 220.0]"
normal_0291_EDD.jpg,ok,normal,"[290.0, 214.0]",71.83757109179989,0.7946551263332366,0.12349683046340942,0.9221824407577515,-0.12815293669700623,0.6370031833692216,"[276.0, 236.0]"
normal_0292_EDD.jpg,ok,normal,"[479.0, 199.0]",45.254833995939045,0.8827663838863372,0.21465331315994263,0.9124863743782043,-0.14686304330825806,0.552568091772614,"[498.0, 206.0]"
normal_0293_EDD.jpg,ok,normal,"[458.0, 219.0]",45.254833995939045,0.8407955229282379,0.1520683765411377,0.9454161524772644,-0.13467919826507568,0.4216638898961954,"[476.0, 200.0]"
normal_0294_EDD.jpg,ok,normal,"[286.0, 206.0]",71.83757109179989,0.8226544439792634,0.16192227602005005,0.9075412154197693,-0.12726658582687378,0.6795308009923715,"[305.0, 219.0]"
normal_0295_EDD.jpg,ok,normal,"[296.0, 198.0]",71.83757109179989,0.7909985423088074,0.10120636224746704,0.946121096611023,-0.13753706216812134,0.8066131165306674,"[284.0, 191.0]"
normal_0296_EDD.jpg,ok,normal,"[116.0, 186.0]",71.83757109179989,0.7813750803470612,0.08076637983322144,0.9641744494438171,-0.12843292951583862,0.5741209423344636,"[86.0, 180.0]"
normal_0297_EDD.jpg,ok,normal,"[445.0, 214.0]",57.01751796098172,0.8471570074558258,0.17989462614059448,0.9114593267440796,-0.14620426297187805,0.6000613615347536,"[467.0, 220.0]"
normal_0298_EDD.jpg,ok,normal,"[286.0, 200.0]",71.83757109179989,0.7702691435813904,0.08344525098800659,0.9457328915596008,-0.12405434250831604,0.665623100365784,"[262.0, 199.0]"
normal_0299_EDD.jpg,ok,normal,"[416.0, 202.0]",90.50966799187809,0.8034379839897156,0.10974752902984619,0.9579845070838928,-0.11550650000572205,0.25220049374013365,"[482.0, 217.0]"
normal_0300_EDD.jpg,ok,normal,"[276.0, 212.0]",90.50966799187809,0.8320373475551605,0.120536208152771,0.9766517281532288,-0.13922464847564697,0.8357515934247762,"[281.0, 226.0]"
normal_0301_EDD.jpg,ok,normal,"[473.0, 218.0]",57.01751796098172,0.7995339930057526,0.09704369306564331,0.9676787257194519,-0.1255759596824646,0.5966152013888191,"[496.0, 218.0]"
normal_0302_EDD.jpg,ok,normal,"[127.0, 187.0]",45.254833995939045,0.835774141550064,0.13467365503311157,0.9620673060417175,-0.13826686143875122,0.4898491338339217,"[105.0, 180.0]"
normal_0303_EDD.jpg,ok,normal,"[270.0, 200.0]",71.83757109179989,0.796471244096756,0.11216616630554199,0.9396147727966309,-0.13287368416786194,0.5320627894700583,"[253.0, 171.0]"
normal_0304_EDD.jpg,ok,normal,"[150.0, 204.0]",90.50966799187809,0.8011961042881012,0.09801077842712402,0.9687989950180054,-0.12513014674186707,0.588821957283101,"[118.0, 185.0]"
normal_0305_EDD.jpg,ok,normal,"[485.0, 223.0]",45.254833995939045,0.8928213536739349,0.1952783465385437,0.9534425139427185,-0.1506662368774414,0.5449931319199677,"[503.0, 233.0]"
normal_0306_EDD.jpg,ok,normal,"[270.0, 200.0]",71.83757109179989,0.8070728838443756,0.11853605508804321,0.9452511668205261,-0.13430505990982056,0.5984773738124834,"[254.0, 176.0]"
normal_0307_EDD.jpg,ok,normal,"[322.0, 210.0]",90.50966799187809,0.8390030145645141,0.15078270435333252,0.9435952305793762,-0.13851824402809143,0.827416234106449,"[334.0, 220.0]"
normal_0308_EDD.jpg,ok,normal,"[292.0, 218.0]",90.50966799187809,0.8400342047214507,0.1470608115196228,0.9508459568023682,-0.13690611720085144,0.9327943338512295,"[291.0, 212.0]"
normal_0309_EDD.jpg,ok,normal,"[139.0, 186.0]",45.254833995939045,0.8011947095394134,0.09946256875991821,0.9678580164909363,-0.12115764617919922,0.6224048133251696,"[123.0, 192.0]"
normal_0310_EDD.jpg,ok,normal,"[302.0, 222.0]",71.83757109179989,0.8271226882934569,0.15700960159301758,0.918865442276001,-0.13453638553619385,0.7751107926413783,"[287.0, 216.0]"
normal_0311_EDD.jpg,ok,normal,"[298.0, 216.0]",114.03503592196344,0.8917612731456757,0.18066877126693726,0.9780251979827881,-0.13237431645393372,0.7908211218517375,"[278.0, 229.0]"
normal_0312_EDD.jpg,ok,normal,"[284.0, 222.0]",90.50966799187809,0.8320148110389709,0.11399990320205688,0.9869544506072998,-0.135733962059021,0.4533482598582531,"[332.0, 210.0]"
normal_0313_EDD.jpg,ok,normal,"[319.0, 215.0]",57.01751796098172,0.7521951615810394,0.06309342384338379,0.9498386979103088,-0.12107324600219727,0.8111049025031329,"[329.0, 219.0]"
normal_0314_EDD.jpg,ok,normal,"[278.0, 194.0]",71.83757109179989,0.8044376611709595,0.11263620853424072,0.95051109790802,-0.13221842050552368,0.911960340192255,"[272.0, 192.0]"
normal_0315_EDD.jpg,ok,normal,"[470.0, 210.0]",71.83757109179989,0.8067100942134857,0.10079658031463623,0.9720376133918762,-0.12743592262268066,0.5304092959412892,"[503.0, 203.0]"
normal_0316_EDD.jpg,ok,normal,"[132.0, 184.0]",45.254833995939045,0.812170261144638,0.11663377285003662,0.9554904103279114,-0.13346600532531738,0.650614378515658,"[117.0, 179.0]"
normal_0317_EDD.jpg,ok,normal,"[484.0, 223.0]",45.254833995939045,0.8244245052337646,0.11661463975906372,0.9689116477966309,-0.14785856008529663,0.44757282719800984,"[499.0, 243.0]"
normal_0318_EDD.jpg,ok,normal,"[324.0, 208.0]",71.83757109179989,0.8049419462680816,0.09395432472229004,0.9762740731239319,-0.13797885179519653,0.750986238146347,"[340.0, 216.0]"
normal_0319_EDD.jpg,ok,normal,"[310.0, 206.0]",90.50966799187809,0.8031874418258667,0.08907109498977661,0.9850322008132935,-0.12296903133392334,0.8187904139883875,"[320.0, 219.0]"
normal_0320_EDD.jpg,ok,normal,"[404.0, 208.0]",114.03503592196344,0.8309306025505065,0.15209823846817017,0.9432268738746643,-0.09286776185035706,0.3193243387548217,"[476.0, 237.0]"
normal_0321_EDD.jpg,ok,normal,"[288.0, 222.0]",114.03503592196344,0.8853731334209441,0.1709781289100647,0.9885237812995911,-0.11214178800582886,0.62712702366283,"[316.0, 254.0]"
normal_0322_EDD.jpg,ok,normal,"[322.0, 230.0]",114.03503592196344,0.8596819937229155,0.14521384239196777,0.9849321246147156,-0.12507832050323486,0.7298563257122153,"[352.0, 223.0]"
normal_0323_EDD.jpg,ok,normal,"[444.0, 208.0]",90.50966799187809,0.7989201486110686,0.09573817253112793,0.9773135781288147,-0.09531235694885254,0.3312207950302283,"[504.0, 200.0]"
normal_0324_EDD.jpg,ok,normal,"[424.0, 214.0]",114.03503592196344,0.8115373373031616,0.10902178287506104,0.9751771688461304,-0.09945768117904663,0.27916036886680906,"[505.0, 200.0]"
normal_0325_EDD.jpg,ok,normal,"[320.0, 232.0]",114.03503592196344,0.8609185874462126,0.14639651775360107,0.9903596043586731,-0.10635173320770264,0.7277297355019288,"[350.0, 224.0]"
normal_0326_EDD.jpg,ok,normal,"[312.0, 220.0]",90.50966799187809,0.8141607999801636,0.09897840023040771,0.9837565422058105,-0.13276410102844238,0.7291416277600045,"[336.0, 215.0]"
normal_0327_EDD.jpg,ok,normal,"[328.0, 204.0]",90.50966799187809,0.8439369738101958,0.1439802646636963,0.9613656401634216,-0.13500380516052246,0.5732343661328856,"[342.0, 240.0]"
normal_0328_EDD.jpg,ok,normal,"[296.0, 213.0]",57.01751796098172,0.7860585808753967,0.11514073610305786,0.9197150468826294,-0.13558655977249146,0.8501512508635615,"[288.0, 216.0]"
normal_0329_EDD.jpg,ok,normal,"[150.0, 196.0]",71.83757109179989,0.7820800185203551,0.09241586923599243,0.9499791860580444,-0.12339359521865845,0.42605163802812585,"[112.0, 180.0]"
normal_0330_EDD.jpg,negative_score,normal,"[487.0, 207.0]",45.254833995939045,0.8554663062095642,0.1602712869644165,0.9494715929031372,-0.1528245210647583,-0.11562937674211504,"[494.0, 257.0]"
normal_0331_EDD.jpg,ok,normal,"[293.0, 222.0]",45.254833995939045,0.7570275485515594,0.0429912805557251,0.9885411858558655,-0.11028718948364258,0.5871923495742841,"[275.0, 217.0]"
normal_0332_EDD.jpg,ok,normal,"[95.0, 194.0]",35.918785545899944,0.8332004010677337,0.10930818319320679,0.9904897809028625,-0.15274685621261597,0.49578556176039357,"[77.0, 192.0]"
normal_0333_EDD.jpg,ok,normal,"[272.0, 216.0]",71.83757109179989,0.7481468260288239,0.052359819412231445,0.9609934687614441,-0.11545789241790771,0.8127216184706249,"[262.0, 207.0]"
normal_0334_EDD.jpg,ok,normal,"[95.0, 193.0]",35.918785545899944,0.8270914614200591,0.10332924127578735,0.9925661683082581,-0.14482951164245605,0.49578556176039357,"[77.0, 195.0]"
normal_0335_EDD.jpg,ok,normal,"[170.0, 200.0]",90.50966799187809,0.8390985012054443,0.1294446587562561,0.975631058216095,-0.13356050848960876,0.343006373699105,"[114.0, 180.0]"
normal_0336_EDD.jpg,ok,normal,"[276.0, 198.0]",90.50966799187809,0.814180588722229,0.09857136011123657,0.9822347164154053,-0.1402246356010437,0.8215053178313146,"[270.0, 213.0]"
normal_0337_EDD.jpg,ok,normal,"[486.0, 215.0]",45.254833995939045,0.8009218037128448,0.08382385969161987,0.9850985407829285,-0.13764482736587524,0.6685436963188058,"[501.0, 215.0]"
normal_0338_EDD.jpg,ok,normal,"[290.0, 206.0]",71.83757109179989,0.7902140080928802,0.0928381085395813,0.9562491774559021,-0.1400073766708374,0.5628939500739958,"[321.0, 201.0]"
normal_0339_EDD.jpg,ok,normal,"[134.0, 188.0]",71.83757109179989,0.813446682691574,0.11783695220947266,0.9556061625480652,-0.13342708349227905,0.4919569992817404,"[98.0, 182.0]"
normal_0340_EDD.jpg,ok,normal,"[482.0, 203.0]",57.01751796098172,0.8713997304439545,0.19785630702972412,0.9206337332725525,-0.14549905061721802,0.6487924218622722,"[502.0, 204.0]"
normal_0341_EDD.jpg,ok,normal,"[308.0, 216.0]",90.50966799187809,0.8027600169181823,0.0972679853439331,0.9688905477523804,-0.13634324073791504,0.6183851643181308,"[340.0, 203.0]"
normal_0342_EDD.jpg,ok,normal,"[131.0, 192.0]",57.01751796098172,0.831202608346939,0.14652514457702637,0.9376639723777771,-0.14156341552734375,0.7713263348410264,"[118.0, 191.0]"
normal_0343_EDD.jpg,ok,normal,"[282.0, 200.0]",71.83757109179989,0.7989758014678955,0.09549593925476074,0.966998815536499,-0.13290345668792725,0.8142801341782941,"[269.0, 203.0]"
normal_0344_EDD.jpg,ok,normal,"[130.0, 198.0]",45.254833995939045,0.8052107393741607,0.11173605918884277,0.9512686133384705,-0.13793325424194336,0.13566770712879195,"[109.0, 165.0]"
normal_0345_EDD.jpg,ok,normal,"[479.0, 213.0]",45.254833995939045,0.8074495792388915,0.12131935358047485,0.9429075717926025,-0.13047462701797485,0.6678079433520423,"[494.0, 212.0]"
normal_0346_EDD.jpg,ok,normal,"[293.0, 217.0]",57.01751796098172,0.7748756110668181,0.09398216009140015,0.9367930293083191,-0.12569165229797363,0.5369711185436945,"[309.0, 196.0]"
normal_0347_EDD.jpg,ok,normal,"[248.0, 222.0]",90.50966799187809,0.8170002579689025,0.12871778011322021,0.9458146095275879,-0.13106125593185425,0.6678079433520423,"[250.0, 192.0]"
normal_0348_EDD.jpg,ok,normal,"[314.0, 204.0]",71.83757109179989,0.807298481464386,0.1219283938407898,0.9419776797294617,-0.1299285590648651,0.7325999136614565,"[326.0, 189.0]"
normal_0349_EDD.jpg,ok,normal,"[166.0, 218.0]",90.50966799187809,0.7847735106945037,0.08802807331085205,0.9649975299835205,-0.10623583197593689,0.4207148465026055,"[123.0, 188.0]"
normal_0350_EDD.jpg,ok,normal,"[240.0, 224.0]",90.50966799187809,0.8010992765426634,0.09286600351333618,0.9758908748626709,-0.12554830312728882,0.6051787884845852,"[274.0, 213.0]"
normal_0351_EDD.jpg,ok,normal,"[497.0, 205.0]",35.918785545899944,0.8812876343727112,0.16844189167022705,0.9734246730804443,-0.15724235773086548,0.4988694710460593,"[515.0, 205.0]"
normal_0352_EDD.jpg,ok,normal,"[310.0, 236.0]",45.254833995939045,0.7525088667869567,0.06092041730880737,0.9540237188339233,-0.11885923147201538,0.5732343661328856,"[328.0, 229.0]"
normal_0353_EDD.jpg,ok,normal,"[127.0, 177.0]",35.918785545899944,0.8210519611835478,0.10456401109695435,0.9835861325263977,-0.13988828659057617,0.6887327976829338,"[116.0, 175.0]"
normal_0354_EDD.jpg,ok,normal,"[303.0, 222.0]",57.01751796098172,0.7812788009643554,0.09803640842437744,0.9387967586517334,-0.13042330741882324,0.6384351885994768,"[319.0, 235.0]"
normal_0355_EDD.jpg,ok,normal,"[304.0, 214.0]",71.83757109179989,0.7790959000587463,0.0875505805015564,0.9526927471160889,-0.12330198287963867,0.7617229743646275,"[287.0, 216.0]"
normal_0356_EDD.jpg,ok,normal,"[140.0, 181.0]",45.254833995939045,0.8349575996398925,0.14768773317337036,0.9417572021484375,-0.14019912481307983,0.6217587988465562,"[123.0, 179.0]"
normal_0357_EDD.jpg,ok,normal,"[180.0, 194.0]",90.50966799187809,0.8326503932476044,0.11230158805847168,0.98738032579422,-0.14591288566589355,0.48248452619752524,"[135.0, 181.0]"
normal_0358_EDD.jpg,ok,normal,"[296.0, 208.0]",90.50966799187809,0.8531889498233794,0.13771522045135498,0.9792769551277161,-0.14989930391311646,0.7700947036005912,"[284.0, 191.0]"
normal_0359_EDD.jpg,ok,normal,"[178.0, 222.0]",114.03503592196344,0.7956420421600341,0.08943361043930054,0.9816884398460388,-0.09513261914253235,0.22487702734905324,"[96.0, 189.0]"
normal_0360_EDD.jpg,ok,normal,"[464.0, 209.0]",45.254833995939045,0.8208171069622039,0.12702757120132446,0.9543738961219788,-0.12863904237747192,0.7609834603003383,"[473.0, 203.0]"
normal_0361_EDD.jpg,ok,normal,"[342.0, 202.0]",90.50966799187809,0.8471626102924347,0.13353252410888672,0.9760847687721252,-0.1518537402153015,0.6966173775164437,"[365.0, 217.0]"
normal_0362_EDD.jpg,ok,normal,"[266.0, 224.0]",71.83757109179989,0.7773877501487731,0.09615421295166016,0.9363502264022827,-0.12894189357757568,0.7633550279939725,"[258.0, 209.0]"
normal_0363_EDD.jpg,ok,normal,"[470.0, 207.0]",45.254833995939045,0.9091925084590912,0.20035535097122192,0.9692371487617493,-0.15185576677322388,0.6217587988465562,"[487.0, 205.0]"
normal_0364_EDD.jpg,ok,normal,"[458.0, 205.0]",45.254833995939045,0.8943898916244507,0.19779235124588013,0.9523463249206543,-0.14977556467056274,0.637580827976775,"[468.0, 192.0]"
normal_0365_EDD.jpg,ok,normal,"[315.0, 216.0]",57.01751796098172,0.7959328591823577,0.09619885683059692,0.9603182673454285,-0.1375560760498047,0.28028138500436717,"[343.0, 186.0]"
normal_0366_EDD.jpg,ok,normal,"[484.0, 207.0]",45.254833995939045,0.8313765347003936,0.13018441200256348,0.959636390209198,-0.147233247756958,0.6782615580941562,"[498.0, 203.0]"
normal_0367_EDD.jpg,ok,normal,"[295.0, 211.0]",57.01751796098172,0.7483686387538909,0.051546573638916016,0.9594869017601013,-0.12590616941452026,0.689712799756366,"[282.0, 199.0]"
normal_0368_EDD.jpg,ok,normal,"[117.0, 191.0]",45.254833995939045,0.7939607083797455,0.09097504615783691,0.9685412049293518,-0.12503409385681152,0.7118892357095973,"[106.0, 184.0]"
normal_0369_EDD.jpg,ok,normal,"[294.0, 210.0]",71.83757109179989,0.8423526942729949,0.144902765750885,0.9557561278343201,-0.1421031951904297,0.4225175434680237,"[283.0, 250.0]"
normal_0370_EDD.jpg,ok,normal,"[316.0, 218.0]",90.50966799187809,0.8749345958232879,0.1962348222732544,0.9303357005119324,-0.13732391595840454,0.4695548376010015,"[344.0, 179.0]"
normal_0371_EDD.jpg,negative_score,normal,"[191.0, 112.0]",45.254833995939045,0.7078318417072296,0.03293842077255249,0.9633206725120544,-0.0028447508811950684,-5.998918722292037,"[502.0, 172.0]"
normal_0372_EDD.jpg,ok,normal,"[126.0, 250.0]",114.03503592196344,0.7576627373695373,0.05384945869445801,0.9847469329833984,-0.0724521279335022,0.30368741955096057,"[79.0, 186.0]"
normal_0373_EDD.jpg,ok,normal,"[298.0, 206.0]",71.83757109179989,0.837029367685318,0.16063177585601807,0.9282465577125549,-0.13312500715255737,0.6218391713202953,"[325.0, 203.0]"
normal_0374_EDD.jpg,ok,normal,"[127.0, 192.0]",45.254833995939045,0.8051045298576355,0.12483018636703491,0.9325768947601318,-0.1373525857925415,0.5385992793677062,"[107.0, 186.0]"
normal_0375_EDD.jpg,ok,normal,"[275.0, 209.0]",57.01751796098172,0.7714163959026337,0.09538054466247559,0.929143488407135,-0.12817704677581787,0.5277622562578325,"[261.0, 186.0]"
normal_0376_EDD.jpg,ok,normal,"[452.0, 202.0]",45.254833995939045,0.8374286592006682,0.13602912425994873,0.9614705443382263,-0.1418507695198059,0.5658611253296937,"[471.0, 197.0]"
normal_0377_EDD.jpg,ok,normal,"[479.0, 207.0]",45.254833995939045,0.8375372469425201,0.14996689558029175,0.9423219561576843,-0.13972491025924683,0.5925498496748345,"[497.0, 211.0]"
normal_0378_EDD.jpg,ok,normal,"[278.0, 208.0]",71.83757109179989,0.7913933634757996,0.09983062744140625,0.9521125555038452,-0.1254197359085083,0.7893477504816566,"[293.0, 210.0]"
normal_0379_EDD.jpg,ok,normal,"[93.0, 182.0]",45.254833995939045,0.8136868655681609,0.11411917209625244,0.9601209759712219,-0.1374150514602661,0.552568091772614,"[76.0, 193.0]"
normal_0380_EDD.jpg,ok,normal,"[276.0, 208.0]",71.83757109179989,0.7937179565429686,0.09256142377853394,0.9643096923828125,-0.13069874048233032,0.8376628884795106,"[266.0, 202.0]"
normal_0381_EDD.jpg,ok,normal,"[485.0, 200.0]",45.254833995939045,0.8300248980522156,0.1298459768295288,0.9589003324508667,-0.1447434425354004,0.5597186623873323,"[504.0, 194.0]"
normal_0382_EDD.jpg,ok,normal,"[286.0, 218.0]",114.03503592196344,0.8874491155147552,0.17473357915878296,0.9848864674568176,-0.11647504568099976,0.8613462242282981,"[301.0, 223.0]"
normal_0383_EDD.jpg,ok,normal,"[152.0, 230.0]",90.50966799187809,0.7976304471492767,0.11135983467102051,0.9508220553398132,-0.10347586870193481,0.3772501442693864,"[101.0, 206.0]"
normal_0384_EDD.jpg,ok,normal,"[298.0, 214.0]",90.50966799187809,0.800947904586792,0.10247200727462769,0.9639742970466614,-0.11846944689750671,0.5898623516122911,"[331.0, 197.0]"
normal_0385_EDD.jpg,ok,normal,"[278.0, 218.0]",90.50966799187809,0.8117236256599426,0.10267907381057739,0.9756239056587219,-0.13053908944129944,0.828125,"[267.0, 207.0]"
normal_0386_EDD.jpg,ok,normal,"[316.0, 222.0]",90.50966799187809,0.8262638449668883,0.11347061395645142,0.9803044199943542,-0.1329006850719452,0.84375,"[330.0, 220.0]"
normal_0387_EDD.jpg,ok,normal,"[280.0, 228.0]",143.67514218359977,0.8654465854167938,0.15910017490386963,0.989528477191925,-0.0683823823928833,0.7652046479706446,"[273.0, 195.0]"
normal_0388_EDD.jpg,ok,normal,"[106.0, 183.0]",45.254833995939045,0.8262670278549195,0.12082093954086304,0.9703974723815918,-0.1308392882347107,0.7093581994103395,"[93.0, 181.0]"
normal_0389_EDD.jpg,ok,normal,"[124.0, 222.0]",45.254833995939045,0.7809266269207,0.07883727550506592,0.9667342305183411,-0.12687695026397705,0.6090626249000999,"[111.0, 210.0]"
normal_0390_EDD.jpg,ok,normal,"[122.0, 194.0]",57.01751796098172,0.8142407357692718,0.11521643400192261,0.9580601453781128,-0.14191100001335144,0.612562545260359,"[100.0, 192.0]"
normal_0391_EDD.jpg,ok,normal,"[490.0, 195.0]",45.254833995939045,0.8320420324802398,0.12866103649139404,0.9606450200080872,-0.15464740991592407,0.629585325277197,"[506.0, 200.0]"
normal_0392_EDD.jpg,ok,normal,"[330.0, 210.0]",90.50966799187809,0.8259261548519133,0.1150507926940918,0.9756922125816345,-0.13945406675338745,0.8147926626385985,"[346.0, 205.0]"
normal_0393_EDD.jpg,ok,normal,"[292.0, 208.0]",71.83757109179989,0.8161462664604187,0.13365709781646729,0.9356741309165955,-0.13758638501167297,0.7073426102510798,"[313.0, 207.0]"
normal_0394_EDD.jpg,ok,normal,"[256.0, 222.0]",114.03503592196344,0.8769121885299682,0.16447126865386963,0.982857346534729,-0.12220388650894165,0.7268837357484771,"[253.0, 191.0]"
normal_0395_EDD.jpg,ok,normal,"[154.0, 194.0]",71.83757109179989,0.8140138268470763,0.12005484104156494,0.954466700553894,-0.12916147708892822,0.556949651248549,"[131.0, 172.0]"
normal_0396_EDD.jpg,ok,normal,"[252.0, 214.0]",71.83757109179989,0.8088229298591613,0.10813915729522705,0.9616847038269043,-0.1375223994255066,0.7399474758354982,"[247.0, 196.0]"
normal_0397_EDD.jpg,ok,normal,"[296.0, 214.0]",71.83757109179989,0.7944925129413605,0.1142989993095398,0.9348890781402588,-0.12885579466819763,0.6601623515323152,"[316.0, 228.0]"
normal_0398_EDD.jpg,ok,normal,"[174.0, 232.0]",114.03503592196344,0.8571308434009551,0.13923734426498413,0.9849665760993958,-0.14208447933197021,0.5085315260902734,"[120.0, 247.0]"
normal_0399_EDD.jpg,ok,normal,"[139.0, 185.0]",57.01751796098172,0.8119769632816315,0.12629562616348267,0.9428461194038391,-0.12844526767730713,0.706001677840282,"[123.0, 190.0]"
normal_0400_EDD.jpg,negative_score,normal,"[278.0, 214.0]",71.83757109179989,0.8018081665039062,0.10674399137496948,0.9551481008529663,-0.13230252265930176,-0.2982491942848844,"[271.0, 307.0]"
normal_0401_EDD.jpg,ok,normal,"[301.0, 202.0]",57.01751796098172,0.8136042177677154,0.12514108419418335,0.9452590346336365,-0.13390904664993286,0.441791539444782,"[324.0, 180.0]"
normal_0402_EDD.jpg,ok,normal,"[278.0, 220.0]",114.03503592196344,0.8762007892131806,0.1592511534690857,0.984021008014679,-0.1406746506690979,0.7254795297611895,"[264.0, 192.0]"
normal_0403_EDD.jpg,ok,normal,"[404.0, 208.0]",90.50966799187809,0.794729620218277,0.08306688070297241,0.9857156872749329,-0.10830879211425781,0.08270470182034628,"[487.0, 206.0]"
normal_0404_EDD.jpg,negative_score,normal,"[126.0, 188.0]",57.01751796098172,0.8249241590499878,0.12491118907928467,0.9588176012039185,-0.14420324563980103,-2.872667223409796,"[245.0, 374.0]"
normal_0405_EDD.jpg,ok,normal,"[471.0, 205.0]",45.254833995939045,0.8066207766532897,0.10043120384216309,0.9694714546203613,-0.1377977728843689,0.7051880896232312,"[484.0, 208.0]"
normal_0406_EDD.jpg,ok,normal,"[124.0, 197.0]",57.01751796098172,0.7733436584472656,0.07291251420974731,0.9670517444610596,-0.11747461557388306,0.718836944939415,"[108.0, 198.0]"
normal_0407_EDD.jpg,ok,normal,"[280.0, 206.0]",90.50966799187809,0.821993064880371,0.10758888721466064,0.9813522696495056,-0.1372879445552826,0.9195653895235391,"[287.0, 204.0]"
normal_0408_EDD.jpg,ok,normal,"[498.0, 190.0]",45.254833995939045,0.806602793931961,0.10465526580810547,0.9620062708854675,-0.1427156925201416,0.3557647459972406,"[513.0, 165.0]"
normal_0409_EDD.jpg,ok,normal,"[286.0, 220.0]",90.50966799187809,0.8312809348106384,0.13986462354660034,0.9488751292228699,-0.13601860404014587,0.421875,"[249.0, 183.0]"
normal_0410_EDD.jpg,ok,normal,"[449.0, 217.0]",35.918785545899944,0.8638510406017303,0.1473100185394287,0.9804995656013489,-0.1509566307067871,0.4452802748659286,"[468.0, 211.0]"
normal_0411_EDD.jpg,ok,normal,"[296.0, 198.0]",45.254833995939045,0.8127593636512757,0.11925464868545532,0.9556156396865845,-0.12286883592605591,0.7118892357095973,"[309.0, 197.0]"
normal_0412_EDD.jpg,ok,normal,"[411.0, 204.0]",35.918785545899944,0.803665018081665,0.0960700511932373,0.9742780923843384,-0.12800151109695435,0.559801700961275,"[424.0, 213.0]"
normal_0413_EDD.jpg,ok,normal,"[306.0, 230.0]",35.918785545899944,0.7915761709213256,0.07928812503814697,0.9836210012435913,-0.11876672506332397,0.5258919223712375,"[319.0, 241.0]"
normal_0414_EDD.jpg,ok,normal,"[160.0, 207.0]",45.254833995939045,0.7721063017845153,0.06759804487228394,0.9702796936035156,-0.12656235694885254,0.5255554234159695,"[141.0, 197.0]"
normal_0415_EDD.jpg,ok,normal,"[487.0, 249.0]",45.254833995939045,0.8447133481502532,0.13567036390304565,0.9697347283363342,-0.1511433720588684,0.4471310620951834,"[512.0, 248.0]"
normal_0416_EDD.jpg,ok,normal,"[277.0, 216.0]",45.254833995939045,0.7578848361968993,0.05464571714401245,0.9729207754135132,-0.11097288131713867,0.5354353516462967,"[258.0, 207.0]"
normal_0417_EDD.jpg,ok,normal,"[329.0, 210.0]",45.254833995939045,0.832697719335556,0.11388731002807617,0.9869166016578674,-0.13984394073486328,0.6875,"[343.0, 208.0]"
normal_0418_EDD.jpg,ok,normal,"[335.0, 208.0]",57.01751796098172,0.821038818359375,0.13149088621139526,0.9472641944885254,-0.13231498003005981,0.48417813697481593,"[352.0, 184.0]"
normal_0419_EDD.jpg,ok,normal,"[478.0, 219.0]",45.254833995939045,0.8745016396045685,0.20033413171768188,0.9200717806816101,-0.1505863070487976,0.4162018221165812,"[501.0, 206.0]"
normal_0420_EDD.jpg,negative_score,normal,"[298.0, 208.0]",71.83757109179989,0.8143245160579681,0.12777310609817505,0.9431298971176147,-0.13180240988731384,-0.09183377183340591,"[324.0, 282.0]"
normal_0421_EDD.jpg,ok,normal,"[286.0, 212.0]",71.83757109179989,0.7791522026062012,0.09996020793914795,0.935843288898468,-0.12050846219062805,0.6301286345383434,"[295.0, 237.0]"
normal_0422_EDD.jpg,ok,normal,"[408.0, 195.0]",45.254833995939045,0.7794187486171722,0.09608304500579834,0.9382795691490173,-0.13270002603530884,0.5133621405500801,"[425.0, 209.0]"
normal_0423_EDD.jpg,ok,normal,"[416.0, 204.0]",45.254833995939045,0.8006323516368865,0.1060062050819397,0.9570174813270569,-0.1235695481300354,0.5889704238135655,"[427.0, 189.0]"
normal_0424_EDD.jpg,ok,normal,"[151.0, 199.0]",45.254833995939045,0.8335846960544586,0.14589983224868774,0.9390557408332825,-0.15172922611236572,0.5580582617584078,"[139.0, 215.0]"
normal_0425_EDD.jpg,ok,normal,"[467.0, 215.0]",45.254833995939045,0.800890052318573,0.09098082780838013,0.9766191244125366,-0.13137918710708618,0.5153730493977868,"[487.0, 224.0]"
normal_0426_EDD.jpg,ok,normal,"[297.0, 197.0]",57.01751796098172,0.794417279958725,0.10594522953033447,0.9458693861961365,-0.13181740045547485,0.7830611131596861,"[285.0, 194.0]"
normal_0427_EDD.jpg,ok,normal,"[481.0, 223.0]",45.254833995939045,0.8589631080627441,0.17327266931533813,0.9385699033737183,-0.1434575319290161,0.6859413868399722,"[492.0, 214.0]"
normal_0428_EDD.jpg,ok,normal,"[299.0, 224.0]",45.254833995939045,0.7881032168865203,0.081207275390625,0.973777711391449,-0.12625771760940552,0.6678079433520423,"[314.0, 225.0]"
normal_0429_EDD.jpg,ok,normal,"[330.0, 212.0]",45.254833995939045,0.791048240661621,0.0761183500289917,0.9830344915390015,-0.13402873277664185,0.8177827532860844,"[338.0, 210.0]"
normal_0430_EDD.jpg,ok,normal,"[172.0, 208.0]",35.918785545899944,0.8052570521831512,0.10154110193252563,0.967896044254303,-0.13094359636306763,0.2027669730102719,"[160.0, 182.0]"
normal_0431_EDD.jpg,ok,normal,"[416.0, 206.0]",35.918785545899944,0.806812447309494,0.10959005355834961,0.9565773606300354,-0.13809120655059814,0.8329564903486864,"[422.0, 206.0]"
normal_0432_EDD.jpg,ok,normal,"[306.0, 242.0]",35.918785545899944,0.7924816489219665,0.0897073745727539,0.9696444272994995,-0.12011587619781494,0.8217332757743043,"[310.0, 237.0]"
normal_0433_EDD.jpg,ok,normal,"[278.0, 220.0]",71.83757109179989,0.7545236825942992,0.07580149173736572,0.9377279281616211,-0.11156320571899414,0.7130258190140629,"[265.0, 204.0]"
normal_0434_EDD.jpg,negative_score,normal,"[506.0, 223.0]",45.254833995939045,0.8723434090614318,0.17062675952911377,0.9563997983932495,-0.16118395328521729,-5.310952780682169,"[278.0, 395.0]"
normal_0435_EDD.jpg,ok,normal,"[298.0, 212.0]",71.83757109179989,0.8089295923709869,0.14016813039779663,0.9164031147956848,-0.1363964080810547,0.7537248859604941,"[286.0, 199.0]"
normal_0436_EDD.jpg,ok,normal,"[144.0, 189.0]",57.01751796098172,0.8259729981422423,0.14020460844039917,0.9404102563858032,-0.13740605115890503,0.5831153389687087,"[122.0, 180.0]"
normal_0437_EDD.jpg,ok,normal,"[290.0, 194.0]",90.50966799187809,0.8244772672653198,0.10263258218765259,0.9905790090560913,-0.1421968936920166,0.8309897839626255,"[305.0, 197.0]"
normal_0438_EDD.jpg,ok,normal,"[206.0, 216.0]",114.03503592196344,0.8113622069358826,0.09687525033950806,0.9900475144386292,-0.10726848244667053,0.21993232950881736,"[123.0, 184.0]"
normal_0439_EDD.jpg,ok,normal,"[322.0, 236.0]",114.03503592196344,0.8733348488807677,0.16169536113739014,0.9798798561096191,-0.12861794233322144,0.8540508463689825,"[331.0, 222.0]"
normal_0440_EDD.jpg,ok,normal,"[499.0, 222.0]",57.01751796098172,0.818880933523178,0.12247121334075928,0.9544026255607605,-0.14163941144943237,0.6667690794081549,"[518.0, 222.0]"
normal_0441_EDD.jpg,ok,normal,"[410.0, 186.0]",114.03503592196344,0.811558586359024,0.10342270135879517,0.9802541732788086,-0.10978981852531433,0.10906991666460075,"[499.0, 235.0]"
normal_0442_EDD.jpg,ok,normal,"[256.0, 224.0]",114.03503592196344,0.852865582704544,0.14062374830245972,0.98176109790802,-0.12504532933235168,0.8572472007003212,"[259.0, 208.0]"
normal_0443_EDD.jpg,ok,normal,"[310.0, 220.0]",90.50966799187809,0.8181991338729858,0.10134410858154297,0.985788106918335,-0.134016752243042,0.8342718481594029,"[319.0, 208.0]"
normal_0444_EDD.jpg,ok,normal,"[272.0, 205.0]",57.01751796098172,0.7754890978336334,0.10736358165740967,0.9179099202156067,-0.12794286012649536,0.7802436069785398,"[261.0, 199.0]"
normal_0445_EDD.jpg,ok,normal,"[493.0, 204.0]",45.254833995939045,0.8441750168800354,0.15827465057373047,0.9359805583953857,-0.15356987714767456,0.5302094881758466,"[509.0, 218.0]"
normal_0446_EDD.jpg,ok,normal,"[326.0, 210.0]",71.83757109179989,0.8071550726890563,0.09943854808807373,0.9706398248672485,-0.14134323596954346,0.7930599751441841,"[337.0, 220.0]"
normal_0447_EDD.jpg,ok,normal,"[112.0, 201.0]",45.254833995939045,0.8018775820732117,0.10190820693969727,0.9596240520477295,-0.1411626935005188,0.6436951796565195,"[98.0, 209.0]"
normal_0448_EDD.jpg,ok,normal,"[306.0, 218.0]",90.50966799187809,0.7937187433242797,0.08995765447616577,0.9742017388343811,-0.1090993583202362,0.7900776743352438,"[325.0, 218.0]"
normal_0449_EDD.jpg,ok,normal,"[305.0, 218.0]",57.01751796098172,0.8028939127922058,0.11548852920532227,0.9442585706710815,-0.13212192058563232,0.6932020840243058,"[320.0, 209.0]"
normal_0450_EDD.jpg,ok,normal,"[111.0, 204.0]",57.01751796098172,0.8004636347293853,0.11322617530822754,0.9434730410575867,-0.13403165340423584,0.6312747942480474,"[92.0, 195.0]"
normal_0451_EDD.jpg,ok,normal,"[459.0, 197.0]",57.01751796098172,0.819479614496231,0.13138991594314575,0.9448032975196838,-0.1336369514465332,0.5894349551052224,"[481.0, 205.0]"
normal_0452_EDD.jpg,ok,normal,"[300.0, 224.0]",90.50966799187809,0.834862595796585,0.13226759433746338,0.9651778340339661,-0.1348525881767273,0.49212740740171856,"[332.0, 191.0]"
normal_0453_EDD.jpg,ok,normal,"[509.0, 190.0]",45.254833995939045,0.8843186676502227,0.17956387996673584,0.9622805714607239,-0.15579193830490112,0.5580582617584078,"[525.0, 202.0]"
normal_0454_EDD.jpg,ok,normal,"[278.0, 224.0]",114.03503592196344,0.8226161241531372,0.11054164171218872,0.9930412769317627,-0.084727942943573,0.591594603252893,"[323.0, 212.0]"
normal_0455_EDD.jpg,ok,normal,"[90.0, 188.0]",71.83757109179989,0.7650391578674316,0.05297309160232544,0.9841983318328857,-0.11563616991043091,0.39195244672367313,"[48.0, 200.0]"
normal_0456_EDD.jpg,ok,normal,"[460.0, 200.0]",57.01751796098172,0.8501890659332275,0.14900505542755127,0.9602651596069336,-0.14499199390411377,0.5330022269715398,"[475.0, 178.0]"
normal_0457_EDD.jpg,ok,normal,"[476.0, 210.0]",45.254833995939045,0.8479498267173767,0.13669174909591675,0.9721082448959351,-0.1539115309715271,0.3808871013700329,"[492.0, 187.0]"
normal_0458_EDD.jpg,ok,normal,"[257.0, 207.0]",57.01751796098172,0.7735673487186432,0.06596219539642334,0.9742375016212463,-0.12819451093673706,0.8383033006873079,"[248.0, 209.0]"
normal_0459_EDD.jpg,ok,normal,"[484.0, 201.0]",45.254833995939045,0.8261312961578369,0.11885941028594971,0.9715126752853394,-0.1360650658607483,0.661979567925251,"[499.0, 198.0]"
normal_0460_EDD.jpg,ok,normal,"[178.0, 214.0]",114.03503592196344,0.8139282763004303,0.11151951551437378,0.9700988531112671,-0.11669781804084778,0.29485318856806664,"[99.0, 199.0]"
normal_0461_EDD.jpg,ok,normal,"[404.0, 246.0]",90.50966799187809,0.7965737581253052,0.10405927896499634,0.9622197151184082,-0.09480339288711548,0.12444214211738125,"[482.0, 232.0]"
normal_0462_EDD.jpg,ok,normal,"[272.0, 220.0]",114.03503592196344,0.8524105012416839,0.13834863901138306,0.9879963994026184,-0.11232191324234009,0.8661434409253008,"[264.0, 207.0]"
normal_0463_EDD.jpg,ok,normal,"[428.0, 228.0]",114.03503592196344,0.7928365468978882,0.08382952213287354,0.9840903282165527,-0.10071897506713867,0.32068139408954155,"[504.0, 213.0]"
normal_0464_EDD.jpg,ok,normal,"[304.0, 240.0]",181.01933598375618,0.856115299463272,0.1620228886604309,0.9715745449066162,-0.0699511468410492,0.7834231831932952,"[335.0, 216.0]"
normal_0465_EDD.jpg,ok,normal,"[461.0, 214.0]",45.254833995939045,0.8264077484607696,0.11620044708251953,0.9753739237785339,-0.13722777366638184,0.6237001694127408,"[478.0, 215.0]"
normal_0466_EDD.jpg,ok,normal,"[304.0, 202.0]",90.50966799187809,0.8355791628360748,0.14555960893630981,0.9455946683883667,-0.14051643013954163,0.63472907101372,"[306.0, 235.0]"
normal_0467_EDD.jpg,negative_score,normal,"[358.0, 252.0]",114.03503592196344,0.7912652015686035,0.08750635385513306,0.9823161959648132,-0.08068755269050598,-0.18874085079790381,"[484.0, 202.0]"
normal_0468_EDD.jpg,ok,normal,"[486.0, 199.0]",45.254833995939045,0.8903525114059447,0.1718893051147461,0.9828982353210449,-0.15217220783233643,0.8023576462394764,"[494.0, 195.0]"
normal_0469_EDD.jpg,ok,normal,"[338.0, 198.0]",71.83757109179989,0.781195193529129,0.07636702060699463,0.9695464968681335,-0.1307281255722046,0.6553497504162406,"[355.0, 180.0]"
normal_0470_EDD.jpg,ok,normal,"[302.0, 219.0]",45.254833995939045,0.8074199378490448,0.09683620929718018,0.9766839146614075,-0.13452494144439697,0.6859413868399722,"[311.0, 208.0]"
normal_0471_EDD.jpg,ok,normal,"[168.0, 194.0]",90.50966799187809,0.8282881617546081,0.12133455276489258,0.9756314158439636,-0.1200580894947052,0.4317782329384944,"[122.0, 171.0]"
normal_0472_EDD.jpg,ok,normal,"[484.0, 203.0]",45.254833995939045,0.8658588349819183,0.16038745641708374,0.9658138155937195,-0.14700853824615479,0.5466056834829092,"[499.0, 217.0]"
normal_0473_EDD.jpg,ok,normal,"[276.0, 224.0]",90.50966799187809,0.8424138486385345,0.13836997747421265,0.9646883010864258,-0.14381030201911926,0.828125,"[265.0, 213.0]"
normal_0474_EDD.jpg,ok,normal,"[177.0, 195.0]",45.254833995939045,0.8715880513191222,0.16419970989227295,0.9704585075378418,-0.14033693075180054,0.482720457586036,"[155.0, 203.0]"
normal_0475_EDD.jpg,ok,normal,"[274.0, 206.0]",57.01751796098172,0.820308369398117,0.14395040273666382,0.9251314997673035,-0.1438295841217041,0.6000613615347536,"[252.0, 200.0]"
normal_0476_EDD.jpg,ok,normal,"[296.0, 207.0]",57.01751796098172,0.8319095373153685,0.15032166242599487,0.9332097768783569,-0.14170515537261963,0.6626408032206081,"[315.0, 210.0]"
normal_0477_EDD.jpg,ok,normal,"[387.0, 217.0]",57.01751796098172,0.8247704446315764,0.1396334171295166,0.9393290877342224,-0.13803333044052124,0.4886701400405098,"[412.0, 202.0]"
normal_0478_EDD.jpg,ok,normal,"[436.0, 222.0]",90.50966799187809,0.8384258151054381,0.1338728666305542,0.9698684215545654,-0.12822526693344116,0.43360721998775453,"[484.0, 204.0]"
normal_0479_EDD.jpg,ok,normal,"[320.0, 232.0]",90.50966799187809,0.8395280957221984,0.12958890199661255,0.9713038802146912,-0.15013238787651062,0.7235655310475917,"[321.0, 207.0]"
normal_0480_EDD.jpg,ok,normal,"[166.0, 236.0]",114.03503592196344,0.834632259607315,0.12316125631332397,0.979938805103302,-0.12756919860839844,0.3408474747769402,"[109.0, 187.0]"
normal_0481_EDD.jpg,ok,normal,"[196.0, 192.0]",114.03503592196344,0.7910262048244475,0.07965046167373657,0.9910617470741272,-0.08816260099411011,0.23446037141909837,"[282.0, 207.0]"
normal_0482_EDD.jpg,ok,normal,"[296.0, 206.0]",90.50966799187809,0.8261004328727721,0.13004666566848755,0.9546840786933899,-0.13887456059455872,0.8525940448116156,"[283.0, 203.0]"
normal_0483_EDD.jpg,ok,normal,"[414.0, 216.0]",114.03503592196344,0.8082808375358581,0.11649972200393677,0.9624776840209961,-0.0902336835861206,0.2689907841786874,"[496.0, 231.0]"
normal_0484_EDD.jpg,ok,normal,"[262.0, 234.0]",90.50966799187809,0.800333160161972,0.09305554628372192,0.975114643573761,-0.12348681688308716,0.9137081170532245,"[268.0, 229.0]"
normal_0485_EDD.jpg,ok,normal,"[480.0, 219.0]",45.254833995939045,0.8611265003681183,0.15537965297698975,0.9634402394294739,-0.15669339895248413,0.11115858416700686,"[503.0, 252.0]"
normal_0486_EDD.jpg,ok,normal,"[286.0, 224.0]",90.50966799187809,0.8079648911952972,0.11358416080474854,0.9550376534461975,-0.12927186489105225,0.8779648488139585,"[287.0, 213.0]"
normal_0487_EDD.jpg,ok,normal,"[490.0, 204.0]",45.254833995939045,0.803687459230423,0.09530007839202881,0.9753202795982361,-0.12831592559814453,0.4951407993311403,"[511.0, 213.0]"
normal_0488_EDD.jpg,ok,normal,"[476.0, 200.0]",45.254833995939045,0.8130825757980347,0.10664808750152588,0.9718215465545654,-0.13079702854156494,0.6930174577439296,"[488.0, 193.0]"
normal_0489_EDD.jpg,ok,normal,"[332.0, 208.0]",71.83757109179989,0.7841126143932342,0.09273654222488403,0.9523940682411194,-0.12350112199783325,0.54721587269403,"[355.0, 231.0]"
normal_0490_EDD.jpg,ok,normal,"[264.0, 200.0]",90.50966799187809,0.7943614840507507,0.07628059387207031,0.9872822761535645,-0.1349164843559265,0.6548324682128981,"[244.0, 224.0]"
normal_0491_EDD.jpg,ok,normal,"[155.0, 205.0]",35.918785545899944,0.7922704517841338,0.09244793653488159,0.9617499709129333,-0.13298767805099487,0.6741343079163296,"[144.0, 209.0]"
normal_0492_EDD.jpg,ok,normal,"[292.0, 210.0]",71.83757109179989,0.7740415155887603,0.08588463068008423,0.9483559131622314,-0.12153872847557068,0.930398537645286,"[296.0, 207.0]"
normal_0493_EDD.jpg,ok,normal,"[502.0, 198.0]",45.254833995939045,0.8638642668724059,0.15816128253936768,0.9659925699234009,-0.14754092693328857,0.2078880090227141,"[520.0, 229.0]"
normal_0494_EDD.jpg,ok,normal,"[407.0, 208.0]",35.918785545899944,0.7774955689907074,0.0818668007850647,0.9576717019081116,-0.126292884349823,0.47692289863066983,"[424.0, 200.0]"
normal_0495_EDD.jpg,ok,normal,"[284.0, 204.0]",71.83757109179989,0.7753279566764831,0.07903063297271729,0.959926187992096,-0.12174496054649353,0.7973174822412243,"[280.0, 218.0]"
normal_0496_EDD.jpg,ok,normal,"[294.0, 232.0]",90.50966799187809,0.8028953731060028,0.11269086599349976,0.9510570764541626,-0.12232276797294617,0.5309896556311364,"[283.0, 191.0]"
normal_0497_EDD.jpg,ok,normal,"[294.0, 216.0]",57.01751796098172,0.7607999384403228,0.05678528547286987,0.970264732837677,-0.12414669990539551,0.5287403126969408,"[313.0, 197.0]"
normal_0498_EDD.jpg,ok,normal,"[282.0, 210.0]",90.50966799187809,0.8282582879066467,0.11619603633880615,0.975246012210846,-0.14695021510124207,0.8339039716760211,"[283.0, 225.0]"
normal_0499_EDD.jpg,ok,normal,"[114.0, 221.0]",57.01751796098172,0.8062879204750061,0.10523945093154907,0.9631659984588623,-0.1341613531112671,0.6505484707558425,"[95.0, 215.0]"
normal_0500_EDD.jpg,ok,normal,"[335.0, 216.0]",57.01751796098172,0.78384969830513,0.09048628807067871,0.9542532563209534,-0.12693065404891968,0.7096866726367435,"[350.0, 209.0]"
normal_0501_EDD.jpg,ok,normal,"[160.0, 199.0]",57.01751796098172,0.7919120371341705,0.10902529954910278,0.9390034079551697,-0.12792176008224487,0.5611876331846765,"[135.0, 198.0]"
normal_0502_EDD.jpg,negative_score,normal,"[131.0, 196.0]",45.254833995939045,0.8674871146678924,0.16721069812774658,0.9605303406715393,-0.1395258903503418,-0.8335256764632446,"[113.0, 277.0]"
normal_0503_EDD.jpg,ok,normal,"[334.0, 206.0]",71.83757109179989,0.8021652519702911,0.09627240896224976,0.9691367745399475,-0.13748550415039062,0.49559344346870515,"[357.0, 178.0]"
normal_0504_EDD.jpg,ok,normal,"[468.0, 204.0]",45.254833995939045,0.8769170522689819,0.16644424200057983,0.9729794263839722,-0.1469360589981079,0.5058941155986907,"[488.0, 194.0]"
normal_0505_EDD.jpg,ok,normal,"[516.0, 221.0]",45.254833995939045,0.880695754289627,0.17301172018051147,0.9658883213996887,-0.15781104564666748,0.5133621405500801,"[538.0, 222.0]"
normal_0506_EDD.jpg,ok,normal,"[133.0, 204.0]",57.01751796098172,0.8074239194393158,0.11280536651611328,0.9546192288398743,-0.13192546367645264,0.4941131912572774,"[117.0, 180.0]"
normal_0507_EDD.jpg,ok,normal,"[270.0, 210.0]",71.83757109179989,0.8086001515388488,0.12265139818191528,0.9417233467102051,-0.1337120532989502,0.46646949206431887,"[260.0, 173.0]"
normal_0508_EDD.jpg,ok,normal,"[453.0, 213.0]",45.254833995939045,0.8667181074619292,0.16997754573822021,0.9562591910362244,-0.13679563999176025,0.741360228793018,"[464.0, 209.0]"
normal_0509_EDD.jpg,ok,normal,"[345.0, 218.0]",57.01751796098172,0.7981598734855652,0.11116975545883179,0.9436259269714355,-0.13225984573364258,0.6932020840243058,"[360.0, 209.0]"
normal_0510_EDD.jpg,ok,normal,"[262.0, 198.0]",71.83757109179989,0.7923146963119507,0.09184807538986206,0.9637731313705444,-0.1291271448135376,0.7410675924166714,"[251.0, 213.0]"
normal_0511_EDD.jpg,ok,normal,"[244.0, 224.0]",143.67514218359977,0.8630479842424392,0.16415882110595703,0.9781691431999207,-0.0708538144826889,0.7914277468453828,"[271.0, 211.0]"
normal_0512_EDD.jpg,ok,normal,"[98.0, 191.0]",57.01751796098172,0.7692249536514282,0.05143606662750244,0.9903056621551514,-0.12287461757659912,0.7003025017271229,"[82.0, 185.0]"
normal_0513_EDD.jpg,ok,normal,"[316.0, 208.0]",90.50966799187809,0.8054818212985992,0.08701527118682861,0.986354649066925,-0.14009147882461548,0.5994998244382408,"[349.0, 193.0]"
normal_0514_EDD.jpg,ok,normal,"[284.0, 216.0]",143.67514218359977,0.8727234601974487,0.1644495129585266,0.9902492761611938,-0.07549726963043213,0.7632526950283219,"[253.0, 230.0]"
normal_0515_EDD.jpg,ok,normal,"[284.0, 203.0]",57.01751796098172,0.7930315256118774,0.10572648048400879,0.9429842233657837,-0.13608044385910034,0.6630970024783625,"[299.0, 191.0]"
normal_0516_EDD.jpg,ok,normal,"[152.0, 195.0]",57.01751796098172,0.8273666620254516,0.12768548727035522,0.9604009389877319,-0.1370025873184204,0.6283664940498184,"[132.0, 188.0]"
normal_0517_EDD.jpg,ok,normal,"[304.0, 218.0]",71.83757109179989,0.83884260058403,0.14375543594360352,0.9537867903709412,-0.1371820569038391,0.8852103276056251,"[296.0, 216.0]"
normal_0518_EDD.jpg,ok,normal,"[294.0, 204.0]",90.50966799187809,0.8639319896697998,0.18059486150741577,0.9366583228111267,-0.13838151097297668,0.7779270249445016,"[314.0, 206.0]"
normal_0519_EDD.jpg,ok,normal,"[300.0, 206.0]",71.83757109179989,0.7871036708354949,0.09171563386917114,0.9578653573989868,-0.1244114339351654,0.6213271049669989,"[316.0, 228.0]"
normal_0520_EDD.jpg,ok,normal,"[97.0, 186.0]",45.254833995939045,0.7907700061798095,0.09967929124832153,0.9476226568222046,-0.13877427577972412,0.5133621405500801,"[80.0, 200.0]"
normal_0521_EDD.jpg,ok,normal,"[138.0, 186.0]",71.83757109179989,0.825665009021759,0.12182509899139404,0.9658246040344238,-0.13881343603134155,0.7236900838989393,"[123.0, 173.0]"
normal_0522_EDD.jpg,ok,normal,"[481.0, 206.0]",57.01751796098172,0.8245460748672485,0.11991393566131592,0.9678834676742554,-0.1355685591697693,0.5615382623791512,"[501.0, 221.0]"
normal_0523_EDD.jpg,ok,normal,"[402.0, 216.0]",114.03503592196344,0.8546027719974517,0.15588879585266113,0.9628024101257324,-0.12376144528388977,0.24824587472173498,"[484.0, 191.0]"
normal_0524_EDD.jpg,ok,normal,"[514.0, 217.0]",35.918785545899944,0.849454653263092,0.1326867938041687,0.9790859222412109,-0.15703856945037842,0.7093357598193548,"[524.0, 220.0]"
normal_0525_EDD.jpg,ok,normal,"[286.0, 190.0]",90.50966799187809,0.8221768796443939,0.1000872254371643,0.9903210997581482,-0.1443244218826294,0.6156758163672236,"[319.0, 179.0]"
normal_0526_EDD.jpg,ok,normal,"[124.0, 178.0]",45.254833995939045,0.8714890897274017,0.16318541765213013,0.9698814749717712,-0.1469331979751587,0.7999023675802235,"[115.0, 177.0]"
normal_0527_EDD.jpg,ok,normal,"[282.0, 219.0]",35.918785545899944,0.8160419702529906,0.10961198806762695,0.9738359451293945,-0.12372410297393799,0.7433224894112469,"[273.0, 217.0]"
normal_0528_EDD.jpg,ok,normal,"[155.0, 220.0]",35.918785545899944,0.8302555441856384,0.1315981149673462,0.9569730758666992,-0.14388138055801392,0.7258020377885429,"[146.0, 224.0]"
normal_0529_EDD.jpg,ok,normal,"[292.0, 226.0]",45.254833995939045,0.7742986619472504,0.08856099843978882,0.9427066445350647,-0.1292150616645813,0.5,"[308.0, 210.0]"
normal_0530_EDD.jpg,ok,normal,"[408.0, 217.0]",35.918785545899944,0.848469042778015,0.14379680156707764,0.9654548168182373,-0.14426934719085693,0.45089783455756705,"[425.0, 207.0]"
normal_0531_EDD.jpg,ok,normal,"[228.0, 254.0]",114.03503592196344,0.8277803719043731,0.11645042896270752,0.9896039366722107,-0.09303593635559082,0.16245773860632906,"[257.0, 163.0]"
normal_0532_EDD.jpg,ok,normal,"[270.0, 224.0]",71.83757109179989,0.798030000925064,0.1045079231262207,0.9520004391670227,-0.13560885190963745,0.8412842461443847,"[261.0, 217.0]"
normal_0533_EDD.jpg,ok,normal,"[487.0, 218.0]",45.254833995939045,0.9021245658397674,0.1966480016708374,0.9622257351875305,-0.15959274768829346,0.509365047871638,"[509.0, 215.0]"
normal_0534_EDD.jpg,ok,normal,"[326.0, 225.0]",57.01751796098172,0.7882951438426972,0.08648765087127686,0.9642787575721741,-0.1340618133544922,0.7107481508795814,"[342.0, 221.0]"
normal_0535_EDD.jpg,ok,normal,"[476.0, 217.0]",45.254833995939045,0.8870687127113341,0.19252878427505493,0.9493777751922607,-0.1498774290084839,0.59375,"[493.0, 210.0]"
normal_0536_EDD.jpg,ok,normal,"[280.0, 216.0]",57.01751796098172,0.7976119816303253,0.11440110206604004,0.9377309679985046,-0.13399600982666016,0.6545322155715061,"[298.0, 208.0]"
normal_0537_EDD.jpg,ok,normal,"[158.0, 198.0]",57.01751796098172,0.7970402896404266,0.11552071571350098,0.9347090125083923,-0.13611632585525513,0.6453064051298021,"[138.0, 201.0]"
normal_0538_EDD.jpg,ok,normal,"[289.0, 218.0]",57.01751796098172,0.819109559059143,0.12273818254470825,0.9556092023849487,-0.13722467422485352,0.7226924484565961,"[280.0, 205.0]"
normal_0539_EDD.jpg,ok,normal,"[297.0, 213.0]",57.01751796098172,0.7884602665901184,0.09978097677230835,0.947649359703064,-0.12662369012832642,0.4537674714969542,"[276.0, 190.0]"
normal_0540_EDD.jpg,ok,normal,"[486.0, 180.0]",45.254833995939045,0.8747052252292633,0.18605279922485352,0.9416857361793518,-0.14736205339431763,0.6402854864618333,"[497.0, 168.0]"
normal_0541_EDD.jpg,ok,normal,"[118.0, 189.0]",45.254833995939045,0.8481719017028808,0.14653635025024414,0.9629162549972534,-0.13797086477279663,0.5795742485289466,"[99.0, 190.0]"
normal_0542_EDD.jpg,ok,normal,"[490.0, 225.0]",35.918785545899944,0.8324465453624724,0.14814049005508423,0.9340135455131531,-0.15248286724090576,0.2529587144390413,"[514.0, 237.0]"
normal_0543_EDD.jpg,ok,normal,"[285.0, 215.0]",35.918785545899944,0.7843356609344482,0.07072484493255615,0.9869049787521362,-0.11388665437698364,0.3542424484300515,"[308.0, 212.0]"
normal_0544_EDD.jpg,negative_score,normal,"[479.0, 227.0]",35.918785545899944,0.838172447681427,0.13726240396499634,0.9566682577133179,-0.15621131658554077,-0.25406307127671135,"[481.0, 272.0]"
normal_0545_EDD.jpg,ok,normal,"[115.0, 168.0]",45.254833995939045,0.7962222397327422,0.08467775583267212,0.9794495701789856,-0.12964892387390137,0.6237001694127408,"[98.0, 167.0]"
normal_0546_EDD.jpg,ok,normal,"[244.0, 204.0]",90.50966799187809,0.8011962711811066,0.09841316938400269,0.9667524695396423,-0.13028186559677124,0.785476090347719,"[240.0, 185.0]"
normal_0547_EDD.jpg,ok,normal,"[475.0, 199.0]",57.01751796098172,0.8409052491188048,0.14398247003555298,0.9557015895843506,-0.13965833187103271,0.6312747942480474,"[494.0, 190.0]"
normal_0548_EDD.jpg,ok,normal,"[310.0, 210.0]",71.83757109179989,0.8118470847606659,0.14067834615707397,0.9216415882110596,-0.1300981342792511,0.7893477504816566,"[295.0, 212.0]"
normal_0549_EDD.jpg,ok,normal,"[492.0, 216.0]",45.254833995939045,0.8783551514148711,0.15547358989715576,0.9919343590736389,-0.14263755083084106,0.5967660031073769,"[510.0, 219.0]"
normal_0550_EDD.jpg,ok,normal,"[324.0, 208.0]",71.83757109179989,0.7893496870994567,0.09516316652297974,0.9533164501190186,-0.1343250274658203,0.766653377063389,"[340.0, 213.0]"
normal_0551_EDD.jpg,ok,normal,"[499.0, 197.0]",45.254833995939045,0.8490184307098388,0.14943581819534302,0.9579989910125732,-0.1449165940284729,0.6084386223080729,"[516.0, 192.0]"
normal_0552_EDD.jpg,ok,normal,"[156.0, 210.0]",90.50966799187809,0.7960868537425995,0.08819198608398438,0.9795079231262207,-0.1111966073513031,0.36482885549444244,"[100.0, 223.0]"
normal_0553_EDD.jpg,ok,normal,"[405.0, 215.0]",45.254833995939045,0.7857918620109559,0.08655917644500732,0.9632521867752075,-0.12478077411651611,0.5755288216498087,"[417.0, 200.0]"
normal_0554_EDD.jpg,ok,normal,"[160.0, 215.0]",35.918785545899944,0.8255522847175598,0.10695004463195801,0.9879827499389648,-0.13507157564163208,0.6132262330613347,"[148.0, 222.0]"
normal_0555_EDD.jpg,ok,normal,"[271.0, 233.0]",45.254833995939045,0.7557739019393921,0.04827892780303955,0.9779736995697021,-0.11456692218780518,0.6875,"[257.0, 231.0]"
normal_0556_EDD.jpg,ok,normal,"[294.0, 254.0]",90.50966799187809,0.7846497774124145,0.10294449329376221,0.948013186454773,-0.0904802680015564,0.6007208644006051,"[303.0, 219.0]"
normal_0557_EDD.jpg,ok,normal,"[288.0, 214.0]",71.83757109179989,0.7602373242378234,0.06674253940582275,0.956112802028656,-0.12107911705970764,0.49329370560306096,"[322.0, 201.0]"
normal_0558_EDD.jpg,ok,normal,"[461.0, 192.0]",45.254833995939045,0.8434143900871277,0.1394268274307251,0.9670202732086182,-0.13536685705184937,0.39970710274067056,"[488.0, 189.0]"
normal_0559_EDD.jpg,ok,normal,"[294.0, 222.0]",71.83757109179989,0.8441935181617737,0.1813868284225464,0.9091766476631165,-0.13191518187522888,0.8810649689923493,"[286.0, 225.0]"
normal_0560_EDD.jpg,ok,normal,"[302.0, 225.0]",57.01751796098172,0.7530408322811126,0.05651742219924927,0.9601412415504456,-0.12212270498275757,0.7947174775526111,"[291.0, 221.0]"
normal_0561_EDD.jpg,ok,normal,"[119.0, 192.0]",45.254833995939045,0.8075618028640748,0.09420925378799438,0.981055498123169,-0.1330685019493103,0.6355655065721688,"[103.0, 188.0]"
normal_0562_EDD.jpg,ok,normal,"[232.0, 224.0]",90.50966799187809,0.8005700647830962,0.08822637796401978,0.9788156747817993,-0.13586357235908508,0.5579201765376529,"[231.0, 184.0]"
normal_0563_EDD.jpg,ok,normal,"[394.0, 207.0]",35.918785545899944,0.7974316239356994,0.09468621015548706,0.9664688110351562,-0.13108623027801514,0.5750319146239581,"[407.0, 215.0]"
normal_0564_EDD.jpg,ok,normal,"[270.0, 224.0]",90.50966799187809,0.7920198500156402,0.10950791835784912,0.9464277625083923,-0.10006248950958252,0.7569320439671243,"[248.0, 224.0]"
normal_0565_EDD.jpg,ok,normal,"[161.0, 208.0]",35.918785545899944,0.7861535131931304,0.08553570508956909,0.9625124335289001,-0.1342955231666565,0.8852103276056251,"[157.0, 209.0]"
normal_0566_EDD.jpg,ok,normal,"[292.0, 224.0]",35.918785545899944,0.7884998738765716,0.07947474718093872,0.9763399958610535,-0.12793564796447754,0.26921778958059384,"[309.0, 244.0]"
normal_0567_EDD.jpg,ok,normal,"[262.0, 200.0]",90.50966799187809,0.8264593660831451,0.10532873868942261,0.9870104193687439,-0.15111666917800903,0.6248372748892822,"[254.0, 167.0]"
normal_0568_EDD.jpg,ok,normal,"[294.0, 226.0]",90.50966799187809,0.8231479942798614,0.1178625226020813,0.9676193594932556,-0.1397596001625061,0.8070454838245552,"[310.0, 233.0]"
normal_0569_EDD.jpg,ok,normal,"[170.0, 238.0]",114.03503592196344,0.8363941252231597,0.13331669569015503,0.973564624786377,-0.10791096091270447,0.13789011358639902,"[99.0, 170.0]"
normal_0570_EDD.jpg,ok,normal,"[477.0, 208.0]",35.918785545899944,0.8731924653053283,0.156629741191864,0.9788440465927124,-0.15685945749282837,0.4594336210466906,"[496.0, 212.0]"
normal_0571_EDD.jpg,ok,normal,"[306.0, 208.0]",71.83757109179989,0.8268777549266815,0.13005965948104858,0.9565116763114929,-0.13629961013793945,0.8190361978777436,"[318.0, 213.0]"
normal_0572_EDD.jpg,ok,normal,"[469.0, 213.0]",45.254833995939045,0.808049601316452,0.11948460340499878,0.9420815110206604,-0.14553970098495483,0.7529470577993453,"[479.0, 218.0]"
normal_0573_EDD.jpg,ok,normal,"[270.0, 228.0]",114.03503592196344,0.8394386827945709,0.12353599071502686,0.9883747100830078,-0.120201975107193,0.9561538262379151,"[270.0, 223.0]"
normal_0574_EDD.jpg,ok,normal,"[121.0, 185.0]",57.01751796098172,0.8076933443546295,0.10542184114456177,0.9662489295005798,-0.12948626279830933,0.5184101059207318,"[98.0, 170.0]"
normal_0575_EDD.jpg,ok,normal,"[282.0, 204.0]",71.83757109179989,0.793849766254425,0.09046810865402222,0.9664533138275146,-0.1343216896057129,0.800691743252568,"[269.0, 198.0]"
normal_0576_EDD.jpg,ok,normal,"[158.0, 226.0]",114.03503592196344,0.8263227462768554,0.12576401233673096,0.9657123684883118,-0.12280037999153137,0.3044056379787564,"[92.0, 182.0]"
normal_0577_EDD.jpg,ok,normal,"[507.0, 222.0]",35.918785545899944,0.8785085678100585,0.16885483264923096,0.9724242687225342,-0.14478373527526855,0.5467881124405694,"[523.0, 225.0]"
normal_0578_EDD.jpg,ok,normal,"[101.0, 207.0]",45.254833995939045,0.8479259610176086,0.14382845163345337,0.9680800437927246,-0.13220739364624023,0.5553047040388217,"[83.0, 198.0]"
normal_0579_EDD.jpg,ok,normal,"[410.0, 218.0]",114.03503592196344,0.8546998977661133,0.14184892177581787,0.9778681397438049,-0.1417163908481598,0.24457228850194712,"[496.0, 213.0]"
normal_0580_EDD.jpg,ok,normal,"[153.0, 198.0]",45.254833995939045,0.806901490688324,0.1314409375190735,0.9228571653366089,-0.14730268716812134,0.6678079433520423,"[138.0, 199.0]"
normal_0581_EDD.jpg,ok,normal,"[200.0, 220.0]",114.03503592196344,0.8149990379810333,0.1138119101524353,0.9741421341896057,-0.09643816947937012,0.4576527828992152,"[140.0, 235.0]"
normal_0582_EDD.jpg,ok,normal,"[430.0, 200.0]",90.50966799187809,0.8240401208400725,0.13516074419021606,0.9493799209594727,-0.12156715989112854,0.3887249174369203,"[485.0, 194.0]"
normal_0583_EDD.jpg,ok,normal,"[291.0, 230.0]",45.254833995939045,0.8133541524410247,0.12823337316513062,0.9394318461418152,-0.13759243488311768,0.5466056834829092,"[276.0, 216.0]"
normal_0584_EDD.jpg,ok,normal,"[124.0, 174.0]",71.83757109179989,0.794156390428543,0.08878004550933838,0.9703792929649353,-0.13055419921875,0.28408543467074787,"[101.0, 128.0]"
normal_0585_EDD.jpg,ok,normal,"[482.0, 213.0]",57.01751796098172,0.8029928267002104,0.09352093935012817,0.9770790934562683,-0.1275826096534729,0.5061122144964623,"[510.0, 210.0]"
normal_0586_EDD.jpg,ok,normal,"[152.0, 220.0]",114.03503592196344,0.8003668844699859,0.0991632342338562,0.970659613609314,-0.10870960354804993,0.26662768655196334,"[89.0, 165.0]"
normal_0587_EDD.jpg,ok,normal,"[188.0, 234.0]",114.03503592196344,0.8214908480644225,0.14173287153244019,0.9420809745788574,-0.10150647163391113,0.11118711813846072,"[101.0, 182.0]"
normal_0588_EDD.jpg,ok,normal,"[482.0, 206.0]",45.254833995939045,0.8460916638374327,0.14493173360824585,0.9590680599212646,-0.1490614414215088,0.3860349154878594,"[506.0, 220.0]"
normal_0589_EDD.jpg,ok,normal,"[483.0, 207.0]",45.254833995939045,0.8630534708499907,0.15224719047546387,0.9727506041526794,-0.14940428733825684,0.5709521806954381,"[502.0, 211.0]"
normal_0590_EDD.jpg,ok,normal,"[333.0, 218.0]",57.01751796098172,0.7721036911010742,0.0658332109451294,0.9727311134338379,-0.1267935037612915,0.6300255804862507,"[354.0, 220.0]"
normal_0591_EDD.jpg,ok,normal,"[266.0, 222.0]",71.83757109179989,0.7782615721225739,0.0807376503944397,0.959130585193634,-0.13066256046295166,0.5440174520035032,"[249.0, 194.0]"
normal_0592_EDD.jpg,ok,normal,"[491.0, 207.0]",45.254833995939045,0.8274100363254546,0.1410977840423584,0.9392709136009216,-0.14411306381225586,0.6355655065721688,"[507.0, 211.0]"
normal_0593_EDD.jpg,ok,normal,"[192.0, 200.0]",114.03503592196344,0.8190865159034728,0.1069406270980835,0.9818775653839111,-0.12415796518325806,0.4647892414359871,"[157.0, 150.0]"
normal_0594_EDD.jpg,ok,normal,"[119.0, 196.0]",45.254833995939045,0.7941463530063628,0.09260863065719604,0.9660529494285583,-0.12650328874588013,0.602252435582567,"[101.0, 196.0]"
normal_0595_EDD.jpg,ok,normal,"[274.0, 228.0]",90.50966799187809,0.8291707396507263,0.125768780708313,0.9674009084701538,-0.13110661506652832,0.6402854864618333,"[306.0, 222.0]"
normal_0596_EDD.jpg,ok,normal,"[284.0, 214.0]",90.50966799187809,0.8194979727268219,0.11632657051086426,0.9676149487495422,-0.12920469045639038,0.6589237507352645,"[256.0, 201.0]"
normal_0597_EDD.jpg,ok,normal,"[288.0, 206.0]",90.50966799187809,0.8242062032222748,0.10242879390716553,0.9904046654701233,-0.14247071743011475,0.8187904139883875,"[278.0, 193.0]"
normal_0598_EDD.jpg,ok,normal,"[120.0, 188.0]",71.83757109179989,0.7999897837638854,0.10327619314193726,0.9565884470939636,-0.13550838828086853,0.6213271049669989,"[94.0, 180.0]"
normal_0599_EDD.jpg,ok,normal,"[238.0, 208.0]",71.83757109179989,0.8060241043567657,0.10468167066574097,0.9636319279670715,-0.13400042057037354,0.5729849599013308,"[228.0, 237.0]"
normal_0600_EDD.jpg,ok,normal,"[122.0, 182.0]",45.254833995939045,0.8729871273040771,0.17256474494934082,0.9593977928161621,-0.14421963691711426,0.5219669206006764,"[110.0, 164.0]"
normal_0601_EDD.jpg,ok,normal,"[278.0, 202.0]",90.50966799187809,0.7967854797840118,0.08550059795379639,0.9791620373725891,-0.12935727834701538,0.791536498998026,"[262.0, 212.0]"
normal_0602_EDD.jpg,ok,normal,"[165.0, 196.0]",57.01751796098172,0.8371873080730438,0.14393311738967896,0.9518651366233826,-0.13474297523498535,0.3381696384249856,"[145.0, 164.0]"
normal_0603_EDD.jpg,ok,normal,"[134.0, 202.0]",71.83757109179989,0.8036090016365051,0.09595084190368652,0.9743051528930664,-0.1282227635383606,0.42605163802812585,"[108.0, 170.0]"
normal_0604_EDD.jpg,ok,normal,"[268.0, 220.0]",143.67514218359977,0.883340612053871,0.1843591332435608,0.9807161688804626,-0.062400802969932556,0.8221413649571582,"[281.0, 242.0]"
normal_0605_EDD.jpg,ok,normal,"[394.0, 209.0]",35.918785545899944,0.8742120385169982,0.16278403997421265,0.9752930402755737,-0.14361435174942017,0.5275296062894227,"[406.0, 197.0]"
normal_0606_EDD.jpg,ok,normal,"[150.0, 212.0]",45.254833995939045,0.8043532133102417,0.11898010969161987,0.9387012720108032,-0.14141106605529785,0.7529470577993453,"[140.0, 217.0]"
normal_0607_EDD.jpg,negative_score,normal,"[284.0, 200.0]",45.254833995939045,0.7546561121940613,0.05319637060165405,0.9682168960571289,-0.11853957176208496,-0.04699159798443464,"[278.0, 153.0]"
normal_0608_EDD.jpg,ok,normal,"[492.0, 215.0]",35.918785545899944,0.8495010375976562,0.12657684087753296,0.9933247566223145,-0.13798433542251587,0.38877392243552034,"[503.0, 196.0]"
normal_0609_EDD.jpg,ok,normal,"[474.0, 209.0]",35.918785545899944,0.8253114819526671,0.10291182994842529,0.9920223951339722,-0.13991987705230713,0.5823912258717161,"[489.0, 209.0]"
normal_0610_EDD.jpg,negative_score,normal,"[184.0, 250.0]",90.50966799187809,0.8190866291522979,0.10615426301956177,0.9815735220909119,-0.1291545033454895,-0.23447388844397987,"[104.0, 172.0]"
normal_0611_EDD.jpg,ok,normal,"[256.0, 228.0]",90.50966799187809,0.8106760621070861,0.09872502088546753,0.9780744910240173,-0.1364944875240326,0.731177335404918,"[260.0, 204.0]"
normal_0612_EDD.jpg,ok,normal,"[116.0, 204.0]",45.254833995939045,0.8884208500385283,0.17727386951446533,0.9753547310829163,-0.14199334383010864,0.53125,"[95.0, 201.0]"
normal_0613_EDD.jpg,ok,normal,"[286.0, 216.0]",71.83757109179989,0.7938408851623535,0.10776126384735107,0.9425583481788635,-0.13144388794898987,0.7490483586328021,"[301.0, 226.0]"
normal_0614_EDD.jpg,ok,normal,"[475.0, 219.0]",45.254833995939045,0.8602512300014495,0.17171156406402588,0.938971221446991,-0.15629905462265015,0.46554276948477913,"[499.0, 222.0]"
normal_0615_EDD.jpg,ok,normal,"[290.0, 212.0]",114.03503592196344,0.8142733216285706,0.10638833045959473,0.9875407814979553,-0.08303222060203552,0.4825408393951097,"[349.0, 211.0]"
normal_0616_EDD.jpg,ok,normal,"[322.0, 210.0]",71.83757109179989,0.80486860871315,0.11477094888687134,0.94646155834198,-0.1378728449344635,0.4737834844866208,"[352.0, 187.0]"
normal_0617_EDD.jpg,ok,normal,"[322.0, 226.0]",90.50966799187809,0.8320117533206939,0.13154101371765137,0.9633574485778809,-0.13060262799263,0.7083100827719615,"[346.0, 215.0]"
normal_0618_EDD.jpg,ok,normal,"[430.0, 236.0]",90.50966799187809,0.83179412484169,0.12003719806671143,0.9801698327064514,-0.12819021940231323,0.1504108299816317,"[502.0, 209.0]"
normal_0619_EDD.jpg,ok,normal,"[133.0, 192.0]",45.254833995939045,0.7825322210788725,0.08136498928070068,0.9635178446769714,-0.13352370262145996,0.7559296976279171,"[122.0, 191.0]"
normal_0620_EDD.jpg,ok,normal,"[254.0, 210.0]",90.50966799187809,0.8073634207248687,0.10877442359924316,0.961060643196106,-0.1292327344417572,0.870680114396509,"[258.0, 199.0]"
normal_0621_EDD.jpg,ok,normal,"[493.0, 200.0]",35.918785545899944,0.7986397445201874,0.07657474279403687,0.9918530583381653,-0.13883930444717407,0.5536814706222346,"[509.0, 199.0]"
normal_0622_EDD.jpg,ok,normal,"[288.0, 220.0]",90.50966799187809,0.838657683134079,0.13873809576034546,0.9604861736297607,-0.137896329164505,0.453125,"[281.0, 171.0]"
normal_0623_EDD.jpg,ok,normal,"[496.0, 218.0]",45.254833995939045,0.8201676964759826,0.11080336570739746,0.9759958982467651,-0.13083600997924805,0.35880360847865034,"[525.0, 217.0]"
normal_0624_EDD.jpg,ok,normal,"[298.0, 212.0]",71.83757109179989,0.7954441130161285,0.10733509063720703,0.9434534907341003,-0.13845789432525635,0.6918611906728925,"[277.0, 205.0]"
normal_0625_EDD.jpg,ok,normal,"[124.0, 178.0]",57.01751796098172,0.8266938924789429,0.13453632593154907,0.9512138366699219,-0.13153940439224243,0.379425599512732,"[98.0, 154.0]"
normal_0626_EDD.jpg,ok,normal,"[168.0, 216.0]",90.50966799187809,0.791588282585144,0.09293025732040405,0.9682131409645081,-0.10454413294792175,0.30035583821130907,"[109.0, 193.0]"
normal_0627_EDD.jpg,ok,normal,"[314.0, 212.0]",90.50966799187809,0.8014460563659668,0.08871477842330933,0.9777096509933472,-0.14167261123657227,0.7329998829588271,"[336.0, 222.0]"
normal_0628_EDD.jpg,ok,normal,"[274.0, 220.0]",71.83757109179989,0.8040735483169555,0.09491181373596191,0.9734064340591431,-0.13888615369796753,0.893986210974034,"[271.0, 227.0]"
normal_0629_EDD.jpg,ok,normal,"[284.0, 204.0]",90.50966799187809,0.8132429599761962,0.10885858535766602,0.9663673639297485,-0.1396360993385315,0.8911844665844991,"[288.0, 213.0]"
normal_0630_EDD.jpg,ok,normal,"[280.0, 215.0]",45.254833995939045,0.7909221112728118,0.10904127359390259,0.9364972710609436,-0.1316637396812439,0.5830729979960521,"[296.0, 205.0]"
normal_0631_EDD.jpg,ok,normal,"[411.0, 205.0]",35.918785545899944,0.8316402912139892,0.1226697564125061,0.9732805490493774,-0.13837075233459473,0.43971903582928096,"[429.0, 196.0]"
normal_0632_EDD.jpg,ok,normal,"[279.0, 211.0]",45.254833995939045,0.7876287639141082,0.08828234672546387,0.9621732831001282,-0.12912559509277344,0.45111974780467823,"[263.0, 192.0]"
normal_0633_EDD.jpg,ok,normal,"[158.0, 213.0]",45.254833995939045,0.7803666353225708,0.08429831266403198,0.9566754102706909,-0.13197767734527588,0.730270679661999,"[148.0, 206.0]"
normal_0634_EDD.jpg,ok,normal,"[397.0, 200.0]",57.01751796098172,0.8158557295799255,0.15704423189163208,0.900800347328186,-0.14125627279281616,0.4744308556529908,"[424.0, 187.0]"
normal_0635_EDD.jpg,ok,normal,"[302.0, 194.0]",90.50966799187809,0.8468526601791382,0.1625748872756958,0.9394670128822327,-0.13325431942939758,0.7399481722329182,"[325.0, 189.0]"
normal_0636_EDD.jpg,ok,normal,"[478.0, 203.0]",45.254833995939045,0.8379184782505035,0.15578222274780273,0.9355108141899109,-0.13639342784881592,0.5133621405500801,"[492.0, 186.0]"
normal_0637_EDD.jpg,ok,normal,"[500.0, 203.0]",45.254833995939045,0.8345256745815276,0.13656646013259888,0.9542333483695984,-0.1499793529510498,0.7339158380324,"[512.0, 202.0]"
normal_0638_EDD.jpg,ok,normal,"[302.0, 205.0]",57.01751796098172,0.7976458728313446,0.1254422664642334,0.9195988774299622,-0.14242196083068848,0.7018460184178228,"[287.0, 197.0]"
normal_0639_EDD.jpg,ok,normal,"[334.0, 230.0]",114.03503592196344,0.8774574398994445,0.1663876175880432,0.9761030673980713,-0.13898837566375732,0.5841311188083417,"[366.0, 195.0]"
normal_0640_EDD.jpg,ok,normal,"[116.0, 197.0]",35.918785545899944,0.8549510538578032,0.15003830194473267,0.9706729054450989,-0.12720859050750732,0.7825580804805863,"[110.0, 202.0]"
normal_0641_EDD.jpg,ok,normal,"[125.0, 177.0]",35.918785545899944,0.8244502365589141,0.11438864469528198,0.9789494872093201,-0.12398475408554077,0.7001477235218377,"[115.0, 181.0]"
normal_0642_EDD.jpg,ok,normal,"[320.0, 208.0]",90.50966799187809,0.832507461309433,0.1281530261039734,0.964911937713623,-0.1445803940296173,0.8669579190162,"[329.0, 200.0]"
normal_0643_EDD.jpg,ok,normal,"[393.0, 199.0]",45.254833995939045,0.8098936140537262,0.11979913711547852,0.9505966305732727,-0.12338417768478394,0.5466056834829092,"[408.0, 213.0]"
normal_0644_EDD.jpg,ok,normal,"[158.0, 202.0]",35.918785545899944,0.7952097117900848,0.08864152431488037,0.9780835509300232,-0.10954850912094116,0.6370031833692216,"[145.0, 203.0]"
normal_0645_EDD.jpg,ok,normal,"[272.0, 216.0]",90.50966799187809,0.8020182967185974,0.10979890823364258,0.9546903371810913,-0.11968076229095459,0.9752947057799345,"[273.0, 214.0]"
normal_0646_EDD.jpg,ok,normal,"[123.0, 195.0]",45.254833995939045,0.8145680665969848,0.10684293508529663,0.9713025093078613,-0.1390668749809265,0.5034297318102905,"[102.0, 203.0]"
normal_0647_EDD.jpg,ok,normal,"[274.0, 200.0]",90.50966799187809,0.876398754119873,0.1628773808479309,0.9742248058319092,-0.15782004594802856,0.8406556402002254,"[262.0, 192.0]"
normal_0648_EDD.jpg,ok,normal,"[302.0, 218.0]",71.83757109179989,0.7782336473464965,0.07744884490966797,0.964452862739563,-0.1283389925956726,0.6561941377598137,"[315.0, 239.0]"
normal_0649_EDD.jpg,ok,normal,"[286.0, 222.0]",45.254833995939045,0.7957791984081268,0.11443126201629639,0.9347334504127502,-0.13517260551452637,0.5133621405500801,"[272.0, 205.0]"
normal_0650_EDD.jpg,ok,normal,"[161.0, 199.0]",45.254833995939045,0.7939915001392365,0.0967976450920105,0.9550287127494812,-0.14336878061294556,0.5925498496748345,"[143.0, 195.0]"
normal_0651_EDD.jpg,ok,normal,"[158.0, 184.0]",71.83757109179989,0.8246584117412566,0.14168810844421387,0.9391733407974243,-0.12774482369422913,0.601383486505136,"[130.0, 178.0]"
normal_0652_EDD.jpg,ok,normal,"[256.0, 210.0]",90.50966799187809,0.8037064671516418,0.09940969944000244,0.9692772030830383,-0.12901362776756287,0.7897871242644733,"[237.0, 209.0]"
normal_0653_EDD.jpg,ok,normal,"[388.0, 213.0]",57.01751796098172,0.8063509166240692,0.12416225671768188,0.9366318583488464,-0.13273179531097412,0.6234330900149515,"[407.0, 203.0]"
normal_0654_EDD.jpg,ok,normal,"[293.0, 219.0]",57.01751796098172,0.8073361337184906,0.14412719011306763,0.9093994498252869,-0.13314664363861084,0.5293934795906106,"[305.0, 195.0]"
normal_0655_EDD.jpg,ok,normal,"[300.0, 219.0]",45.254833995939045,0.814627492427826,0.13679122924804688,0.9229280352592468,-0.15893319249153137,0.4729022564552188,"[280.0, 232.0]"
normal_0656_EDD.jpg,negative_score,normal,"[187.0, 216.0]",35.918785545899944,0.8734794020652771,0.18012714385986328,0.9447207450866699,-0.16023868322372437,-2.149802624737182,"[203.0, 328.0]"
normal_0657_EDD.jpg,ok,normal,"[294.0, 218.0]",90.50966799187809,0.8528291523456573,0.1663321852684021,0.9407950043678284,-0.13970232009887695,0.7148705063922709,"[273.0, 203.0]"
normal_0658_EDD.jpg,ok,normal,"[160.0, 184.0]",71.83757109179989,0.8358408451080322,0.16238749027252197,0.923717200756073,-0.13425657153129578,0.6251846544022972,"[135.0, 174.0]"
normal_0659_EDD.jpg,ok,normal,"[473.0, 205.0]",57.01751796098172,0.8649921238422393,0.1666257381439209,0.9578222632408142,-0.13945400714874268,0.3839027478442739,"[508.0, 208.0]"
normal_0660_EDD.jpg,ok,normal,"[336.0, 196.0]",71.83757109179989,0.794036316871643,0.08048862218856812,0.9813029766082764,-0.13317805528640747,0.7930599751441841,"[350.0, 201.0]"
normal_0661_EDD.jpg,negative_score,normal,"[366.0, 204.0]",71.83757109179989,0.8014841973781586,0.1059114933013916,0.9574963450431824,-0.12662631273269653,-1.400796485745111,"[498.0, 315.0]"
normal_0662_EDD.jpg,negative_score,normal,"[282.0, 228.0]",71.83757109179989,0.7839827835559844,0.08979618549346924,0.9558647274971008,-0.1254064440727234,-2.0245819794344575,"[499.0, 239.0]"
normal_0663_EDD.jpg,ok,normal,"[401.0, 186.0]",45.254833995939045,0.8509590089321136,0.15170001983642578,0.9596425890922546,-0.1375458836555481,0.45111974780467823,"[420.0, 202.0]"
normal_0664_EDD.jpg,negative_score,normal,"[280.0, 209.0]",45.254833995939045,0.8396811127662658,0.14101898670196533,0.9598244428634644,-0.13392508029937744,-0.030065607740594302,"[307.0, 247.0]"
normal_0665_EDD.jpg,ok,normal,"[288.0, 227.0]",35.918785545899944,0.7459296286106109,0.11454510688781738,0.8576189875602722,-0.15525615215301514,0.019236609138689076,"[292.0, 192.0]"
normal_0666_EDD.jpg,negative_score,normal,"[398.0, 211.0]",45.254833995939045,0.7504059433937071,0.10725641250610352,0.8796156644821167,-0.13709282875061035,-0.37819231694999655,"[445.0, 252.0]"
normal_0667_EDD.jpg,negative_score,normal,"[164.0, 213.0]",45.254833995939045,0.788885772228241,0.08291983604431152,0.9711501598358154,-0.1308041214942932,-0.5917573327143808,"[147.0, 143.0]"
normal_0668_EDD.jpg,ok,normal,"[275.0, 224.0]",57.01751796098172,0.7716046571731567,0.0890573263168335,0.9374516010284424,-0.13165605068206787,0.8111049025031329,"[265.0, 220.0]"
normal_0669_EDD.jpg,ok,normal,"[154.0, 210.0]",45.254833995939045,0.8018295288085937,0.1126108169555664,0.9437540769577026,-0.1429542899131775,0.7423058983988962,"[144.0, 216.0]"
normal_0670_EDD.jpg,ok,normal,"[492.0, 232.0]",35.918785545899944,0.7840770840644836,0.07233935594558716,0.9813597202301025,-0.12392961978912354,0.7973174822412243,"[499.0, 234.0]"
normal_0671_EDD.jpg,ok,normal,"[282.0, 220.0]",45.254833995939045,0.799030315876007,0.10036110877990723,0.9606949090957642,-0.1309138536453247,0.6090626249000999,"[269.0, 232.0]"
normal_0672_EDD.jpg,ok,normal,"[402.0, 206.0]",45.254833995939045,0.8379415690898895,0.1452297568321228,0.949611485004425,-0.13991886377334595,0.8218475898282598,"[410.0, 207.0]"
normal_0673_EDD.jpg,ok,normal,"[289.0, 231.0]",45.254833995939045,0.835864931344986,0.14466536045074463,0.9480554461479187,-0.1378037929534912,0.7348349570550448,"[301.0, 231.0]"
normal_0674_EDD.jpg,ok,normal,"[130.0, 198.0]",90.50966799187809,0.7952474474906921,0.09458070993423462,0.964824914932251,-0.12644648551940918,0.41693412009233477,"[83.0, 174.0]"
normal_0675_EDD.jpg,ok,normal,"[160.0, 206.0]",35.918785545899944,0.7724514365196227,0.06331157684326172,0.9795958995819092,-0.11711364984512329,0.8580403141114878,"[155.0, 205.0]"
normal_0676_EDD.jpg,ok,normal,"[278.0, 208.0]",90.50966799187809,0.8082547426223754,0.10364890098571777,0.9697771668434143,-0.1288091242313385,0.6436951796565195,"[274.0, 240.0]"
normal_0677_EDD.jpg,ok,normal,"[411.0, 222.0]",45.254833995939045,0.8306984603404999,0.14568525552749634,0.9382345080375671,-0.14124524593353271,0.59375,"[424.0, 209.0]"
normal_0678_EDD.jpg,ok,normal,"[291.0, 243.0]",45.254833995939045,0.8289881467819213,0.1380135416984558,0.9467885494232178,-0.14111310243606567,0.5133621405500801,"[305.0, 226.0]"
normal_0679_EDD.jpg,ok,normal,"[148.0, 196.0]",90.50966799187809,0.8123869717121124,0.10872542858123779,0.9690344929695129,-0.12668699026107788,0.46042822969274977,"[112.0, 163.0]"
normal_0680_EDD.jpg,ok,normal,"[246.0, 236.0]",114.03503592196344,0.8525443911552429,0.14149123430252075,0.9904097318649292,-0.08883172273635864,0.6745916697395291,"[237.0, 200.0]"
normal_0681_EDD.jpg,ok,normal,"[432.0, 194.0]",90.50966799187809,0.7941267728805542,0.10633772611618042,0.9533306956291199,-0.10228779911994934,0.09584023380129325,"[501.0, 238.0]"
normal_0682_EDD.jpg,ok,normal,"[272.0, 216.0]",71.83757109179989,0.7947942674160002,0.10763376951217651,0.9419054985046387,-0.1391332447528839,0.6795308009923715,"[259.0, 197.0]"
normal_0683_EDD.jpg,ok,normal,"[163.0, 203.0]",57.01751796098172,0.7967807531356811,0.10997092723846436,0.9415755271911621,-0.1385347843170166,0.6384351885994768,"[144.0, 195.0]"
normal_0684_EDD.jpg,negative_score,normal,"[172.0, 234.0]",71.83757109179989,0.7851126074790954,0.07526540756225586,0.9804577827453613,-0.11763375997543335,-1.9595602492645212,"[301.0, 403.0]"
normal_0685_EDD.jpg,negative_score,normal,"[280.0, 270.0]",90.50966799187809,0.789649498462677,0.10604196786880493,0.9454951882362366,-0.10880449414253235,-1.7295493131879844,"[33.0, 265.0]"
normal_0686_EDD.jpg,ok,normal,"[164.0, 210.0]",45.254833995939045,0.7928856015205382,0.09440761804580688,0.9599723815917969,-0.13248658180236816,0.4961088907313407,"[142.0, 216.0]"
normal_0687_EDD.jpg,ok,normal,"[296.0, 202.0]",71.83757109179989,0.78769451379776,0.10505414009094238,0.9368115663528442,-0.1343613862991333,0.800691743252568,"[282.0, 205.0]"
normal_0688_EDD.jpg,negative_score,normal,"[420.0, 217.0]",45.254833995939045,0.8034662902355193,0.12976384162902832,0.922672688961029,-0.13915783166885376,-1.1034059062030797,"[515.0, 211.0]"
normal_0689_EDD.jpg,ok,normal,"[286.0, 226.0]",45.254833995939045,0.7776295959949493,0.10010737180709839,0.9297145009040833,-0.13361036777496338,0.5444568832152109,"[278.0, 207.0]"
normal_0690_EDD.jpg,ok,normal,"[166.0, 207.0]",35.918785545899944,0.8762912392616271,0.1755579710006714,0.9590843915939331,-0.14687097072601318,0.3506515539180425,"[154.0, 227.0]"
normal_0691_EDD.jpg,ok,normal,"[158.0, 214.0]",71.83757109179989,0.7842799067497253,0.10234957933425903,0.9345747232437134,-0.13864010572433472,0.20118865282508647,"[136.0, 267.0]"
normal_0692_EDD.jpg,ok,normal,"[131.0, 200.0]",45.254833995939045,0.8228775143623351,0.12354451417922974,0.9574984312057495,-0.14542049169540405,0.6678079433520423,"[116.0, 199.0]"
normal_0693_EDD.jpg,ok,normal,"[450.0, 214.0]",71.83757109179989,0.8001509130001068,0.09698235988616943,0.9679374098777771,-0.12806183099746704,0.5847177552505258,"[479.0, 221.0]"
normal_0694_EDD.jpg,negative_score,normal,"[278.0, 218.0]",71.83757109179989,0.8039731979370117,0.1220555305480957,0.9330605268478394,-0.14387649297714233,-2.0635398137303524,"[493.0, 265.0]"
normal_0695_EDD.jpg,ok,normal,"[312.0, 220.0]",71.83757109179989,0.7938460648059845,0.10353440046310425,0.9480931162834167,-0.13323241472244263,0.5865884055032449,"[333.0, 241.0]"
normal_0696_EDD.jpg,ok,normal,"[130.0, 178.0]",45.254833995939045,0.80245041847229,0.08945077657699585,0.9825592041015625,-0.1260409951210022,0.7127378701429651,"[117.0, 178.0]"
normal_0697_EDD.jpg,ok,normal,"[483.0, 218.0]",45.254833995939045,0.8729586064815521,0.16654819250106812,0.9669962525367737,-0.14756518602371216,0.4784900228662926,"[502.0, 204.0]"
normal_0698_EDD.jpg,ok,normal,"[475.0, 207.0]",57.01751796098172,0.8499610483646393,0.16292732954025269,0.9390938878059387,-0.14833998680114746,0.5409743252150121,"[501.0, 204.0]"
normal_0699_EDD.jpg,ok,normal,"[308.0, 204.0]",71.83757109179989,0.80046147108078,0.09468114376068115,0.9682445526123047,-0.14004570245742798,0.5984773738124834,"[332.0, 188.0]"
normal_0700_EDD.jpg,ok,normal,"[393.0, 196.0]",45.254833995939045,0.8336862742900848,0.15803194046020508,0.9220889210700989,-0.15096044540405273,0.4216638898961954,"[411.0, 177.0]"
normal_0701_EDD.jpg,ok,normal,"[289.0, 222.0]",45.254833995939045,0.8157231628894805,0.13361096382141113,0.9340830445289612,-0.14127033948898315,0.48224870231934724,"[304.0, 204.0]"
normal_0702_EDD.jpg,ok,normal,"[263.0, 254.0]",45.254833995939045,0.8120629608631134,0.13231700658798218,0.9327027201652527,-0.13427025079727173,0.6930174577439296,"[251.0, 247.0]"
normal_0703_EDD.jpg,ok,normal,"[113.0, 225.0]",35.918785545899944,0.8846293449401855,0.1928335428237915,0.9427361488342285,-0.1594024896621704,0.3312462007315681,"[89.0, 224.0]"
normal_0704_EDD.jpg,ok,normal,"[304.0, 202.0]",90.50966799187809,0.830455219745636,0.1223936676979065,0.9741042852401733,-0.13094276189804077,0.7806926742559657,"[317.0, 217.0]"
normal_0705_EDD.jpg,ok,normal,"[295.0, 216.0]",45.254833995939045,0.827670681476593,0.16312164068222046,0.9101818799972534,-0.13710862398147583,0.7790291308792039,"[285.0, 216.0]"
normal_0706_EDD.jpg,ok,normal,"[167.0, 171.0]",45.254833995939045,0.798659598827362,0.1618744134902954,0.8704279661178589,-0.13742804527282715,0.7093581994103395,"[154.0, 169.0]"
normal_0707_EDD.jpg,ok,normal,"[399.0, 205.0]",45.254833995939045,0.7960519790649413,0.11591517925262451,0.9317328929901123,-0.1396188735961914,0.5749540466020174,"[418.0, 208.0]"
normal_0708_EDD.jpg,ok,normal,"[315.0, 216.0]",45.254833995939045,0.7968228042125701,0.09994751214981079,0.9564928412437439,-0.13665151596069336,0.661979567925251,"[330.0, 219.0]"
normal_0709_EDD.jpg,ok,normal,"[174.0, 266.0]",114.03503592196344,0.7858851581811904,0.08068549633026123,0.990588903427124,-0.05893714725971222,0.03267748395687853,"[96.0, 188.0]"
normal_0710_EDD.jpg,ok,normal,"[302.0, 210.0]",57.01751796098172,0.7713244020938873,0.07857966423034668,0.9533160328865051,-0.1271175742149353,0.7172006766827093,"[316.0, 202.0]"
normal_0711_EDD.jpg,ok,normal,"[482.0, 201.0]",45.254833995939045,0.8698935210704802,0.1709686517715454,0.9550779461860657,-0.15185153484344482,0.650614378515658,"[497.0, 196.0]"
normal_0712_EDD.jpg,ok,normal,"[294.0, 226.0]",90.50966799187809,0.7826718986034392,0.0831613540649414,0.9683235883712769,-0.10842016339302063,0.7218047841442992,"[291.0, 201.0]"
normal_0713_EDD.jpg,negative_score,normal,"[204.0, 244.0]",143.67514218359977,0.841296449303627,0.1376064419746399,0.983124852180481,-0.07751305401325226,-0.19538358691173685,"[255.0, 408.0]"
normal_0714_EDD.jpg,ok,normal,"[430.0, 222.0]",45.254833995939045,0.8342185974121094,0.12927287817001343,0.9697260856628418,-0.13068729639053345,0.3856373983957031,"[452.0, 205.0]"
normal_0715_EDD.jpg,ok,normal,"[298.0, 218.0]",71.83757109179989,0.8118164420127868,0.12698674201965332,0.9390730857849121,-0.13739269971847534,0.6370031833692216,"[324.0, 220.0]"
normal_0716_EDD.jpg,ok,normal,"[278.0, 226.0]",71.83757109179989,0.7826360344886779,0.09912395477294922,0.9389132857322693,-0.1313638985157013,0.8376628884795106,"[268.0, 232.0]"
normal_0717_EDD.jpg,ok,normal,"[334.0, 206.0]",71.83757109179989,0.7969543874263763,0.08721810579299927,0.9749001860618591,-0.13653075695037842,0.8190361978777436,"[339.0, 194.0]"
normal_0718_EDD.jpg,ok,normal,"[471.0, 201.0]",45.254833995939045,0.8534619510173798,0.14116716384887695,0.9760686755180359,-0.14523357152938843,0.6436951796565195,"[485.0, 193.0]"
normal_0719_EDD.jpg,negative_score,normal,"[356.0, 266.0]",90.50966799187809,0.7809976875782013,0.07439762353897095,0.9762907028198242,-0.11598286032676697,-0.5072254362320852,"[477.0, 203.0]"
normal_0720_EDD.jpg,ok,normal,"[288.0, 216.0]",143.67514218359977,0.8697661489248276,0.17085206508636475,0.9789755940437317,-0.06815584003925323,0.5333067541267781,"[352.0, 196.0]"
normal_0721_EDD.jpg,ok,normal,"[497.0, 213.0]",45.254833995939045,0.8413907885551452,0.16130316257476807,0.9292588829994202,-0.1480320394039154,0.4542422126070944,"[520.0, 204.0]"
normal_0722_EDD.jpg,ok,normal,"[148.0, 218.0]",45.254833995939045,0.8312165558338165,0.1485167145729065,0.9341403841972351,-0.1440078616142273,0.5709521806954381,"[132.0, 229.0]"
normal_0723_EDD.jpg,negative_score,normal,"[293.0, 231.0]",57.01751796098172,0.7959758222103118,0.13087916374206543,0.9112715125083923,-0.13603299856185913,-3.7993918453321704,"[565.0, 261.0]"
normal_0724_EDD.jpg,ok,normal,"[299.0, 234.0]",45.254833995939045,0.7845904648303985,0.08618903160095215,0.9620770812034607,-0.12473738193511963,0.59375,"[282.0, 227.0]"
normal_0725_EDD.jpg,ok,normal,"[161.0, 205.0]",35.918785545899944,0.8451571822166443,0.13066601753234863,0.9795397520065308,-0.1440666913986206,0.4988694710460593,"[143.0, 205.0]"
normal_0726_EDD.jpg,ok,normal,"[166.0, 206.0]",71.83757109179989,0.8240578591823577,0.13960915803909302,0.9403485655784607,-0.13102352619171143,0.5953526369878139,"[140.0, 193.0]"
normal_0727_EDD.jpg,ok,normal,"[306.0, 215.0]",45.254833995939045,0.8137072384357452,0.11962610483169556,0.9519961476325989,-0.13841915130615234,0.375,"[326.0, 195.0]"
normal_0728_EDD.jpg,ok,normal,"[412.0, 213.0]",45.254833995939045,0.8106123149394989,0.1229245662689209,0.9409113526344299,-0.14524900913238525,0.45111974780467823,"[431.0, 197.0]"
normal_0729_EDD.jpg,ok,normal,"[150.0, 202.0]",45.254833995939045,0.8321651399135589,0.12071841955184937,0.9751315712928772,-0.14427310228347778,0.5749540466020174,"[133.0, 193.0]"
normal_0730_EDD.jpg,ok,normal,"[270.0, 226.0]",71.83757109179989,0.7997387945652008,0.11284464597702026,0.941136360168457,-0.1404934823513031,0.7130258190140629,"[254.0, 213.0]"
normal_0731_EDD.jpg,negative_score,normal,"[310.0, 162.0]",35.918785545899944,0.7021693348884581,0.02494746446609497,0.9668422937393188,-0.0021613240242004395,-3.4175385254383572,"[434.0, 261.0]"
normal_0732_EDD.jpg,ok,normal,"[264.0, 224.0]",143.67514218359977,0.8651486724615096,0.16514569520950317,0.9822788238525391,-0.062039002776145935,0.9071400670891471,"[261.0, 211.0]"
normal_0733_EDD.jpg,ok,normal,"[292.0, 224.0]",143.67514218359977,0.8682135552167891,0.16996675729751587,0.9785861968994141,-0.06618230044841766,0.8098975219207192,"[317.0, 213.0]"
normal_0734_EDD.jpg,ok,normal,"[176.0, 220.0]",114.03503592196344,0.8036114931106567,0.09258115291595459,0.9795262813568115,-0.1268097162246704,0.4038855072229899,"[115.0, 190.0]"
normal_0735_EDD.jpg,negative_score,normal,"[188.0, 268.0]",114.03503592196344,0.8132895290851593,0.10984843969345093,0.9826815128326416,-0.07782015204429626,-0.042027174011852075,"[102.0, 186.0]"
normal_0736_EDD.jpg,ok,normal,"[280.0, 236.0]",143.67514218359977,0.894851690530777,0.18882101774215698,0.986452043056488,-0.07757121324539185,0.8412842461443847,"[266.0, 218.0]"
normal_0737_EDD.jpg,ok,normal,"[473.0, 214.0]",57.01751796098172,0.8386997997760772,0.1461964249610901,0.9501897692680359,-0.1368526816368103,0.47355368818144106,"[503.0, 215.0]"
normal_0738_EDD.jpg,ok,normal,"[475.0, 211.0]",57.01751796098172,0.8352474808692931,0.1460157036781311,0.9424377083778381,-0.14762690663337708,0.6997897596956539,"[492.0, 213.0]"
normal_0739_EDD.jpg,ok,normal,"[204.0, 198.0]",114.03503592196344,0.7798113048076629,0.07427805662155151,0.9897051453590393,-0.06369823217391968,0.08291244014000232,"[100.0, 187.0]"
normal_0740_EDD.jpg,negative_score,normal,"[483.0, 183.0]",45.254833995939045,0.8478124618530274,0.1606423258781433,0.9393244981765747,-0.1482149362564087,-0.6399552204252408,"[501.0, 255.0]"
normal_0741_EDD.jpg,ok,normal,"[316.0, 210.0]",90.50966799187809,0.8146537661552429,0.10520732402801514,0.9737504124641418,-0.13910576701164246,0.5540711502240521,"[346.0, 183.0]"
normal_0742_EDD.jpg,ok,normal,"[130.0, 161.0]",45.254833995939045,0.814949470758438,0.09951752424240112,0.9827373623847961,-0.13757896423339844,0.5138640879342486,"[108.0, 161.0]"
normal_0743_EDD.jpg,ok,normal,"[414.0, 225.0]",45.254833995939045,0.8252647638320922,0.13582593202590942,0.9462817907333374,-0.1352078914642334,0.6016391005005637,"[429.0, 215.0]"
normal_0744_EDD.jpg,ok,normal,"[283.0, 229.0]",57.01751796098172,0.7732652604579925,0.10118013620376587,0.924010694026947,-0.12638819217681885,0.6105827804295356,"[270.0, 211.0]"
normal_0745_EDD.jpg,negative_score,normal,"[145.0, 208.0]",45.254833995939045,0.8098852097988128,0.11946982145309448,0.9476818442344666,-0.13519048690795898,-0.3350005852058642,"[132.0, 149.0]"
normal_0746_EDD.jpg,ok,normal,"[317.0, 226.0]",57.01751796098172,0.777073836326599,0.10523051023483276,0.922305703163147,-0.13114666938781738,0.7369229574274907,"[329.0, 217.0]"
normal_0747_EDD.jpg,ok,normal,"[413.0, 213.0]",35.918785545899944,0.8093862533569336,0.10670822858810425,0.9635845422744751,-0.1408442258834839,0.5267100559879448,"[421.0, 228.0]"
normal_0748_EDD.jpg,ok,normal,"[119.0, 186.0]",45.254833995939045,0.8616325557231903,0.1658785343170166,0.9541328549385071,-0.13930511474609375,0.6685436963188058,"[107.0, 177.0]"
normal_0749_EDD.jpg,ok,normal,"[299.0, 230.0]",35.918785545899944,0.8155247926712035,0.11030524969100952,0.9674150943756104,-0.14014488458633423,0.6213271049669989,"[307.0, 241.0]"
normal_0750_EDD.jpg,ok,normal,"[306.0, 210.0]",71.83757109179989,0.7892785727977752,0.09147900342941284,0.9585815072059631,-0.13396257162094116,0.911960340192255,"[308.0, 216.0]"
normal_0751_EDD.jpg,ok,normal,"[403.0, 208.0]",35.918785545899944,0.853420889377594,0.14079415798187256,0.9764531850814819,-0.1455475091934204,0.6254432369412497,"[413.0, 199.0]"
normal_0752_EDD.jpg,ok,normal,"[151.0, 218.0]",35.918785545899944,0.8827974021434783,0.16388726234436035,0.9851139187812805,-0.1466519832611084,0.5545506409298304,"[135.0, 218.0]"
normal_0753_EDD.jpg,ok,normal,"[246.0, 214.0]",90.50966799187809,0.8169802248477935,0.10138356685638428,0.9818329215049744,-0.14156806468963623,0.8112024066625848,"[240.0, 198.0]"
normal_0754_EDD.jpg,ok,normal,"[150.0, 202.0]",90.50966799187809,0.804457926750183,0.08948898315429688,0.9819744229316711,-0.13793423771858215,0.6380864118156104,"[122.0, 185.0]"
normal_0755_EDD.jpg,negative_score,normal,"[165.0, 205.0]",35.918785545899944,0.8945874333381651,0.1860593557357788,0.971031904220581,-0.14402872323989868,-0.02671004235501262,"[141.0, 177.0]"
normal_0756_EDD.jpg,ok,normal,"[432.0, 230.0]",90.50966799187809,0.8375104665756226,0.12446707487106323,0.9838511347770691,-0.12173798680305481,0.18795084623835734,"[493.0, 189.0]"
normal_0757_EDD.jpg,ok,normal,"[302.0, 220.0]",90.50966799187809,0.8335819840431213,0.12902367115020752,0.966559112071991,-0.1398346722126007,0.586306178285196,"[323.0, 189.0]"
normal_0758_EDD.jpg,ok,normal,"[264.0, 210.0]",90.50966799187809,0.8040265679359435,0.1019715666770935,0.9653289318084717,-0.1316237449645996,0.7889178736545892,"[266.0, 191.0]"
normal_0759_EDD.jpg,ok,normal,"[262.0, 250.0]",114.03503592196344,0.8458630561828613,0.1706201434135437,0.9359431862831116,-0.10041341185569763,0.5544918035691411,"[271.0, 200.0]"
normal_0760_EDD.jpg,ok,normal,"[322.0, 210.0]",71.83757109179989,0.845181393623352,0.15550363063812256,0.9454100131988525,-0.13945376873016357,0.3975552157594465,"[355.0, 182.0]"
normal_0761_EDD.jpg,ok,normal,"[368.0, 244.0]",114.03503592196344,0.8093528807163238,0.10820037126541138,0.9751955270767212,-0.09257820248603821,0.4230270016014297,"[428.0, 217.0]"
normal_0762_EDD.jpg,ok,normal,"[280.0, 272.0]",114.03503592196344,0.856222265958786,0.1455875039100647,0.9809616208076477,-0.1198081374168396,0.6345216921151313,"[301.0, 236.0]"
normal_0763_EDD.jpg,ok,normal,"[272.0, 232.0]",114.03503592196344,0.8574980914592742,0.1464638113975525,0.9872869849205017,-0.09966695308685303,0.9638435188599477,"[268.0, 233.0]"
normal_0764_EDD.jpg,ok,normal,"[186.0, 228.0]",114.03503592196344,0.7987529098987579,0.09053272008895874,0.9776028394699097,-0.11949101090431213,0.5544918035691411,"[145.0, 198.0]"
normal_0765_EDD.jpg,ok,normal,"[309.0, 213.0]",45.254833995939045,0.8030048549175263,0.11526167392730713,0.9428508877754211,-0.13873779773712158,0.731177335404918,"[321.0, 211.0]"
normal_0766_EDD.jpg,ok,normal,"[439.0, 240.0]",35.918785545899944,0.869175738096237,0.1567138433456421,0.975590169429779,-0.14774388074874878,0.5946349644824488,"[453.0, 244.0]"
normal_0767_EDD.jpg,ok,normal,"[484.0, 194.0]",57.01751796098172,0.8244470298290253,0.12663251161575317,0.9568896889686584,-0.1399586796760559,0.693703798041084,"[501.0, 190.0]"
normal_0768_EDD.jpg,ok,normal,"[182.0, 212.0]",114.03503592196344,0.8251217186450958,0.11328130960464478,0.9814265966415405,-0.1242089569568634,0.2964362567567346,"[108.0, 181.0]"
normal_0769_EDD.jpg,ok,normal,"[298.0, 210.0]",90.50966799187809,0.7864062070846557,0.07729601860046387,0.9790839552879333,-0.11875709891319275,0.7118892357095973,"[312.0, 188.0]"
normal_0770_EDD.jpg,ok,normal,"[124.0, 204.0]",45.254833995939045,0.8148840010166168,0.09973227977752686,0.982155978679657,-0.1382126808166504,0.35010517677858066,"[96.0, 195.0]"
normal_0771_EDD.jpg,negative_score,normal,"[510.0, 204.0]",35.918785545899944,0.8244714498519897,0.10840857028961182,0.9843853712081909,-0.13496559858322144,-6.5035928834237104,"[314.0, 389.0]"
normal_0772_EDD.jpg,ok,normal,"[296.0, 222.0]",114.03503592196344,0.8485349893569946,0.13450747728347778,0.9881969690322876,-0.11144816875457764,0.5568281742064192,"[341.0, 199.0]"
normal_0773_EDD.jpg,ok,normal,"[440.0, 214.0]",90.50966799187809,0.8334113538265228,0.13646256923675537,0.9565143585205078,-0.13694366812705994,0.45850864215114207,"[489.0, 215.0]"
normal_0774_EDD.jpg,ok,normal,"[436.0, 216.0]",90.50966799187809,0.8193422675132751,0.10553562641143799,0.9833806157112122,-0.12720105051994324,0.343006373699105,"[492.0, 196.0]"
normal_0775_EDD.jpg,ok,normal,"[415.0, 205.0]",35.918785545899944,0.804094797372818,0.10063135623931885,0.9664919972419739,-0.13459521532058716,0.6213271049669989,"[428.0, 201.0]"
normal_0776_EDD.jpg,ok,normal,"[290.0, 226.0]",71.83757109179989,0.77565678358078,0.09298944473266602,0.9400360584259033,-0.12321048974990845,0.8580403141114878,"[292.0, 236.0]"
normal_0777_EDD.jpg,negative_score,normal,"[154.0, 213.0]",35.918785545899944,0.7871581256389618,0.08523416519165039,0.9647126793861389,-0.1331254243850708,-0.28730722333861314,"[137.0, 170.0]"
normal_0778_EDD.jpg,ok,normal,"[272.0, 209.0]",57.01751796098172,0.7591444671154022,0.06977170705795288,0.9516171813011169,-0.1162036657333374,0.9123076524758302,"[267.0, 209.0]"
normal_0779_EDD.jpg,ok,normal,"[328.0, 220.0]",143.67514218359977,0.87088004052639,0.16906589269638062,0.981955349445343,-0.07222701609134674,0.6850197375262818,"[360.0, 188.0]"
normal_0780_EDD.jpg,ok,normal,"[119.0, 197.0]",57.01751796098172,0.7955310225486755,0.1126747727394104,0.9373607635498047,-0.13351857662200928,0.6649280105876104,"[100.0, 195.0]"
normal_0781_EDD.jpg,ok,normal,"[268.0, 248.0]",114.03503592196344,0.8703256130218505,0.16110801696777344,0.9797245860099792,-0.11705192923545837,0.5093928592166819,"[291.0, 197.0]"
normal_0782_EDD.jpg,ok,normal,"[280.0, 200.0]",71.83757109179989,0.7932841539382933,0.09322428703308105,0.9621150493621826,-0.13289666175842285,0.7755420283351189,"[264.0, 202.0]"
normal_0783_EDD.jpg,ok,normal,"[479.0, 192.0]",45.254833995939045,0.8326200783252716,0.15081298351287842,0.9331342577934265,-0.14306557178497314,0.5889704238135655,"[494.0, 203.0]"
normal_0784_EDD.jpg,ok,normal,"[127.0, 158.0]",45.254833995939045,0.826845097541809,0.1234586238861084,0.9646128416061401,-0.14078742265701294,0.4912868563718842,"[104.0, 157.0]"
normal_0785_EDD.jpg,ok,normal,"[280.0, 204.0]",71.83757109179989,0.794367629289627,0.08683496713638306,0.9714395403862,-0.13762491941452026,0.8412842461443847,"[273.0, 213.0]"
normal_0786_EDD.jpg,ok,normal,"[312.0, 208.0]",90.50966799187809,0.8434182047843933,0.1312580704689026,0.9748372435569763,-0.1488703191280365,0.6016391005005637,"[346.0, 196.0]"
normal_0787_EDD.jpg,ok,normal,"[139.0, 181.0]",57.01751796098172,0.8082672238349914,0.10604357719421387,0.9648309946060181,-0.1342097520828247,0.5842235854867924,"[118.0, 192.0]"
normal_0788_EDD.jpg,ok,normal,"[284.0, 209.0]",45.254833995939045,0.8198551774024964,0.11903351545333862,0.9613441228866577,-0.13940387964248657,0.4422947407007892,"[263.0, 195.0]"
normal_0789_EDD.jpg,ok,normal,"[158.0, 181.0]",35.918785545899944,0.9006175398826599,0.1912441849708557,0.9681146144866943,-0.15846562385559082,0.3818386959993135,"[140.0, 168.0]"
normal_0790_EDD.jpg,ok,normal,"[270.0, 230.0]",114.03503592196344,0.8079127609729766,0.11992746591567993,0.9594295024871826,-0.0819232165813446,0.3311194696838903,"[207.0, 187.0]"
normal_0791_EDD.jpg,ok,normal,"[220.0, 220.0]",114.03503592196344,0.7668158531188964,0.08488297462463379,0.9519919157028198,-0.07769268751144409,0.07356863419139548,"[151.0, 140.0]"
normal_0792_EDD.jpg,ok,normal,"[278.0, 210.0]",90.50966799187809,0.8002851247787475,0.10388290882110596,0.9625604152679443,-0.11304962635040283,0.48544144374765275,"[323.0, 222.0]"
normal_0793_EDD.jpg,ok,normal,"[474.0, 214.0]",45.254833995939045,0.8639956176280975,0.1477295160293579,0.9797164797782898,-0.15232282876968384,0.3888247745122517,"[501.0, 220.0]"
normal_0794_EDD.jpg,ok,normal,"[298.0, 214.0]",90.50966799187809,0.8276650130748748,0.12051117420196533,0.9698196053504944,-0.14140057563781738,0.7458835005110844,"[321.0, 214.0]"
normal_0795_EDD.jpg,ok,normal,"[262.0, 220.0]",90.50966799187809,0.8387762129306793,0.1291225552558899,0.9728639125823975,-0.14324459433555603,0.9752947057799345,"[260.0, 221.0]"
normal_0796_EDD.jpg,ok,normal,"[402.0, 220.0]",114.03503592196344,0.834121173620224,0.1288122534751892,0.9729834794998169,-0.12110242247581482,0.20659018907088222,"[487.0, 189.0]"
normal_0797_EDD.jpg,ok,normal,"[282.0, 218.0]",114.03503592196344,0.8537328302860259,0.1398864984512329,0.9890110492706299,-0.10769298672676086,0.5957582517182696,"[324.0, 199.0]"
normal_0798_EDD.jpg,ok,normal,"[280.0, 220.0]",143.67514218359977,0.8930505603551864,0.1891956925392151,0.9873875379562378,-0.0634179562330246,0.874524179316401,"[265.0, 230.0]"
normal_0799_EDD.jpg,ok,normal,"[338.0, 202.0]",90.50966799187809,0.8175097703933715,0.11885100603103638,0.9571923017501831,-0.14312076568603516,0.5540711502240521,"[368.0, 175.0]"
normal_0800_EDD.jpg,ok,normal,"[164.0, 226.0]",90.50966799187809,0.7860873520374299,0.09534585475921631,0.95894455909729,-0.09740152955055237,0.3764665643989089,"[115.0, 198.0]"
normal_0801_EDD.jpg,ok,normal,"[278.0, 220.0]",71.83757109179989,0.7519662261009216,0.049327850341796875,0.9695056676864624,-0.11992204189300537,0.9250369308804595,"[280.0, 225.0]"
normal_0802_EDD.jpg,ok,normal,"[240.0, 224.0]",143.67514218359977,0.8692825227975844,0.1681411862373352,0.9815694093704224,-0.07021375000476837,0.7575909861287643,"[262.0, 197.0]"
normal_0803_EDD.jpg,ok,normal,"[313.0, 208.0]",45.254833995939045,0.8032759726047516,0.09468221664428711,0.9749194979667664,-0.13075053691864014,0.599804735160447,"[295.0, 206.0]"
normal_0804_EDD.jpg,ok,normal,"[486.0, 217.0]",45.254833995939045,0.8304078996181488,0.1294255256652832,0.9640043377876282,-0.1308966875076294,0.3746094969940782,"[501.0, 193.0]"
normal_0805_EDD.jpg,ok,normal,"[164.0, 210.0]",90.50966799187809,0.8175103306770325,0.09837472438812256,0.9871553182601929,-0.1406344175338745,0.313032876969356,"[109.0, 181.0]"
normal_0806_EDD.jpg,ok,normal,"[296.0, 240.0]",143.67514218359977,0.8697151780128478,0.166640043258667,0.9844305515289307,-0.06986874341964722,0.8996193434531209,"[308.0, 232.0]"
normal_0807_EDD.jpg,ok,normal,"[481.0, 214.0]",45.254833995939045,0.8425589025020599,0.1580314040184021,0.9325627088546753,-0.15866801142692566,0.629585325277197,"[497.0, 209.0]"
normal_0808_EDD.jpg,ok,normal,"[317.0, 209.0]",57.01751796098172,0.7632277011871337,0.06506204605102539,0.9611238241195679,-0.12689489126205444,0.6384351885994768,"[336.0, 201.0]"
normal_0809_EDD.jpg,ok,normal,"[322.0, 206.0]",71.83757109179989,0.7684288680553436,0.07169222831726074,0.9589545726776123,-0.12734219431877136,0.7755420283351189,"[338.0, 204.0]"
normal_0810_EDD.jpg,ok,normal,"[268.0, 210.0]",90.50966799187809,0.8181594133377075,0.10859084129333496,0.9722891449928284,-0.1448308527469635,0.7346048788833902,"[267.0, 186.0]"
normal_0811_EDD.jpg,ok,normal,"[164.0, 214.0]",90.50966799187809,0.8210573434829711,0.13315695524215698,0.9518036842346191,-0.10818904638290405,0.10268412403992322,"[100.0, 164.0]"
normal_0812_EDD.jpg,ok,normal,"[256.0, 228.0]",143.67514218359977,0.874833282828331,0.17256587743759155,0.9826667904853821,-0.07200326025485992,0.8106635524834995,"[248.0, 202.0]"
normal_0813_EDD.jpg,ok,normal,"[268.0, 210.0]",90.50966799187809,0.8288221478462219,0.1321636438369751,0.953976035118103,-0.14437639713287354,0.8008195502502818,"[258.0, 225.0]"
normal_0814_EDD.jpg,ok,normal,"[414.0, 210.0]",45.254833995939045,0.8383383512496948,0.14249390363693237,0.953396201133728,-0.14233553409576416,0.6898526056050125,"[428.0, 211.0]"
normal_0815_EDD.jpg,ok,normal,"[300.0, 208.0]",71.83757109179989,0.7734555959701538,0.07919222116470337,0.9567070603370667,-0.12284216284751892,0.7695781593715891,"[285.0, 201.0]"
normal_0816_EDD.jpg,ok,normal,"[295.0, 227.0]",57.01751796098172,0.7876165270805359,0.09921962022781372,0.9455432891845703,-0.13258302211761475,0.6149516993159178,"[306.0, 208.0]"
normal_0817_EDD.jpg,ok,normal,"[465.0, 203.0]",45.254833995939045,0.7678113341331482,0.061410486698150635,0.9760334491729736,-0.11588716506958008,0.3557647459972406,"[494.0, 206.0]"
normal_0818_EDD.jpg,ok,normal,"[326.0, 238.0]",114.03503592196344,0.8757140398025512,0.16335564851760864,0.9882256388664246,-0.10300222039222717,0.7693174499990206,"[330.0, 212.0]"
normal_0819_EDD.jpg,ok,normal,"[308.0, 222.0]",71.83757109179989,0.8231179058551787,0.1184377670288086,0.9665084481239319,-0.1406211256980896,0.8306523330939135,"[320.0, 224.0]"
normal_0820_EDD.jpg,ok,normal,"[486.0, 213.0]",57.01751796098172,0.8399238646030426,0.13599401712417603,0.9648934006690979,-0.14252233505249023,0.7013306265351646,"[503.0, 214.0]"
normal_0821_EDD.jpg,ok,normal,"[362.0, 194.0]",71.83757109179989,0.7905452370643615,0.10042810440063477,0.9499536156654358,-0.12574800848960876,0.13716641685951614,"[423.0, 183.0]"
normal_0822_EDD.jpg,ok,normal,"[240.0, 236.0]",71.83757109179989,0.7757375538349152,0.08281242847442627,0.959208607673645,-0.10739549994468689,0.4265582866735559,"[281.0, 240.0]"
normal_0823_EDD.jpg,ok,normal,"[281.0, 224.0]",45.254833995939045,0.848420226573944,0.15107464790344238,0.9544343948364258,-0.1462075114250183,0.28125,"[304.0, 201.0]"
normal_0824_EDD.jpg,ok,normal,"[420.0, 206.0]",45.254833995939045,0.8336689651012421,0.1303255558013916,0.9637817740440369,-0.1434808373451233,0.27853772621155026,"[445.0, 185.0]"
normal_0825_EDD.jpg,ok,normal,"[332.0, 224.0]",57.01751796098172,0.7621471107006073,0.05666869878768921,0.9731422066688538,-0.1213943362236023,0.6766066013746157,"[350.0, 220.0]"
normal_0826_EDD.jpg,ok,normal,"[286.0, 212.0]",71.83757109179989,0.779989993572235,0.08953070640563965,0.9510947465896606,-0.12346482276916504,0.5517319991922015,"[305.0, 186.0]"
normal_0827_EDD.jpg,ok,normal,"[124.0, 196.0]",57.01751796098172,0.7926690518856049,0.09676092863082886,0.9546269774436951,-0.13834619522094727,0.46976939725172473,"[99.0, 213.0]"
normal_0828_EDD.jpg,ok,normal,"[140.0, 196.0]",90.50966799187809,0.7760446012020111,0.0799294114112854,0.9627363085746765,-0.11099886894226074,0.5186586937265825,"[97.0, 189.0]"
normal_0829_EDD.jpg,ok,normal,"[476.0, 199.0]",45.254833995939045,0.872327697277069,0.15954500436782837,0.9777677059173584,-0.14172649383544922,0.40501772610438225,"[499.0, 185.0]"
normal_0830_EDD.jpg,ok,normal,"[412.0, 216.0]",45.254833995939045,0.8209819436073302,0.11718916893005371,0.9667403697967529,-0.1353725790977478,0.6541258809190835,"[426.0, 223.0]"
normal_0831_EDD.jpg,ok,normal,"[275.0, 231.0]",45.254833995939045,0.7935027420520782,0.10280060768127441,0.9492785334587097,-0.13103580474853516,0.3474808431930907,"[301.0, 217.0]"
normal_0832_EDD.jpg,ok,normal,"[412.0, 207.0]",35.918785545899944,0.869182163476944,0.16190242767333984,0.9690280556678772,-0.14480048418045044,0.46447565614124664,"[429.0, 216.0]"
normal_0833_EDD.jpg,ok,normal,"[487.0, 197.0]",45.254833995939045,0.8382318437099456,0.13009029626846313,0.9684572815895081,-0.15110725164413452,0.5153730493977868,"[496.0, 217.0]"
normal_0834_EDD.jpg,ok,normal,"[304.0, 218.0]",90.50966799187809,0.8396283447742462,0.1294717788696289,0.9725197553634644,-0.1469636857509613,0.8177827532860844,"[320.0, 222.0]"
normal_0835_EDD.jpg,ok,normal,"[272.0, 228.0]",45.254833995939045,0.8102656185626983,0.1197710633277893,0.9479395747184753,-0.1346842646598816,0.10459070113159985,"[261.0, 267.0]"
normal_0836_EDD.jpg,ok,normal,"[143.0, 208.0]",45.254833995939045,0.7998350858688354,0.12266421318054199,0.925438404083252,-0.14681994915008545,0.049568354640903145,"[130.0, 249.0]"
normal_0837_EDD.jpg,ok,normal,"[118.0, 202.0]",45.254833995939045,0.8429871678352356,0.12824547290802002,0.980372428894043,-0.1424049735069275,0.5778357473091783,"[99.0, 204.0]"
normal_0838_EDD.jpg,ok,normal,"[264.0, 208.0]",90.50966799187809,0.8349990904331207,0.13066238164901733,0.9660392999649048,-0.14054599404335022,0.8092725685041608,"[247.0, 205.0]"
normal_0839_EDD.jpg,ok,normal,"[457.0, 186.0]",45.254833995939045,0.8048347771167755,0.09468746185302734,0.9765143990516663,-0.13293617963790894,0.6436951796565195,"[473.0, 188.0]"
normal_0840_EDD.jpg,ok,normal,"[304.0, 216.0]",90.50966799187809,0.8227906465530395,0.09987211227416992,0.9912093877792358,-0.1453598141670227,0.6483507051585344,"[281.0, 238.0]"
normal_0841_EDD.jpg,ok,normal,"[188.0, 224.0]",114.03503592196344,0.8047039806842804,0.09729820489883423,0.9909868836402893,-0.06857478618621826,0.11413365881229531,"[94.0, 187.0]"
normal_0842_EDD.jpg,negative_score,normal,"[408.0, 208.0]",90.50966799187809,0.8250470638275147,0.12165093421936035,0.9685319662094116,-0.1271187663078308,-0.01676618578830591,"[495.0, 238.0]"
normal_0843_EDD.jpg,ok,normal,"[471.0, 213.0]",57.01751796098172,0.8156141936779022,0.11666053533554077,0.9609944224357605,-0.1312878131866455,0.544674849065504,"[496.0, 206.0]"
normal_0844_EDD.jpg,ok,normal,"[294.0, 216.0]",90.50966799187809,0.8315243601799011,0.11348998546600342,0.9848333597183228,-0.1432551145553589,0.6922231936938718,"[320.0, 206.0]"
normal_0845_EDD.jpg,ok,normal,"[284.0, 214.0]",90.50966799187809,0.81674764752388,0.10241293907165527,0.9809458255767822,-0.13836315274238586,0.8342718481594029,"[275.0, 202.0]"
normal_0846_EDD.jpg,ok,normal,"[152.0, 200.0]",90.50966799187809,0.8063911557197571,0.12015128135681152,0.9470189213752747,-0.11663314700126648,0.5444568832152109,"[114.0, 184.0]"
normal_0847_EDD.jpg,ok,normal,"[466.0, 207.0]",35.918785545899944,0.8259341835975647,0.12349426746368408,0.9617780447006226,-0.14597642421722412,0.09357622488113881,"[498.0, 201.0]"
normal_0848_EDD.jpg,ok,normal,"[396.0, 218.0]",114.03503592196344,0.8077220201492309,0.09697800874710083,0.9854341745376587,-0.10470044612884521,0.11309258548328582,"[494.0, 193.0]"
normal_0849_EDD.jpg,ok,normal,"[492.0, 188.0]",45.254833995939045,0.8803206980228424,0.1673109531402588,0.9750742316246033,-0.15228891372680664,0.5558540498890033,"[512.0, 186.0]"
normal_0850_EDD.jpg,ok,normal,"[170.0, 202.0]",90.50966799187809,0.8139500856399535,0.10686713457107544,0.9693318009376526,-0.1427534520626068,0.3856373983957031,"[126.0, 168.0]"
normal_0851_EDD.jpg,ok,normal,"[460.0, 216.0]",71.83757109179989,0.7991673171520233,0.10146957635879517,0.9615864157676697,-0.12293624877929688,0.37467046550018757,"[503.0, 203.0]"
normal_0852_EDD.jpg,ok,normal,"[158.0, 224.0]",90.50966799187809,0.8246250927448272,0.10814350843429565,0.9835777878761292,-0.13988566398620605,0.41151595046042244,"[117.0, 190.0]"
normal_0853_EDD.jpg,ok,normal,"[256.0, 202.0]",90.50966799187809,0.8223577558994293,0.12693601846694946,0.954412579536438,-0.13666465878486633,0.4912868563718842,"[230.0, 164.0]"
normal_0854_EDD.jpg,ok,normal,"[264.0, 228.0]",90.50966799187809,0.8036385595798492,0.08518862724304199,0.9860092997550964,-0.14121711254119873,0.6735533997534973,"[252.0, 201.0]"
normal_0855_EDD.jpg,ok,normal,"[170.0, 214.0]",90.50966799187809,0.8045099794864654,0.10191279649734497,0.965922474861145,-0.13225725293159485,0.31276638683596103,"[120.0, 177.0]"
normal_0856_EDD.jpg,ok,normal,"[475.0, 200.0]",57.01751796098172,0.805205112695694,0.09500670433044434,0.9785124659538269,-0.126198410987854,0.4886701400405098,"[500.0, 185.0]"
normal_0857_EDD.jpg,ok,normal,"[260.0, 218.0]",114.03503592196344,0.8740503668785095,0.1599951982498169,0.9810619950294495,-0.13655886054039001,0.7181540120531844,"[257.0, 186.0]"
normal_0858_EDD.jpg,ok,normal,"[158.0, 220.0]",114.03503592196344,0.8313231289386749,0.12050026655197144,0.9780076742172241,-0.13108745217323303,0.5114347738982392,"[106.0, 200.0]"
normal_0859_EDD.jpg,ok,normal,"[214.0, 204.0]",114.03503592196344,0.7819188416004181,0.07832682132720947,0.9850996732711792,-0.0701112449169159,0.14289982224943143,"[117.0, 216.0]"
normal_0860_EDD.jpg,ok,normal,"[254.0, 214.0]",90.50966799187809,0.8477541089057922,0.14719659090042114,0.9592098593711853,-0.1455530822277069,0.8740272226828352,"[245.0, 207.0]"
normal_0861_EDD.jpg,ok,normal,"[150.0, 196.0]",71.83757109179989,0.8277211427688598,0.1352826952934265,0.9490988254547119,-0.14034634828567505,0.5648934291468063,"[119.0, 192.0]"
normal_0862_EDD.jpg,ok,normal,"[456.0, 201.0]",57.01751796098172,0.8590333044528962,0.15082275867462158,0.9717050194740295,-0.1400851607322693,0.6300255804862507,"[474.0, 212.0]"
normal_0863_EDD.jpg,ok,normal,"[252.0, 214.0]",90.50966799187809,0.8586724638938904,0.15192151069641113,0.9670864343643188,-0.14895224571228027,0.8368702107982726,"[245.0, 201.0]"
normal_0864_EDD.jpg,ok,normal,"[410.0, 214.0]",114.03503592196344,0.8353769600391387,0.13059914112091064,0.9737902283668518,-0.11562329530715942,0.29164338438674875,"[488.0, 193.0]"
normal_0865_EDD.jpg,ok,normal,"[296.0, 216.0]",114.03503592196344,0.866648781299591,0.1548318862915039,0.9773106575012207,-0.13849717378616333,0.6140540333634947,"[340.0, 217.0]"
normal_0866_EDD.jpg,negative_score,normal,"[245.0, 83.0]",35.918785545899944,0.6882159471511841,0.014420509338378906,0.9609034061431885,-0.005815267562866211,-3.627319628431003,"[113.0, 184.0]"
normal_0867_EDD.jpg,negative_score,normal,"[144.0, 142.0]",71.83757109179989,0.6949797391891479,0.022333741188049316,0.9598935842514038,-0.003602445125579834,-4.061553102548119,"[500.0, 216.0]"
normal_0868_EDD.jpg,ok,normal,"[296.0, 224.0]",143.67514218359977,0.8395854681730269,0.13244378566741943,0.9898785948753357,-0.0711333304643631,0.8766658944800261,"[313.0, 219.0]"
normal_0869_EDD.jpg,ok,normal,"[232.0, 220.0]",143.67514218359977,0.8406180262565612,0.12964630126953125,0.9927996397018433,-0.08005988597869873,0.7433224894112469,"[240.0, 184.0]"
normal_0870_EDD.jpg,ok,normal,"[296.0, 228.0]",143.67514218359977,0.8901149570941924,0.1857948899269104,0.984744668006897,-0.07499399781227112,0.8280970688799069,"[305.0, 205.0]"
normal_0871_EDD.jpg,ok,normal,"[472.0, 210.0]",45.254833995939045,0.8391132295131682,0.13783246278762817,0.9605074524879456,-0.14462774991989136,0.5276182356927821,"[493.0, 206.0]"
normal_0872_EDD.jpg,ok,normal,"[172.0, 212.0]",90.50966799187809,0.8303516685962677,0.138006329536438,0.9526506066322327,-0.12744957208633423,0.37013611341417585,"[119.0, 191.0]"
normal_0873_EDD.jpg,ok,normal,"[328.0, 222.0]",90.50966799187809,0.8431940674781799,0.13575458526611328,0.9718376398086548,-0.1357656717300415,0.6857471037325193,"[356.0, 217.0]"
normal_0874_EDD.jpg,ok,normal,"[314.0, 218.0]",114.03503592196344,0.8788256049156189,0.16344207525253296,0.9813896417617798,-0.14205390214920044,0.6832132910354163,"[350.0, 221.0]"
normal_0875_EDD.jpg,ok,normal,"[440.0, 202.0]",90.50966799187809,0.8494010686874389,0.1429504156112671,0.9694430828094482,-0.13920247554779053,0.3252242849472131,"[501.0, 205.0]"
normal_0876_EDD.jpg,ok,normal,"[158.0, 190.0]",90.50966799187809,0.8439002573490143,0.1254931092262268,0.9853479266166687,-0.14331799745559692,0.4119309604200372,"[110.0, 167.0]"
normal_0877_EDD.jpg,ok,normal,"[270.0, 200.0]",114.03503592196344,0.8871842443943023,0.16938841342926025,0.9841683506965637,-0.14438992738723755,0.796032802452547,"[249.0, 210.0]"
normal_0878_EDD.jpg,ok,normal,"[266.0, 216.0]",90.50966799187809,0.8404296874999999,0.1299375295639038,0.9721347093582153,-0.1499893069267273,0.9327943338512295,"[267.0, 210.0]"
normal_0879_EDD.jpg,ok,normal,"[489.0, 216.0]",45.254833995939045,0.8749279737472534,0.15520328283309937,0.9877606630325317,-0.14146113395690918,0.6836178635731783,"[502.0, 222.0]"
normal_0880_EDD.jpg,ok,normal,"[264.0, 216.0]",90.50966799187809,0.8462296068668365,0.12986820936203003,0.9798668026924133,-0.15227317810058594,0.8999511837901117,"[265.0, 207.0]"
normal_0881_EDD.jpg,ok,normal,"[286.0, 218.0]",71.83757109179989,0.8193857014179229,0.1329197883605957,0.9412851333618164,-0.13783159852027893,0.6995021850427371,"[307.0, 223.0]"
normal_0882_EDD.jpg,ok,normal,"[298.0, 232.0]",90.50966799187809,0.8434233009815215,0.13473248481750488,0.9732055068016052,-0.13723480701446533,0.4257945367183451,"[343.0, 206.0]"
normal_0883_EDD.jpg,ok,normal,"[484.0, 206.0]",45.254833995939045,0.847912859916687,0.1402645707130432,0.9713246822357178,-0.1386050581932068,0.6737404215965453,"[497.0, 199.0]"
normal_0884_EDD.jpg,ok,normal,"[134.0, 196.0]",57.01751796098172,0.7919114410877227,0.07884961366653442,0.9814421534538269,-0.1302616000175476,0.7947174775526111,"[123.0, 192.0]"
normal_0885_EDD.jpg,ok,normal,"[452.0, 194.0]",57.01751796098172,0.8257531106472016,0.11803597211837769,0.9709194302558899,-0.14036768674850464,0.5136433461256434,"[477.0, 206.0]"
normal_0886_EDD.jpg,ok,normal,"[451.0, 194.0]",57.01751796098172,0.8305549204349517,0.11839056015014648,0.9777945876121521,-0.13854074478149414,0.5048681626880812,"[477.0, 205.0]"
normal_0887_EDD.jpg,ok,normal,"[258.0, 216.0]",90.50966799187809,0.8209676504135132,0.09739619493484497,0.9911177158355713,-0.14894527196884155,0.9889514565439602,"[259.0, 216.0]"
normal_0888_EDD.jpg,ok,normal,"[148.0, 167.0]",57.01751796098172,0.829591292142868,0.1337430477142334,0.9551615118980408,-0.13617593050003052,0.7488873319060585,"[135.0, 161.0]"
normal_0889_EDD.jpg,ok,normal,"[475.0, 230.0]",45.254833995939045,0.8854349672794342,0.18140250444412231,0.9663285613059998,-0.1380123496055603,0.6436951796565195,"[489.0, 238.0]"
normal_0890_EDD.jpg,ok,normal,"[148.0, 167.0]",57.01751796098172,0.8367212951183318,0.13883119821548462,0.9587717652320862,-0.13374930620193481,0.7660076316675812,"[135.0, 164.0]"
normal_0891_EDD.jpg,ok,normal,"[288.0, 214.0]",71.83757109179989,0.8309153020381927,0.1446477770805359,0.9402855038642883,-0.14033836126327515,0.9377465595365868,"[284.0, 212.0]"
normal_0892_EDD.jpg,ok,normal,"[455.0, 215.0]",57.01751796098172,0.8200557649135589,0.1143040657043457,0.9712188839912415,-0.1294924020767212,0.577617721380555,"[479.0, 213.0]"
normal_0893_EDD.jpg,ok,normal,"[254.0, 222.0]",90.50966799187809,0.8460533738136291,0.16216355562210083,0.9372172355651855,-0.1391887664794922,0.889514565439602,"[264.0, 222.0]"
normal_0894_EDD.jpg,ok,normal,"[119.0, 182.0]",57.01751796098172,0.82004097700119,0.11258816719055176,0.9707088470458984,-0.1397830843925476,0.5149099020619234,"[98.0, 164.0]"
normal_0895_EDD.jpg,ok,normal,"[266.0, 206.0]",71.83757109179989,0.8117750406265258,0.11089450120925903,0.9608949422836304,-0.14127039909362793,0.6177618477606579,"[251.0, 183.0]"
normal_0896_EDD.jpg,ok,normal,"[278.0, 208.0]",71.83757109179989,0.8094337582588195,0.1278996467590332,0.9340579509735107,-0.1384677290916443,0.7992386869062418,"[266.0, 216.0]"
normal_0897_EDD.jpg,ok,normal,"[139.0, 192.0]",57.01751796098172,0.8285965025424956,0.13992398977279663,0.9460341334342957,-0.1322430968284607,0.6153513344009531,"[119.0, 183.0]"
normal_0898_EDD.jpg,ok,normal,"[467.0, 196.0]",45.254833995939045,0.8549364030361175,0.15128469467163086,0.9624685645103455,-0.14961856603622437,0.4166201655439229,"[491.0, 185.0]"
normal_0899_EDD.jpg,ok,normal,"[268.0, 218.0]",90.50966799187809,0.8344790875911713,0.11469495296478271,0.9856370091438293,-0.14919114112854004,0.5640372991155091,"[262.0, 179.0]"
normal_0900_EDD.jpg,ok,normal,"[294.0, 214.0]",71.83757109179989,0.8048987925052643,0.10401082038879395,0.9612341523170471,-0.14012032747268677,0.7160806282229758,"[314.0, 210.0]"
normal_0901_EDD.jpg,ok,normal,"[468.0, 196.0]",45.254833995939045,0.8599112331867217,0.15086936950683594,0.9708839058876038,-0.14711564779281616,0.4747582401883872,"[490.0, 187.0]"
normal_0902_EDD.jpg,ok,normal,"[294.0, 214.0]",71.83757109179989,0.8113908052444457,0.10570621490478516,0.9679492712020874,-0.14060050249099731,0.7494347355230296,"[312.0, 214.0]"
normal_0903_EDD.jpg,ok,normal,"[442.0, 212.0]",71.83757109179989,0.825314837694168,0.12120044231414795,0.9687358736991882,-0.1299964189529419,0.4980967172656042,"[478.0, 210.0]"
normal_0904_EDD.jpg,ok,normal,"[485.0, 203.0]",35.918785545899944,0.8381410300731659,0.13825565576553345,0.9579077363014221,-0.14674979448318481,0.443188301162288,"[505.0, 203.0]"
normal_0905_EDD.jpg,ok,normal,"[292.0, 220.0]",90.50966799187809,0.8263071417808532,0.12211787700653076,0.9686568975448608,-0.1306471824645996,0.6558950696008556,"[323.0, 217.0]"
normal_0906_EDD.jpg,ok,normal,"[286.0, 218.0]",90.50966799187809,0.8226029455661773,0.13177794218063354,0.950156569480896,-0.12857702374458313,0.7635508445246633,"[269.0, 231.0]"
normal_0907_EDD.jpg,ok,normal,"[486.0, 202.0]",35.918785545899944,0.8326264560222626,0.12625503540039062,0.9684630036354065,-0.142236590385437,0.47029674580374947,"[505.0, 201.0]"
normal_0908_EDD.jpg,ok,normal,"[188.0, 210.0]",90.50966799187809,0.8418486058712005,0.14512771368026733,0.9564228057861328,-0.1361246407032013,0.29134122059696466,"[133.0, 177.0]"
normal_0909_EDD.jpg,ok,normal,"[286.0, 218.0]",90.50966799187809,0.8374166309833526,0.13909035921096802,0.9596442580223083,-0.132876455783844,0.7790291308792039,"[270.0, 230.0]"
normal_0910_EDD.jpg,ok,normal,"[286.0, 216.0]",90.50966799187809,0.8043951570987701,0.09516441822052002,0.9745038747787476,-0.13539013266563416,0.5800099982588871,"[324.0, 217.0]"
normal_0911_EDD.jpg,ok,normal,"[325.0, 214.0]",57.01751796098172,0.7756065487861633,0.08939856290817261,0.9439668655395508,-0.12715590000152588,0.8759842928149845,"[332.0, 213.0]"
normal_0912_EDD.jpg,ok,normal,"[282.0, 204.0]",57.01751796098172,0.7534292459487915,0.06109476089477539,0.9558889865875244,-0.11606097221374512,0.9367641489071596,"[279.0, 206.0]"
normal_0913_EDD.jpg,ok,normal,"[137.0, 177.0]",35.918785545899944,0.824682992696762,0.11363869905471802,0.9769631028175354,-0.13585060834884644,0.7202055841147985,"[127.0, 178.0]"
normal_0914_EDD.jpg,ok,normal,"[120.0, 176.0]",45.254833995939045,0.8548217356204986,0.13757961988449097,0.984448254108429,-0.1406416893005371,0.6685436963188058,"[111.0, 164.0]"
normal_0915_EDD.jpg,ok,normal,"[328.0, 204.0]",71.83757109179989,0.7515462160110473,0.072914719581604,0.9360031485557556,-0.11714646220207214,0.8818824015723556,"[334.0, 198.0]"
normal_0916_EDD.jpg,ok,normal,"[180.0, 236.0]",90.50966799187809,0.8233811676502227,0.1469559669494629,0.9368735551834106,-0.10306856036186218,0.14005700588643677,"[127.0, 179.0]"
normal_0917_EDD.jpg,ok,normal,"[280.0, 210.0]",71.83757109179989,0.7628649652004241,0.07541030645370483,0.9495571851730347,-0.11382314562797546,0.9688732797682934,"[279.0, 208.0]"
normal_0918_EDD.jpg,ok,normal,"[250.0, 214.0]",90.50966799187809,0.8478832483291625,0.13621598482131958,0.9739383459091187,-0.1495521068572998,0.8602457514062631,"[246.0, 226.0]"
normal_0919_EDD.jpg,ok,normal,"[288.0, 214.0]",71.83757109179989,0.8121631741523743,0.10931354761123657,0.9619276523590088,-0.14750134944915771,0.7533317889600522,"[271.0, 209.0]"
normal_0920_EDD.jpg,ok,normal,"[294.0, 220.0]",90.50966799187809,0.8458310425281523,0.12536323070526123,0.9858481287956238,-0.15187060832977295,0.6355655065721688,"[286.0, 188.0]"
normal_0921_EDD.jpg,ok,normal,"[270.0, 212.0]",90.50966799187809,0.8659642279148102,0.14968633651733398,0.980286180973053,-0.15038782358169556,0.9158567998885234,"[267.0, 219.0]"
normal_0922_EDD.jpg,ok,normal,"[470.0, 203.0]",57.01751796098172,0.8422455847263335,0.14511340856552124,0.9547112584114075,-0.14417147636413574,0.6137552749908222,"[492.0, 202.0]"
normal_0923_EDD.jpg,ok,normal,"[144.0, 210.0]",90.50966799187809,0.8421534597873687,0.14871466159820557,0.9503270387649536,-0.1410493552684784,0.6735533997534973,"[117.0, 198.0]"
normal_0924_EDD.jpg,ok,normal,"[306.0, 224.0]",90.50966799187809,0.8135576903820038,0.12806010246276855,0.9440761804580688,-0.12322130799293518,0.5641773224693327,"[326.0, 258.0]"
normal_0925_EDD.jpg,ok,normal,"[473.0, 242.0]",45.254833995939045,0.8633122026920318,0.15522831678390503,0.9701089262962341,-0.1450381875038147,0.6430106356626293,"[479.0, 257.0]"
normal_0926_EDD.jpg,ok,normal,"[517.0, 217.0]",35.918785545899944,0.8195399284362792,0.11588335037231445,0.9675796031951904,-0.13175427913665771,0.7879724219480679,"[524.0, 214.0]"
normal_0927_EDD.jpg,ok,normal,"[458.0, 202.0]",57.01751796098172,0.8293839931488037,0.1553618311882019,0.9212349653244019,-0.14578843116760254,0.5229020485232903,"[484.0, 210.0]"
normal_0928_EDD.jpg,ok,normal,"[141.0, 181.0]",57.01751796098172,0.8400894820690155,0.14163118600845337,0.9566641449928284,-0.14396697282791138,0.14852581957396882,"[115.0, 222.0]"
normal_0929_EDD.jpg,ok,normal,"[290.0, 196.0]",90.50966799187809,0.8089911639690399,0.08891957998275757,0.987356960773468,-0.14460855722427368,0.7099888876051471,"[270.0, 213.0]"
normal_0930_EDD.jpg,ok,normal,"[140.0, 202.0]",90.50966799187809,0.7949578344821929,0.10316067934036255,0.9573493599891663,-0.10826301574707031,0.5792839994426169,"[107.0, 183.0]"
normal_0931_EDD.jpg,negative_score,normal,"[424.0, 134.0]",45.254833995939045,0.6986741423606871,0.03920638561248779,0.9408947229385376,-0.004207253456115723,-2.8166601278146315,"[267.0, 206.0]"
normal_0932_EDD.jpg,ok,normal,"[143.0, 182.0]",45.254833995939045,0.7962626159191131,0.09548372030258179,0.9637516140937805,-0.13076382875442505,0.4542422126070944,"[122.0, 169.0]"
normal_0933_EDD.jpg,ok,normal,"[450.0, 204.0]",57.01751796098172,0.8287385106086731,0.12769639492034912,0.9630647897720337,-0.13448381423950195,0.5787115055522659,"[474.0, 203.0]"
normal_0934_EDD.jpg,ok,normal,"[104.0, 193.0]",45.254833995939045,0.7819608330726623,0.07517951726913452,0.9752480983734131,-0.12053823471069336,0.731177335404918,"[92.0, 195.0]"
normal_0935_EDD.jpg,ok,normal,"[256.0, 214.0]",90.50966799187809,0.8289326548576355,0.11444151401519775,0.9789606332778931,-0.146093487739563,0.9889514565439602,"[257.0, 214.0]"
normal_0936_EDD.jpg,ok,normal,"[418.0, 226.0]",90.50966799187809,0.819469928741455,0.11593300104141235,0.9726793766021729,-0.11330682039260864,0.10923794914129858,"[492.0, 194.0]"
normal_0937_EDD.jpg,ok,normal,"[306.0, 212.0]",90.50966799187809,0.8200700640678406,0.10903257131576538,0.9762515425682068,-0.13830706477165222,0.8497235620181927,"[319.0, 216.0]"
normal_0938_EDD.jpg,ok,normal,"[282.0, 212.0]",71.83757109179989,0.7815867125988006,0.0792546272277832,0.9651383757591248,-0.13367611169815063,0.7494347355230296,"[282.0, 230.0]"
normal_0939_EDD.jpg,ok,normal,"[184.0, 212.0]",114.03503592196344,0.8466570675373077,0.13281196355819702,0.9811142683029175,-0.1353255808353424,0.35673015624275517,"[119.0, 178.0]"
normal_0940_EDD.jpg,ok,normal,"[274.0, 218.0]",90.50966799187809,0.8181278526782989,0.11907422542572021,0.9603678584098816,-0.1339806318283081,0.8317135997770467,"[280.0, 232.0]"
normal_0941_EDD.jpg,ok,normal,"[280.0, 236.0]",143.67514218359977,0.8605892062187195,0.15711486339569092,0.9799489974975586,-0.08755022287368774,0.7346914955101889,"[277.0, 198.0]"
normal_0942_EDD.jpg,ok,normal,"[270.0, 230.0]",90.50966799187809,0.8440070390701293,0.125627338886261,0.9841499328613281,-0.1473737359046936,0.6998535513703352,"[267.0, 203.0]"
normal_0943_EDD.jpg,ok,normal,"[256.0, 228.0]",90.50966799187809,0.8420199632644653,0.12461161613464355,0.9827790260314941,-0.1473151445388794,0.7025088630521912,"[249.0, 202.0]"
normal_0944_EDD.jpg,ok,normal,"[148.0, 204.0]",90.50966799187809,0.8468660652637481,0.14652884006500244,0.9590671062469482,-0.1449512541294098,0.5925498496748345,"[124.0, 176.0]"
normal_0945_EDD.jpg,ok,normal,"[304.0, 228.0]",90.50966799187809,0.8629718005657195,0.14960473775863647,0.9774536490440369,-0.14574754238128662,0.6462740180415072,"[329.0, 208.0]"
normal_0946_EDD.jpg,ok,normal,"[337.0, 215.0]",45.254833995939045,0.7657647728919983,0.0609431266784668,0.9719842672348022,-0.12216329574584961,0.5219669206006764,"[355.0, 203.0]"
normal_0947_EDD.jpg,ok,normal,"[304.0, 206.0]",71.83757109179989,0.7959052383899687,0.0912553071975708,0.968445360660553,-0.13369089365005493,0.5982361466196882,"[332.0, 199.0]"
normal_0948_EDD.jpg,ok,normal,"[489.0, 244.0]",35.918785545899944,0.8290849983692169,0.11369526386260986,0.9788498282432556,-0.15097427368164062,0.5019724762926941,"[505.0, 236.0]"
normal_0949_EDD.jpg,ok,normal,"[514.0, 234.0]",45.254833995939045,0.8629479050636291,0.1926080584526062,0.9144067168235779,-0.15127572417259216,0.4747582401883872,"[536.0, 243.0]"
normal_0950_EDD.jpg,ok,normal,"[260.0, 218.0]",90.50966799187809,0.8061958730220794,0.09952348470687866,0.9723516702651978,-0.1301310956478119,0.7679805874231641,"[260.0, 197.0]"
normal_0951_EDD.jpg,ok,normal,"[334.0, 218.0]",114.03503592196344,0.8966055154800415,0.1827436089515686,0.9779953956604004,-0.14632564783096313,0.9123076524758302,"[344.0, 218.0]"
normal_0952_EDD.jpg,ok,normal,"[186.0, 212.0]",90.50966799187809,0.8053329467773437,0.08520138263702393,0.989093542098999,-0.13883042335510254,0.3324997073970679,"[131.0, 187.0]"
normal_0953_EDD.jpg,ok,normal,"[264.0, 220.0]",114.03503592196344,0.8442780315876007,0.1279544234275818,0.9867164492607117,-0.12811046838760376,0.8211420035125994,"[260.0, 200.0]"
normal_0954_EDD.jpg,ok,normal,"[294.0, 222.0]",114.03503592196344,0.8582631528377532,0.14300686120986938,0.9843726754188538,-0.1309770941734314,0.6269208456120529,"[331.0, 201.0]"
normal_0955_EDD.jpg,ok,normal,"[188.0, 208.0]",114.03503592196344,0.8364898562431335,0.12212163209915161,0.980519711971283,-0.1400221288204193,0.4478166691786273,"[129.0, 186.0]"
normal_0956_EDD.jpg,ok,normal,"[268.0, 218.0]",114.03503592196344,0.8486752510070801,0.1322740912437439,0.9924251437187195,-0.10851779580116272,0.827266107785753,"[260.0, 200.0]"
normal_0957_EDD.jpg,ok,normal,"[274.0, 238.0]",90.50966799187809,0.8159153699874878,0.09646385908126831,0.9881269931793213,-0.1388130784034729,0.6352307021897265,"[307.0, 237.0]"
normal_0958_EDD.jpg,ok,normal,"[270.0, 236.0]",114.03503592196344,0.8251638114452362,0.11013615131378174,0.9939229488372803,-0.09640797972679138,0.5803575272360237,"[249.0, 193.0]"
normal_0959_EDD.jpg,ok,normal,"[306.0, 206.0]",90.50966799187809,0.8089635789394378,0.1067841649055481,0.9685096740722656,-0.12111321091651917,0.6782615580941562,"[334.0, 214.0]"
normal_0960_EDD.jpg,ok,normal,"[248.0, 212.0]",71.83757109179989,0.8040964543819428,0.10403019189834595,0.9611477255821228,-0.1363142728805542,0.5387360325808093,"[245.0, 179.0]"
normal_0961_EDD.jpg,ok,normal,"[324.0, 224.0]",71.83757109179989,0.8144306778907775,0.12549781799316406,0.9431960582733154,-0.14347809553146362,0.8494290151796813,"[333.0, 230.0]"
normal_0962_EDD.jpg,ok,normal,"[491.0, 200.0]",57.01751796098172,0.8493181943893433,0.1689855456352234,0.9296301007270813,-0.14795789122581482,0.7369229574274907,"[506.0, 200.0]"
normal_0963_EDD.jpg,ok,normal,"[458.0, 192.0]",57.01751796098172,0.8317095458507537,0.14505517482757568,0.9401407241821289,-0.14277932047843933,0.5076716998722006,"[486.0, 194.0]"
normal_0964_EDD.jpg,ok,normal,"[458.0, 191.0]",57.01751796098172,0.8380886256694794,0.1485302448272705,0.9445145726203918,-0.14199090003967285,0.4712216886747913,"[488.0, 194.0]"
normal_0965_EDD.jpg,ok,normal,"[330.0, 206.0]",90.50966799187809,0.8487938284873962,0.14924949407577515,0.9576957821846008,-0.14578643441200256,0.594351406695401,"[362.0, 224.0]"
normal_0966_EDD.jpg,negative_score,normal,"[382.0, 200.0]",90.50966799187809,0.7734397590160369,0.06332993507385254,0.9837310910224915,-0.10749030113220215,-0.014121483261497536,"[473.0, 212.0]"
normal_0967_EDD.jpg,ok,normal,"[384.0, 196.0]",90.50966799187809,0.7762265384197236,0.06362783908843994,0.9904786944389343,-0.0963180661201477,0.0009159468230413026,"[473.0, 212.0]"
normal_0968_EDD.jpg,ok,normal,"[332.0, 216.0]",90.50966799187809,0.8037656784057616,0.08518582582473755,0.9881957769393921,-0.13421404361724854,1.0,"[332.0, 216.0]"
normal_0969_EDD.jpg,ok,normal,"[212.0, 220.0]",143.67514218359977,0.8230640470981597,0.11112755537033081,0.9902409315109253,-0.09383919835090637,0.2301876887649682,"[124.0, 153.0]"
normal_0970_EDD.jpg,ok,normal,"[300.0, 222.0]",90.50966799187809,0.8907692551612854,0.20368409156799316,0.9418431520462036,-0.13897478580474854,0.7183163066043758,"[325.0, 217.0]"
normal_0971_EDD.jpg,ok,normal,"[264.0, 224.0]",90.50966799187809,0.8566824376583099,0.14770346879959106,0.9706888794898987,-0.14748376607894897,0.6380864118156104,"[257.0, 192.0]"
normal_0972_EDD.jpg,ok,normal,"[280.0, 224.0]",114.03503592196344,0.8746901929378509,0.15929532051086426,0.9832359552383423,-0.13564851880073547,0.5811829639995795,"[325.0, 208.0]"
normal_0973_EDD.jpg,ok,normal,"[491.0, 215.0]",35.918785545899944,0.833690845966339,0.129511296749115,0.9607495069503784,-0.15827447175979614,0.5823912258717161,"[503.0, 206.0]"
normal_0974_EDD.jpg,ok,normal,"[266.0, 200.0]",71.83757109179989,0.7791482865810394,0.07641637325286865,0.9676393866539001,-0.12692171335220337,0.856681817264807,"[261.0, 191.0]"
normal_0975_EDD.jpg,ok,normal,"[136.0, 171.0]",45.254833995939045,0.8064583778381347,0.09686547517776489,0.9742845296859741,-0.13796865940093994,0.5359611748463282,"[115.0, 171.0]"
normal_0976_EDD.jpg,ok,normal,"[254.0, 212.0]",114.03503592196344,0.8700077235698699,0.15692812204360962,0.9901328086853027,-0.09993317723274231,0.846851899020542,"[250.0, 195.0]"
normal_0977_EDD.jpg,ok,normal,"[176.0, 214.0]",114.03503592196344,0.8521641492843627,0.14068937301635742,0.9772243499755859,-0.13708865642547607,0.4038855072229899,"[115.0, 184.0]"
normal_0978_EDD.jpg,ok,normal,"[294.0, 214.0]",90.50966799187809,0.8267288267612457,0.11212962865829468,0.9791072010993958,-0.14612078666687012,0.6632459052773078,"[317.0, 234.0]"
normal_0979_EDD.jpg,ok,normal,"[475.0, 205.0]",45.254833995939045,0.8141107439994811,0.12184411287307739,0.9470739364624023,-0.14657437801361084,0.6836178635731783,"[488.0, 211.0]"
normal_0980_EDD.jpg,ok,normal,"[250.0, 214.0]",71.83757109179989,0.7836442649364471,0.09022045135498047,0.9539913535118103,-0.12814933061599731,0.901568667976963,"[251.0, 207.0]"
normal_0981_EDD.jpg,ok,normal,"[174.0, 216.0]",114.03503592196344,0.8162605583667755,0.11155593395233154,0.9735657572746277,-0.11604297161102295,0.3107359171061942,"[111.0, 169.0]"
normal_0982_EDD.jpg,ok,normal,"[131.0, 197.0]",57.01751796098172,0.780350637435913,0.07317858934402466,0.9744211435317993,-0.12538623809814453,0.6492306099033209,"[115.0, 185.0]"
normal_0983_EDD.jpg,ok,normal,"[330.0, 224.0]",57.01751796098172,0.7667994618415832,0.08011782169342041,0.9442027807235718,-0.128698468208313,0.7226924484565961,"[339.0, 237.0]"
normal_0984_EDD.jpg,ok,normal,"[256.0, 236.0]",143.67514218359977,0.864061427116394,0.15910649299621582,0.9829496741294861,-0.08445081114768982,0.7824467145734031,"[260.0, 205.0]"
normal_0985_EDD.jpg,ok,normal,"[250.0, 207.0]",57.01751796098172,0.7609670341014863,0.07271718978881836,0.948885977268219,-0.12014830112457275,0.9276870377198954,"[246.0, 206.0]"
normal_0986_EDD.jpg,ok,normal,"[476.0, 192.0]",45.254833995939045,0.8204845070838928,0.1187548041343689,0.9612916707992554,-0.14412766695022583,0.5014669958267557,"[498.0, 197.0]"
normal_0987_EDD.jpg,ok,normal,"[322.0, 206.0]",90.50966799187809,0.8094223141670227,0.1066122055053711,0.9683281779289246,-0.1249019205570221,0.5765365552228858,"[360.0, 211.0]"
normal_0988_EDD.jpg,ok,normal,"[246.0, 212.0]",71.83757109179989,0.7734403014183044,0.0737001895904541,0.9631286859512329,-0.12775015830993652,0.7825580804805863,"[236.0, 200.0]"
normal_0989_EDD.jpg,ok,normal,"[477.0, 192.0]",45.254833995939045,0.8179398000240325,0.11468851566314697,0.9652305245399475,-0.13794958591461182,0.5338614409319906,"[498.0, 194.0]"
normal_0990_EDD.jpg,ok,normal,"[242.0, 214.0]",90.50966799187809,0.8150554120540618,0.1168479323387146,0.9602817893028259,-0.1300511360168457,0.8461115968469359,"[237.0, 201.0]"
normal_0991_EDD.jpg,negative_score,normal,"[495.0, 230.0]",45.254833995939045,0.8559889078140259,0.19657045602798462,0.8996587991714478,-0.14828646183013916,-5.230594875290801,"[255.0, 378.0]"
normal_0992_EDD.jpg,ok,normal,"[372.0, 184.0]",143.67514218359977,0.8121877938508988,0.11043250560760498,0.9806066751480103,-0.07665307819843292,0.010263289629628192,"[511.0, 214.0]"
normal_0993_EDD.jpg,ok,normal,"[132.0, 208.0]",45.254833995939045,0.813578200340271,0.12337589263916016,0.9470838308334351,-0.1362181305885315,0.625,"[120.0, 196.0]"
normal_0994_EDD.jpg,ok,normal,"[132.0, 208.0]",45.254833995939045,0.808953446149826,0.11342495679855347,0.9568374752998352,-0.1287112832069397,0.6548324682128981,"[120.0, 198.0]"
normal_0995_EDD.jpg,ok,normal,"[290.0, 212.0]",71.83757109179989,0.7723799288272858,0.09710383415222168,0.9310254454612732,-0.11779141426086426,0.8818824015723556,"[284.0, 206.0]"
normal_0996_EDD.jpg,ok,normal,"[478.0, 206.0]",45.254833995939045,0.8585355639457702,0.15061968564987183,0.9673075675964355,-0.15400290489196777,0.6047152924789526,"[494.0, 198.0]"
normal_0997_EDD.jpg,ok,normal,"[286.0, 210.0]",71.83757109179989,0.7852812051773072,0.0784006118774414,0.9712326526641846,-0.13508868217468262,0.6859438869874005,"[308.0, 205.0]"
normal_0998_EDD.jpg,ok,normal,"[118.0, 185.0]",45.254833995939045,0.8315846323966979,0.12179172039031982,0.9722728729248047,-0.14600950479507446,0.5449931319199677,"[100.0, 175.0]"
normal_0999_EDD.jpg,ok,normal,"[262.0, 214.0]",90.50966799187809,0.8180662512779235,0.109885573387146,0.9721404314041138,-0.13841187953948975,0.8228783742382089,"[263.0, 198.0]"
normal_1000_EDD.jpg,ok,normal,"[126.0, 184.0]",45.254833995939045,0.8082397043704986,0.10108822584152222,0.9730613827705383,-0.13004255294799805,0.6836178635731783,"[113.0, 190.0]"
normal_1001_EDD.jpg,ok,normal,"[277.0, 242.0]",35.918785545899944,0.8427400112152099,0.13992327451705933,0.9648771286010742,-0.1370137333869934,0.40810104511186296,"[263.0, 226.0]"
normal_1002_EDD.jpg,ok,normal,"[424.0, 203.0]",35.918785545899944,0.8291799664497375,0.14481979608535767,0.9350265264511108,-0.14920800924301147,0.5019724762926941,"[440.0, 211.0]"
normal_1003_EDD.jpg,ok,normal,"[320.0, 204.0]",114.03503592196344,0.8540124833583831,0.13705670833587646,0.9907727837562561,-0.11707413196563721,0.8117165450074757,"[330.0, 223.0]"
normal_1004_EDD.jpg,ok,normal,"[152.0, 218.0]",35.918785545899944,0.8433898866176605,0.14484983682632446,0.9548686146736145,-0.15066009759902954,0.6613046661878269,"[140.0, 216.0]"
normal_1005_EDD.jpg,ok,normal,"[236.0, 198.0]",90.50966799187809,0.8337340354919434,0.12180870771408081,0.9742251038551331,-0.14983877539634705,0.8911844665844991,"[240.0, 189.0]"
normal_1006_EDD.jpg,ok,normal,"[481.0, 206.0]",45.254833995939045,0.8697215914726256,0.17420083284378052,0.9478261470794678,-0.16021227836608887,0.4874618916607274,"[504.0, 209.0]"
normal_1007_EDD.jpg,ok,normal,"[466.0, 210.0]",45.254833995939045,0.9077329754829406,0.20355278253555298,0.9625543355941772,-0.15196079015731812,0.5967660031073769,"[484.0, 213.0]"
normal_1008_EDD.jpg,ok,normal,"[304.0, 218.0]",71.83757109179989,0.8086511015892028,0.12516015768051147,0.9371858835220337,-0.1373041272163391,0.7011186454766599,"[323.0, 228.0]"
normal_1009_EDD.jpg,ok,normal,"[351.0, 216.0]",45.254833995939045,0.7608784735202788,0.06674683094024658,0.9578929543495178,-0.11803287267684937,0.3808871013700329,"[374.0, 200.0]"
normal_1010_EDD.jpg,ok,normal,"[228.0, 216.0]",90.50966799187809,0.8382942736148833,0.12302398681640625,0.9783117175102234,-0.152260422706604,0.5436536916715553,"[223.0, 175.0]"
normal_1011_EDD.jpg,ok,normal,"[131.0, 186.0]",45.254833995939045,0.8909056901931762,0.1846846342086792,0.9689079523086548,-0.1399274468421936,0.6140909676491104,"[115.0, 179.0]"
normal_1012_EDD.jpg,ok,normal,"[323.0, 211.0]",57.01751796098172,0.8115970015525817,0.12429440021514893,0.9436604976654053,-0.13370126485824585,0.6594645201456383,"[339.0, 200.0]"
normal_1013_EDD.jpg,ok,normal,"[460.0, 205.0]",45.254833995939045,0.9058785319328307,0.21204900741577148,0.9488062858581543,-0.1483256220817566,0.4898491338339217,"[483.0, 203.0]"
normal_1014_EDD.jpg,ok,normal,"[475.0, 218.0]",45.254833995939045,0.8444708287715912,0.1430073380470276,0.9634944796562195,-0.1350867748260498,0.661979567925251,"[490.0, 221.0]"
normal_1015_EDD.jpg,ok,normal,"[134.0, 187.0]",57.01751796098172,0.8371923267841339,0.16644585132598877,0.9184725880622864,-0.1390783190727234,0.607827899658842,"[114.0, 177.0]"
normal_1016_EDD.jpg,ok,normal,"[382.0, 248.0]",114.03503592196344,0.8145039975643158,0.1029546856880188,0.9854043126106262,-0.10883146524429321,0.07008891192866817,"[484.0, 219.0]"
normal_1017_EDD.jpg,ok,normal,"[276.0, 236.0]",114.03503592196344,0.8848265111446381,0.17104148864746094,0.9818910360336304,-0.13230648636817932,0.5882192946417841,"[318.0, 215.0]"
normal_1018_EDD.jpg,ok,normal,"[484.0, 206.0]",45.254833995939045,0.8231673538684845,0.1178746223449707,0.9654839634895325,-0.14726978540420532,0.4297410127845419,"[505.0, 221.0]"
normal_1019_EDD.jpg,ok,normal,"[310.0, 220.0]",90.50966799187809,0.8635698556900024,0.1757708191871643,0.9440507292747498,-0.13481763005256653,0.7779270249445016,"[330.0, 222.0]"
normal_1020_EDD.jpg,ok,normal,"[456.0, 196.0]",57.01751796098172,0.8341637015342712,0.14483696222305298,0.9473403692245483,-0.13094240427017212,0.612562545260359,"[478.0, 198.0]"
normal_1021_EDD.jpg,ok,normal,"[131.0, 176.0]",45.254833995939045,0.8247995913028716,0.1089363694190979,0.9827989935874939,-0.13951963186264038,0.5658611253296937,"[112.0, 181.0]"
normal_1022_EDD.jpg,negative_score,normal,"[472.0, 195.0]",45.254833995939045,0.843265813589096,0.13283389806747437,0.9778010249137878,-0.12985599040985107,-0.07936975244815891,"[491.0, 240.0]"
normal_1023_EDD.jpg,ok,normal,"[246.0, 198.0]",71.83757109179989,0.7907089293003082,0.09860152006149292,0.9503546953201294,-0.13429561257362366,0.8580403141114878,"[236.0, 196.0]"
normal_1024_EDD.jpg,ok,normal,"[308.0, 190.0]",90.50966799187809,0.8114650309085846,0.10036402940750122,0.9758058190345764,-0.14018464088439941,0.40082657847456227,"[329.0, 240.0]"
normal_1025_IFD.jpg,ok,normal,"[97.0, 290.0]",35.918785545899944,0.9389419317245483,0.2925681471824646,0.879029393196106,-0.15526604652404785,0.664754963293384,"[85.0, 291.0]"
normal_1026_IFD.jpg,ok,normal,"[112.0, 245.0]",35.918785545899944,0.7476112186908722,0.19338059425354004,0.7473583221435547,-0.15539899468421936,0.5258919223712375,"[95.0, 246.0]"
normal_1027_IFD.jpg,ok,normal,"[481.0, 315.0]",45.254833995939045,0.9362889170646667,0.30240583419799805,0.8613709807395935,-0.15461698174476624,0.5597186623873323,"[500.0, 309.0]"
normal_1028_IFD.jpg,negative_score,normal,"[96.0, 322.0]",45.254833995939045,1.0041247129440307,0.3188123106956482,0.9345115423202515,-0.15577161312103271,-4.454758888461523,"[235.0, 118.0]"
normal_1029_IFD.jpg,ok,normal,"[81.0, 261.0]",45.254833995939045,0.8171257078647612,0.22380495071411133,0.8056230545043945,-0.14692309498786926,0.5575061794216782,"[61.0, 260.0]"
normal_1030_IFD.jpg,ok,normal,"[446.0, 257.0]",45.254833995939045,0.8844374060630799,0.20289009809494019,0.9328943490982056,-0.14260631799697876,0.7529470577993453,"[457.0, 255.0]"
normal_1031_IFD.jpg,ok,normal,"[415.0, 246.0]",57.01751796098172,0.9274724006652831,0.2595430016517639,0.9106149673461914,-0.1524946093559265,0.3919435133875041,"[444.0, 227.0]"
normal_1032_IFD.jpg,ok,normal,"[269.0, 271.0]",35.918785545899944,0.9778976559638977,0.27990806102752686,0.9554152488708496,-0.14599460363388062,0.6370031833692216,"[256.0, 272.0]"
normal_1033_IFD.jpg,ok,normal,"[148.0, 246.0]",57.01751796098172,0.8615031540393828,0.18133193254470825,0.9281062483787537,-0.1524842381477356,0.5604872139570796,"[126.0, 234.0]"
normal_1034_IFD.jpg,ok,normal,"[150.0, 215.0]",45.254833995939045,0.9801361918449402,0.27082765102386475,0.9700682163238525,-0.1513039469718933,0.6898526056050125,"[136.0, 214.0]"
normal_1035_IFD.jpg,ok,normal,"[148.0, 226.0]",57.01751796098172,0.8692974984645844,0.21237552165985107,0.8949840068817139,-0.15216585993766785,0.7013306265351646,"[131.0, 227.0]"
normal_1036_IFD.jpg,ok,normal,"[458.0, 221.0]",45.254833995939045,0.9666652619838714,0.3157265782356262,0.8860451579093933,-0.1535353660583496,0.5276182356927821,"[479.0, 217.0]"
normal_1037_IFD.jpg,negative_score,normal,"[508.0, 259.0]",45.254833995939045,0.8802230894565581,0.2646627426147461,0.8362718820571899,-0.15085014700889587,-1.006459295936501,"[490.0, 170.0]"
normal_1038_IFD.jpg,ok,normal,"[122.0, 273.0]",45.254833995939045,0.9301141917705535,0.2783474326133728,0.8887879252433777,-0.14807605743408203,0.3988942480727705,"[96.0, 265.0]"
normal_1039_IFD.jpg,negative_score,normal,"[60.0, 229.0]",45.254833995939045,0.852438884973526,0.25514400005340576,0.8161339163780212,-0.13000571727752686,-0.17197916203744845,"[58.0, 176.0]"
normal_1040_IFD.jpg,ok,normal,"[148.0, 246.0]",57.01751796098172,0.8615031540393828,0.18133193254470825,0.9281062483787537,-0.1524842381477356,0.5604872139570796,"[126.0, 234.0]"
normal_1041_IFD.jpg,ok,normal,"[441.0, 232.0]",35.918785545899944,1.0150910139083862,0.31742262840270996,0.9548715353012085,-0.1462915539741516,0.6825684922887694,"[452.0, 229.0]"
normal_1042_IFD.jpg,ok,normal,"[458.0, 238.0]",35.918785545899944,0.9513791024684906,0.3081796169281006,0.877582848072052,-0.14445745944976807,0.4889147984352913,"[474.0, 229.0]"
normal_1043_IFD.jpg,ok,normal,"[92.0, 301.0]",45.254833995939045,0.8390430450439453,0.22269105911254883,0.837679386138916,-0.14988207817077637,0.4956246127634697,"[81.0, 281.0]"
normal_1044_IFD.jpg,ok,normal,"[112.0, 264.0]",45.254833995939045,0.8745480895042419,0.25346434116363525,0.8478763103485107,-0.13785165548324585,0.4874618916607274,"[89.0, 261.0]"
normal_1045_IFD.jpg,ok,normal,"[466.0, 239.0]",35.918785545899944,0.9716842949390411,0.3198803663253784,0.8896213173866272,-0.1453450322151184,0.3990043700854742,"[487.0, 244.0]"
normal_1046_IFD.jpg,ok,normal,"[113.0, 294.0]",35.918785545899944,0.7821375548839569,0.20407205820083618,0.7841163277626038,-0.14592033624649048,0.4424927210049673,"[93.0, 295.0]"
normal_1047_IFD.jpg,ok,normal,"[462.0, 233.0]",57.01751796098172,0.9177061080932616,0.21887224912643433,0.954506516456604,-0.15339648723602295,0.7013306265351646,"[479.0, 232.0]"
normal_1048_IFD.jpg,ok,normal,"[106.0, 286.0]",45.254833995939045,0.8307713508605956,0.2323949933052063,0.8138337135314941,-0.14346379041671753,0.6084386223080729,"[89.0, 281.0]"
normal_1049_IFD.jpg,ok,normal,"[93.0, 235.0]",45.254833995939045,0.9206947326660155,0.30797266960144043,0.8311833143234253,-0.15446871519088745,0.5449931319199677,"[75.0, 225.0]"
normal_1050_IFD.jpg,ok,normal,"[472.0, 267.0]",45.254833995939045,0.8605351030826568,0.19319283962249756,0.9156052470207214,-0.13209295272827148,0.5531140735601534,"[492.0, 264.0]"
normal_1051_IFD.jpg,ok,normal,"[233.0, 275.0]",35.918785545899944,0.9251625835895537,0.25819486379623413,0.9116588234901428,-0.14403271675109863,0.27400636673844303,"[207.0, 273.0]"
normal_1052_IFD.jpg,ok,normal,"[80.0, 274.0]",35.918785545899944,0.7970706939697265,0.22942644357681274,0.7681572437286377,-0.14967089891433716,0.3295099265867679,"[56.0, 276.0]"
normal_1053_IFD.jpg,ok,normal,"[100.0, 292.0]",35.918785545899944,0.8832438707351684,0.21824431419372559,0.9073307514190674,-0.14934015274047852,0.5234459487292551,"[83.0, 290.0]"
normal_1054_IFD.jpg,ok,normal,"[271.0, 283.0]",45.254833995939045,0.8796593725681304,0.24447929859161377,0.8666197657585144,-0.1427311897277832,0.6402854864618333,"[283.0, 272.0]"
normal_1055_IFD.jpg,ok,normal,"[285.0, 284.0]",45.254833995939045,0.8946657955646515,0.23664259910583496,0.9008356928825378,-0.1371910572052002,0.5558540498890033,"[265.0, 286.0]"
normal_1056_IFD.jpg,ok,normal,"[463.0, 254.0]",35.918785545899944,1.0051766335964203,0.32529640197753906,0.9287934899330139,-0.14862394332885742,0.44041116822959714,"[483.0, 252.0]"
normal_1057_IFD.jpg,ok,normal,"[510.0, 287.0]",35.918785545899944,0.914093279838562,0.25614088773727417,0.8975284099578857,-0.1484125256538391,0.46447565614124664,"[519.0, 270.0]"
normal_1058_IFD.jpg,ok,normal,"[452.0, 277.0]",57.01751796098172,0.8218173742294311,0.12904340028762817,0.9506062269210815,-0.1367480754852295,0.6105827804295356,"[474.0, 280.0]"
normal_1059_IFD.jpg,ok,normal,"[524.0, 291.0]",35.918785545899944,0.8291933715343475,0.2474726438522339,0.786851704120636,-0.15462267398834229,0.4424927210049673,"[544.0, 292.0]"
normal_1060_IFD.jpg,ok,normal,"[465.0, 251.0]",45.254833995939045,1.012177288532257,0.318881094455719,0.9453365802764893,-0.15780293941497803,0.4692097577667804,"[489.0, 250.0]"
normal_1061_IFD.jpg,ok,normal,"[484.0, 279.0]",45.254833995939045,0.9932172179222107,0.3206733465194702,0.9148043394088745,-0.1609041690826416,0.3888247745122517,"[502.0, 258.0]"
normal_1062_IFD.jpg,ok,normal,"[489.0, 302.0]",35.918785545899944,0.9046383798122405,0.2807687520980835,0.8473984599113464,-0.153453528881073,0.3382368505295221,"[511.0, 293.0]"
normal_1063_PPE.jpg,ok,normal,"[134.0, 126.0]",71.83757109179989,1.0002833902835846,0.3059752583503723,0.9780657291412354,-0.04831060767173767,0.4889147984352913,"[152.0, 94.0]"
normal_1064_PPE.jpg,ok,normal,"[139.0, 118.0]",45.254833995939045,1.0401252925395965,0.3267347812652588,0.9781998991966248,-0.1432529091835022,0.4961088907313407,"[157.0, 104.0]"
normal_1065_PPE.jpg,ok,normal,"[107.0, 120.0]",45.254833995939045,0.9828622877597808,0.27566879987716675,0.9687705039978027,-0.1452706754207611,0.702714100149368,"[97.0, 111.0]"
normal_1066_PPE.jpg,negative_score,normal,"[37.0, 130.0]",57.01751796098172,0.6307770729064941,-0.015285849571228027,0.9220223426818848,-0.00323641300201416,-1.4536939382839842,"[175.0, 107.0]"
normal_1067_PPE.jpg,ok,normal,"[106.0, 119.0]",45.254833995939045,0.9367036461830138,0.21885663270950317,0.9855393171310425,-0.13984745740890503,0.6656103975151142,"[91.0, 121.0]"
normal_1068_PPE.jpg,ok,normal,"[129.0, 118.0]",45.254833995939045,0.9906649947166443,0.27765005826950073,0.973861575126648,-0.15655916929244995,0.3742192376718505,"[150.0, 99.0]"
normal_1069_PPE.jpg,ok,normal,"[107.0, 122.0]",45.254833995939045,0.9671785950660705,0.2519567012786865,0.9806104302406311,-0.1439729630947113,0.5444568832152109,"[87.0, 127.0]"
normal_1070_PPE.jpg,ok,normal,"[139.0, 115.0]",45.254833995939045,0.942540419101715,0.2252289056777954,0.99153733253479,-0.11617690324783325,0.7127378701429651,"[152.0, 115.0]"
normal_1071_PPE.jpg,ok,normal,"[109.0, 115.0]",45.254833995939045,0.8925280570983886,0.1767825484275818,0.9910459518432617,-0.11006671190261841,0.46599976591765435,"[87.0, 105.0]"
normal_1072_PPE.jpg,ok,normal,"[138.0, 126.0]",57.01751796098172,0.9064615249633788,0.22646498680114746,0.9463866353034973,-0.08762946724891663,0.42737501381642284,"[167.0, 111.0]"
normal_1073_PPE.jpg,ok,normal,"[103.0, 125.0]",57.01751796098172,0.8928557813167571,0.21795213222503662,0.937545120716095,-0.09311032295227051,0.6626408032206081,"[86.0, 116.0]"
normal_1074_PPE.jpg,ok,normal,"[137.0, 123.0]",57.01751796098172,0.9657435178756714,0.2628079056739807,0.9823416471481323,-0.07648229598999023,0.3841524326578335,"[170.0, 135.0]"
normal_1075_PPE.jpg,ok,normal,"[102.0, 110.0]",45.254833995939045,0.9789420247077941,0.27287018299102783,0.9651122093200684,-0.15246647596359253,0.22660195807721373,"[74.0, 89.0]"
normal_1076_PPE.jpg,ok,normal,"[106.0, 134.0]",57.01751796098172,0.9507339179515838,0.24767529964447021,0.9827485084533691,-0.07567331194877625,0.44928088666182775,"[75.0, 129.0]"
normal_1077_PPE.jpg,ok,normal,"[133.0, 120.0]",45.254833995939045,1.0271394371986389,0.3273402452468872,0.9544768333435059,-0.15832704305648804,0.4841383118994007,"[150.0, 104.0]"
normal_1078_PPE.jpg,ok,normal,"[114.0, 126.0]",71.83757109179989,0.9813544064760208,0.3024643659591675,0.955278754234314,-0.050974562764167786,0.3475257324452855,"[75.0, 100.0]"
normal_1079_PPE.jpg,negative_score,normal,"[116.0, 118.0]",35.918785545899944,0.9198331356048584,0.2262752652168274,0.9514791965484619,-0.13761216402053833,-0.37127246023275706,"[67.0, 123.0]"
normal_1080_PPE.jpg,ok,normal,"[107.0, 116.0]",45.254833995939045,0.9997606456279755,0.30249130725860596,0.950794517993927,-0.15856587886810303,0.6930174577439296,"[95.0, 109.0]"
normal_1081_PPE.jpg,ok,normal,"[137.0, 123.0]",45.254833995939045,1.0177218854427337,0.3025752902030945,0.9817071557044983,-0.1397579312324524,0.37734816108839764,"[162.0, 110.0]"
normal_1082_PPE.jpg,ok,normal,"[103.0, 120.0]",45.254833995939045,0.9993270814418792,0.28490692377090454,0.9765995144844055,-0.15400248765945435,0.6436951796565195,"[87.0, 118.0]"
normal_1083_PPE.jpg,ok,normal,"[136.0, 128.0]",71.83757109179989,0.8887142390012741,0.2361586093902588,0.9133725166320801,-0.06597433984279633,0.5455072472744571,"[165.0, 113.0]"
normal_1084_PPE.jpg,ok,normal,"[107.0, 120.0]",57.01751796098172,0.9860964089632034,0.28618156909942627,0.9799545407295227,-0.06973330676555634,0.5563079175305536,"[83.0, 112.0]"
normal_1085_PPE.jpg,ok,normal,"[137.0, 125.0]",57.01751796098172,0.9664420843124389,0.29126954078674316,0.9398683309555054,-0.0863235592842102,0.6137552749908222,"[159.0, 124.0]"
normal_1086_PPE.jpg,negative_score,normal,"[120.0, 123.0]",35.918785545899944,0.937121433019638,0.2927090525627136,0.8814530968666077,-0.13697606325149536,-0.08113275790661878,"[82.0, 115.0]"
normal_1087_PPE.jpg,ok,normal,"[108.0, 129.0]",45.254833995939045,0.9824713587760925,0.2668941020965576,0.9867767095565796,-0.124167799949646,0.6355655065721688,"[92.0, 125.0]"
normal_1088_PPE.jpg,ok,normal,"[134.0, 120.0]",45.254833995939045,0.9391659557819366,0.22610127925872803,0.9792177677154541,-0.13806119561195374,0.6198273418563613,"[148.0, 110.0]"
normal_1089_PPE.jpg,ok,normal,"[114.0, 121.0]",45.254833995939045,0.9104418039321899,0.19883489608764648,0.9870867729187012,-0.10323083400726318,0.4216638898961954,"[88.0, 124.0]"
normal_1090_PPE.jpg,ok,normal,"[138.0, 130.0]",45.254833995939045,0.8996750831604003,0.2280205488204956,0.9163641333580017,-0.15099820494651794,0.6678079433520423,"[153.0, 129.0]"
normal_1091_PPE.jpg,negative_score,normal,"[130.0, 110.0]",45.254833995939045,0.9273367047309875,0.23239165544509888,0.9504060745239258,-0.14830398559570312,-0.19508269849830873,"[175.0, 140.0]"
normal_1092_PPE.jpg,ok,normal,"[102.0, 122.0]",45.254833995939045,0.9278025567531585,0.23044627904891968,0.9506804943084717,-0.15939965844154358,0.5580582617584078,"[86.0, 110.0]"
normal_1093_PPE.jpg,ok,normal,"[131.0, 125.0]",45.254833995939045,0.9779362022876739,0.2616115212440491,0.9869036674499512,-0.1274605691432953,0.20943058495790523,"[163.0, 109.0]"
normal_1094_PPE.jpg,ok,normal,"[112.0, 132.0]",45.254833995939045,0.9790623128414153,0.26432186365127563,0.9885762333869934,-0.11368542909622192,0.3497296235410997,"[83.0, 127.0]"
normal_1095_PPE.jpg,ok,normal,"[130.0, 122.0]",45.254833995939045,0.9533526539802551,0.2613164186477661,0.9425586462020874,-0.16122591495513916,0.4533482598582531,"[154.0, 116.0]"
normal_1096_PPE.jpg,ok,normal,"[111.0, 122.0]",45.254833995939045,0.939314967393875,0.2578165531158447,0.9282152056694031,-0.1587388515472412,0.8011262177912835,"[102.0, 122.0]"
normal_1097_PPE.jpg,ok,normal,"[127.0, 122.0]",57.01751796098172,0.9610175609588623,0.2607938051223755,0.9815025329589844,-0.06585991382598877,0.17643858928356837,"[169.0, 101.0]"
normal_1098_PPE.jpg,ok,normal,"[129.0, 121.0]",45.254833995939045,0.9457838237285614,0.29984021186828613,0.8807641863822937,-0.1470434069633484,0.5531140735601534,"[149.0, 124.0]"
normal_1099_PPE.jpg,ok,normal,"[111.0, 125.0]",45.254833995939045,0.9275579988956452,0.2619154453277588,0.9078927636146545,-0.15058809518814087,0.40707293871842887,"[87.0, 113.0]"
normal_1100_PPE.jpg,ok,normal,"[129.0, 119.0]",45.254833995939045,0.9040225803852081,0.2041606903076172,0.956727147102356,-0.15076443552970886,0.42377847141919456,"[155.0, 121.0]"
normal_1101_PPE.jpg,ok,normal,"[108.0, 118.0]",45.254833995939045,0.9404690921306609,0.23057866096496582,0.9715823531150818,-0.1489139199256897,0.53125,"[87.0, 121.0]"
normal_1102_PPE.jpg,ok,normal,"[125.0, 126.0]",45.254833995939045,0.9933013141155242,0.27787256240844727,0.9916754961013794,-0.10627952218055725,0.4162018221165812,"[148.0, 113.0]"
normal_1103_PPE.jpg,ok,normal,"[116.0, 107.0]",45.254833995939045,0.8799170851707458,0.16930055618286133,0.9862926602363586,-0.10105833411216736,0.011788231197381482,"[72.0, 115.0]"
normal_1104_PPE.jpg,ok,normal,"[106.0, 115.0]",45.254833995939045,1.0080766379833221,0.2936398386955261,0.9789488911628723,-0.145862877368927,0.3370873926376118,"[88.0, 91.0]"
normal_1105_PPE.jpg,ok,normal,"[125.0, 130.0]",45.254833995939045,0.9648922383785247,0.2720688581466675,0.9459308981895447,-0.15335875749588013,0.32794333851229485,"[147.0, 151.0]"
normal_1106_PPE.jpg,ok,normal,"[114.0, 117.0]",45.254833995939045,0.9898925244808197,0.28664225339889526,0.9605728983879089,-0.15424621105194092,0.257524726842705,"[87.0, 97.0]"
normal_1107_PPE.jpg,negative_score,normal,"[122.0, 120.0]",45.254833995939045,0.9360441386699676,0.22353148460388184,0.9778798818588257,-0.13998368382453918,-0.4527049123961824,"[181.0, 149.0]"
normal_1108_PPE.jpg,ok,normal,"[134.0, 132.0]",57.01751796098172,0.9546514838933944,0.2676354646682739,0.9603279232978821,-0.07393236458301544,0.5174529869359912,"[160.0, 123.0]"
normal_1109_PPE.jpg,negative_score,normal,"[121.0, 113.0]",45.254833995939045,0.922008854150772,0.20341062545776367,0.9886476993560791,-0.13272419571876526,-0.35676833413077547,"[62.0, 96.0]"
normal_1110_PPE.jpg,ok,normal,"[122.0, 128.0]",45.254833995939045,1.0341087341308595,0.3205832242965698,0.9757869243621826,-0.1523733139038086,0.07799259425425442,"[151.0, 98.0]"
normal_1111_PPE.jpg,ok,normal,"[114.0, 128.0]",57.01751796098172,0.9408566653728484,0.28034400939941406,0.9137193560600281,-0.10454553365707397,0.5209717724614709,"[89.0, 117.0]"
normal_1112_PPE.jpg,ok,normal,"[136.0, 121.0]",45.254833995939045,0.9413165152072905,0.22548115253448486,0.9898456335067749,-0.11471709609031677,0.4956246127634697,"[156.0, 110.0]"
normal_1113_PPE.jpg,ok,normal,"[106.0, 125.0]",57.01751796098172,0.9126954913139342,0.22392481565475464,0.9549264311790466,-0.10161086916923523,0.6401406925021835,"[91.0, 139.0]"
normal_1114_PPE.jpg,ok,normal,"[140.0, 126.0]",45.254833995939045,0.94025359749794,0.22869086265563965,0.9886218309402466,-0.09763726592063904,0.4436095682885983,"[165.0, 123.0]"
normal_1115_PPE.jpg,negative_score,normal,"[129.0, 141.0]",45.254833995939045,0.8720835149288177,0.15714097023010254,0.9908912181854248,-0.10659345984458923,-0.21614304514312788,"[179.0, 118.0]"
normal_1116_PPE.jpg,ok,normal,"[111.0, 120.0]",45.254833995939045,0.9691248297691345,0.25419318675994873,0.9901138544082642,-0.1092597246170044,0.2522821178746626,"[83.0, 101.0]"
normal_1117_PPE.jpg,negative_score,normal,"[138.0, 126.0]",45.254833995939045,1.0182505071163177,0.3042662739753723,0.9889227747917175,-0.10869145393371582,-0.24235946136776354,"[182.0, 91.0]"
normal_1118_PPE.jpg,ok,normal,"[100.0, 124.0]",45.254833995939045,1.0202729165554045,0.30851030349731445,0.9840307831764221,-0.11470532417297363,0.02122126478963593,"[79.0, 163.0]"
normal_1119_PPE.jpg,ok,normal,"[130.0, 126.0]",45.254833995939045,0.9275741040706634,0.22710275650024414,0.9570451974868774,-0.1526985466480255,0.2939297795190623,"[160.0, 137.0]"
normal_1120_PPE.jpg,ok,normal,"[136.0, 129.0]",57.01751796098172,0.8601627498865128,0.1617600917816162,0.9758940935134888,-0.07638396322727203,0.6663078599201646,"[155.0, 130.0]"
normal_1121_PPE.jpg,ok,normal,"[109.0, 134.0]",57.01751796098172,0.8727045357227324,0.16976803541183472,0.9827646017074585,-0.0750063955783844,0.6388608094785004,"[91.0, 124.0]"
normal_1122_PPE.jpg,ok,normal,"[134.0, 129.0]",45.254833995939045,0.9862863659858704,0.27227073907852173,0.9857600927352905,-0.11991780996322632,0.6084386223080729,"[151.0, 124.0]"
normal_1123_PPE.jpg,ok,normal,"[106.0, 120.0]",57.01751796098172,0.9203070282936096,0.2474815845489502,0.937150239944458,-0.08410137891769409,0.5369711185436945,"[82.0, 109.0]"
normal_1124_PPE.jpg,ok,normal,"[126.0, 127.0]",57.01751796098172,0.9465727448463439,0.2606884241104126,0.9516845345497131,-0.09852573275566101,0.4065359236694026,"[158.0, 116.0]"
normal_1125_PPE.jpg,ok,normal,"[114.0, 126.0]",45.254833995939045,0.9731374442577362,0.25674670934677124,0.9913208484649658,-0.11233070492744446,0.5118593952558341,"[92.0, 124.0]"
normal_1126_PPE.jpg,ok,normal,"[128.0, 126.0]",57.01751796098172,0.9514937877655029,0.25916188955307007,0.9626398682594299,-0.09241995215415955,0.575801015024064,"[149.0, 138.0]"
normal_1127_PPE.jpg,negative_score,normal,"[130.0, 138.0]",45.254833995939045,0.879558390378952,0.1747226119041443,0.969723641872406,-0.13014614582061768,-0.27666863848846845,"[77.0, 161.0]"
normal_1128_PPE.jpg,ok,normal,"[113.0, 125.0]",57.01751796098172,0.9228331685066222,0.23109322786331177,0.9617195725440979,-0.09268119931221008,0.5559614183895212,"[88.0, 121.0]"
normal_1129_PPE.jpg,ok,normal,"[123.0, 121.0]",35.918785545899944,0.8805051565170288,0.20144861936569214,0.9298936128616333,-0.1406550407409668,0.25712053671317636,"[149.0, 115.0]"
normal_1130_PPE.jpg,ok,normal,"[115.0, 122.0]",45.254833995939045,0.921132606267929,0.23425740003585815,0.9382147789001465,-0.15062430500984192,0.3093113717093643,"[84.0, 126.0]"
normal_1131_PPE.jpg,negative_score,normal,"[122.0, 122.0]",35.918785545899944,0.8963488221168519,0.23924517631530762,0.8986884355545044,-0.14010870456695557,-0.01188175319366458,"[86.0, 127.0]"
normal_1132_PPE.jpg,ok,normal,"[133.0, 124.0]",45.254833995939045,0.9697190046310424,0.25673091411590576,0.9878475666046143,-0.10747396945953369,0.3844463873877435,"[159.0, 134.0]"
normal_1133_PPE.jpg,ok,normal,"[113.0, 123.0]",45.254833995939045,0.9587789714336394,0.242451012134552,0.9913560152053833,-0.11189374327659607,0.3622396365012953,"[85.0, 116.0]"
normal_1134_PPE.jpg,ok,normal,"[137.0, 133.0]",57.01751796098172,0.986074560880661,0.29487305879592896,0.9621976613998413,-0.0883156955242157,0.3284804248344372,"[162.0, 104.0]"
normal_1135_PPE.jpg,ok,normal,"[102.0, 122.0]",57.01751796098172,0.9800624012947082,0.28301936388015747,0.9697390198707581,-0.09112861752510071,0.6023753942950674,"[87.0, 105.0]"
normal_1136_PPE.jpg,ok,normal,"[123.0, 123.0]",45.254833995939045,1.0205912649631501,0.3281746506690979,0.947067141532898,-0.1473480761051178,0.08090992688420362,"[164.0, 130.0]"
normal_1137_PPE.jpg,ok,normal,"[111.0, 128.0]",57.01751796098172,0.9647365152835845,0.2938268780708313,0.928874135017395,-0.10348871350288391,0.5790767318839851,"[87.0, 128.0]"
normal_1138_PPE.jpg,ok,normal,"[126.0, 117.0]",45.254833995939045,0.9916418135166167,0.2754545211791992,0.9889764189720154,-0.11951899528503418,0.26446235650376126,"[154.0, 99.0]"
normal_1139_PPE.jpg,ok,normal,"[128.0, 119.0]",35.918785545899944,0.88917618393898,0.20384812355041504,0.9417725205421448,-0.1304364800453186,0.02398993303608765,"[163.0, 121.0]"
normal_1140_PPE.jpg,ok,normal,"[106.0, 131.0]",57.01751796098172,0.9700953990221023,0.27593994140625,0.9710214138031006,-0.07220233976840973,0.10090750518136848,"[88.0, 83.0]"
normal_1141_PPE.jpg,ok,normal,"[144.0, 126.0]",57.01751796098172,0.8649814665317536,0.18868619203567505,0.938670814037323,-0.09612852334976196,0.7369229574274907,"[159.0, 126.0]"
normal_1142_PPE.jpg,ok,normal,"[141.0, 122.0]",45.254833995939045,0.9221190869808197,0.21286290884017944,0.9679555296897888,-0.15843653678894043,0.629585325277197,"[157.0, 117.0]"
normal_1143_PPE.jpg,ok,normal,"[100.0, 123.0]",45.254833995939045,0.8992206692695617,0.2008267045021057,0.9521760940551758,-0.15935349464416504,0.7620070904417529,"[90.0, 119.0]"
normal_1144_PPE.jpg,ok,normal,"[137.0, 125.0]",57.01751796098172,0.9603578150272369,0.3025195002555847,0.9118199348449707,-0.09782180190086365,0.41069698516486686,"[164.0, 145.0]"
normal_1145_PPE.jpg,ok,normal,"[105.0, 124.0]",45.254833995939045,1.0157784283161164,0.29955989122390747,0.9872859716415405,-0.12559178471565247,0.4650861634805097,"[86.0, 139.0]"
normal_1146_PPE.jpg,ok,normal,"[138.0, 125.0]",35.918785545899944,0.8886359810829163,0.20224380493164062,0.9406143426895142,-0.1398106813430786,0.5066635779201043,"[155.0, 120.0]"
normal_1147_PPE.jpg,ok,normal,"[104.0, 124.0]",35.918785545899944,0.9005119442939759,0.20400720834732056,0.9542726278305054,-0.14256948232650757,0.3506515539180425,"[84.0, 112.0]"
normal_1148_PPE.jpg,ok,normal,"[143.0, 115.0]",45.254833995939045,0.9859409928321838,0.2815603017807007,0.9613817930221558,-0.1570671796798706,0.5444568832152109,"[162.0, 123.0]"
normal_1149_PPE.jpg,ok,normal,"[103.0, 122.0]",45.254833995939045,0.9910725593566894,0.27414828538894653,0.9813458919525146,-0.14991074800491333,0.6737404215965453,"[90.0, 115.0]"
normal_1150_PPE.jpg,ok,normal,"[135.0, 124.0]",45.254833995939045,1.0284565746784209,0.31126368045806885,0.9797984957695007,-0.1566697359085083,0.5133621405500801,"[152.0, 110.0]"
normal_1151_PPE.jpg,ok,normal,"[102.0, 121.0]",45.254833995939045,0.9584884762763977,0.2698192000389099,0.9464666843414307,-0.13071298599243164,0.46783167606480003,"[78.0, 119.0]"
normal_1152_PPE.jpg,ok,normal,"[103.0, 116.0]",57.01751796098172,0.8471548378467559,0.15124249458312988,0.9690173864364624,-0.08800086379051208,0.46976939725172473,"[86.0, 91.0]"
normal_1153_PPE.jpg,ok,normal,"[114.0, 122.0]",45.254833995939045,1.024322474002838,0.3132675886154175,0.9710941314697266,-0.1564449667930603,0.34412212931827013,"[89.0, 138.0]"
normal_1154_PPE.jpg,ok,normal,"[136.0, 120.0]",45.254833995939045,0.9582930743694305,0.2442438006401062,0.9788287281990051,-0.14434581995010376,0.32359809931520744,"[155.0, 144.0]"
normal_1155_PPE.jpg,ok,normal,"[105.0, 118.0]",45.254833995939045,0.9419863581657408,0.22840601205825806,0.9765113592147827,-0.15011197328567505,0.5385992793677062,"[85.0, 124.0]"
normal_1156_PPE.jpg,ok,normal,"[133.0, 121.0]",45.254833995939045,0.9448517024517059,0.25895798206329346,0.9384521245956421,-0.14488616585731506,0.661979567925251,"[148.0, 118.0]"
normal_1157_PPE.jpg,ok,normal,"[102.0, 125.0]",45.254833995939045,0.9700493276119232,0.25725167989730835,0.9771469831466675,-0.14397379755973816,0.875,"[98.0, 121.0]"
normal_1158_PPE.jpg,ok,normal,"[132.0, 125.0]",57.01751796098172,0.9866637527942657,0.32190579175949097,0.9234915375709534,-0.09156942367553711,0.3381696384249856,"[164.0, 145.0]"
normal_1159_PPE.jpg,ok,normal,"[110.0, 124.0]",45.254833995939045,1.0426083266735076,0.32774192094802856,0.9903980493545532,-0.10793885588645935,0.4841383118994007,"[93.0, 140.0]"
normal_1160_PPE.jpg,ok,normal,"[134.0, 123.0]",45.254833995939045,0.9840619683265686,0.2866082787513733,0.9516588449478149,-0.15646249055862427,0.49176700102216897,"[157.0, 123.0]"
normal_1161_PPE.jpg,ok,normal,"[104.0, 123.0]",45.254833995939045,1.0358425617218017,0.32161325216293335,0.9775587320327759,-0.14969098567962646,0.5749540466020174,"[85.0, 120.0]"
normal_1162_PPE.jpg,ok,normal,"[141.0, 124.0]",45.254833995939045,0.9075061321258544,0.20027118921279907,0.9648230075836182,-0.15929418802261353,0.5558540498890033,"[161.0, 122.0]"
normal_1163_PPE.jpg,ok,normal,"[133.0, 124.0]",57.01751796098172,0.9218142360448837,0.21920150518417358,0.9837602376937866,-0.06990282237529755,0.5386348999980413,"[159.0, 120.0]"
normal_1164_PPE.jpg,ok,normal,"[130.0, 131.0]",45.254833995939045,1.0174739480018615,0.3006587028503418,0.9899325370788574,-0.1193123459815979,0.6342281277900117,"[145.0, 138.0]"
normal_1165_PPE.jpg,ok,normal,"[97.0, 128.0]",45.254833995939045,0.8892764568328857,0.17557507753372192,0.977415144443512,-0.14755389094352722,0.4405464440634951,"[72.0, 124.0]"
normal_1166_PPE.jpg,ok,normal,"[136.0, 131.0]",57.01751796098172,0.9869354248046874,0.2902376651763916,0.9736093282699585,-0.07585614919662476,0.6058719169497622,"[157.0, 123.0]"
normal_1167_PPE.jpg,ok,normal,"[95.0, 134.0]",57.01751796098172,0.961427891254425,0.2522863745689392,0.9921980500221252,-0.07301440834999084,0.5831153389687087,"[72.0, 128.0]"
normal_1168_PPE.jpg,ok,normal,"[133.0, 125.0]",35.918785545899944,0.8129621028900147,0.1984608769416809,0.8406883478164673,-0.1300969123840332,0.19214316920561714,"[162.0, 124.0]"
normal_1169_PPE.jpg,ok,normal,"[116.0, 115.0]",35.918785545899944,0.624023312330246,0.17910706996917725,0.5980339646339417,-0.13146233558654785,0.19840385302051156,"[89.0, 105.0]"
normal_1170_PPE.jpg,ok,normal,"[126.0, 132.0]",45.254833995939045,1.020398950576782,0.30432426929473877,0.9918806552886963,-0.10879111289978027,0.5255554234159695,"[145.0, 142.0]"
normal_1171_PPE.jpg,ok,normal,"[107.0, 125.0]",57.01751796098172,0.9718615949153899,0.28984636068344116,0.9479389190673828,-0.09228995442390442,0.6838207445357983,"[90.0, 131.0]"
normal_1172_PPE.jpg,ok,normal,"[139.0, 126.0]",45.254833995939045,1.044379824399948,0.3277176022529602,0.991817831993103,-0.11194869875907898,0.5153730493977868,"[159.0, 117.0]"
normal_1173_PPE.jpg,ok,normal,"[103.0, 122.0]",57.01751796098172,0.9667960762977599,0.3028048276901245,0.918379545211792,-0.10562783479690552,0.47854381323677864,"[83.0, 100.0]"
normal_1174_PPE.jpg,negative_score,normal,"[118.0, 112.0]",45.254833995939045,0.9222919821739196,0.21151936054229736,0.9795907735824585,-0.12529540061950684,-0.03172337620119858,"[72.0, 120.0]"
normal_1175_PPE.jpg,ok,normal,"[104.0, 121.0]",57.01751796098172,0.91325985789299,0.22059845924377441,0.9673411846160889,-0.07761284708976746,0.6766066013746157,"[86.0, 125.0]"
normal_1176_PPE.jpg,ok,normal,"[138.0, 128.0]",57.01751796098172,0.9865261316299437,0.28923141956329346,0.972054123878479,-0.08428412675857544,0.5356443855050687,"[164.0, 123.0]"
normal_1177_PPE.jpg,ok,normal,"[117.0, 120.0]",45.254833995939045,1.0037281513214111,0.29673874378204346,0.9654026031494141,-0.15603792667388916,0.3139219249968703,"[87.0, 128.0]"
normal_1178_PPE.jpg,ok,normal,"[101.0, 122.0]",45.254833995939045,1.0116913259029388,0.2954114079475403,0.9880940914154053,-0.12307026982307434,0.5749540466020174,"[82.0, 119.0]"
normal_1179_PPE.jpg,ok,normal,"[141.0, 121.0]",45.254833995939045,0.938461536169052,0.2392764687538147,0.9539238810539246,-0.15719175338745117,0.5153730493977868,"[157.0, 106.0]"
normal_1180_PPE.jpg,ok,normal,"[100.0, 123.0]",45.254833995939045,0.9383862972259521,0.23453092575073242,0.9608521461486816,-0.1562943458557129,0.594351406695401,"[84.0, 114.0]"
normal_1181_PPE.jpg,ok,normal,"[126.0, 122.0]",45.254833995939045,0.9345320641994476,0.25685185194015503,0.9246246218681335,-0.1522148847579956,0.6016391005005637,"[143.0, 128.0]"
normal_1182_PPE.jpg,ok,normal,"[115.0, 117.0]",45.254833995939045,0.9696886420249938,0.2676302194595337,0.9584120512008667,-0.15584993362426758,0.6906407832308854,"[101.0, 117.0]"
normal_1183_PPE.jpg,ok,normal,"[134.0, 123.0]",57.01751796098172,1.0379171311855315,0.3488844633102417,0.9591624736785889,-0.08809468150138855,0.28435307278493527,"[173.0, 135.0]"
normal_1184_PPE.jpg,ok,normal,"[112.0, 127.0]",57.01751796098172,1.034328079223633,0.3432677388191223,0.9610730409622192,-0.09154605865478516,0.44928088666182775,"[81.0, 132.0]"
normal_1185_PPE.jpg,ok,normal,"[132.0, 121.0]",45.254833995939045,0.9959365844726562,0.28188449144363403,0.9801191091537476,-0.13984358310699463,0.5658611253296937,"[151.0, 116.0]"
normal_1186_PPE.jpg,ok,normal,"[142.0, 126.0]",45.254833995939045,0.9279115557670593,0.2148534655570984,0.9792374968528748,-0.13795921206474304,0.4366326132087517,"[161.0, 109.0]"
normal_1187_PPE.jpg,ok,normal,"[107.0, 121.0]",45.254833995939045,0.9806880593299866,0.2711334228515625,0.9700762033462524,-0.15250647068023682,0.6217587988465562,"[90.0, 119.0]"
normal_1188_PPE.jpg,ok,normal,"[139.0, 122.0]",57.01751796098172,1.0190323233604432,0.33604007959365845,0.9493853449821472,-0.09211251139640808,0.5894349551052224,"[161.0, 130.0]"
normal_1189_PPE.jpg,ok,normal,"[131.0, 132.0]",45.254833995939045,1.0086547970771789,0.29442691802978516,0.9878716468811035,-0.11358863115310669,0.6627026071105797,"[144.0, 140.0]"
normal_1190_PPE.jpg,ok,normal,"[103.0, 123.0]",57.01751796098172,0.9909160554409027,0.30201297998428345,0.9635835886001587,-0.0719728171825409,0.26820223709836644,"[73.0, 152.0]"
normal_1191_PPE.jpg,ok,normal,"[140.0, 114.0]",45.254833995939045,0.9776054203510284,0.27791082859039307,0.9547925591468811,-0.15669900178909302,0.5807372542187894,"[158.0, 120.0]"
normal_1192_PPE.jpg,ok,normal,"[103.0, 123.0]",45.254833995939045,0.9876166224479674,0.2820599675178528,0.962505578994751,-0.1590137481689453,0.3352485191817923,"[75.0, 112.0]"
normal_1193_PPE.jpg,ok,normal,"[128.0, 123.0]",57.01751796098172,1.0000394582748413,0.3324894309043884,0.9284415245056152,-0.08820480108261108,0.6149516993159178,"[147.0, 112.0]"
normal_1194_PPE.jpg,ok,normal,"[110.0, 121.0]",57.01751796098172,0.9993847012519835,0.32587116956710815,0.9377568364143372,-0.08541873097419739,0.6058719169497622,"[89.0, 113.0]"
normal_1195_PPE.jpg,ok,normal,"[133.0, 119.0]",57.01751796098172,0.9329112827777862,0.24676918983459473,0.9538429975509644,-0.0922599732875824,0.4892720588600542,"[161.0, 127.0]"
normal_1196_PPE.jpg,ok,normal,"[110.0, 127.0]",57.01751796098172,0.9307402431964873,0.2512892484664917,0.9449071884155273,-0.09007981419563293,0.6105827804295356,"[88.0, 124.0]"
normal_1197_PPE.jpg,ok,normal,"[98.0, 117.0]",45.254833995939045,0.9294158041477203,0.21385067701339722,0.9851453900337219,-0.12981677055358887,0.4912868563718842,"[79.0, 104.0]"
normal_1198_PPE.jpg,ok,normal,"[136.0, 119.0]",45.254833995939045,1.0499947249889374,0.3350575566291809,0.9814815521240234,-0.13950040936470032,0.5034297318102905,"[157.0, 111.0]"
normal_1199_PPE.jpg,ok,normal,"[106.0, 119.0]",45.254833995939045,1.0121847927570342,0.2952379584312439,0.9830616116523743,-0.1440185308456421,0.6342281277900117,"[91.0, 112.0]"
normal_1200_PPE.jpg,ok,normal,"[137.0, 121.0]",45.254833995939045,1.0054162263870239,0.29158955812454224,0.9857631325721741,-0.1189623773097992,0.5466056834829092,"[152.0, 107.0]"
normal_1201_PPE.jpg,negative_score,normal,"[42.0, 94.0]",57.01751796098172,0.5519031405448913,-0.0413438081741333,0.8466936349868774,-0.002807021141052246,-1.3702902508189592,"[165.0, 150.0]"
normal_1202_PPE.jpg,ok,normal,"[115.0, 121.0]",45.254833995939045,0.9847189486026764,0.27326154708862305,0.9722185730934143,-0.15452200174331665,0.41161967550741474,"[93.0, 136.0]"
normal_1203_PPE.jpg,ok,normal,"[108.0, 123.0]",45.254833995939045,0.993062287569046,0.27892225980758667,0.9883671998977661,-0.11141493916511536,0.552568091772614,"[89.0, 130.0]"
normal_1204_PPE.jpg,ok,normal,"[129.0, 124.0]",45.254833995939045,1.002688854932785,0.2956469655036926,0.9678587317466736,-0.1477038860321045,0.5732343661328856,"[147.0, 131.0]"
normal_1205_PPE.jpg,ok,normal,"[109.0, 121.0]",45.254833995939045,0.9960017800331116,0.2820863723754883,0.9840320348739624,-0.12546491622924805,0.4353340312627296,"[87.0, 108.0]"
normal_1206_PPE.jpg,ok,normal,"[131.0, 124.0]",45.254833995939045,1.030155736207962,0.3294512629508972,0.9586142301559448,-0.1483725607395172,0.4149485866609671,"[157.0, 129.0]"
normal_1207_PPE.jpg,ok,normal,"[113.0, 122.0]",45.254833995939045,1.0138625025749206,0.3043903708457947,0.9730947017669678,-0.14152920246124268,0.38365365864637446,"[86.0, 115.0]"
normal_1208_PPE.jpg,ok,normal,"[133.0, 122.0]",45.254833995939045,0.9775719046592711,0.2674548625946045,0.9705349206924438,-0.15371298789978027,0.6569609624984352,"[148.0, 126.0]"
normal_1209_PPE.jpg,ok,normal,"[137.0, 126.0]",57.01751796098172,0.8590582937002181,0.16138142347335815,0.9769105315208435,-0.06919749081134796,0.22334080411439572,"[177.0, 107.0]"
normal_1210_PPE.jpg,ok,normal,"[106.0, 116.0]",71.83757109179989,0.8399287104606629,0.1528605818748474,0.9664055705070496,-0.052921146154403687,0.5258919223712375,"[80.0, 94.0]"
normal_1211_PPE.jpg,ok,normal,"[135.0, 128.0]",57.01751796098172,0.9651728570461272,0.3014095425605774,0.9210855960845947,-0.09501698613166809,0.4767771581925426,"[158.0, 109.0]"
normal_1212_PPE.jpg,ok,normal,"[114.0, 127.0]",45.254833995939045,1.0027245461940764,0.29386651515960693,0.9818243384361267,-0.10790497064590454,0.5871923495742841,"[96.0, 122.0]"
normal_1213_PPE.jpg,ok,normal,"[129.0, 125.0]",45.254833995939045,1.0189946591854095,0.31223446130752563,0.9665911793708801,-0.1507318615913391,0.4405464440634951,"[154.0, 121.0]"
normal_1214_PPE.jpg,ok,normal,"[141.0, 119.0]",57.01751796098172,0.97288898229599,0.2979491353034973,0.9343580007553101,-0.10444623231887817,0.49017626955649474,"[170.0, 117.0]"
normal_1215_PPE.jpg,ok,normal,"[104.0, 115.0]",45.254833995939045,0.9619767725467682,0.24583148956298828,0.9810394644737244,-0.14708828926086426,0.6436951796565195,"[88.0, 113.0]"
normal_1216_PPE.jpg,negative_score,normal,"[137.0, 129.0]",57.01751796098172,0.8164633572101593,0.11422598361968994,0.9783846735954285,-0.08684051036834717,-0.2701775668937354,"[159.0, 60.0]"
normal_1217_PPE.jpg,ok,normal,"[105.0, 124.0]",57.01751796098172,0.836521890759468,0.1374119520187378,0.9766649603843689,-0.07722233235836029,0.5209717724614709,"[80.0, 113.0]"
normal_1218_PPE.jpg,ok,normal,"[136.0, 120.0]",45.254833995939045,0.9972082257270812,0.306876540184021,0.9410001635551453,-0.1581578552722931,0.6243495224946467,"[144.0, 135.0]"
normal_1219_PPE.jpg,ok,normal,"[119.0, 122.0]",57.01751796098172,0.9276669800281524,0.24225503206253052,0.9541990160942078,-0.08736318349838257,0.145820716347697,"[73.0, 106.0]"
normal_1220_PPE.jpg,ok,normal,"[103.0, 120.0]",45.254833995939045,0.9989938080310821,0.2986854910850525,0.9552586674690247,-0.158136248588562,0.661979567925251,"[88.0, 117.0]"
normal_1221_PPE.jpg,ok,normal,"[129.0, 120.0]",45.254833995939045,1.0195291697978974,0.3053855895996094,0.9755613207817078,-0.15625327825546265,0.3808871013700329,"[152.0, 104.0]"
normal_1222_PPE.jpg,ok,normal,"[112.0, 122.0]",45.254833995939045,1.0238253593444824,0.30547720193862915,0.9846892356872559,-0.14532846212387085,0.3474808431930907,"[86.0, 108.0]"
normal_1223_PPE.jpg,ok,normal,"[138.0, 123.0]",45.254833995939045,0.9566447973251342,0.26979881525039673,0.9419618248939514,-0.1373635232448578,0.7620070904417529,"[142.0, 113.0]"
normal_1224_PPE.jpg,ok,normal,"[98.0, 119.0]",45.254833995939045,0.9752472043037415,0.26553720235824585,0.9707753658294678,-0.15083622932434082,0.7529470577993453,"[93.0, 129.0]"
normal_1225_PPE.jpg,ok,normal,"[139.0, 126.0]",45.254833995939045,1.018636804819107,0.3015989661216736,0.9833964705467224,-0.14330154657363892,0.661979567925251,"[154.0, 129.0]"
normal_1226_PPE.jpg,ok,normal,"[100.0, 122.0]",57.01751796098172,1.0238403022289275,0.33186137676239014,0.9684268832206726,-0.07040053606033325,0.5409743252150121,"[74.0, 119.0]"
normal_1227_PPE.jpg,ok,normal,"[101.0, 124.0]",57.01751796098172,0.9547204971313477,0.26921701431274414,0.9539565443992615,-0.08866950869560242,0.6766066013746157,"[83.0, 120.0]"
normal_1228_PPE.jpg,ok,normal,"[124.0, 126.0]",45.254833995939045,0.9861012697219848,0.3096521496772766,0.9218109846115112,-0.15590715408325195,0.6198273418563613,"[138.0, 136.0]"
normal_1229_PPE.jpg,ok,normal,"[120.0, 127.0]",45.254833995939045,0.976322191953659,0.2795495390892029,0.9525509476661682,-0.14993494749069214,0.3125000000000001,"[98.0, 149.0]"
normal_1230_PPE.jpg,ok,normal,"[107.0, 123.0]",45.254833995939045,0.9395511388778686,0.22696220874786377,0.9843550324440002,-0.11770203709602356,0.4166201655439229,"[91.0, 102.0]"
normal_1231_PPE.jpg,ok,normal,"[132.0, 122.0]",45.254833995939045,0.909826922416687,0.1946071982383728,0.9782899618148804,-0.15208375453948975,0.4729022564552188,"[145.0, 142.0]"
normal_1232_PPE.jpg,ok,normal,"[107.0, 123.0]",45.254833995939045,0.9105988204479217,0.19578170776367188,0.9912635684013367,-0.10466307401657104,0.5531140735601534,"[87.0, 120.0]"
normal_1233_PPE.jpg,ok,normal,"[132.0, 122.0]",45.254833995939045,0.8993851244449614,0.2087024450302124,0.9430993795394897,-0.15256556868553162,0.6922231936938718,"[145.0, 117.0]"
normal_1234_PPE.jpg,ok,normal,"[100.0, 123.0]",45.254833995939045,0.8869065046310424,0.19934606552124023,0.9401555061340332,-0.14725792407989502,0.7051880896232312,"[87.0, 120.0]"
normal_1235_PPE.jpg,ok,normal,"[138.0, 127.0]",45.254833995939045,1.0181882679462433,0.2994944453239441,0.9881348013877869,-0.13499730825424194,0.599804735160447,"[156.0, 129.0]"
normal_1236_PPE.jpg,ok,normal,"[104.0, 121.0]",57.01751796098172,0.9412540912628173,0.2757800817489624,0.9221133589744568,-0.09997329115867615,0.6487924218622722,"[84.0, 120.0]"
normal_1237_PPE.jpg,ok,normal,"[135.0, 122.0]",45.254833995939045,0.9951062798500061,0.2938832640647888,0.9572838544845581,-0.15562158823013306,0.5925498496748345,"[153.0, 126.0]"
normal_1238_PPE.jpg,ok,normal,"[127.0, 120.0]",35.918785545899944,0.8924614787101746,0.2428763508796692,0.8920954465866089,-0.12559157609939575,0.42605163802812585,"[146.0, 112.0]"
normal_1239_PPE.jpg,ok,normal,"[110.0, 117.0]",45.254833995939045,0.9902178287506103,0.2778255343437195,0.9741803407669067,-0.15233027935028076,0.460541359323998,"[90.0, 131.0]"
normal_1240_PPE.jpg,ok,normal,"[132.0, 125.0]",45.254833995939045,1.0068627059459687,0.2987404465675354,0.9684604406356812,-0.1509997546672821,0.418716398820679,"[158.0, 129.0]"
normal_1241_PPE.jpg,ok,normal,"[133.0, 125.0]",45.254833995939045,0.9469553411006927,0.23193037509918213,0.9772948622703552,-0.15459281206130981,0.5338614409319906,"[154.0, 123.0]"
normal_1242_PPE.jpg,ok,normal,"[106.0, 118.0]",45.254833995939045,1.0054987251758574,0.2899165749549866,0.9830979704856873,-0.13706785440444946,0.552568091772614,"[87.0, 111.0]"
normal_1243_PPE.jpg,ok,normal,"[136.0, 126.0]",45.254833995939045,1.0030840039253235,0.29257458448410034,0.9721076488494873,-0.15017032623291016,0.4841383118994007,"[159.0, 130.0]"
normal_1244_PPE.jpg,ok,normal,"[105.0, 121.0]",45.254833995939045,1.0114336192607878,0.29973798990249634,0.97244793176651,-0.1549103856086731,0.4619007700711699,"[82.0, 113.0]"
normal_1245_PPE.jpg,ok,normal,"[130.0, 122.0]",45.254833995939045,0.9829273283481597,0.26786404848098755,0.9797362685203552,-0.14623945951461792,0.35918447954969135,"[151.0, 142.0]"
normal_1246_PPE.jpg,ok,normal,"[109.0, 119.0]",45.254833995939045,0.9469988167285919,0.23178637027740479,0.9896218180656433,-0.11238586902618408,0.39686690419941306,"[85.0, 106.0]"
normal_1247_PPE.jpg,ok,normal,"[136.0, 124.0]",45.254833995939045,0.9270769417285919,0.23302072286605835,0.9469043612480164,-0.1561158299446106,0.5153730493977868,"[156.0, 133.0]"
normal_1248_PPE.jpg,ok,normal,"[105.0, 118.0]",45.254833995939045,0.9726932406425476,0.2554078698158264,0.989544153213501,-0.12302231788635254,0.09834137210915572,"[81.0, 85.0]"
normal_1249_PPE.jpg,ok,normal,"[110.0, 128.0]",45.254833995939045,1.0545843243598938,0.34185028076171875,0.9733258485794067,-0.15702974796295166,0.24351759769311232,"[76.0, 124.0]"
normal_1250_PPE.jpg,ok,normal,"[103.0, 122.0]",45.254833995939045,0.95451779961586,0.23726969957351685,0.9829315543174744,-0.14598006010055542,0.731177335404918,"[91.0, 120.0]"
normal_1251_PPE.jpg,ok,normal,"[123.0, 128.0]",45.254833995939045,1.0376167416572573,0.33286774158477783,0.9620444774627686,-0.1565893292427063,0.36723572714635666,"[149.0, 140.0]"
normal_1252_PPE.jpg,ok,normal,"[103.0, 123.0]",45.254833995939045,0.9301845788955688,0.21419620513916016,0.9807854890823364,-0.14719265699386597,0.5553047040388217,"[85.0, 114.0]"
normal_1253_PPE.jpg,ok,normal,"[117.0, 127.0]",45.254833995939045,1.0050665080547332,0.29815447330474854,0.9651997685432434,-0.15636098384857178,0.53125,"[96.0, 130.0]"
normal_1254_PPE.jpg,ok,normal,"[135.0, 121.0]",45.254833995939045,0.9851189851760863,0.2715182900428772,0.9754922389984131,-0.15378063917160034,0.6569609624984352,"[150.0, 117.0]"
normal_1255_PPE.jpg,ok,normal,"[102.0, 124.0]",45.254833995939045,0.965148377418518,0.24892622232437134,0.9804180860519409,-0.14964747428894043,0.5807372542187894,"[84.0, 118.0]"
normal_1256_PPE.jpg,ok,normal,"[134.0, 121.0]",45.254833995939045,1.0029016494750977,0.289439857006073,0.9770359396934509,-0.14768317341804504,0.4149485866609671,"[160.0, 126.0]"
normal_1257_PPE.jpg,ok,normal,"[104.0, 125.0]",57.01751796098172,0.9157503455877304,0.22561872005462646,0.964924156665802,-0.07342357933521271,0.5048681626880812,"[78.0, 114.0]"
normal_1258_PPE.jpg,ok,normal,"[135.0, 119.0]",45.254833995939045,0.9438348710536956,0.27178889513015747,0.9157704710960388,-0.15503323078155518,0.44757282719800984,"[159.0, 126.0]"
normal_1259_PPE.jpg,ok,normal,"[115.0, 123.0]",35.918785545899944,0.9413505136966704,0.2949177622795105,0.8848879933357239,-0.1350557804107666,0.10216811334047571,"[99.0, 95.0]"
normal_1260_PPE.jpg,ok,normal,"[134.0, 126.0]",45.254833995939045,0.9992560386657714,0.2811741232872009,0.9861571192741394,-0.13885965943336487,0.5058941155986907,"[156.0, 130.0]"
normal_1261_PPE.jpg,ok,normal,"[108.0, 123.0]",45.254833995939045,0.9487077772617339,0.23265302181243896,0.9844173192977905,-0.13481315970420837,0.6140909676491104,"[91.0, 119.0]"
normal_1262_PPE.jpg,ok,normal,"[106.0, 121.0]",35.918785545899944,0.8609497427940369,0.15180939435958862,0.9723478555679321,-0.14248424768447876,0.5502215852827567,"[91.0, 127.0]"
normal_1263_PPE.jpg,ok,normal,"[118.0, 116.0]",35.918785545899944,0.8236138939857482,0.10962420701980591,0.9776965379714966,-0.14801055192947388,0.07286253962740841,"[143.0, 138.0]"
normal_1264_PPE.jpg,ok,normal,"[137.0, 139.0]",45.254833995939045,0.9993445813655852,0.28938424587249756,0.9817392230033875,-0.11371439695358276,0.27853772621155026,"[152.0, 110.0]"
normal_1265_PPE.jpg,ok,normal,"[99.0, 126.0]",57.01751796098172,0.897687417268753,0.236677885055542,0.9168331027030945,-0.09613180160522461,0.8102924467214789,"[93.0, 117.0]"
normal_1266_PPE.jpg,ok,normal,"[129.0, 125.0]",57.01751796098172,0.9803163886070251,0.30450439453125,0.9354210495948792,-0.1050862967967987,0.6982567612666206,"[143.0, 135.0]"
normal_1267_PPE.jpg,ok,normal,"[111.0, 128.0]",57.01751796098172,0.9558517694473266,0.28228074312210083,0.9358550906181335,-0.09236231446266174,0.5039371712599376,"[83.0, 124.0]"
normal_1268_PPE.jpg,ok,normal,"[138.0, 120.0]",45.254833995939045,0.9765597581863403,0.26755982637405396,0.9672181606292725,-0.15973609685897827,0.5709521806954381,"[157.0, 116.0]"
normal_1269_PPE.jpg,ok,normal,"[103.0, 123.0]",45.254833995939045,0.947695654630661,0.2304489016532898,0.9898191094398499,-0.12186688184738159,0.4841383118994007,"[86.0, 139.0]"
normal_1270_PPE.jpg,ok,normal,"[136.0, 118.0]",57.01751796098172,0.9547174990177154,0.27054542303085327,0.95120769739151,-0.09163343906402588,0.5668317570863324,"[159.0, 127.0]"
normal_1271_PPE.jpg,ok,normal,"[97.0, 121.0]",57.01751796098172,0.9230711758136749,0.24297255277633667,0.9457131028175354,-0.09049725532531738,0.6492306099033209,"[81.0, 109.0]"
normal_1272_PPE.jpg,ok,normal,"[137.0, 122.0]",45.254833995939045,1.0429216921329498,0.33576446771621704,0.9663285613059998,-0.1536361575126648,0.5801553486704875,"[156.0, 122.0]"
normal_1273_PPE.jpg,ok,normal,"[96.0, 124.0]",45.254833995939045,1.0110247075557708,0.2990403175354004,0.9871527552604675,-0.10488730669021606,0.32794333851229485,"[74.0, 103.0]"
normal_1274_PPE.jpg,ok,normal,"[118.0, 132.0]",57.01751796098172,0.8704203933477401,0.1615334153175354,0.9937360882759094,-0.06635858118534088,0.5718313931487897,"[98.0, 146.0]"
normal_1275_PPE.jpg,ok,normal,"[124.0, 126.0]",35.918785545899944,0.9523184895515442,0.2643306255340576,0.9408233165740967,-0.14705771207809448,0.275609593501821,"[150.0, 125.0]"
normal_1276_PPE.jpg,ok,normal,"[136.0, 131.0]",57.01751796098172,0.9527027249336242,0.2877761721611023,0.9223939180374146,-0.09625405073165894,0.6492306099033209,"[152.0, 119.0]"
normal_1277_PPE.jpg,ok,normal,"[101.0, 120.0]",57.01751796098172,0.9195380985736847,0.25359272956848145,0.923154354095459,-0.09868660569190979,0.776771727066972,"[92.0, 129.0]"
normal_1278_PPE.jpg,ok,normal,"[129.0, 124.0]",45.254833995939045,0.9532068014144897,0.2489052414894104,0.9627842307090759,-0.15176299214363098,0.35766235027829796,"[158.0, 122.0]"
normal_1279_PPE.jpg,ok,normal,"[105.0, 117.0]",45.254833995939045,0.953509372472763,0.23701798915863037,0.9829038381576538,-0.14229348301887512,0.7118892357095973,"[94.0, 110.0]"
normal_1280_PPE.jpg,ok,normal,"[145.0, 127.0]",57.01751796098172,0.8585162937641143,0.17092084884643555,0.9598406553268433,-0.07853493094444275,0.6838207445357983,"[163.0, 128.0]"
normal_1281_PPE.jpg,ok,normal,"[104.0, 126.0]",71.83757109179989,0.8031930655241012,0.12265568971633911,0.9569902420043945,-0.05322103202342987,0.5814642352213679,"[74.0, 128.0]"
normal_1282_PPE.jpg,ok,normal,"[140.0, 117.0]",45.254833995939045,0.9227207720279693,0.2192733883857727,0.9598700404167175,-0.15769177675247192,0.6906407832308854,"[154.0, 117.0]"
normal_1283_PPE.jpg,ok,normal,"[99.0, 123.0]",45.254833995939045,0.8936105489730835,0.18136286735534668,0.9754188060760498,-0.14727258682250977,0.5444568832152109,"[80.0, 115.0]"
normal_1284_PPE.jpg,ok,normal,"[133.0, 121.0]",45.254833995939045,1.038444060087204,0.3221610188484192,0.9846922755241394,-0.13499224185943604,0.35010517677858066,"[161.0, 112.0]"
normal_1285_PPE.jpg,ok,normal,"[102.0, 122.0]",45.254833995939045,1.0004262387752532,0.28550392389297485,0.9791457056999207,-0.14760160446166992,0.5597186623873323,"[83.0, 116.0]"
normal_1286_PPE.jpg,ok,normal,"[138.0, 116.0]",45.254833995939045,0.9296881437301635,0.2217118740081787,0.967182993888855,-0.15474086999893188,0.6436951796565195,"[154.0, 118.0]"
normal_1287_PPE.jpg,ok,normal,"[110.0, 124.0]",57.01751796098172,0.9584092378616332,0.28421759605407715,0.9357704520225525,-0.09576162695884705,0.5011546218809477,"[82.0, 129.0]"
normal_1288_PPE.jpg,ok,normal,"[119.0, 122.0]",35.918785545899944,0.9601713597774505,0.2621411681175232,0.9545289874076843,-0.1492995023727417,0.4369590143766655,"[99.0, 119.0]"
normal_1289_PPE.jpg,ok,normal,"[134.0, 127.0]",45.254833995939045,0.9485553085803986,0.2717340588569641,0.9213954210281372,-0.15922227501869202,0.7204915028125263,"[146.0, 123.0]"
normal_1290_PPE.jpg,ok,normal,"[106.0, 120.0]",45.254833995939045,0.9903883814811706,0.3034288287162781,0.9358850717544556,-0.1592000126838684,0.6402854864618333,"[90.0, 117.0]"
normal_1291_PPE.jpg,ok,normal,"[124.0, 129.0]",45.254833995939045,1.0002107620239258,0.321718692779541,0.9285789132118225,-0.14243414998054504,0.1968689202564753,"[160.0, 124.0]"
normal_1292_PPE.jpg,ok,normal,"[101.0, 124.0]",45.254833995939045,1.0093324720859527,0.29575449228286743,0.9923165440559387,-0.09478199481964111,0.509365047871638,"[83.0, 137.0]"
normal_1293_PPE.jpg,ok,normal,"[135.0, 113.0]",45.254833995939045,0.9632641851902007,0.2872809171676636,0.9199496507644653,-0.1600925624370575,0.5385992793677062,"[155.0, 107.0]"
normal_1294_PPE.jpg,ok,normal,"[105.0, 117.0]",45.254833995939045,0.978235375881195,0.27342313528060913,0.9614723920822144,-0.15890783071517944,0.6047152924789526,"[89.0, 109.0]"
normal_1295_PPE.jpg,ok,normal,"[143.0, 128.0]",45.254833995939045,0.9002637922763823,0.1901366114616394,0.9861607551574707,-0.09907326102256775,0.8218475898282598,"[151.0, 129.0]"
normal_1296_PPE.jpg,ok,normal,"[102.0, 119.0]",45.254833995939045,0.918361610174179,0.20684939622879028,0.984258234500885,-0.11265724897384644,0.5148695407418743,"[91.0, 100.0]"
normal_1297_PPE.jpg,ok,normal,"[110.0, 122.0]",45.254833995939045,0.993877363204956,0.28653866052627563,0.9650838375091553,-0.15890008211135864,0.4696699141100894,"[86.0, 122.0]"
normal_1298_PPE.jpg,ok,normal,"[134.0, 124.0]",45.254833995939045,0.93399720788002,0.25212836265563965,0.9292749166488647,-0.15688201785087585,0.4216638898961954,"[160.0, 127.0]"
normal_1299_PPE.jpg,ok,normal,"[105.0, 130.0]",45.254833995939045,0.9191538691520691,0.23231667280197144,0.9365460276603699,-0.15627488493919373,0.4318856574156924,"[80.0, 124.0]"
normal_1300_PPE.jpg,negative_score,normal,"[117.0, 125.0]",45.254833995939045,0.8367525994777678,0.1203504204750061,0.9906063675880432,-0.11488860845565796,-0.7925899994839867,"[187.0, 84.0]"
normal_1301_PPE.jpg,ok,normal,"[136.0, 128.0]",45.254833995939045,0.993822580575943,0.2788965702056885,0.988054633140564,-0.1164388358592987,0.4458078796572438,"[161.0, 130.0]"
normal_1302_PPE.jpg,ok,normal,"[107.0, 123.0]",45.254833995939045,0.9596154451370239,0.2483968734741211,0.9851552844047546,-0.10804936289787292,0.3680078619951037,"[90.0, 100.0]"
normal_1303_PPE.jpg,ok,normal,"[132.0, 127.0]",57.01751796098172,0.9009793400764465,0.23200303316116333,0.9254645109176636,-0.1057557463645935,0.6594645201456383,"[151.0, 123.0]"
normal_1304_PPE.jpg,ok,normal,"[110.0, 127.0]",45.254833995939045,0.9866151094436645,0.27077651023864746,0.9880034327507019,-0.12118098139762878,0.38365365864637446,"[83.0, 120.0]"
normal_1305_PPE.jpg,ok,normal,"[126.0, 124.0]",45.254833995939045,1.015571367740631,0.3064444065093994,0.9692908525466919,-0.15311682224273682,0.4542422126070944,"[149.0, 133.0]"
normal_1306_PPE.jpg,ok,normal,"[108.0, 126.0]",45.254833995939045,0.9852192103862761,0.2738505005836487,0.971797525882721,-0.1555522084236145,0.5493060905670014,"[88.0, 130.0]"
normal_1307_PPE.jpg,ok,normal,"[139.0, 129.0]",57.01751796098172,0.9276156127452849,0.24776148796081543,0.9441531896591187,-0.09473446011543274,0.672354350726849,"[157.0, 134.0]"
normal_1308_PPE.jpg,ok,normal,"[130.0, 119.0]",45.254833995939045,0.9835556507110594,0.28231197595596313,0.9571470022201538,-0.15620386600494385,0.5575061794216782,"[150.0, 118.0]"
normal_1309_PPE.jpg,ok,normal,"[110.0, 127.0]",57.01751796098172,0.9161367833614349,0.23771178722381592,0.9392017126083374,-0.10491898655891418,0.47267797982155213,"[80.0, 129.0]"
normal_1310_PPE.jpg,ok,normal,"[141.0, 130.0]",57.01751796098172,0.9461211442947387,0.2595750093460083,0.9554941058158875,-0.08850130438804626,0.6838207445357983,"[156.0, 140.0]"
normal_1311_PPE.jpg,ok,normal,"[107.0, 130.0]",57.01751796098172,0.9535814285278319,0.26724666357040405,0.9571726322174072,-0.0815696120262146,0.30884187176572886,"[75.0, 107.0]"
normal_1312_PPE.jpg,negative_score,normal,"[120.0, 118.0]",35.918785545899944,0.8880855143070221,0.17506712675094604,0.9765663743019104,-0.14710962772369385,-0.5510979077380322,"[68.0, 138.0]"
normal_1313_PPE.jpg,ok,normal,"[127.0, 119.0]",45.254833995939045,0.9945223450660705,0.2881506085395813,0.9646474123001099,-0.15559273958206177,0.40707293871842887,"[151.0, 131.0]"
normal_1314_PPE.jpg,ok,normal,"[111.0, 122.0]",45.254833995939045,0.9532332122325897,0.26221591234207153,0.9427098035812378,-0.15560218691825867,0.5925498496748345,"[93.0, 118.0]"
normal_1315_PPE.jpg,ok,normal,"[125.0, 126.0]",45.254833995939045,1.0242675960063934,0.3534471392631531,0.9159467220306396,-0.148288756608963,0.4747582401883872,"[147.0, 135.0]"
normal_1316_PPE.jpg,ok,normal,"[115.0, 124.0]",45.254833995939045,1.0013715624809265,0.29340147972106934,0.9757566452026367,-0.12470215559005737,0.2939297795190623,"[85.0, 135.0]"
normal_1317_PPE.jpg,ok,normal,"[132.0, 129.0]",57.01751796098172,0.9333868980407715,0.2697526812553406,0.9185088276863098,-0.10339018702507019,0.5149099020619234,"[159.0, 123.0]"
normal_1318_PPE.jpg,ok,normal,"[108.0, 126.0]",57.01751796098172,0.9574285686016083,0.283136248588562,0.938382625579834,-0.08712241053581238,0.5905603068195088,"[85.0, 130.0]"
normal_1319_PPE.jpg,ok,normal,"[108.0, 117.0]",45.254833995939045,0.989432668685913,0.274477481842041,0.9868131279945374,-0.12092998623847961,0.4542422126070944,"[85.0, 108.0]"
normal_1320_PPE.jpg,ok,normal,"[143.0, 120.0]",45.254833995939045,0.9027622401714325,0.19472825527191162,0.9669962525367737,-0.15568304061889648,0.7339158380324,"[152.0, 128.0]"
normal_1321_PPE.jpg,ok,normal,"[101.0, 115.0]",45.254833995939045,0.8733451724052429,0.16664659976959229,0.9664956331253052,-0.15075814723968506,0.8317135997770467,"[94.0, 118.0]"
normal_1322_PPE.jpg,ok,normal,"[134.0, 124.0]",45.254833995939045,1.0574104189872742,0.3648039698600769,0.9434692859649658,-0.16088974475860596,0.4898491338339217,"[156.0, 131.0]"
normal_1323_PPE.jpg,ok,normal,"[110.0, 122.0]",45.254833995939045,1.0224660217761994,0.3349812626838684,0.9355588555335999,-0.16296780109405518,0.5173923371412343,"[89.0, 128.0]"
normal_1324_PPE.jpg,ok,normal,"[120.0, 120.0]",57.01751796098172,0.9049976885318756,0.20726925134658813,0.9782029986381531,-0.06493169069290161,0.21213415636272392,"[77.0, 133.0]"
normal_1325_PPE.jpg,ok,normal,"[138.0, 117.0]",57.01751796098172,0.8868558406829834,0.21827054023742676,0.930076539516449,-0.08765861392021179,0.6649280105876104,"[157.0, 119.0]"
normal_1326_PPE.jpg,ok,normal,"[126.0, 116.0]",90.50966799187809,0.6254786550998688,0.08283668756484985,0.7699123024940491,-0.01851677894592285,0.29835224627132173,"[69.0, 144.0]"
normal_1327_PPE.jpg,ok,normal,"[144.0, 132.0]",45.254833995939045,0.8835696637630461,0.18350869417190552,0.9544603228569031,-0.15969371795654297,0.650614378515658,"[131.0, 123.0]"
normal_1328_PPE.jpg,ok,normal,"[104.0, 126.0]",45.254833995939045,0.954782748222351,0.2370142936706543,0.9833101034164429,-0.14725691080093384,0.4841383118994007,"[81.0, 130.0]"
normal_1329_PPE.jpg,ok,normal,"[141.0, 123.0]",45.254833995939045,0.9585738182067871,0.25223636627197266,0.96352219581604,-0.15935957431793213,0.4619007700711699,"[164.0, 115.0]"
normal_1330_PPE.jpg,ok,normal,"[142.0, 128.0]",57.01751796098172,0.967284733057022,0.29253900051116943,0.9381963014602661,-0.09004160761833191,0.4657239825082852,"[170.0, 116.0]"
normal_1331_PPE.jpg,ok,normal,"[125.0, 122.0]",35.918785545899944,0.9442213654518127,0.24759924411773682,0.9525028467178345,-0.14935064315795898,0.3447104562652352,"[148.0, 127.0]"
normal_1332_PPE.jpg,ok,normal,"[108.0, 122.0]",35.918785545899944,0.8482552409172057,0.19551068544387817,0.8935486674308777,-0.13630244135856628,0.38372238134578507,"[87.0, 115.0]"
normal_1333_PPE.jpg,ok,normal,"[129.0, 122.0]",45.254833995939045,0.9604771733283997,0.2975728511810303,0.9060131311416626,-0.14347565174102783,0.6084386223080729,"[146.0, 117.0]"
normal_1334_PPE.jpg,ok,normal,"[105.0, 116.0]",45.254833995939045,1.0181890010833738,0.3042839765548706,0.9772862195968628,-0.14902335405349731,0.5173923371412343,"[84.0, 122.0]"
normal_1335_PPE.jpg,ok,normal,"[136.0, 114.0]",57.01751796098172,0.8902892053127288,0.20855587720870972,0.9455256462097168,-0.09932687878608704,0.578346595570947,"[159.0, 107.0]"
normal_1336_PPE.jpg,ok,normal,"[110.0, 124.0]",45.254833995939045,0.9904060959815978,0.28708118200302124,0.9613595604896545,-0.1518661081790924,0.1496209484882639,"[75.0, 108.0]"
normal_1337_PPE.jpg,ok,normal,"[103.0, 133.0]",57.01751796098172,0.9038683533668518,0.23977112770080566,0.9254983067512512,-0.08124205470085144,0.5261366482016645,"[86.0, 112.0]"
normal_1338_PPE.jpg,ok,normal,"[136.0, 124.0]",57.01751796098172,0.9820544302463532,0.29342758655548096,0.9578284621238708,-0.09073460102081299,0.5086097667138545,"[164.0, 125.0]"
normal_1339_PPE.jpg,ok,normal,"[111.0, 121.0]",57.01751796098172,1.0007665753364563,0.317749559879303,0.9496843814849854,-0.09118974208831787,0.6388608094785004,"[93.0, 111.0]"
normal_1340_PPE.jpg,ok,normal,"[146.0, 116.0]",45.254833995939045,0.967965304851532,0.2539598345756531,0.9920576214790344,-0.09782567620277405,0.7559296976279171,"[157.0, 115.0]"
normal_1341_PPE.jpg,ok,normal,"[136.0, 122.0]",71.83757109179989,0.830558693408966,0.13267070055007935,0.9786394238471985,-0.06420198082923889,0.5404194833334647,"[163.0, 103.0]"
normal_1342_PPE.jpg,ok,normal,"[100.0, 126.0]",45.254833995939045,1.0139680266380309,0.2976762652397156,0.9898998737335205,-0.11680924892425537,0.84375,"[93.0, 127.0]"
normal_1343_PPE.jpg,ok,normal,"[137.0, 124.0]",45.254833995939045,1.0052515327930451,0.3057292699813843,0.954983115196228,-0.15517041087150574,0.5647378663379963,"[155.0, 116.0]"
normal_1344_PPE.jpg,ok,normal,"[101.0, 121.0]",45.254833995939045,0.9768475174903869,0.2670155167579651,0.9697260856628418,-0.15511870384216309,0.5558540498890033,"[81.0, 123.0]"
normal_1345_PPE.jpg,negative_score,normal,"[126.0, 113.0]",45.254833995939045,0.998723554611206,0.2871869206428528,0.9738838076591492,-0.14908984303474426,-0.0881553341550092,"[171.0, 133.0]"
normal_1346_PPE.jpg,negative_score,normal,"[114.0, 127.0]",45.254833995939045,0.9556116580963134,0.23889756202697754,0.9869345426559448,-0.1292995810508728,-0.4363106492851745,"[51.0, 143.0]"
normal_1347_PPE.jpg,ok,normal,"[133.0, 125.0]",45.254833995939045,1.0702602863311765,0.3524152636528015,0.9820863008499146,-0.1519230604171753,0.460541359323998,"[153.0, 111.0]"
normal_1348_PPE.jpg,ok,normal,"[109.0, 123.0]",45.254833995939045,1.033112347126007,0.32061851024627686,0.973743200302124,-0.15436798334121704,0.53125,"[88.0, 120.0]"
normal_1349_PPE.jpg,ok,normal,"[136.0, 122.0]",71.83757109179989,1.0051885813474655,0.31048738956451416,0.9728624820709229,-0.0684872716665268,0.3475257324452855,"[175.0, 96.0]"
normal_1350_PPE.jpg,ok,normal,"[130.0, 127.0]",45.254833995939045,0.9443485140800476,0.2345428466796875,0.9683173894882202,-0.15991747379302979,0.6084386223080729,"[147.0, 122.0]"
normal_1351_PPE.jpg,ok,normal,"[106.0, 119.0]",45.254833995939045,0.9429501175880431,0.22887080907821655,0.9756907224655151,-0.15547901391983032,0.4841383118994007,"[83.0, 123.0]"
normal_1352_PPE.jpg,ok,normal,"[102.0, 118.0]",57.01751796098172,0.947974008321762,0.2783461809158325,0.9326833486557007,-0.08374741673469543,0.46543619578259965,"[79.0, 98.0]"
normal_1353_PPE.jpg,ok,normal,"[132.0, 118.0]",57.01751796098172,1.0245734453201294,0.3302239179611206,0.9712066054344177,-0.07252451777458191,0.4188438178905385,"[165.0, 115.0]"
normal_1354_PPE.jpg,ok,normal,"[104.0, 127.0]",57.01751796098172,1.003345799446106,0.31093162298202515,0.969232976436615,-0.06975546479225159,0.3771990946110627,"[69.0, 121.0]"
normal_1355_PPE.jpg,ok,normal,"[140.0, 124.0]",57.01751796098172,1.001099407672882,0.30644363164901733,0.9711207151412964,-0.07435637712478638,0.5058009079508943,"[165.0, 111.0]"
normal_1356_PPE.jpg,ok,normal,"[101.0, 115.0]",57.01751796098172,0.9645149171352386,0.28110623359680176,0.9531452059745789,-0.08103519678115845,0.6672309381479153,"[83.0, 121.0]"
normal_1357_PPE.jpg,ok,normal,"[132.0, 122.0]",45.254833995939045,0.9853048801422118,0.2798394560813904,0.9623299837112427,-0.1591721773147583,0.5034297318102905,"[151.0, 110.0]"
normal_1358_PPE.jpg,ok,normal,"[111.0, 125.0]",45.254833995939045,0.9797203600406647,0.2685738205909729,0.9717574715614319,-0.15458154678344727,0.3546288616230193,"[93.0, 102.0]"
normal_1359_PPE.jpg,ok,normal,"[131.0, 122.0]",45.254833995939045,1.0164867520332335,0.3039807081222534,0.9748646020889282,-0.15050411224365234,0.40501772610438225,"[154.0, 108.0]"
normal_1360_PPE.jpg,ok,normal,"[117.0, 123.0]",45.254833995939045,0.9909257292747498,0.27860593795776367,0.9821856021881104,-0.12394934892654419,0.25719597974970554,"[86.0, 110.0]"
normal_1361_PPE.jpg,ok,normal,"[100.0, 120.0]",71.83757109179989,1.0089321315288542,0.3263970613479614,0.9560050964355469,-0.06665751338005066,0.5766308327347835,"[73.0, 134.0]"
normal_1362_PPE.jpg,ok,normal,"[137.0, 128.0]",45.254833995939045,0.9344217240810394,0.2795407176017761,0.8955097198486328,-0.14012101292610168,0.7051880896232312,"[150.0, 131.0]"
normal_1363_PPE.jpg,ok,normal,"[136.0, 124.0]",45.254833995939045,0.9750054478645324,0.2591346502304077,0.9900588989257812,-0.1141478419303894,0.3714942074650386,"[164.0, 119.0]"
normal_1364_PPE.jpg,ok,normal,"[108.0, 120.0]",35.918785545899944,0.8963521420955658,0.22316008806228638,0.9237146973609924,-0.13295882940292358,0.3596665463366313,"[85.0, 120.0]"
normal_1365_PPE.jpg,ok,normal,"[134.0, 127.0]",45.254833995939045,1.0086993277072906,0.29608505964279175,0.9912241697311401,-0.09378674626350403,0.4619007700711699,"[157.0, 119.0]"
normal_1366_PPE.jpg,ok,normal,"[109.0, 125.0]",45.254833995939045,1.0159317731857298,0.305195152759552,0.9864073395729065,-0.10125741362571716,0.1993045015425653,"[77.0, 108.0]"
normal_1367_PPE.jpg,ok,normal,"[139.0, 124.0]",45.254833995939045,0.9202089965343474,0.2404462695121765,0.9263385534286499,-0.15662869811058044,0.6678079433520423,"[154.0, 125.0]"
normal_1368_PPE.jpg,ok,normal,"[102.0, 123.0]",45.254833995939045,0.9184250116348267,0.22351771593093872,0.9468859434127808,-0.16043567657470703,0.6016391005005637,"[87.0, 113.0]"
normal_1369_PPE.jpg,ok,normal,"[127.0, 123.0]",45.254833995939045,0.9644667983055115,0.32731449604034424,0.866686999797821,-0.15235701203346252,0.59375,"[144.0, 130.0]"
normal_1370_PPE.jpg,ok,normal,"[111.0, 131.0]",45.254833995939045,0.9094197750091553,0.24182778596878052,0.908207893371582,-0.15923231840133667,0.3557647459972406,"[82.0, 128.0]"
normal_1371_PPE.jpg,ok,normal,"[133.0, 128.0]",57.01751796098172,0.9586090326309203,0.29136019945144653,0.9232776165008545,-0.10477250814437866,0.491082086790398,"[162.0, 129.0]"
normal_1372_PPE.jpg,ok,normal,"[106.0, 118.0]",57.01751796098172,0.9834518730640411,0.3128095865249634,0.9285753965377808,-0.10319754481315613,0.5601374225877109,"[83.0, 108.0]"
normal_1373_PPE.jpg,ok,normal,"[135.0, 138.0]",57.01751796098172,0.9936461925506591,0.2873139977455139,0.9895192980766296,-0.06834343075752258,0.07444060886780834,"[187.0, 147.0]"
normal_1374_PPE.jpg,ok,normal,"[107.0, 127.0]",57.01751796098172,0.8864262402057647,0.21304404735565186,0.9355437159538269,-0.09250795841217041,0.498387507647698,"[84.0, 144.0]"
normal_1375_PPE.jpg,ok,normal,"[132.0, 121.0]",45.254833995939045,0.9887308061122894,0.27091795206069946,0.9913061261177063,-0.11949282884597778,0.4166201655439229,"[156.0, 110.0]"
normal_1376_PPE.jpg,ok,normal,"[109.0, 128.0]",45.254833995939045,0.9621546626091003,0.2460365891456604,0.9818071126937866,-0.14426547288894653,0.4747582401883872,"[86.0, 122.0]"
normal_1377_PPE.jpg,ok,normal,"[134.0, 121.0]",45.254833995939045,0.9203777074813843,0.24431192874908447,0.9240204691886902,-0.14625725150108337,0.6930174577439296,"[141.0, 133.0]"
normal_1378_PPE.jpg,ok,normal,"[104.0, 124.0]",45.254833995939045,0.9665181159973144,0.2501194477081299,0.9860836863517761,-0.13070043921470642,0.5444568832152109,"[85.0, 132.0]"
normal_1379_PPE.jpg,ok,normal,"[129.0, 114.0]",45.254833995939045,0.9753683686256408,0.264121949672699,0.9766703248023987,-0.1378859579563141,0.34078052782096924,"[158.0, 121.0]"
normal_1380_PPE.jpg,ok,normal,"[105.0, 122.0]",57.01751796098172,0.925685566663742,0.23684662580490112,0.9575505256652832,-0.0927678644657135,0.4723864000258794,"[76.0, 130.0]"
normal_1381_PPE.jpg,ok,normal,"[131.0, 120.0]",57.01751796098172,0.8390356689691543,0.13521820306777954,0.9901213049888611,-0.05366276204586029,0.37032253549511907,"[166.0, 112.0]"
normal_1382_PPE.jpg,ok,normal,"[113.0, 124.0]",45.254833995939045,0.9292660295963288,0.23367756605148315,0.9536957740783691,-0.1400071084499359,0.17438469914856836,"[77.0, 114.0]"
normal_1383_PPE.jpg,ok,normal,"[131.0, 120.0]",45.254833995939045,1.0007946491241455,0.30529940128326416,0.9495344161987305,-0.1541057825088501,0.4619007700711699,"[154.0, 112.0]"
normal_1384_PPE.jpg,ok,normal,"[111.0, 122.0]",45.254833995939045,1.0280973136425018,0.3207279443740845,0.9655943512916565,-0.15726661682128906,0.42547574028593016,"[85.0, 122.0]"
normal_1385_PPE.jpg,ok,normal,"[139.0, 123.0]",45.254833995939045,0.987790548801422,0.28654199838638306,0.9595316052436829,-0.1478821337223053,0.4619007700711699,"[147.0, 146.0]"
normal_1386_PPE.jpg,negative_score,normal,"[119.0, 130.0]",45.254833995939045,0.9400482773780822,0.23488730192184448,0.967083215713501,-0.14101362228393555,-0.15793795710305658,"[80.0, 95.0]"
normal_1387_PPE.jpg,ok,normal,"[139.0, 128.0]",57.01751796098172,0.9242592900991439,0.2276652455329895,0.9753833413124084,-0.06912852823734283,0.4117418494882632,"[172.0, 122.0]"
normal_1388_PPE.jpg,ok,normal,"[101.0, 117.0]",57.01751796098172,0.9116001784801483,0.21770548820495605,0.9713166356086731,-0.06986522674560547,0.035384177234132674,"[68.0, 161.0]"
normal_1389_PPE.jpg,ok,normal,"[136.0, 122.0]",45.254833995939045,0.9248232960700988,0.22291278839111328,0.9591481685638428,-0.15253394842147827,0.4729022564552188,"[149.0, 102.0]"
normal_1390_PPE.jpg,ok,normal,"[103.0, 116.0]",45.254833995939045,0.9042701363563538,0.19049829244613647,0.9795081615447998,-0.1405806541442871,0.4162018221165812,"[90.0, 93.0]"
normal_1391_PPE.jpg,ok,normal,"[135.0, 126.0]",45.254833995939045,0.973260748386383,0.2729266285896301,0.9549257755279541,-0.1594303846359253,0.594351406695401,"[151.0, 117.0]"
normal_1392_PPE.jpg,ok,normal,"[106.0, 121.0]",45.254833995939045,0.9443937599658966,0.23691117763519287,0.9712210893630981,-0.13813909888267517,0.6906407832308854,"[92.0, 121.0]"
normal_1393_PPE.jpg,ok,normal,"[124.0, 119.0]",45.254833995939045,1.0022524058818818,0.2873615026473999,0.9908135533332825,-0.10660707950592041,0.4458078796572438,"[147.0, 129.0]"
normal_1394_PPE.jpg,ok,normal,"[107.0, 116.0]",57.01751796098172,0.9955093502998352,0.3170672059059143,0.9455615282058716,-0.08274537324905396,0.4352177097879626,"[81.0, 97.0]"
normal_1395_PPE.jpg,ok,normal,"[130.0, 132.0]",71.83757109179989,0.912226340174675,0.23963910341262817,0.9420274496078491,-0.06584011018276215,0.5043124776027623,"[158.0, 154.0]"
normal_1396_PPE.jpg,ok,normal,"[143.0, 118.0]",45.254833995939045,0.9141014277935028,0.19697469472885132,0.99068284034729,-0.11824372410774231,0.4564835271585598,"[165.0, 107.0]"
normal_1397_PPE.jpg,ok,normal,"[97.0, 125.0]",45.254833995939045,0.979904282093048,0.26910656690597534,0.9736599922180176,-0.14617860317230225,0.650614378515658,"[92.0, 110.0]"
normal_1398_PPE.jpg,ok,normal,"[116.0, 127.0]",57.01751796098172,0.9743450433015822,0.27138352394104004,0.9846624135971069,-0.06848914921283722,0.22096811265228866,"[78.0, 104.0]"
normal_1399_PPE.jpg,ok,normal,"[133.0, 125.0]",45.254833995939045,1.041320687532425,0.3254830241203308,0.9882457852363586,-0.12032806873321533,0.4841383118994007,"[156.0, 129.0]"
normal_1400_PPE.jpg,ok,normal,"[129.0, 139.0]",57.01751796098172,0.9621644258499146,0.25866448879241943,0.9818713665008545,-0.08094990253448486,0.13366351417266475,"[171.0, 113.0]"
normal_1401_PPE.jpg,ok,normal,"[122.0, 130.0]",57.01751796098172,0.9721923291683197,0.26966845989227295,0.9802470803260803,-0.08175456523895264,0.04628776484970276,"[76.0, 101.0]"
normal_1402_PPE.jpg,ok,normal,"[114.0, 136.0]",57.01751796098172,0.8788517415523529,0.2069026231765747,0.9329942464828491,-0.09426572918891907,0.523547211700751,"[87.0, 133.0]"
normal_1403_PPE.jpg,ok,normal,"[126.0, 124.0]",71.83757109179989,0.9741941899061203,0.2882154583930969,0.9610678553581238,-0.06615616381168365,0.23793549892261046,"[180.0, 133.0]"
normal_1404_PPE.jpg,ok,normal,"[113.0, 131.0]",57.01751796098172,1.001162874698639,0.3082588315010071,0.9621071815490723,-0.09714508056640625,0.2186026257688084,"[69.0, 138.0]"
normal_1405_PPE.jpg,ok,normal,"[129.0, 126.0]",57.01751796098172,0.8871981859207152,0.18980365991592407,0.9711534976959229,-0.08793538808822632,0.21232939012699936,"[173.0, 135.0]"
normal_1406_PPE.jpg,ok,normal,"[126.0, 117.0]",57.01751796098172,0.9355213701725006,0.23421895503997803,0.9741848111152649,-0.09686523675918579,0.1406149942631364,"[77.0, 117.0]"
normal_1407_PPE.jpg,ok,normal,"[140.0, 123.0]",45.254833995939045,1.0211999416351318,0.30368244647979736,0.9858599305152893,-0.1370777189731598,0.412865805373252,"[165.0, 114.0]"
normal_1408_PPE.jpg,ok,normal,"[135.0, 120.0]",45.254833995939045,0.9349707305431365,0.2316301465034485,0.9659450650215149,-0.13589519262313843,0.6436951796565195,"[149.0, 128.0]"
normal_1409_PPE.jpg,ok,normal,"[100.0, 125.0]",45.254833995939045,1.014678519964218,0.2986432909965515,0.9883715510368347,-0.12087571620941162,0.6322311782518806,"[86.0, 116.0]"
normal_1410_PPE.jpg,ok,normal,"[132.0, 126.0]",35.918785545899944,0.8289572358131408,0.15718984603881836,0.92586749792099,-0.11830070614814758,0.3990043700854742,"[153.0, 131.0]"
normal_1411_PPE.jpg,ok,normal,"[102.0, 122.0]",57.01751796098172,1.0058751821517944,0.3279842138290405,0.9431424736976624,-0.0884561836719513,0.43849500413060416,"[71.0, 130.0]"
normal_1412_PPE.jpg,ok,normal,"[128.0, 122.0]",45.254833995939045,1.0576577067375181,0.34139180183410645,0.9840338826179504,-0.1372109353542328,0.32794333851229485,"[155.0, 136.0]"
normal_1413_PPE.jpg,ok,normal,"[117.0, 125.0]",45.254833995939045,1.0862419068813323,0.3786833882331848,0.9672859907150269,-0.15229162573814392,0.22156758080742822,"[88.0, 145.0]"
normal_1414_PPE.jpg,negative_score,normal,"[115.0, 122.0]",35.918785545899944,0.941842257976532,0.2730013132095337,0.9166175127029419,-0.13604342937469482,-0.07466100383351448,"[84.0, 145.0]"
normal_1415_PPE.jpg,ok,normal,"[139.0, 126.0]",45.254833995939045,1.0010637223720549,0.31917428970336914,0.9294264912605286,-0.1564544439315796,0.5385992793677062,"[159.0, 120.0]"
normal_1416_PPE.jpg,ok,normal,"[102.0, 122.0]",45.254833995939045,1.0324528813362122,0.3137866258621216,0.9854665398597717,-0.14419838786125183,0.6457567484764177,"[86.0, 123.0]"
normal_1417_PPE.jpg,ok,normal,"[137.0, 122.0]",45.254833995939045,0.9828225314617156,0.26968687772750854,0.977659285068512,-0.1438707709312439,0.40501772610438225,"[160.0, 108.0]"
normal_1418_PPE.jpg,ok,normal,"[109.0, 121.0]",45.254833995939045,0.9726796388626099,0.26258641481399536,0.972934365272522,-0.1451958417892456,0.4564835271585598,"[87.0, 110.0]"
normal_1419_PPE.jpg,ok,normal,"[106.0, 122.0]",57.01751796098172,0.9474579632282256,0.2576376795768738,0.960692822933197,-0.08667653799057007,0.6554237468240327,"[87.0, 117.0]"
normal_1420_PPE.jpg,ok,normal,"[134.0, 120.0]",45.254833995939045,0.9291782736778259,0.26296764612197876,0.9117699265480042,-0.1398583948612213,0.2493492406584804,"[159.0, 143.0]"
normal_1421_PPE.jpg,ok,normal,"[108.0, 117.0]",45.254833995939045,0.940727424621582,0.26222652196884155,0.9299389123916626,-0.1377183198928833,0.24837415807464414,"[77.0, 103.0]"
normal_1422_PPE.jpg,ok,normal,"[130.0, 122.0]",71.83757109179989,0.9351761370897292,0.24960821866989136,0.9603204727172852,-0.06671793758869171,0.528967250463737,"[162.0, 133.0]"
normal_1423_PPE.jpg,ok,normal,"[133.0, 123.0]",57.01751796098172,0.9569372296333313,0.2705417275428772,0.9562731385231018,-0.08502152562141418,0.4723864000258794,"[144.0, 151.0]"
normal_1424_PPE.jpg,ok,normal,"[119.0, 125.0]",45.254833995939045,0.9186184287071227,0.20456808805465698,0.981837272644043,-0.1338212490081787,0.1280745982310184,"[80.0, 119.0]"
normal_1425_PPE.jpg,negative_score,normal,"[122.0, 112.0]",35.918785545899944,0.7631278634071349,0.12303239107131958,0.8752151727676392,-0.1372242569923401,-0.17459556547489918,"[164.0, 108.0]"
normal_1426_PPE.jpg,negative_score,normal,"[123.0, 123.0]",35.918785545899944,0.7842951238155365,0.1650923490524292,0.8446776270866394,-0.13964217901229858,-0.5976226943498271,"[101.0, 176.0]"
normal_1427_PPE.jpg,ok,normal,"[131.0, 126.0]",45.254833995939045,0.9871389746665955,0.27251559495925903,0.9776401519775391,-0.1513763666152954,0.5575061794216782,"[151.0, 127.0]"
normal_1428_PPE.jpg,ok,normal,"[109.0, 126.0]",45.254833995939045,0.9552724599838256,0.27781766653060913,0.9251671433448792,-0.14918896555900574,0.35010517677858066,"[92.0, 102.0]"
normal_1429_PPE.jpg,ok,normal,"[126.0, 120.0]",45.254833995939045,0.9737333655357361,0.2804611325263977,0.9449747204780579,-0.15894964337348938,0.6402854864618333,"[142.0, 123.0]"
normal_1430_PPE.jpg,ok,normal,"[136.0, 124.0]",57.01751796098172,0.8822020530700684,0.1977759599685669,0.949986457824707,-0.09717786312103271,0.5386348999980413,"[162.0, 120.0]"
normal_1431_PPE.jpg,ok,normal,"[115.0, 120.0]",45.254833995939045,0.9481164336204528,0.26357585191726685,0.9348708987236023,-0.15065476298332214,0.460541359323998,"[95.0, 106.0]"
normal_1432_PPE.jpg,ok,normal,"[135.0, 126.0]",45.254833995939045,1.012023425102234,0.2979249358177185,0.9856669902801514,-0.12065798044204712,0.5967660031073769,"[153.0, 123.0]"
normal_1433_PPE.jpg,ok,normal,"[109.0, 120.0]",57.01751796098172,0.9331243813037872,0.2617266774177551,0.9323073029518127,-0.09391295909881592,0.5048681626880812,"[83.0, 109.0]"
normal_1434_PPE.jpg,ok,normal,"[135.0, 122.0]",45.254833995939045,1.0350196421146394,0.31966733932495117,0.9843723773956299,-0.13145819306373596,0.337824371861966,"[162.0, 109.0]"
normal_1435_PPE.jpg,ok,normal,"[110.0, 124.0]",57.01751796098172,0.9009336709976196,0.21514976024627686,0.9549314975738525,-0.08665931224822998,0.7144944014006425,"[94.0, 127.0]"
normal_1436_PPE.jpg,ok,normal,"[104.0, 117.0]",57.01751796098172,0.9357453167438506,0.2693668603897095,0.9213958978652954,-0.10700663924217224,0.6058719169497622,"[85.0, 129.0]"
normal_1437_PPE.jpg,ok,normal,"[136.0, 129.0]",45.254833995939045,0.945287162065506,0.2408042550086975,0.9613922238349915,-0.15754175186157227,0.5108601299219211,"[157.0, 122.0]"
normal_1438_PPE.jpg,ok,normal,"[106.0, 118.0]",45.254833995939045,0.9608562767505645,0.2454109787940979,0.9775347113609314,-0.1558550000190735,0.5848334295129243,"[89.0, 110.0]"
normal_1439_PPE.jpg,ok,normal,"[133.0, 120.0]",35.918785545899944,0.8721321880817413,0.2063273787498474,0.9118571281433105,-0.1375240981578827,0.82392068038451,"[139.0, 118.0]"
normal_1440_PPE.jpg,ok,normal,"[111.0, 119.0]",35.918785545899944,0.9037983357906341,0.21467173099517822,0.9424846768379211,-0.14693665504455566,0.4866449788224937,"[93.0, 115.0]"
normal_1441_PPE.jpg,ok,normal,"[106.0, 125.0]",57.01751796098172,0.8525369524955749,0.17044401168823242,0.946825385093689,-0.09657585620880127,0.6105827804295356,"[84.0, 122.0]"
normal_1442_PPE.jpg,ok,normal,"[139.0, 127.0]",45.254833995939045,0.9821598589420318,0.27383023500442505,0.9673667550086975,-0.15586447715759277,0.6402854864618333,"[151.0, 116.0]"
normal_1443_PPE.jpg,ok,normal,"[101.0, 123.0]",45.254833995939045,0.9480556607246399,0.2347956895828247,0.9744608402252197,-0.15568691492080688,0.39042471240215126,"[82.0, 103.0]"
normal_1444_PPE.jpg,ok,normal,"[135.0, 120.0]",45.254833995939045,0.9166654169559478,0.21540135145187378,0.9566376805305481,-0.15808844566345215,0.5732343661328856,"[153.0, 113.0]"
normal_1445_PPE.jpg,ok,normal,"[108.0, 120.0]",45.254833995939045,0.926232784986496,0.21800142526626587,0.9671422839164734,-0.15615880489349365,0.5444568832152109,"[89.0, 112.0]"
normal_1446_PPE.jpg,ok,normal,"[125.0, 134.0]",57.01751796098172,0.8855832040309906,0.19580453634262085,0.9622703194618225,-0.08094722032546997,0.42123050634047965,"[158.0, 134.0]"
normal_1447_PPE.jpg,ok,normal,"[130.0, 138.0]",71.83757109179989,0.9744037270545959,0.2801206707954407,0.9730851054191589,-0.06561741232872009,0.5766308327347835,"[160.0, 143.0]"
normal_1448_PPE.jpg,ok,normal,"[141.0, 124.0]",57.01751796098172,0.8878275036811828,0.20088303089141846,0.9544934630393982,-0.09399524331092834,0.4265698224374149,"[171.0, 111.0]"
normal_1449_PPE.jpg,negative_score,normal,"[115.0, 137.0]",45.254833995939045,0.8857179641723633,0.18017911911010742,0.9802380800247192,-0.09686094522476196,-0.22235045097549655,"[73.0, 173.0]"
normal_1450_PPE.jpg,ok,normal,"[133.0, 128.0]",57.01751796098172,0.968020862340927,0.27398961782455444,0.9704126119613647,-0.07371208071708679,0.6505484707558425,"[152.0, 122.0]"
normal_1451_PPE.jpg,ok,normal,"[112.0, 138.0]",57.01751796098172,0.9650204092264175,0.2781546115875244,0.9598221778869629,-0.07495136559009552,0.45602464036111445,"[81.0, 137.0]"
normal_1452_PPE.jpg,ok,normal,"[132.0, 122.0]",35.918785545899944,0.9059073448181152,0.22388744354248047,0.936980128288269,-0.13066905736923218,0.31747967054913706,"[156.0, 117.0]"
normal_1453_PPE.jpg,ok,normal,"[136.0, 118.0]",45.254833995939045,1.0128775477409362,0.3123513460159302,0.957255482673645,-0.15223681926727295,0.5385992793677062,"[156.0, 124.0]"
normal_1454_PPE.jpg,ok,normal,"[99.0, 115.0]",45.254833995939045,0.9988186240196227,0.28579312562942505,0.9893493056297302,-0.10240492224693298,0.6322311782518806,"[90.0, 101.0]"
normal_1455_PPE.jpg,ok,normal,"[128.0, 124.0]",35.918785545899944,0.8516089618206023,0.15736889839172363,0.9532014727592468,-0.13499516248703003,0.6213271049669989,"[141.0, 120.0]"
normal_1456_PPE.jpg,ok,normal,"[103.0, 119.0]",45.254833995939045,0.9618612110614776,0.24503809213638306,0.9911840558052063,-0.11497139930725098,0.6436951796565195,"[87.0, 117.0]"
normal_1457_PPE.jpg,ok,normal,"[136.0, 126.0]",71.83757109179989,0.8846618264913558,0.18902230262756348,0.9752916097640991,-0.06467698514461517,0.3821522447407647,"[179.0, 137.0]"
normal_1458_PPE.jpg,ok,normal,"[108.0, 104.0]",71.83757109179989,0.9378300905227661,0.2509841322898865,0.9632711410522461,-0.06278079748153687,0.2319832636597493,"[70.0, 144.0]"
normal_1459_PPE.jpg,ok,normal,"[118.0, 118.0]",35.918785545899944,0.7836132407188415,0.19019943475723267,0.8021547794342041,-0.15952730178833008,0.5510840566702379,"[134.0, 116.0]"
normal_1460_PPE.jpg,ok,normal,"[113.0, 124.0]",45.254833995939045,0.9001387834548951,0.21218657493591309,0.9417843818664551,-0.1435157060623169,0.3146339937668341,"[82.0, 123.0]"
normal_1461_PPE.jpg,ok,normal,"[144.0, 121.0]",45.254833995939045,0.9215447425842285,0.20859384536743164,0.9767203330993652,-0.14623332023620605,0.6836178635731783,"[147.0, 107.0]"
normal_1462_PPE.jpg,ok,normal,"[99.0, 119.0]",45.254833995939045,0.901272702217102,0.18820977210998535,0.9890410900115967,-0.10367083549499512,0.5755288216498087,"[87.0, 104.0]"
normal_1463_PPE.jpg,negative_score,normal,"[113.0, 116.0]",45.254833995939045,0.8578272163867949,0.1402093768119812,0.992573618888855,-0.11408153176307678,-0.256428780810914,"[61.0, 93.0]"
normal_1464_PPE.jpg,ok,normal,"[130.0, 126.0]",71.83757109179989,0.9455329298973083,0.2662014961242676,0.9527167081832886,-0.06214869022369385,0.3854541650235781,"[173.0, 136.0]"
normal_1465_PPE.jpg,ok,normal,"[107.0, 128.0]",57.01751796098172,0.9128797590732574,0.2213137149810791,0.9611473083496094,-0.09381464123725891,0.40009204230213036,"[74.0, 119.0]"
normal_1466_PPE.jpg,ok,normal,"[117.0, 120.0]",45.254833995939045,0.9099257946014404,0.19514626264572144,0.9884523749351501,-0.11431434750556946,0.005631088956417618,"[81.0, 93.0]"
normal_1467_PPE.jpg,ok,normal,"[150.0, 124.0]",57.01751796098172,0.9160533607006073,0.2341005802154541,0.9481594562530518,-0.09120580554008484,0.6117694278392345,"[171.0, 117.0]"
normal_1468_PPE.jpg,ok,normal,"[99.0, 119.0]",57.01751796098172,0.9417343854904174,0.2592742443084717,0.9483907222747803,-0.09293317794799805,0.5761637333332099,"[77.0, 109.0]"
normal_1469_PPE.jpg,ok,normal,"[133.0, 126.0]",57.01751796098172,0.8689722001552581,0.16660255193710327,0.9799280166625977,-0.08210018277168274,0.6279528784449533,"[154.0, 123.0]"
normal_1470_PPE.jpg,ok,normal,"[115.0, 120.0]",45.254833995939045,0.9314415812492369,0.24817097187042236,0.9350423216819763,-0.14370492100715637,0.2731435406491872,"[84.0, 109.0]"
normal_1471_PPE.jpg,ok,normal,"[128.0, 124.0]",45.254833995939045,1.0506856381893157,0.34385019540786743,0.9644026160240173,-0.15876805782318115,0.4761545433049935,"[149.0, 113.0]"
normal_1472_PPE.jpg,ok,normal,"[114.0, 124.0]",45.254833995939045,1.0440784633159637,0.32798081636428833,0.9860942363739014,-0.1291584074497223,0.40542820029873605,"[94.0, 142.0]"
normal_1473_PPE.jpg,ok,normal,"[139.0, 126.0]",57.01751796098172,0.9382699251174926,0.2603692412376404,0.9432152509689331,-0.0882500410079956,0.4886701400405098,"[168.0, 123.0]"
normal_1474_PPE.jpg,ok,normal,"[101.0, 120.0]",45.254833995939045,0.9790080785751343,0.2712553143501282,0.9673439264297485,-0.15306007862091064,0.6685436963188058,"[92.0, 132.0]"
normal_1475_PPE.jpg,ok,normal,"[98.0, 121.0]",57.01751796098172,0.9189286947250366,0.2376861572265625,0.9503005743026733,-0.08016067743301392,0.5718313931487897,"[78.0, 135.0]"
normal_1476_PPE.jpg,ok,normal,"[140.0, 121.0]",45.254833995939045,0.9116431057453156,0.1949487328529358,0.9895774722099304,-0.11995071172714233,0.6685436963188058,"[152.0, 130.0]"
normal_1477_PPE.jpg,ok,normal,"[145.0, 128.0]",57.01751796098172,0.910667186975479,0.23608875274658203,0.938506543636322,-0.0881192684173584,0.8015748685039751,"[153.0, 120.0]"
normal_1478_PPE.jpg,ok,normal,"[104.0, 118.0]",45.254833995939045,0.8915126919746399,0.17775875329971313,0.9906372427940369,-0.10153934359550476,0.6436951796565195,"[90.0, 110.0]"
normal_1479_PPE.jpg,ok,normal,"[131.0, 125.0]",57.01751796098172,0.9535557866096496,0.24928194284439087,0.9873039126396179,-0.06580552458763123,0.3335381588163099,"[169.0, 125.0]"
normal_1480_PPE.jpg,ok,normal,"[126.0, 126.0]",45.254833995939045,0.9471495985984802,0.23327761888504028,0.9867279529571533,-0.11581206321716309,0.11363408726982283,"[86.0, 129.0]"
normal_1481_PPE.jpg,ok,normal,"[131.0, 120.0]",45.254833995939045,0.9052760779857635,0.2045677900314331,0.956005871295929,-0.15752089023590088,0.46599976591765435,"[153.0, 110.0]"
normal_1482_PPE.jpg,ok,normal,"[106.0, 122.0]",45.254833995939045,0.9437180936336517,0.22760009765625,0.9817453622817993,-0.14448121190071106,0.681311280400451,"[98.0, 110.0]"
normal_1483_PPE.jpg,ok,normal,"[141.0, 121.0]",57.01751796098172,0.9815082520246505,0.29607588052749634,0.9579896926879883,-0.0741979330778122,0.38615356733081174,"[162.0, 149.0]"
normal_1484_PPE.jpg,ok,normal,"[104.0, 124.0]",57.01751796098172,0.9961587965488433,0.2993338704109192,0.9736278057098389,-0.07642731070518494,0.5573490423501177,"[83.0, 110.0]"
normal_1485_PPE.jpg,negative_score,normal,"[109.0, 129.0]",45.254833995939045,0.9087930083274841,0.18833571672439575,0.9894078969955444,-0.13935881853103638,-0.06066017177982119,"[157.0, 129.0]"
normal_1486_PPE.jpg,ok,normal,"[142.0, 122.0]",45.254833995939045,0.9587493658065795,0.24132251739501953,0.9864228367805481,-0.13465431332588196,0.6047152924789526,"[158.0, 114.0]"
normal_1487_PPE.jpg,ok,normal,"[103.0, 122.0]",45.254833995939045,0.9423255920410156,0.22712576389312744,0.9856668710708618,-0.12616509199142456,0.6457567484764177,"[87.0, 121.0]"
normal_1488_PPE.jpg,ok,normal,"[132.0, 122.0]",71.83757109179989,1.0085098356008528,0.30906277894973755,0.9801242351531982,-0.06680046021938324,0.3564969329735359,"[168.0, 93.0]"
normal_1489_PPE.jpg,ok,normal,"[100.0, 125.0]",57.01751796098172,0.8974460303783417,0.21144777536392212,0.9538452625274658,-0.09153285622596741,0.622209805006266,"[80.0, 117.0]"
normal_1490_PPE.jpg,ok,normal,"[116.0, 132.0]",71.83757109179989,1.0582356482744217,0.37516671419143677,0.9573741555213928,-0.06453512609004974,0.4225175434680237,"[76.0, 143.0]"
normal_1491_PPE.jpg,ok,normal,"[133.0, 124.0]",57.01751796098172,0.9718149363994597,0.2923129200935364,0.9426320791244507,-0.09829780459403992,0.6470451096929579,"[142.0, 142.0]"
normal_1492_PPE.jpg,ok,normal,"[105.0, 122.0]",57.01751796098172,0.9145632743835449,0.23524057865142822,0.9458366632461548,-0.08618515729904175,0.5831153389687087,"[83.0, 113.0]"
normal_1493_PPE.jpg,ok,normal,"[138.0, 117.0]",57.01751796098172,0.9244651585817336,0.22407543659210205,0.9816164970397949,-0.06629087030887604,0.3841524326578335,"[171.0, 105.0]"
normal_1494_PPE.jpg,negative_score,normal,"[110.0, 105.0]",45.254833995939045,0.860968518257141,0.1532052755355835,0.9833822250366211,-0.09697842597961426,-0.06249999999999978,"[64.0, 119.0]"
normal_1495_PPE.jpg,negative_score,normal,"[121.0, 39.0]",57.01751796098172,0.32169110178947447,-0.10280919075012207,0.6056161522865295,-0.0028449296951293945,-0.9184392155926822,"[163.0, 140.0]"
normal_1496_PPE.jpg,negative_score,normal,"[128.0, 129.0]",45.254833995939045,0.9580033838748931,0.25775855779647827,0.9554436802864075,-0.15717124938964844,-0.08837967295424987,"[79.0, 124.0]"
normal_1497_PPE.jpg,ok,normal,"[116.0, 126.0]",71.83757109179989,1.0936923205852507,0.41432130336761475,0.9512507319450378,-0.0674775242805481,0.5015835441571133,"[95.0, 155.0]"
normal_1498_PPE.jpg,ok,normal,"[125.0, 120.0]",57.01751796098172,0.9703567922115326,0.2655751705169678,0.9858875274658203,-0.073301762342453,0.22751054998164444,"[159.0, 148.0]"
normal_1499_PPE.jpg,ok,normal,"[120.0, 116.0]",57.01751796098172,1.0095702469348908,0.32269346714019775,0.956261932849884,-0.08746713399887085,0.2625495884960948,"[78.0, 118.0]"
normal_1500_PPE.jpg,ok,normal,"[130.0, 120.0]",45.254833995939045,1.0070976495742798,0.30204200744628906,0.9617239236831665,-0.15924447774887085,0.5830729979960521,"[146.0, 130.0]"
normal_1501_PPE.jpg,ok,normal,"[141.0, 124.0]",45.254833995939045,0.9319791853427887,0.21658772230148315,0.9895897507667542,-0.11339318752288818,0.5613853485119313,"[154.0, 139.0]"
normal_1502_PPE.jpg,ok,normal,"[108.0, 127.0]",45.254833995939045,0.9772636473178863,0.26341181993484497,0.9843021035194397,-0.12420177459716797,0.4951407993311403,"[87.0, 118.0]"
normal_1503_PPE.jpg,ok,normal,"[131.0, 133.0]",57.01751796098172,1.0463389456272125,0.33949965238571167,0.9857074618339539,-0.08422034978866577,0.5615382623791512,"[151.0, 148.0]"
normal_1504_PPE.jpg,ok,normal,"[114.0, 127.0]",57.01751796098172,1.0748591721057892,0.38346999883651733,0.9624870419502258,-0.08824121952056885,0.3314644609543168,"[76.0, 130.0]"
normal_1505_PPE.jpg,ok,normal,"[122.0, 127.0]",57.01751796098172,0.9634345829486847,0.25895774364471436,0.9807081818580627,-0.08990556001663208,0.4265698224374149,"[152.0, 140.0]"
normal_1506_PPE.jpg,ok,normal,"[108.0, 109.0]",57.01751796098172,0.9736796438694,0.2759365439414978,0.9727261066436768,-0.08417412638664246,0.5436626392555202,"[82.0, 110.0]"
normal_1507_PPE.jpg,ok,normal,"[100.0, 118.0]",57.01751796098172,0.8859551608562469,0.2050420045852661,0.9435200095176697,-0.1022457480430603,0.5729103581738485,"[77.0, 110.0]"
normal_1508_PPE.jpg,ok,normal,"[124.0, 114.0]",45.254833995939045,0.9029419720172881,0.19360411167144775,0.9812971353530884,-0.11214932799339294,0.11501235884335648,"[164.0, 116.0]"
normal_1509_PPE.jpg,ok,normal,"[136.0, 117.0]",45.254833995939045,0.962237673997879,0.2463703751564026,0.9825024604797363,-0.14057788252830505,0.6906407832308854,"[150.0, 117.0]"
normal_1510_PPE.jpg,ok,normal,"[109.0, 123.0]",45.254833995939045,0.9589694321155547,0.24439001083374023,0.9854943156242371,-0.12366700172424316,0.6678079433520423,"[94.0, 122.0]"
normal_1511_PPE.jpg,ok,normal,"[137.0, 118.0]",45.254833995939045,0.9875864684581757,0.27685004472732544,0.9725460410118103,-0.14977097511291504,0.4542422126070944,"[158.0, 105.0]"
normal_1512_PPE.jpg,ok,normal,"[98.0, 123.0]",45.254833995939045,0.9732280313968658,0.2565593719482422,0.9817343354225159,-0.14727312326431274,0.4366326132087517,"[73.0, 128.0]"
normal_1513_PPE.jpg,negative_score,normal,"[51.0, 139.0]",35.918785545899944,0.5874048173427581,-0.03583717346191406,0.8893185257911682,-0.003595113754272461,-2.587548621453777,"[177.0, 112.0]"
normal_1514_PPE.jpg,ok,normal,"[106.0, 124.0]",57.01751796098172,0.9324780106544494,0.2388036847114563,0.9661458134651184,-0.08686128258705139,0.5894349551052224,"[84.0, 116.0]"
normal_1515_PPE.jpg,negative_score,normal,"[109.0, 40.0]",45.254833995939045,0.5164215147495269,-0.04859977960586548,0.8063326478004456,-0.002942204475402832,-1.3020244147814766,"[71.0, 137.0]"
normal_1516_PPE.jpg,ok,normal,"[133.0, 121.0]",45.254833995939045,0.9250210344791412,0.21090936660766602,0.9796449542045593,-0.14180099964141846,0.6402854864618333,"[149.0, 118.0]"
normal_1517_PPE.jpg,ok,normal,"[112.0, 122.0]",45.254833995939045,0.9024683594703674,0.18799114227294922,0.986920952796936,-0.11816275119781494,0.5807372542187894,"[94.0, 116.0]"
normal_1518_PPE.jpg,ok,normal,"[134.0, 127.0]",57.01751796098172,0.9859832257032395,0.29622411727905273,0.9637406468391418,-0.07570327818393707,0.607827899658842,"[156.0, 123.0]"
normal_1519_PPE.jpg,ok,normal,"[118.0, 115.0]",45.254833995939045,0.9144517123699188,0.21626120805740356,0.9585784673690796,-0.13592788577079773,0.1717276074563393,"[81.0, 109.0]"
normal_1520_PPE.jpg,ok,normal,"[100.0, 117.0]",57.01751796098172,0.9423860251903533,0.24490344524383545,0.9706385135650635,-0.09017810225486755,0.6283664940498184,"[80.0, 110.0]"
normal_1521_PPE.jpg,ok,normal,"[137.0, 127.0]",57.01751796098172,0.9057929813861847,0.21884560585021973,0.9548425674438477,-0.09278789162635803,0.7317130052688992,"[152.0, 124.0]"
normal_1522_PPE.jpg,ok,normal,"[99.0, 119.0]",57.01751796098172,0.9321095436811447,0.25307518243789673,0.9482294321060181,-0.0763687938451767,0.7719998964371586,"[86.0, 119.0]"
normal_1523_PPE.jpg,ok,normal,"[130.0, 122.0]",45.254833995939045,0.966197919845581,0.25968366861343384,0.9638372659683228,-0.15914082527160645,0.602252435582567,"[148.0, 122.0]"
normal_1524_PPE.jpg,ok,normal,"[108.0, 125.0]",45.254833995939045,0.9120549976825714,0.21265363693237305,0.9541594386100769,-0.15744876861572266,0.661979567925251,"[93.0, 122.0]"
normal_1525_PPE.jpg,ok,normal,"[136.0, 127.0]",57.01751796098172,0.9582769364118575,0.26495105028152466,0.9698949456214905,-0.07199712097644806,0.5229020485232903,"[158.0, 111.0]"
normal_1526_PPE.jpg,ok,normal,"[144.0, 120.0]",45.254833995939045,1.0370920300483704,0.323711633682251,0.9798712134361267,-0.13735273480415344,0.5558540498890033,"[164.0, 118.0]"
normal_1527_PPE.jpg,ok,normal,"[96.0, 123.0]",57.01751796098172,0.9411609411239624,0.23582082986831665,0.9894039034843445,-0.06378689408302307,0.5601374225877109,"[73.0, 113.0]"
normal_1528_PPE.jpg,ok,normal,"[134.0, 124.0]",45.254833995939045,0.9305454015731811,0.23038172721862793,0.9551464319229126,-0.15780586004257202,0.4366326132087517,"[159.0, 129.0]"
normal_1529_PPE.jpg,ok,normal,"[104.0, 122.0]",45.254833995939045,0.9110471367835998,0.1945822834968567,0.9897192120552063,-0.11830702424049377,0.29531423226376996,"[83.0, 146.0]"
normal_1530_PPE.jpg,ok,normal,"[123.0, 124.0]",45.254833995939045,0.9787493824958801,0.2640247941017151,0.9853377342224121,-0.12494087219238281,0.5317711230071345,"[143.0, 131.0]"
normal_1531_PPE.jpg,ok,normal,"[130.0, 121.0]",45.254833995939045,0.8869272112846375,0.17311632633209229,0.9846251010894775,-0.12286657094955444,0.5385992793677062,"[150.0, 115.0]"
normal_1532_PPE.jpg,ok,normal,"[106.0, 121.0]",45.254833995939045,0.8561850011348724,0.14176148176193237,0.9860326051712036,-0.12100347876548767,0.6140909676491104,"[89.0, 117.0]"
normal_1533_PPE.jpg,ok,normal,"[142.0, 121.0]",45.254833995939045,0.9278837740421295,0.21356528997421265,0.991680920124054,-0.10070919990539551,0.827416234106449,"[148.0, 116.0]"
normal_1534_PPE.jpg,ok,normal,"[96.0, 122.0]",45.254833995939045,0.9565014064311981,0.24586361646652222,0.9828581809997559,-0.11318531632423401,0.731177335404918,"[98.0, 110.0]"
normal_1535_PPE.jpg,ok,normal,"[132.0, 119.0]",57.01751796098172,0.9471619546413421,0.2642303705215454,0.9499468803405762,-0.08984383940696716,0.5264613233694833,"[159.0, 119.0]"
normal_1536_PPE.jpg,ok,normal,"[101.0, 119.0]",57.01751796098172,0.9377656996250152,0.24875420331954956,0.9575656056404114,-0.09357786178588867,0.5962341103273396,"[78.0, 120.0]"
normal_1537_PPE.jpg,ok,normal,"[130.0, 133.0]",57.01751796098172,0.9446542233228683,0.24784833192825317,0.9765276312828064,-0.06618274748325348,0.5871934550362813,"[153.0, 128.0]"
normal_1538_PPE.jpg,ok,normal,"[97.0, 116.0]",45.254833995939045,1.0106153547763825,0.29512256383895874,0.9803657531738281,-0.1461838185787201,0.6342281277900117,"[82.0, 109.0]"
normal_1539_PPE.jpg,ok,normal,"[105.0, 126.0]",57.01751796098172,0.9383576959371567,0.23797625303268433,0.9820660948753357,-0.06467588245868683,0.5787115055522659,"[81.0, 125.0]"
normal_1540_PPE.jpg,ok,normal,"[127.0, 125.0]",45.254833995939045,0.9366851329803466,0.2222195267677307,0.9885404706001282,-0.11243638396263123,0.41161967550741474,"[149.0, 140.0]"
normal_1541_PPE.jpg,ok,normal,"[118.0, 116.0]",45.254833995939045,0.9980152368545532,0.29343652725219727,0.9618027806282043,-0.15658381581306458,0.4166201655439229,"[102.0, 137.0]"
normal_1542_PPE.jpg,ok,normal,"[108.0, 124.0]",45.254833995939045,0.8879545688629149,0.1730886697769165,0.9904257655143738,-0.10783931612968445,0.5058941155986907,"[88.0, 114.0]"
normal_1543_PPE.jpg,negative_score,normal,"[121.0, 132.0]",57.01751796098172,0.9541399240493774,0.26040494441986084,0.9681375622749329,-0.080193430185318,-0.3978061169766298,"[197.0, 108.0]"
normal_1544_PPE.jpg,negative_score,normal,"[118.0, 123.0]",45.254833995939045,0.9120243310928344,0.21316802501678467,0.961357057094574,-0.1295318305492401,-0.36161812056464626,"[72.0, 164.0]"
normal_1545_PPE.jpg,ok,normal,"[138.0, 130.0]",57.01751796098172,0.8634708404541015,0.17373043298721313,0.9603952169418335,-0.0873187780380249,0.5277622562578325,"[161.0, 116.0]"
normal_1546_PPE.jpg,ok,normal,"[99.0, 122.0]",57.01751796098172,0.8609376281499863,0.16689836978912354,0.9694680571556091,-0.0770580917596817,0.6690848192124927,"[89.0, 106.0]"
normal_1547_PPE.jpg,ok,normal,"[108.0, 122.0]",71.83757109179989,0.9766831934452056,0.28040599822998047,0.9762076735496521,-0.06465911865234375,0.2906111878442853,"[59.0, 136.0]"
normal_1548_PPE.jpg,ok,normal,"[141.0, 127.0]",57.01751796098172,0.9010162711143492,0.2231435775756836,0.9437848329544067,-0.08611655235290527,0.6775591613189595,"[158.0, 120.0]"
normal_1549_PPE.jpg,ok,normal,"[101.0, 122.0]",45.254833995939045,0.9509115397930145,0.23741024732589722,0.9908972978591919,-0.09936591982841492,0.59375,"[84.0, 115.0]"
normal_1550_PPE.jpg,negative_score,normal,"[48.0, 123.0]",35.918785545899944,0.6068375706672668,-0.011859893798828125,0.8827680349349976,-0.0037992000579833984,-2.203603419234338,"[163.0, 119.0]"
normal_1551_PPE.jpg,ok,normal,"[132.0, 121.0]",45.254833995939045,0.8908475458621978,0.17830228805541992,0.9750828146934509,-0.14993643760681152,0.5219669206006764,"[144.0, 139.0]"
normal_1552_PPE.jpg,ok,normal,"[137.0, 122.0]",45.254833995939045,0.9474740326404572,0.234818696975708,0.9783428907394409,-0.13907656073570251,0.650614378515658,"[152.0, 117.0]"
normal_1553_PPE.jpg,ok,normal,"[105.0, 124.0]",45.254833995939045,0.870067685842514,0.15651315450668335,0.9859350919723511,-0.11699983477592468,0.7093581994103395,"[92.0, 122.0]"
normal_1554_PPE.jpg,ok,normal,"[141.0, 125.0]",45.254833995939045,0.9195216119289398,0.20306068658828735,0.9924293756484985,-0.10880181193351746,0.3471067995069944,"[153.0, 152.0]"
normal_1555_PPE.jpg,ok,normal,"[98.0, 118.0]",57.01751796098172,0.8913318157196045,0.20175129175186157,0.9587587714195251,-0.09224691987037659,0.8168930026723529,"[88.0, 115.0]"
normal_1556_PPE.jpg,ok,normal,"[138.0, 121.0]",45.254833995939045,0.9312805414199828,0.22024238109588623,0.9864475131034851,-0.10262450575828552,0.6185451370083218,"[155.0, 118.0]"
normal_1557_PPE.jpg,ok,normal,"[99.0, 125.0]",45.254833995939045,0.9181118249893188,0.20388662815093994,0.9825295805931091,-0.13227245211601257,0.6685436963188058,"[90.0, 137.0]"
normal_1558_PPE.jpg,ok,normal,"[133.0, 118.0]",45.254833995939045,0.9771645843982696,0.2694844603538513,0.96623295545578,-0.15658527612686157,0.7423058983988962,"[143.0, 124.0]"
normal_1559_PPE.jpg,ok,normal,"[105.0, 122.0]",45.254833995939045,0.9743527114391326,0.2713969945907593,0.9606159925460815,-0.15262261033058167,0.5889704238135655,"[94.0, 137.0]"
normal_1560_PPE.jpg,ok,normal,"[140.0, 123.0]",57.01751796098172,0.9102791726589202,0.21952217817306519,0.9646050930023193,-0.07766714692115784,0.6337860053447057,"[160.0, 129.0]"
normal_1561_PPE.jpg,ok,normal,"[101.0, 132.0]",57.01751796098172,0.8951000928878784,0.2097020149230957,0.9546535611152649,-0.08570292592048645,0.5528550087814985,"[78.0, 143.0]"
normal_1562_PPE.jpg,negative_score,normal,"[128.0, 114.0]",45.254833995939045,0.9316472053527831,0.21725678443908691,0.981873631477356,-0.1353943943977356,-0.02816774227263119,"[82.0, 121.0]"
normal_1563_PPE.jpg,ok,normal,"[101.0, 121.0]",45.254833995939045,0.9186437427997589,0.20624899864196777,0.975706160068512,-0.14700216054916382,0.6782615580941562,"[87.0, 125.0]"
normal_1564_PPE.jpg,ok,normal,"[125.0, 122.0]",45.254833995939045,0.952864134311676,0.23737072944641113,0.9879769682884216,-0.11954763531684875,0.3471067995069944,"[152.0, 110.0]"
normal_1565_PPE.jpg,ok,normal,"[106.0, 123.0]",57.01751796098172,0.9394104629755019,0.23781734704971313,0.9838327169418335,-0.06455107033252716,0.4950260704529589,"[79.0, 133.0]"
normal_1566_PPE.jpg,ok,normal,"[137.0, 120.0]",45.254833995939045,0.9569264531135558,0.24978548288345337,0.9647743701934814,-0.15899455547332764,0.5580582617584078,"[153.0, 108.0]"
normal_1567_PPE.jpg,ok,normal,"[102.0, 122.0]",45.254833995939045,0.9724927127361297,0.2555413246154785,0.9826837182044983,-0.1453639268875122,0.27853772621155026,"[81.0, 97.0]"
normal_1568_PPE.jpg,negative_score,normal,"[125.0, 111.0]",57.01751796098172,0.9513221561908721,0.24858951568603516,0.9806843996047974,-0.08126780390739441,-0.19313165215879358,"[187.0, 83.0]"
normal_1569_PPE.jpg,ok,normal,"[108.0, 114.0]",71.83757109179989,0.9380460858345031,0.2394784688949585,0.9824846982955933,-0.05414164066314697,0.31733773016506084,"[59.0, 112.0]"
normal_1570_PPE.jpg,ok,normal,"[126.0, 128.0]",45.254833995939045,0.9059534430503844,0.20039737224578857,0.9656910300254822,-0.14786174893379211,0.0552364713855642,"[168.0, 120.0]"
normal_1571_PPE.jpg,negative_score,normal,"[116.0, 118.0]",35.918785545899944,0.7867052733898162,0.22058260440826416,0.7711538076400757,-0.13157501816749573,-0.17459556547489918,"[94.0, 82.0]"
normal_1572_PPE.jpg,ok,normal,"[124.0, 122.0]",71.83757109179989,0.8287795215845107,0.1461595892906189,0.9568386077880859,-0.06416453421115875,0.5682464709322268,"[153.0, 111.0]"
normal_1573_PPE.jpg,ok,normal,"[104.0, 120.0]",71.83757109179989,0.9447614073753356,0.26207900047302246,0.9567567706108093,-0.06476333737373352,0.505682593809427,"[85.0, 90.0]"
normal_1574_PPE.jpg,ok,normal,"[124.0, 116.0]",45.254833995939045,0.9073618531227111,0.20050066709518433,0.9670196175575256,-0.14973726868629456,0.15769800175352788,"[162.0, 119.0]"
normal_1575_PPE.jpg,negative_score,normal,"[116.0, 110.0]",45.254833995939045,0.9291977763175965,0.21542870998382568,0.983828604221344,-0.12544521689414978,-0.47173897991457703,"[72.0, 160.0]"
normal_1576_PPE.jpg,ok,normal,"[132.0, 120.0]",45.254833995939045,1.071657508611679,0.3565317988395691,0.9829734563827515,-0.1352214515209198,0.4149485866609671,"[158.0, 115.0]"
normal_1577_PPE.jpg,ok,normal,"[125.0, 117.0]",45.254833995939045,0.9728293538093566,0.2572125196456909,0.9813823103904724,-0.14324608445167542,0.11033494715707759,"[164.0, 127.0]"
normal_1578_PPE.jpg,negative_score,normal,"[121.0, 125.0]",45.254833995939045,0.9404819071292877,0.22224247455596924,0.991695761680603,-0.12026199698448181,-0.22035151186041468,"[74.0, 154.0]"
normal_1579_PPE.jpg,ok,normal,"[136.0, 118.0]",71.83757109179989,0.8517104297876357,0.14761638641357422,0.9871272444725037,-0.0655248612165451,0.5364312698137041,"[161.0, 96.0]"
normal_1580_PPE.jpg,ok,normal,"[116.0, 124.0]",71.83757109179989,0.8883772045373917,0.2031213641166687,0.9603685736656189,-0.06498919427394867,0.5322698871613392,"[89.0, 104.0]"
normal_1581_PPE.jpg,ok,normal,"[125.0, 129.0]",57.01751796098172,0.994793939590454,0.2871333360671997,0.991482675075531,-0.06811365485191345,0.27009618128503565,"[159.0, 105.0]"
normal_1582_PPE.jpg,ok,normal,"[112.0, 116.0]",71.83757109179989,0.9654288470745086,0.28675413131713867,0.9499722123146057,-0.06847083568572998,0.5684709334007733,"[81.0, 116.0]"
normal_1583_PPE.jpg,ok,normal,"[111.0, 115.0]",35.918785545899944,0.8062190294265746,0.12303853034973145,0.9479736685752869,-0.09799465537071228,0.2529587144390413,"[135.0, 103.0]"
normal_1584_PPE.jpg,negative_score,normal,"[119.0, 116.0]",45.254833995939045,0.9018509209156036,0.19359427690505981,0.9729065895080566,-0.13611015677452087,-0.20261758780586603,"[68.0, 97.0]"
normal_1585_PPE.jpg,ok,normal,"[154.0, 108.0]",71.83757109179989,0.8787275463342666,0.18521326780319214,0.9745215773582458,-0.056745871901512146,0.7716902281412339,"[167.0, 118.0]"
normal_1586_PPE.jpg,ok,normal,"[126.0, 126.0]",57.01751796098172,0.9577201545238495,0.2643423080444336,0.9656589031219482,-0.08708307147026062,0.05146223360739499,"[177.0, 108.0]"
normal_1587_PPE.jpg,negative_score,normal,"[118.0, 133.0]",45.254833995939045,0.9431207358837128,0.22730296850204468,0.9853395819664001,-0.13040030002593994,-0.15688327252579803,"[72.0, 158.0]"
normal_1588_PPE.jpg,ok,normal,"[114.0, 119.0]",45.254833995939045,1.0289092540740967,0.3138485550880432,0.9905120730400085,-0.10851123929023743,0.4619007700711699,"[91.0, 111.0]"
normal_1589_PPE.jpg,negative_score,normal,"[114.0, 129.0]",35.918785545899944,0.9446405291557312,0.2362687587738037,0.9673116207122803,-0.1562681794166565,-0.10137579231769611,"[152.0, 140.0]"
normal_1590_PPE.jpg,ok,normal,"[120.0, 124.0]",45.254833995939045,0.9837185502052307,0.26425111293792725,0.9838680028915405,-0.1537991762161255,0.2677890928837512,"[87.0, 121.0]"
normal_1591_PPE.jpg,ok,normal,"[123.0, 125.0]",35.918785545899944,0.9213595867156983,0.21881604194641113,0.9596097469329834,-0.15408360958099365,0.21600200973744,"[151.0, 128.0]"
normal_1592_PPE.jpg,negative_score,normal,"[125.0, 124.0]",45.254833995939045,0.9890947043895721,0.27444207668304443,0.9762899875640869,-0.15624818205833435,-0.10684129677655241,"[75.0, 121.0]"
normal_1593_PPE.jpg,negative_score,normal,"[123.0, 116.0]",35.918785545899944,0.8816164076328277,0.19776159524917603,0.9322147965431213,-0.15652227401733398,-0.11431919493023535,"[162.0, 107.0]"
normal_1594_PPE.jpg,ok,normal,"[120.0, 112.0]",35.918785545899944,0.8398044884204864,0.2064027190208435,0.8614398837089539,-0.15196925401687622,0.02398993303608765,"[85.0, 110.0]"
normal_1595_PPE.jpg,ok,normal,"[142.0, 106.0]",71.83757109179989,0.9346385657787322,0.23957127332687378,0.9767014980316162,-0.056881219148635864,0.3613330978411242,"[186.0, 119.0]"
normal_1596_PPE.jpg,ok,normal,"[114.0, 128.0]",57.01751796098172,0.9692067503929137,0.27352410554885864,0.9662358164787292,-0.09658786654472351,0.26736205569317983,"[73.0, 136.0]"
normal_1597_PPE.jpg,negative_score,normal,"[88.0, 41.0]",35.918785545899944,0.5030156195163726,-0.03748518228530884,0.7711828351020813,-0.003364086151123047,-1.5487443500643794,"[78.0, 132.0]"
normal_1598_PPE.jpg,negative_score,normal,"[117.0, 120.0]",35.918785545899944,0.8693863272666931,0.1688232421875,0.9582890272140503,-0.14880383014678955,-0.07141046738927281,"[152.0, 136.0]"
normal_1599_PPE.jpg,negative_score,normal,"[123.0, 116.0]",35.918785545899944,0.8852809607982635,0.17426550388336182,0.9726284146308899,-0.15087783336639404,-0.19746883647414482,"[80.0, 115.0]"
normal_1600_PPE.jpg,ok,normal,"[135.0, 123.0]",57.01751796098172,0.8661087274551391,0.16404563188552856,0.9803060293197632,-0.07924437522888184,0.7166573537546995,"[150.0, 117.0]"
normal_1601_PPE.jpg,negative_score,normal,"[123.0, 129.0]",35.918785545899944,0.9156879782676697,0.21793591976165771,0.9567688703536987,-0.14006924629211426,-0.2870061340529282,"[159.0, 100.0]"
normal_1602_PPE.jpg,negative_score,normal,"[121.0, 121.0]",35.918785545899944,0.8426299512386322,0.2134718894958496,0.8560630679130554,-0.149569571018219,-0.06560725359430553,"[85.0, 134.0]"
normal_1603_PPE.jpg,ok,normal,"[114.0, 132.0]",71.83757109179989,0.9043261259794234,0.20353186130523682,0.9894883036613464,-0.04076226055622101,0.5372680371568996,"[146.0, 123.0]"
normal_1604_PPE.jpg,ok,normal,"[120.0, 136.0]",71.83757109179989,0.9622499525547027,0.2632749080657959,0.9793537259101868,-0.06713718175888062,0.5604624943771499,"[89.0, 130.0]"
normal_1605_PPE.jpg,negative_score,normal,"[33.0, 113.0]",45.254833995939045,0.6067466914653777,-0.018911361694335938,0.8929600119590759,-0.0029302239418029785,-1.8522366497627787,"[152.0, 163.0]"
normal_1606_PPE.jpg,negative_score,normal,"[118.0, 120.0]",45.254833995939045,0.9029046773910522,0.18828308582305908,0.9829931259155273,-0.13263201713562012,-0.3089610025703593,"[63.0, 98.0]"
normal_1607_PPE.jpg,ok,normal,"[123.0, 123.0]",45.254833995939045,0.8960965394973754,0.2175229787826538,0.9267959594726562,-0.14908194541931152,0.418716398820679,"[149.0, 119.0]"
normal_1608_PPE.jpg,ok,normal,"[126.0, 129.0]",57.01751796098172,0.8065097510814666,0.09934103488922119,0.9863994121551514,-0.08344563841819763,0.24932072372291614,"[160.0, 103.0]"
normal_1609_PPE.jpg,ok,normal,"[116.0, 122.0]",57.01751796098172,0.7925138980150223,0.08823001384735107,0.9910730123519897,-0.05266387760639191,0.26715216084735893,"[77.0, 137.0]"
normal_1610_PPE.jpg,negative_score,normal,"[124.0, 121.0]",45.254833995939045,0.9634610533714294,0.2598564028739929,0.9622238874435425,-0.15023964643478394,-0.18791111304676322,"[175.0, 138.0]"
normal_1611_PPE.jpg,negative_score,normal,"[120.0, 120.0]",35.918785545899944,0.8647169589996337,0.24750596284866333,0.8377246856689453,-0.1540185809135437,-0.1579809298680097,"[79.0, 127.0]"
normal_1612_PPE.jpg,ok,normal,"[98.0, 124.0]",57.01751796098172,0.87552250623703,0.1840837001800537,0.962119460105896,-0.0897759199142456,0.6312747942480474,"[89.0, 143.0]"
normal_1613_PPE.jpg,ok,normal,"[117.0, 125.0]",45.254833995939045,0.980780655145645,0.29688727855682373,0.9334806203842163,-0.15228471159934998,0.05601203331292415,"[157.0, 110.0]"
normal_1614_PPE.jpg,ok,normal,"[127.0, 127.0]",45.254833995939045,0.9567875862121582,0.24197489023208618,0.9778386354446411,-0.1516282558441162,0.15769800175352788,"[89.0, 124.0]"
normal_1615_PPE.jpg,ok,normal,"[122.0, 127.0]",45.254833995939045,0.9533584356307983,0.24498242139816284,0.9663821458816528,-0.15954256057739258,0.2338968329917962,"[151.0, 146.0]"
normal_1616_PPE.jpg,ok,normal,"[125.0, 124.0]",45.254833995939045,0.9708667099475861,0.2829769253730774,0.9376691579818726,-0.15760686993598938,0.011788231197381482,"[85.0, 144.0]"
normal_1617_PPE.jpg,ok,normal,"[128.0, 133.0]",57.01751796098172,0.9508542001247405,0.24270766973495483,0.9921450614929199,-0.0682249367237091,0.29911922099584665,"[162.0, 112.0]"
normal_1618_PPE.jpg,ok,normal,"[125.0, 126.0]",57.01751796098172,1.0248085916042329,0.33130866289138794,0.9659749269485474,-0.08658739924430847,0.20765705685010827,"[146.0, 86.0]"
normal_1619_PPE.jpg,ok,normal,"[115.0, 121.0]",35.918785545899944,0.8715860128402709,0.16726911067962646,0.9650378227233887,-0.1439521312713623,0.3112619656337511,"[91.0, 115.0]"
normal_1620_PPE.jpg,ok,normal,"[113.0, 129.0]",45.254833995939045,0.9767954528331756,0.2616426348686218,0.9801585078239441,-0.14520931243896484,0.13708117053224533,"[74.0, 131.0]"
normal_1621_PPE.jpg,ok,normal,"[134.0, 123.0]",45.254833995939045,0.9618991732597351,0.2702287435531616,0.9418731927871704,-0.161795973777771,0.4874618916607274,"[157.0, 126.0]"
normal_1622_PPE.jpg,ok,normal,"[120.0, 117.0]",57.01751796098172,1.0261411428451537,0.32723790407180786,0.973008930683136,-0.08898493647575378,0.24932072372291614,"[154.0, 143.0]"
normal_1623_PPE.jpg,ok,normal,"[117.0, 118.0]",57.01751796098172,0.9966037303209304,0.29506707191467285,0.983444333076477,-0.06562812626361847,0.2897461181957086,"[79.0, 132.0]"
normal_1624_PPE.jpg,ok,normal,"[115.0, 120.0]",35.918785545899944,0.8741127789020537,0.18524301052093506,0.9437066912651062,-0.14137542247772217,0.2199666267546737,"[143.0, 119.0]"
normal_1625_PPE.jpg,negative_score,normal,"[126.0, 124.0]",35.918785545899944,0.8699916720390319,0.2172289490699768,0.8866305351257324,-0.1606067419052124,-0.059406508392501056,"[88.0, 126.0]"
normal_1626_PPE.jpg,ok,normal,"[134.0, 126.0]",71.83757109179989,0.876660966873169,0.199529230594635,0.9512960910797119,-0.05612236261367798,0.590355332288184,"[163.0, 121.0]"
normal_1627_PPE.jpg,ok,normal,"[110.0, 124.0]",71.83757109179989,0.950361630320549,0.2528623342514038,0.9791513085365295,-0.06046690046787262,0.4198393495920021,"[74.0, 103.0]"
normal_1628_PPE.jpg,ok,normal,"[124.0, 126.0]",57.01751796098172,0.9064809739589691,0.22964555025100708,0.9419220089912415,-0.08745008707046509,0.3551183226379191,"[158.0, 112.0]"
normal_1629_PPE.jpg,ok,normal,"[126.0, 115.0]",45.254833995939045,0.913273686170578,0.20955044031143188,0.9639574885368347,-0.14476501941680908,0.10268412403992322,"[86.0, 108.0]"
normal_1630_PPE.jpg,ok,normal,"[132.0, 124.0]",71.83757109179989,0.9635488033294678,0.27773135900497437,0.9630632400512695,-0.05836588144302368,0.6264793572195206,"[156.0, 136.0]"
normal_1631_PPE.jpg,ok,normal,"[130.0, 126.0]",71.83757109179989,0.9007604598999023,0.21577215194702148,0.957819402217865,-0.07257363200187683,0.5265053900566439,"[161.0, 112.0]"
normal_1632_PPE.jpg,ok,normal,"[114.0, 120.0]",57.01751796098172,0.9363894879817962,0.23798155784606934,0.9767662882804871,-0.07335764169692993,0.07693650390430162,"[81.0, 79.0]"
normal_1633_PPE.jpg,ok,normal,"[109.0, 119.0]",45.254833995939045,0.9654374837875366,0.2696934938430786,0.947961688041687,-0.1608540415763855,0.4846117967977924,"[89.0, 107.0]"
normal_1634_PPE.jpg,ok,normal,"[123.0, 119.0]",35.918785545899944,0.8127296566963196,0.1227986216545105,0.9482164978981018,-0.1308974325656891,0.16571098738153123,"[150.0, 132.0]"
normal_1635_PPE.jpg,ok,normal,"[120.0, 117.0]",35.918785545899944,0.8726562857627868,0.16142040491104126,0.9721387624740601,-0.15369373559951782,0.03356671480275042,"[86.0, 124.0]"
normal_1636_PPE.jpg,ok,normal,"[124.0, 122.0]",35.918785545899944,0.8913389980793,0.17835956811904907,0.97586590051651,-0.14936649799346924,0.07286253962740841,"[146.0, 147.0]"
normal_1637_PPE.jpg,ok,normal,"[121.0, 124.0]",45.254833995939045,0.8957184970378875,0.19638782739639282,0.9559096097946167,-0.1509697139263153,0.3061373965257963,"[90.0, 129.0]"
normal_1638_PPE.jpg,negative_score,normal,"[122.0, 119.0]",35.918785545899944,0.847715675830841,0.20079529285430908,0.8856194615364075,-0.13493379950523376,-0.3040572781801134,"[167.0, 106.0]"
normal_1639_PPE.jpg,negative_score,normal,"[119.0, 124.0]",35.918785545899944,0.7396591782569885,0.17649978399276733,0.7647861242294312,-0.13904553651809692,-0.11153339258463912,"[82.0, 139.0]"
normal_1640_PPE.jpg,negative_score,normal,"[46.0, 76.0]",45.254833995939045,0.6509772419929504,-0.005097687244415283,0.9364633560180664,-0.0027529001235961914,-1.8968261187893205,"[165.0, 131.0]"
normal_1641_PPE.jpg,ok,normal,"[126.0, 122.0]",71.83757109179989,0.9944816201925277,0.308904767036438,0.9626317620277405,-0.05867309868335724,0.5200021552083159,"[96.0, 105.0]"
normal_1642_PPE.jpg,negative_score,normal,"[128.0, 123.0]",45.254833995939045,0.9558940589427947,0.2495623230934143,0.9645752310752869,-0.15564537048339844,-0.0031688074546576406,"[83.0, 117.0]"
normal_1643_PPE.jpg,ok,normal,"[127.0, 123.0]",57.01751796098172,0.9413741827011108,0.2383233904838562,0.9823747277259827,-0.07694241404533386,0.25322358400052647,"[169.0, 130.0]"
normal_1644_PPE.jpg,ok,normal,"[120.0, 129.0]",57.01751796098172,0.9351476132869719,0.24022245407104492,0.9682499766349792,-0.08575087785720825,0.11922651294072217,"[79.0, 100.0]"
normal_1645_PPE.jpg,ok,normal,"[131.0, 126.0]",35.918785545899944,0.8509366929531097,0.1945807933807373,0.8998795747756958,-0.13220098614692688,0.2199666267546737,"[154.0, 110.0]"
normal_1646_PPE.jpg,ok,normal,"[118.0, 126.0]",45.254833995939045,1.018815678358078,0.2993435263633728,0.9847181439399719,-0.15084725618362427,0.09725894839660709,"[156.0, 141.0]"
normal_1647_PPE.jpg,ok,normal,"[116.0, 122.0]",45.254833995939045,1.0021845757961274,0.3016737699508667,0.9564539790153503,-0.1549651026725769,0.1194373247746644,"[78.0, 134.0]"
normal_1648_PPE.jpg,negative_score,normal,"[124.0, 126.0]",45.254833995939045,0.8738215446472168,0.1603947877883911,0.9843766689300537,-0.12181544303894043,-0.12021552055843254,"[171.0, 107.0]"
normal_1649_PPE.jpg,ok,normal,"[96.0, 130.0]",71.83757109179989,1.0290545731782912,0.3427867889404297,0.9666878581047058,-0.04793141782283783,0.2450887936825672,"[42.0, 125.0]"
normal_1650_PPE.jpg,ok,normal,"[117.0, 124.0]",45.254833995939045,0.8989398896694183,0.19469135999679565,0.9622780680656433,-0.15326941013336182,0.0508535907195351,"[156.0, 142.0]"
normal_1651_PPE.jpg,negative_score,normal,"[121.0, 120.0]",35.918785545899944,0.7825793743133544,0.17373895645141602,0.8316144347190857,-0.13355156779289246,-0.2752082027902407,"[84.0, 93.0]"
normal_1652_PPE.jpg,ok,normal,"[133.0, 119.0]",45.254833995939045,0.9176187753677368,0.202481210231781,0.9924331307411194,-0.1021718680858612,0.412865805373252,"[158.0, 128.0]"
normal_1653_PPE.jpg,ok,normal,"[116.0, 124.0]",57.01751796098172,0.9546431452035903,0.2711086869239807,0.9530358910560608,-0.08204667270183563,0.22156060751859352,"[157.0, 141.0]"
normal_1654_PPE.jpg,ok,normal,"[117.0, 121.0]",57.01751796098172,0.9556972444057464,0.25820833444595337,0.968926191329956,-0.09620288014411926,0.005087902045278536,"[74.0, 158.0]"
normal_1655_PPE.jpg,ok,normal,"[110.0, 131.0]",45.254833995939045,0.9756146669387817,0.2556304335594177,0.9865004420280457,-0.14716961979866028,0.1670248165461351,"[124.0, 166.0]"
normal_1656_PPE.jpg,ok,normal,"[122.0, 132.0]",57.01751796098172,0.9790075421333312,0.2788955569267273,0.9729200005531311,-0.09533992409706116,0.2068810106864667,"[85.0, 106.0]"
normal_1657_PPE.jpg,ok,normal,"[116.0, 124.0]",35.918785545899944,0.8811275660991669,0.23283600807189941,0.8870021104812622,-0.13695040345191956,0.09357622488113881,"[84.0, 118.0]"
normal_1658_PPE.jpg,negative_score,normal,"[118.0, 125.0]",35.918785545899944,0.9106476068496704,0.2029147744178772,0.9699395895004272,-0.1438755989074707,-0.3559250934391085,"[164.0, 141.0]"
normal_1659_PPE.jpg,negative_score,normal,"[120.0, 122.0]",35.918785545899944,0.8377755224704743,0.19028222560882568,0.8901419043540955,-0.12196981906890869,-0.618589452048744,"[62.0, 126.0]"
normal_1660_PPE.jpg,ok,normal,"[138.0, 128.0]",71.83757109179989,0.8759646505117417,0.18348276615142822,0.9702240228652954,-0.06662534177303314,0.389884522325877,"[163.0, 164.0]"
normal_1661_PPE.jpg,ok,normal,"[110.0, 129.0]",45.254833995939045,0.9624839067459106,0.24743056297302246,0.9829093217849731,-0.1350840926170349,0.13566770712879195,"[89.0, 162.0]"
normal_1662_PPE.jpg,ok,normal,"[134.0, 124.0]",71.83757109179989,0.942834773659706,0.26055651903152466,0.9576825499534607,-0.05950234830379486,0.4563952012014658,"[159.0, 94.0]"
normal_1663_PPE.jpg,ok,normal,"[111.0, 124.0]",57.01751796098172,0.8946063637733459,0.19823181629180908,0.9693884253501892,-0.0890132486820221,0.6594645201456383,"[92.0, 128.0]"
normal_1664_PPE.jpg,ok,normal,"[116.0, 123.0]",57.01751796098172,0.9386265873908997,0.2456257939338684,0.9708443880081177,-0.06704860925674438,0.06600445394307952,"[86.0, 79.0]"
normal_1665_PPE.jpg,negative_score,normal,"[130.0, 116.0]",57.01751796098172,0.8918413281440734,0.2061207890510559,0.9561951160430908,-0.08191978931427002,-0.06855203498342965,"[186.0, 140.0]"
normal_1666_PPE.jpg,ok,normal,"[104.0, 116.0]",57.01751796098172,0.8730300784111023,0.17804694175720215,0.9737472534179688,-0.06680029630661011,0.18318920650578607,"[59.0, 104.0]"
normal_1667_PPE.jpg,ok,normal,"[134.0, 130.0]",71.83757109179989,0.7973267197608948,0.09881186485290527,0.9896360635757446,-0.02884805202484131,0.7733940562202847,"[145.0, 142.0]"
normal_1668_PPE.jpg,ok,normal,"[122.0, 119.0]",57.01751796098172,0.9235582768917083,0.2217676043510437,0.983169436454773,-0.06786033511161804,0.280922750301808,"[82.0, 110.0]"
normal_1669_PPE.jpg,ok,normal,"[132.0, 134.0]",71.83757109179989,0.9610853672027587,0.2773934602737427,0.9579406380653381,-0.0656673014163971,0.4585381982382546,"[169.0, 122.0]"
normal_1670_PPE.jpg,ok,normal,"[128.0, 128.0]",71.83757109179989,0.8955269873142242,0.20288348197937012,0.9697862863540649,-0.06896552443504333,0.5946349644824488,"[156.0, 120.0]"
normal_1671_PPE.jpg,ok,normal,"[123.0, 125.0]",45.254833995939045,0.9509222209453582,0.23597288131713867,0.98377925157547,-0.13151931762695312,0.17438469914856836,"[87.0, 115.0]"
normal_1672_PPE.jpg,ok,normal,"[111.0, 133.0]",45.254833995939045,0.983786779642105,0.2717167139053345,0.9895527958869934,-0.09691554307937622,0.15914849705789325,"[149.0, 131.0]"
normal_1673_PPE.jpg,ok,normal,"[119.0, 116.0]",45.254833995939045,0.9851530015468597,0.277837872505188,0.967186689376831,-0.15142223238945007,0.18960609500687875,"[83.0, 123.0]"
normal_1674_PPE.jpg,ok,normal,"[133.0, 118.0]",45.254833995939045,0.9776157915592193,0.26825326681137085,0.9681491255760193,-0.15829068422317505,0.6016391005005637,"[143.0, 103.0]"
normal_1675_PPE.jpg,ok,normal,"[113.0, 141.0]",57.01751796098172,1.0239585757255554,0.33231812715530396,0.9632083773612976,-0.0869729220867157,0.20378438987239622,"[158.0, 135.0]"
normal_1676_PPE.jpg,negative_score,normal,"[114.0, 112.0]",45.254833995939045,1.006794202327728,0.294514536857605,0.9845621585845947,-0.11543077230453491,-0.20221150385445896,"[62.0, 128.0]"
normal_1677_PPE.jpg,ok,normal,"[111.0, 116.0]",57.01751796098172,1.0184156596660614,0.3263830542564392,0.9638996124267578,-0.08651438355445862,0.10090750518136848,"[159.0, 134.0]"
normal_1678_PPE.jpg,negative_score,normal,"[124.0, 124.0]",45.254833995939045,0.9560111820697784,0.2382621169090271,0.9932605028152466,-0.11233356595039368,-0.258176383699837,"[75.0, 153.0]"
normal_1679_PPE.jpg,ok,normal,"[126.0, 132.0]",71.83757109179989,0.9360406845808028,0.27124112844467163,0.9335600733757019,-0.05653752386569977,0.1482418846689273,"[186.0, 144.0]"
normal_1680_PPE.jpg,ok,normal,"[106.0, 136.0]",71.83757109179989,0.9697554618120193,0.2796139717102051,0.9707521200180054,-0.05307503044605255,0.3463388751341612,"[64.0, 157.0]"
normal_1681_PPE.jpg,ok,normal,"[114.0, 116.0]",57.01751796098172,0.9889684200286865,0.29035454988479614,0.9792563915252686,-0.06567198038101196,0.017063052180546934,"[60.0, 131.0]"
normal_1682_PPE.jpg,ok,normal,"[121.0, 135.0]",45.254833995939045,0.9847972571849822,0.2939056158065796,0.9483840465545654,-0.13511404395103455,0.3797052112100249,"[149.0, 137.0]"
normal_1683_PPE.jpg,ok,normal,"[121.0, 138.0]",45.254833995939045,0.9581398129463196,0.24320727586746216,0.9871361255645752,-0.11968624591827393,0.20665610782586863,"[86.0, 146.0]"
normal_1684_PPE.jpg,negative_score,normal,"[172.0, 210.0]",35.918785545899944,0.528138506412506,-0.038028061389923096,0.8078380823135376,-0.0033995509147644043,-1.3154597904611087,"[198.0, 131.0]"
normal_1685_PPE.jpg,ok,normal,"[120.0, 118.0]",35.918785545899944,0.9366620481014252,0.25547510385513306,0.9326744079589844,-0.14157429337501526,0.371887773974801,"[98.0, 113.0]"
normal_1686_PPE.jpg,ok,normal,"[118.0, 130.0]",71.83757109179989,0.9267137050628662,0.23469287157058716,0.970281720161438,-0.0641181468963623,0.1711871423056347,"[66.0, 101.0]"
normal_1687_PPE.jpg,ok,normal,"[116.0, 128.0]",57.01751796098172,0.9369148790836334,0.2412325143814087,0.9690542817115784,-0.08672183752059937,0.20455741491884882,"[160.0, 117.0]"
normal_1688_PPE.jpg,ok,normal,"[124.0, 133.0]",57.01751796098172,0.9796692192554474,0.2765905261039734,0.9777164459228516,-0.09338590502738953,0.24564190316655155,"[89.0, 158.0]"
normal_1689_PPE.jpg,ok,normal,"[120.0, 119.0]",45.254833995939045,1.0050062835216522,0.2882081866264343,0.9788275361061096,-0.1580941081047058,0.07666958108161526,"[159.0, 104.0]"
normal_1690_PPE.jpg,negative_score,normal,"[122.0, 105.0]",35.918785545899944,0.9333208501338958,0.22117507457733154,0.9747628569602966,-0.14905887842178345,-0.24413465722283267,"[88.0, 134.0]"
normal_1691_PPE.jpg,negative_score,normal,"[118.0, 49.0]",35.918785545899944,0.5203146755695343,-0.033192992210388184,0.7896731495857239,-0.0036823153495788574,-1.0926788238931602,"[175.0, 98.0]"
normal_1692_PPE.jpg,ok,normal,"[116.0, 118.0]",71.83757109179989,1.011347261071205,0.3341057300567627,0.9484937191009521,-0.0664796382188797,0.25231052231226847,"[69.0, 144.0]"
normal_1693_PPE.jpg,ok,normal,"[121.0, 126.0]",57.01751796098172,0.828509896993637,0.1364690661430359,0.9624277949333191,-0.09170687198638916,0.06781755915707521,"[174.0, 130.0]"
normal_1694_PPE.jpg,negative_score,normal,"[116.0, 117.0]",45.254833995939045,0.8426065146923065,0.12976032495498657,0.9830117225646973,-0.1236899197101593,-0.40538167636055356,"[177.0, 99.0]"
normal_1695_PPE.jpg,ok,normal,"[121.0, 127.0]",45.254833995939045,0.9286969065666199,0.2129683494567871,0.9788004159927368,-0.15284132957458496,0.13793036099164246,"[160.0, 126.0]"
normal_1696_PPE.jpg,ok,normal,"[114.0, 126.0]",45.254833995939045,0.8902892112731934,0.17272818088531494,0.9898006916046143,-0.12350273132324219,0.01873009574327622,"[150.0, 100.0]"
normal_1697_PPE.jpg,ok,normal,"[125.0, 127.0]",35.918785545899944,0.9315462708473206,0.238287091255188,0.9468107223510742,-0.15245836973190308,0.21550784139952073,"[100.0, 140.0]"
normal_1698_PPE.jpg,ok,normal,"[119.0, 129.0]",45.254833995939045,0.9917718529701233,0.27149903774261475,0.9922573566436768,-0.12846332788467407,0.1496209484882639,"[154.0, 145.0]"
normal_1699_PPE.jpg,ok,normal,"[128.0, 128.0]",57.01751796098172,0.9678184092044829,0.2778177857398987,0.9591262936592102,-0.09306108951568604,0.14474107072992604,"[81.0, 115.0]"
normal_1700_PPE.jpg,ok,normal,"[120.0, 131.0]",57.01751796098172,1.0283486485481261,0.3251509666442871,0.9767661690711975,-0.09730681777000427,0.05993149035863954,"[133.0, 183.0]"
normal_1701_PPE.jpg,negative_score,normal,"[125.0, 122.0]",35.918785545899944,0.7402130126953125,0.07001239061355591,0.9226745963096619,-0.12164202332496643,-0.730824782202991,"[186.0, 134.0]"
normal_1702_PPE.jpg,negative_score,normal,"[121.0, 127.0]",35.918785545899944,0.8275097608566284,0.122073233127594,0.9667842388153076,-0.14343780279159546,-0.08720959759706837,"[83.0, 118.0]"
normal_1703_PPE.jpg,negative_score,normal,"[124.0, 119.0]",35.918785545899944,0.7345123469829559,0.09783053398132324,0.8763133883476257,-0.11631220579147339,-0.7530728004503024,"[170.0, 162.0]"
normal_1704_PPE.jpg,negative_score,normal,"[107.0, 105.0]",57.01751796098172,0.9251371592283248,0.21777594089508057,0.9914876222610474,-0.06659941375255585,-0.2793469008816809,"[46.0, 145.0]"
normal_1705_PPE.jpg,ok,normal,"[130.0, 130.0]",45.254833995939045,0.9339123129844665,0.2174350619316101,0.990070104598999,-0.11714088916778564,0.03529068497292942,"[89.0, 145.0]"
normal_1706_PPE.jpg,ok,normal,"[126.0, 129.0]",57.01751796098172,1.0097428858280182,0.31304508447647095,0.9707362651824951,-0.0859120786190033,0.15142076779417368,"[172.0, 144.0]"
normal_1707_PPE.jpg,ok,normal,"[123.0, 146.0]",57.01751796098172,0.9544270128011703,0.2576233744621277,0.9782499670982361,-0.060143306851387024,0.29300169170677326,"[88.0, 166.0]"
normal_1708_PPE.jpg,negative_score,normal,"[122.0, 130.0]",45.254833995939045,1.0119995057582853,0.31043750047683716,0.9608842134475708,-0.14471527934074402,-0.04978606451505163,"[81.0, 106.0]"
normal_1709_PPE.jpg,ok,normal,"[115.0, 120.0]",45.254833995939045,0.9515203475952148,0.23292845487594604,0.9850523471832275,-0.1452762484550476,0.23805091623521202,"[145.0, 103.0]"
normal_1710_PPE.jpg,ok,normal,"[111.0, 114.0]",57.01751796098172,0.9480799734592437,0.24540340900421143,0.985145092010498,-0.06537500023841858,0.3881612470592334,"[80.0, 98.0]"
normal_1711_PPE.jpg,negative_score,normal,"[121.0, 121.0]",35.918785545899944,0.8454560935497284,0.13766103982925415,0.9706090688705444,-0.1418435275554657,-0.7153054109879364,"[61.0, 107.0]"
normal_1712_PPE.jpg,negative_score,normal,"[114.0, 132.0]",57.01751796098172,0.9052996933460234,0.2114410400390625,0.9710195064544678,-0.07072499394416809,-0.02055207214955934,"[169.0, 151.0]"
normal_1713_PPE.jpg,negative_score,normal,"[123.0, 128.0]",45.254833995939045,0.9748094260692596,0.25859612226486206,0.9808279871940613,-0.14816856384277344,-0.17010282667806575,"[71.0, 138.0]"
normal_1714_PPE.jpg,ok,normal,"[126.0, 125.0]",45.254833995939045,0.8671256065368652,0.15876221656799316,0.97055584192276,-0.14487150311470032,0.094019436604736,"[166.0, 134.0]"
normal_1715_PPE.jpg,ok,normal,"[115.0, 124.0]",57.01751796098172,0.8502600252628326,0.14479827880859375,0.986488401889801,-0.07459932565689087,0.217815719855168,"[82.0, 94.0]"
normal_1716_PPE.jpg,negative_score,normal,"[118.0, 131.0]",45.254833995939045,0.9177139461040495,0.2231331467628479,0.9490005373954773,-0.15140211582183838,-0.030776406404415146,"[158.0, 155.0]"
normal_1717_PPE.jpg,ok,normal,"[122.0, 128.0]",45.254833995939045,0.9203203558921813,0.20863354206085205,0.9730409979820251,-0.15279057621955872,0.04265789487247573,"[81.0, 142.0]"
normal_1718_PPE.jpg,ok,normal,"[126.0, 121.0]",45.254833995939045,0.8996078193187713,0.18316978216171265,0.9900719523429871,-0.11693835258483887,0.12835464493866544,"[92.0, 101.0]"
normal_1719_PPE.jpg,negative_score,normal,"[119.0, 130.0]",45.254833995939045,0.8940125405788422,0.18069088459014893,0.9865646362304688,-0.11363205313682556,-0.04815686445302636,"[164.0, 115.0]"
normal_1720_PPE.jpg,negative_score,normal,"[120.0, 127.0]",45.254833995939045,0.9548561871051788,0.23969793319702148,0.97821044921875,-0.15205469727516174,-0.2655285457072867,"[68.0, 151.0]"
normal_1721_PPE.jpg,ok,normal,"[123.0, 122.0]",45.254833995939045,0.9599169492721557,0.2599904537200928,0.9570754766464233,-0.14986830949783325,0.011788231197381482,"[167.0, 114.0]"
normal_1722_PPE.jpg,ok,normal,"[120.0, 122.0]",45.254833995939045,0.9686906278133391,0.2719128131866455,0.9510306119918823,-0.1552819311618805,0.16614599599210422,"[88.0, 142.0]"
normal_1723_PPE.jpg,ok,normal,"[130.0, 120.0]",45.254833995939045,1.0391354382038116,0.3242608904838562,0.9821880459785461,-0.13671457767486572,0.44757282719800984,"[154.0, 113.0]"
normal_1724_PPE.jpg,negative_score,normal,"[120.0, 119.0]",45.254833995939045,0.8909123241901398,0.17492526769638062,0.9937566518783569,-0.10178700089454651,-0.39928832357738187,"[181.0, 136.0]"
normal_1725_PPE.jpg,ok,normal,"[108.0, 116.0]",71.83757109179989,0.982240143418312,0.299823522567749,0.9547333717346191,-0.07051630318164825,0.3071944416255702,"[62.0, 97.0]"
normal_1726_PPE.jpg,negative_score,normal,"[116.0, 130.0]",71.83757109179989,1.0465567231178285,0.3521573543548584,0.9714223742485046,-0.07201853394508362,-0.809691560017008,"[117.0, 0.0]"
normal_1727_PPE.jpg,ok,normal,"[116.0, 126.0]",71.83757109179989,1.05219447016716,0.35246092081069946,0.9793099164962769,-0.07108303904533386,0.3386762197155947,"[80.0, 157.0]"
normal_1728_PPE.jpg,ok,normal,"[117.0, 123.0]",45.254833995939045,0.9585541367530822,0.2473086714744568,0.9727506637573242,-0.15160000324249268,0.1968689202564753,"[153.0, 118.0]"
normal_1729_PPE.jpg,ok,normal,"[119.0, 119.0]",45.254833995939045,1.012078809738159,0.29175007343292236,0.9868864417076111,-0.1475411355495453,0.04674693483314729,"[88.0, 89.0]"
normal_1730_PPE.jpg,ok,normal,"[135.0, 120.0]",57.01751796098172,0.9170918881893158,0.22836315631866455,0.9592810273170471,-0.08616006374359131,0.575801015024064,"[159.0, 123.0]"
normal_1731_PPE.jpg,negative_score,normal,"[130.0, 122.0]",35.918785545899944,0.9404054105281829,0.22309750318527222,0.981087863445282,-0.1527320146560669,-0.04948296767356797,"[95.0, 108.0]"
normal_1732_PPE.jpg,negative_score,normal,"[119.0, 114.0]",45.254833995939045,0.897901690006256,0.17792505025863647,0.9918720722198486,-0.12833094596862793,-0.34864660169000516,"[69.0, 149.0]"
normal_1733_PPE.jpg,ok,normal,"[138.0, 123.0]",57.01751796098172,0.9927244246006012,0.291425883769989,0.9770821928977966,-0.0867050290107727,0.19151650343653903,"[168.0, 158.0]"
normal_1734_PPE.jpg,ok,normal,"[112.0, 127.0]",45.254833995939045,0.9519377827644347,0.2600933313369751,0.9542204141616821,-0.11945080757141113,0.011788231197381482,"[72.0, 107.0]"
normal_1735_PPE.jpg,ok,normal,"[136.0, 132.0]",71.83757109179989,0.9522679954767226,0.25420933961868286,0.9791479706764221,-0.06327538192272186,0.12346359977484878,"[182.0, 89.0]"
normal_1736_PPE.jpg,ok,normal,"[110.0, 120.0]",45.254833995939045,0.9450100719928741,0.24446779489517212,0.958501398563385,-0.1479564905166626,0.3920288606767588,"[84.0, 111.0]"
normal_1737_PPE.jpg,ok,normal,"[120.0, 124.0]",57.01751796098172,1.0293312251567839,0.33255505561828613,0.9712050557136536,-0.08466315269470215,0.13900582504961334,"[79.0, 151.0]"
normal_1738_PPE.jpg,negative_score,normal,"[114.0, 122.0]",45.254833995939045,0.9974921226501465,0.2803027629852295,0.9817755222320557,-0.14973247051239014,-0.05350048943984831,"[161.0, 130.0]"
normal_1739_PPE.jpg,negative_score,normal,"[127.0, 120.0]",45.254833995939045,1.0033491849899292,0.29425275325775146,0.9693185687065125,-0.1528671681880951,-0.06914283715975,"[81.0, 105.0]"
normal_1740_PPE.jpg,ok,normal,"[136.0, 122.0]",71.83757109179989,0.8536964267492294,0.1657279133796692,0.9636005163192749,-0.06724075973033905,0.5642259167561074,"[164.0, 108.0]"
normal_1741_PPE.jpg,ok,normal,"[111.0, 118.0]",57.01751796098172,0.8785650551319122,0.18132108449935913,0.9709110260009766,-0.08803126215934753,0.7003025017271229,"[95.0, 124.0]"
normal_1742_PPE.jpg,ok,normal,"[120.0, 107.0]",45.254833995939045,0.8730840682983398,0.16128456592559814,0.9862791299819946,-0.1070205569267273,0.06955781681503714,"[78.0, 110.0]"
normal_1743_PPE.jpg,ok,normal,"[117.0, 130.0]",57.01751796098172,0.9057616770267486,0.22428780794143677,0.9503154754638672,-0.08126518130302429,0.24279295497585984,"[159.0, 140.0]"
normal_1744_PPE.jpg,negative_score,normal,"[125.0, 132.0]",45.254833995939045,0.9428622782230377,0.2293158769607544,0.9814224243164062,-0.13275352120399475,-0.050483519623225614,"[81.0, 114.0]"
normal_1745_PPE.jpg,ok,normal,"[121.0, 121.0]",35.918785545899944,0.694836789369583,0.16720199584960938,0.7151749134063721,-0.13506177067756653,0.07453607431379938,"[154.0, 125.0]"
normal_1746_PPE.jpg,ok,normal,"[123.0, 127.0]",35.918785545899944,0.8661811470985412,0.18407189846038818,0.9357184171676636,-0.13553178310394287,0.019236609138689076,"[94.0, 107.0]"
normal_1747_PPE.jpg,ok,normal,"[128.0, 124.0]",45.254833995939045,0.9019205868244171,0.18863725662231445,0.9818557500839233,-0.12992152571678162,0.3808871013700329,"[144.0, 147.0]"
normal_1748_PPE.jpg,ok,normal,"[140.0, 126.0]",57.01751796098172,0.958338862657547,0.2748448848724365,0.9477522373199463,-0.10033705830574036,0.5860772568430206,"[159.0, 140.0]"
normal_1749_PPE.jpg,ok,normal,"[130.0, 122.0]",71.83757109179989,0.975196349620819,0.3075295090675354,0.9425624012947083,-0.039365798234939575,0.02816816267891087,"[185.0, 79.0]"
normal_1750_PPE.jpg,ok,normal,"[90.0, 142.0]",71.83757109179989,0.8712953597307205,0.19908297061920166,0.9486217498779297,-0.04088582098484039,0.7297168105233454,"[79.0, 158.0]"
normal_1751_PPE.jpg,ok,normal,"[140.0, 126.0]",71.83757109179989,0.9254885852336884,0.2252315878868103,0.9821709990501404,-0.06368649005889893,0.5941572211987767,"[167.0, 137.0]"
normal_1752_PPE.jpg,ok,normal,"[122.0, 126.0]",57.01751796098172,0.9225424826145172,0.21601969003677368,0.9833196401596069,-0.09099522233009338,0.0247601599234194,"[156.0, 170.0]"
normal_1753_PPE.jpg,negative_score,normal,"[209.0, 133.0]",57.01751796098172,0.4404674649238586,-0.09017956256866455,0.757056713104248,-0.0035366415977478027,-1.4508716891558868,"[71.0, 111.0]"
normal_1754_PPE.jpg,ok,normal,"[128.0, 130.0]",71.83757109179989,0.90666084587574,0.22530299425125122,0.9527256488800049,-0.07224948704242706,0.2684227407031212,"[177.0, 149.0]"
normal_1755_PPE.jpg,ok,normal,"[108.0, 127.0]",57.01751796098172,1.0064363956451416,0.2980443239212036,0.9840239882469177,-0.0978763997554779,0.03235954721335721,"[68.0, 89.0]"
normal_1756_PPE.jpg,ok,normal,"[136.0, 108.0]",57.01751796098172,0.9304299533367156,0.2224884033203125,0.9854257702827454,-0.09071755409240723,0.20533119193572447,"[178.0, 125.0]"
normal_1757_PPE.jpg,ok,normal,"[120.0, 121.0]",45.254833995939045,0.8681922316551208,0.16399723291397095,0.9740372896194458,-0.11184448003768921,0.013519117645962808,"[77.0, 109.0]"
normal_1758_PPE.jpg,ok,normal,"[102.0, 126.0]",57.01751796098172,0.967038494348526,0.27514761686325073,0.9628419280052185,-0.08950763940811157,0.5058009079508943,"[77.0, 139.0]"
normal_1759_PPE.jpg,negative_score,normal,"[119.0, 122.0]",35.918785545899944,0.8216569185256958,0.14929920434951782,0.9165217876434326,-0.15396231412887573,-0.2129040879155477,"[162.0, 129.0]"
normal_1760_PPE.jpg,negative_score,normal,"[119.0, 117.0]",35.918785545899944,0.8148728609085083,0.17251497507095337,0.8833146095275879,-0.12018829584121704,-0.01188175319366458,"[83.0, 122.0]"
normal_1761_PPE.jpg,negative_score,normal,"[114.0, 134.0]",57.01751796098172,0.9257757306098938,0.22254705429077148,0.978580892086029,-0.09111025929450989,-0.012381471921464993,"[170.0, 148.0]"
normal_1762_PPE.jpg,negative_score,normal,"[115.0, 111.0]",45.254833995939045,0.9170401513576507,0.2073613405227661,0.9854215979576111,-0.09941846132278442,-0.47505296515074313,"[49.0, 101.0]"
normal_1763_PPE.jpg,negative_score,normal,"[126.0, 129.0]",45.254833995939045,0.8896848380565643,0.18749946355819702,0.9589729905128479,-0.1545214056968689,-0.09976027217298578,"[80.0, 148.0]"
normal_1764_PPE.jpg,ok,normal,"[132.0, 120.0]",57.01751796098172,0.9612192392349242,0.2537524700164795,0.9913956522941589,-0.06744906306266785,0.20127722539399928,"[177.0, 127.0]"
normal_1765_PPE.jpg,negative_score,normal,"[123.0, 124.0]",35.918785545899944,0.8862973213195801,0.23494338989257812,0.8927494883537292,-0.1321464478969574,-0.29511097581532963,"[81.0, 144.0]"
normal_1766_PPE.jpg,ok,normal,"[127.0, 135.0]",57.01751796098172,1.0044034779071807,0.3086917996406555,0.9654199481010437,-0.09958857297897339,0.26234106299736926,"[167.0, 148.0]"
normal_1767_PPE.jpg,ok,normal,"[114.0, 125.0]",45.254833995939045,0.9566767990589141,0.2453172206878662,0.9737321138381958,-0.14873549342155457,0.08998626383993524,"[78.0, 145.0]"
normal_1768_PPE.jpg,ok,normal,"[136.0, 119.0]",45.254833995939045,0.9059472799301147,0.26312142610549927,0.8790251016616821,-0.13754141330718994,0.6436951796565195,"[150.0, 127.0]"
normal_1769_PPE.jpg,ok,normal,"[120.0, 120.0]",45.254833995939045,0.9121002137660981,0.19448918104171753,0.9823310375213623,-0.1498965322971344,0.20665610782586863,"[155.0, 112.0]"
normal_1770_PPE.jpg,ok,normal,"[127.0, 127.0]",57.01751796098172,1.0921865701675413,0.4063006043434143,0.953568160533905,-0.09194126725196838,0.22751054998164444,"[99.0, 161.0]"
normal_1771_PPE.jpg,negative_score,normal,"[119.0, 122.0]",35.918785545899944,0.8270313143730164,0.1621541976928711,0.9108837246894836,-0.13629254698753357,-0.2300372464511753,"[163.0, 118.0]"
normal_1772_PPE.jpg,negative_score,normal,"[121.0, 120.0]",35.918785545899944,0.7751480937004088,0.1432814598083496,0.8624916672706604,-0.14061233401298523,-0.32732744271981606,"[74.0, 112.0]"
normal_1773_PPE.jpg,ok,normal,"[133.0, 123.0]",57.01751796098172,0.9594045400619506,0.2529997229576111,0.9898499250411987,-0.06754934787750244,0.21565579931768408,"[177.0, 131.0]"
normal_1774_PPE.jpg,ok,normal,"[130.0, 122.0]",45.254833995939045,1.0059106469154357,0.2977297306060791,0.9666035175323486,-0.15779227018356323,0.5531140735601534,"[150.0, 119.0]"
normal_1775_PPE.jpg,negative_score,normal,"[121.0, 122.0]",45.254833995939045,0.9264411270618438,0.20765537023544312,0.991388201713562,-0.12407007813453674,-0.3184389443580615,"[63.0, 108.0]"
normal_1776_PPE.jpg,ok,normal,"[118.0, 134.0]",71.83757109179989,0.9613480061292647,0.2906396985054016,0.9442756175994873,-0.048576876521110535,0.32032470306463046,"[158.0, 106.0]"
normal_1777_PPE.jpg,negative_score,normal,"[124.0, 132.0]",45.254833995939045,0.9163141369819641,0.2034415602684021,0.990328311920166,-0.098213791847229,-0.20747994289760352,"[79.0, 101.0]"
normal_1778_PPE.jpg,ok,normal,"[112.0, 126.0]",71.83757109179989,0.9804576516151428,0.3385317921638489,0.8986733555793762,-0.06427255272865295,0.42858937350356463,"[146.0, 149.0]"
normal_1779_PPE.jpg,ok,normal,"[128.0, 120.0]",45.254833995939045,0.8933650374412536,0.17645275592803955,0.9867859482765198,-0.13081058859825134,0.5778357473091783,"[114.0, 107.0]"
normal_1780_PPE.jpg,ok,normal,"[110.0, 120.0]",45.254833995939045,0.915504664182663,0.2675246000289917,0.8851025104522705,-0.14204153418540955,0.5801553486704875,"[91.0, 120.0]"
normal_1781_PPE.jpg,ok,normal,"[111.0, 120.0]",45.254833995939045,0.897319746017456,0.18545377254486084,0.9857558012008667,-0.10918456315994263,0.21625398725097178,"[144.0, 133.0]"
normal_1782_PPE.jpg,ok,normal,"[126.0, 126.0]",45.254833995939045,0.8953448593616485,0.1826358437538147,0.9787628054618835,-0.1378752589225769,0.3844463873877435,"[100.0, 136.0]"
normal_1783_PPE.jpg,ok,normal,"[136.0, 120.0]",71.83757109179989,1.0883966207504272,0.39520740509033203,0.969703197479248,-0.07198488712310791,0.3071944416255702,"[182.0, 139.0]"
normal_1784_PPE.jpg,ok,normal,"[114.0, 126.0]",71.83757109179989,1.0327319175004956,0.34683358669281006,0.9599887728691101,-0.06953094899654388,0.3818386959993135,"[78.0, 152.0]"
normal_1785_PPE.jpg,ok,normal,"[105.0, 120.0]",45.254833995939045,0.9911281049251556,0.27415353059768677,0.9897001385688782,-0.12092238664627075,0.5709521806954381,"[94.0, 104.0]"
normal_1786_PPE.jpg,ok,normal,"[136.0, 122.0]",71.83757109179989,0.8652253031730652,0.17782139778137207,0.9629741311073303,-0.06661006808280945,0.5015835441571133,"[165.0, 143.0]"
normal_1787_PPE.jpg,ok,normal,"[110.0, 118.0]",57.01751796098172,0.9467625558376311,0.24223542213439941,0.9870744943618774,-0.06787493824958801,0.18187222406481562,"[70.0, 94.0]"
normal_1788_PPE.jpg,ok,normal,"[162.0, 115.0]",45.254833995939045,0.766680908203125,0.07974141836166382,0.9747234582901001,-0.023165345191955566,0.40625,"[143.0, 134.0]"
normal_1789_PPE.jpg,ok,normal,"[120.0, 121.0]",57.01751796098172,1.0034076660871505,0.3006991744041443,0.9838010668754578,-0.07023872435092926,0.5871934550362813,"[97.0, 126.0]"
normal_1790_PPE.jpg,ok,normal,"[119.0, 128.0]",57.01751796098172,0.9041599690914153,0.2004377245903015,0.9857959747314453,-0.06832531094551086,0.29824202318195436,"[159.0, 129.0]"
normal_1791_PPE.jpg,ok,normal,"[130.0, 129.0]",57.01751796098172,0.9646314024925232,0.26622432470321655,0.9725594520568848,-0.08807730674743652,0.19839408724555418,"[85.0, 137.0]"
normal_1792_PPE.jpg,ok,normal,"[130.0, 120.0]",45.254833995939045,0.9849218189716338,0.3004941940307617,0.9323660731315613,-0.15885686874389648,0.509365047871638,"[148.0, 107.0]"
normal_1793_PPE.jpg,ok,normal,"[124.0, 123.0]",57.01751796098172,0.9533151566982269,0.2642369270324707,0.9619197845458984,-0.0786719024181366,0.19018597838547913,"[168.0, 109.0]"
normal_1794_PPE.jpg,negative_score,normal,"[128.0, 123.0]",57.01751796098172,0.9831173956394196,0.2859531044960022,0.9706782102584839,-0.08844771981239319,-0.025363186959168837,"[71.0, 136.0]"
normal_1795_PPE.jpg,ok,normal,"[146.0, 114.0]",71.83757109179989,0.8643460005521774,0.1767382025718689,0.96489018201828,-0.06092335283756256,0.5510840566702379,"[174.0, 98.0]"
normal_1796_PPE.jpg,ok,normal,"[129.0, 122.0]",35.918785545899944,0.9904045820236206,0.3080982565879822,0.9334813356399536,-0.1443469524383545,0.3875071312785169,"[151.0, 122.0]"
normal_1797_PPE.jpg,negative_score,normal,"[115.0, 120.0]",35.918785545899944,0.6949620306491852,0.20495909452438354,0.664147138595581,-0.1254996955394745,-0.2450688092682647,"[75.0, 140.0]"
normal_1798_PPE.jpg,ok,normal,"[110.0, 120.0]",45.254833995939045,1.0007537066936494,0.2932339906692505,0.9651239514350891,-0.15966475009918213,0.6140909676491104,"[94.0, 113.0]"
normal_1799_PPE.jpg,negative_score,normal,"[120.0, 138.0]",57.01751796098172,0.9073532581329345,0.21147847175598145,0.9747879505157471,-0.06761610507965088,-0.0760104752840336,"[62.0, 118.0]"
normal_1800_PPE.jpg,ok,normal,"[131.0, 128.0]",45.254833995939045,0.9434822440147399,0.22701531648635864,0.9894818663597107,-0.11914810538291931,0.7093581994103395,"[144.0, 130.0]"
normal_1801_PPE.jpg,ok,normal,"[104.0, 121.0]",57.01751796098172,0.9119569778442382,0.22173947095870972,0.9581771492958069,-0.09746751189231873,0.7646967397953053,"[92.0, 115.0]"
normal_1802_PPE.jpg,ok,normal,"[135.0, 118.0]",57.01751796098172,0.8535120874643325,0.149311363697052,0.9870849251747131,-0.06620638072490692,0.4554594710038574,"[165.0, 126.0]"
normal_1803_PPE.jpg,negative_score,normal,"[114.0, 111.0]",35.918785545899944,0.8268566071987151,0.1473754644393921,0.9357571005821228,-0.12225586175918579,-0.6706670852784391,"[59.0, 135.0]"
normal_1804_PPE.jpg,ok,normal,"[146.0, 123.0]",45.254833995939045,1.0086917221546172,0.29407548904418945,0.990068793296814,-0.1078403890132904,0.4458078796572438,"[169.0, 113.0]"
normal_1805_PPE.jpg,ok,normal,"[102.0, 123.0]",45.254833995939045,1.0208818316459656,0.30635154247283936,0.9890577793121338,-0.11094921827316284,0.5449931319199677,"[84.0, 113.0]"
normal_1806_PPE.jpg,ok,normal,"[138.0, 120.0]",35.918785545899944,0.806766664981842,0.1746872067451477,0.859094500541687,-0.15356653928756714,0.64784136076902,"[150.0, 124.0]"
normal_1807_PPE.jpg,ok,normal,"[108.0, 128.0]",45.254833995939045,0.9823324799537658,0.2911908030509949,0.9413059949874878,-0.1611374020576477,0.5795742485289466,"[89.0, 129.0]"
normal_1808_PPE.jpg,ok,normal,"[121.0, 122.0]",35.918785545899944,0.8684244871139526,0.1816568374633789,0.9398993849754333,-0.14419040083885193,0.3818386959993135,"[99.0, 119.0]"
normal_1809_PPE.jpg,ok,normal,"[136.0, 122.0]",57.01751796098172,0.916306334733963,0.22038638591766357,0.9750230312347412,-0.06701913475990295,0.5277622562578325,"[159.0, 108.0]"
normal_1810_PPE.jpg,ok,normal,"[112.0, 127.0]",57.01751796098172,0.8725544124841689,0.1755552887916565,0.9760714769363403,-0.0687454491853714,0.23130266681170686,"[92.0, 88.0]"
normal_1811_PPE.jpg,negative_score,normal,"[115.0, 130.0]",45.254833995939045,0.9086062371730804,0.1937900185585022,0.9891798496246338,-0.11195161938667297,-0.1977354935460498,"[158.0, 163.0]"
normal_1812_PPE.jpg,ok,normal,"[132.0, 122.0]",45.254833995939045,0.9195468544960022,0.20831972360610962,0.9849468469619751,-0.10882169008255005,0.4692097577667804,"[156.0, 123.0]"
normal_1813_PPE.jpg,ok,normal,"[107.0, 125.0]",57.01751796098172,0.899564790725708,0.21646887063980103,0.9508928656578064,-0.08735457062721252,0.40060500345424577,"[75.0, 113.0]"
normal_1814_PPE.jpg,ok,normal,"[129.0, 124.0]",45.254833995939045,0.9402068078517913,0.24022382497787476,0.9563374519348145,-0.15273383259773254,0.6898526056050125,"[143.0, 125.0]"
normal_1815_PPE.jpg,ok,normal,"[115.0, 120.0]",45.254833995939045,0.9570062220096587,0.26924997568130493,0.9397954940795898,-0.14949700236320496,0.4692097577667804,"[91.0, 121.0]"
normal_1816_PPE.jpg,ok,normal,"[133.0, 122.0]",45.254833995939045,0.9813223004341125,0.2666056752204895,0.9869406819343567,-0.11929073929786682,0.45111974780467823,"[152.0, 138.0]"
normal_1817_PPE.jpg,ok,normal,"[98.0, 119.0]",57.01751796098172,0.911669796705246,0.2430683970451355,0.9280843138694763,-0.09471189975738525,0.693703798041084,"[81.0, 115.0]"
normal_1818_PPE.jpg,ok,normal,"[128.0, 124.0]",45.254833995939045,1.014039808511734,0.3017317056655884,0.974046528339386,-0.1523776650428772,0.4033786533738506,"[155.0, 124.0]"
normal_1819_PPE.jpg,ok,normal,"[135.0, 118.0]",57.01751796098172,0.9782084107398986,0.291948139667511,0.9535588622093201,-0.09384533762931824,0.5931982338242239,"[158.0, 121.0]"
normal_1820_PPE.jpg,ok,normal,"[130.0, 142.0]",71.83757109179989,0.8736549049615859,0.1780925989151001,0.9822410941123962,-0.039967700839042664,0.6011405017136013,"[155.0, 128.0]"
normal_1821_PPE.jpg,ok,normal,"[110.0, 119.0]",45.254833995939045,1.0028185606002806,0.28767120838165283,0.9826072454452515,-0.13661140203475952,0.3622396365012953,"[82.0, 112.0]"
normal_1822_PPE.jpg,ok,normal,"[140.0, 116.0]",45.254833995939045,1.0267357170581817,0.3292868137359619,0.9517876505851746,-0.15598773956298828,0.5219669206006764,"[158.0, 104.0]"
normal_1823_PPE.jpg,ok,normal,"[105.0, 127.0]",45.254833995939045,1.0453298747539521,0.3367530107498169,0.9674413800239563,-0.1568394899368286,0.509365047871638,"[83.0, 124.0]"
normal_1824_PPE.jpg,ok,normal,"[140.0, 125.0]",45.254833995939045,0.9782896578311919,0.2727473974227905,0.965426504611969,-0.14871853590011597,0.7480544453656703,"[147.0, 134.0]"
normal_1825_PPE.jpg,ok,normal,"[101.0, 114.0]",45.254833995939045,0.9756453633308411,0.2634549140930176,0.9840880632400513,-0.11664402484893799,0.6217587988465562,"[84.0, 112.0]"
normal_1826_PPE.jpg,ok,normal,"[120.0, 132.0]",71.83757109179989,0.990441283583641,0.29797184467315674,0.9698917269706726,-0.06772615015506744,0.5766308327347835,"[150.0, 137.0]"
normal_1827_PPE.jpg,negative_score,normal,"[187.0, 176.0]",35.918785545899944,0.5303836286067962,-0.02990931272506714,0.799376904964447,-0.0036455392837524414,-2.964327243432496,"[63.0, 106.0]"
normal_1828_PPE.jpg,ok,normal,"[136.0, 120.0]",45.254833995939045,0.9468953907489776,0.23212403059005737,0.9904800057411194,-0.1071767807006836,0.29670141031706887,"[158.0, 143.0]"
normal_1829_PPE.jpg,ok,normal,"[114.0, 123.0]",57.01751796098172,0.9393651604652404,0.2562323808670044,0.949989914894104,-0.0906991958618164,0.44928088666182775,"[83.0, 118.0]"
normal_1830_PPE.jpg,ok,normal,"[111.0, 120.0]",57.01751796098172,0.9530584216117858,0.27160942554473877,0.9488664269447327,-0.08621248602867126,0.4806125056129714,"[82.0, 114.0]"
normal_1831_PPE.jpg,negative_score,normal,"[123.0, 123.0]",57.01751796098172,0.8920616149902344,0.19058072566986084,0.9830409288406372,-0.06676119565963745,-0.04600467256058183,"[74.0, 157.0]"
normal_1832_PPE.jpg,ok,normal,"[105.0, 118.0]",57.01751796098172,0.9651834070682525,0.28630661964416504,0.941134512424469,-0.10041314363479614,0.49138438435981546,"[85.0, 97.0]"
normal_1833_PPE.jpg,ok,normal,"[130.0, 123.0]",45.254833995939045,1.0981333374977111,0.39479947090148926,0.9603041410446167,-0.15560483932495117,0.6084386223080729,"[147.0, 128.0]"
normal_1834_PPE.jpg,ok,normal,"[111.0, 123.0]",45.254833995939045,1.077318865060806,0.3749670386314392,0.9596709609031677,-0.1529107689857483,0.5133621405500801,"[89.0, 122.0]"
normal_1835_PPE.jpg,ok,normal,"[128.0, 127.0]",45.254833995939045,0.9840731978416443,0.2712242603302002,0.9789057374000549,-0.1380746066570282,0.5108601299219211,"[149.0, 134.0]"
normal_1836_PPE.jpg,ok,normal,"[112.0, 122.0]",45.254833995939045,0.9614659011363982,0.24861639738082886,0.9862501621246338,-0.11237195134162903,0.5317711230071345,"[92.0, 115.0]"
normal_1837_PPE.jpg,ok,normal,"[139.0, 113.0]",57.01751796098172,0.895721310377121,0.24400931596755981,0.9022753238677979,-0.1005963385105133,0.8000306807673768,"[150.0, 116.0]"
normal_1838_PPE.jpg,ok,normal,"[106.0, 123.0]",57.01751796098172,0.8946701288223265,0.23182016611099243,0.91744464635849,-0.10319355130195618,0.706001677840282,"[90.0, 118.0]"
normal_1839_PPE.jpg,negative_score,normal,"[124.0, 126.0]",35.918785545899944,0.8720626533031464,0.1717468500137329,0.9638756513595581,-0.1280142366886139,-0.12745775914062918,"[158.0, 148.0]"
normal_1840_PPE.jpg,ok,normal,"[119.0, 126.0]",35.918785545899944,0.8821889638900756,0.1874939203262329,0.9547544121742249,-0.13183477520942688,0.1477870071383286,"[100.0, 150.0]"
normal_1841_PPE.jpg,ok,normal,"[137.0, 121.0]",45.254833995939045,0.9778070867061615,0.26304948329925537,0.9809112548828125,-0.1405986249446869,0.412865805373252,"[162.0, 130.0]"
normal_1842_RFM.png,ok,normal,"[197.0, 241.0]",45.254833995939045,0.9050417542457581,0.2533290386199951,0.8857018351554871,-0.15860715508460999,0.6016391005005637,"[179.0, 240.0]"
normal_1843_RFM.png,negative_score,normal,"[195.0, 214.0]",45.254833995939045,0.8035432934761048,0.17310547828674316,0.8577138185501099,-0.15019071102142334,-4.498801360864929,"[290.0, 444.0]"
normal_1844_RFM.png,ok,normal,"[571.0, 273.0]",35.918785545899944,0.8928844034671782,0.2897410988807678,0.8186267018318176,-0.15052306652069092,0.25192187662491927,"[590.0, 292.0]"
normal_1845_RFM.png,ok,normal,"[219.0, 297.0]",35.918785545899944,0.8670919954776763,0.28625762462615967,0.7863882184028625,-0.1518130898475647,0.049742472831236006,"[201.0, 268.0]"
normal_1846_RFM.png,ok,normal,"[572.0, 252.0]",45.254833995939045,0.898950707912445,0.2680409550666809,0.8573631048202515,-0.15377789735794067,0.24578010086580193,"[590.0, 281.0]"
normal_1847_RFM.png,ok,normal,"[201.0, 223.0]",45.254833995939045,0.8792091667652129,0.22226357460021973,0.8958445191383362,-0.1492721438407898,0.6016391005005637,"[186.0, 213.0]"
normal_1848_RFM.png,ok,normal,"[561.0, 229.0]",35.918785545899944,0.8901734471321106,0.23618531227111816,0.8891452550888062,-0.15793228149414062,0.4919569992817404,"[579.0, 226.0]"
normal_1849_RFM.png,ok,normal,"[211.0, 253.0]",35.918785545899944,0.9005979776382446,0.2755507230758667,0.8511536121368408,-0.14619863033294678,0.07831263748635653,"[197.0, 223.0]"
normal_1850_RFM.png,negative_score,normal,"[189.0, 289.0]",45.254833995939045,0.9206949114799499,0.29924678802490234,0.8440337181091309,-0.15312260389328003,-1.6894070268834351,"[247.0, 182.0]"
normal_1851_RFM.png,ok,normal,"[192.0, 276.0]",45.254833995939045,0.9667608141899108,0.2797793745994568,0.9357377290725708,-0.1598251461982727,0.3471067995069944,"[165.0, 264.0]"
normal_1852_RFM.png,ok,normal,"[183.0, 250.0]",45.254833995939045,0.871511822938919,0.22306329011917114,0.8838837742805481,-0.1486494541168213,0.44624858916658283,"[161.0, 238.0]"
normal_1853_RFM.png,ok,normal,"[396.0, 253.0]",35.918785545899944,0.7364876508712769,0.2356594204902649,0.6787409782409668,-0.12854772806167603,0.40941200786177834,"[375.0, 256.0]"
normal_1854_RFM.png,ok,normal,"[377.0, 266.0]",45.254833995939045,0.8997546017169952,0.2560333013534546,0.8773661255836487,-0.14782506227493286,0.23039935274845313,"[355.0, 239.0]"
normal_1855_RFM.png,ok,normal,"[393.0, 245.0]",45.254833995939045,0.8965386152267456,0.2569979429244995,0.872940182685852,-0.1424127221107483,0.552568091772614,"[412.0, 238.0]"
normal_1856_RFM.png,ok,normal,"[375.0, 282.0]",35.918785545899944,0.8753798007965087,0.23547422885894775,0.8734126091003418,-0.1425837278366089,0.3306669422433488,"[368.0, 259.0]"
normal_1857_RFM.png,ok,normal,"[391.0, 274.0]",35.918785545899944,0.8928812026977538,0.24314820766448975,0.8873088359832764,-0.14308404922485352,0.26498746648460214,"[407.0, 253.0]"
normal_1858_RFM.png,ok,normal,"[560.0, 232.0]",45.254833995939045,0.8887642800807953,0.29110151529312134,0.8098480105400085,-0.15384578704833984,0.4692097577667804,"[584.0, 231.0]"
normal_1859_RFM.png,ok,normal,"[202.0, 230.0]",45.254833995939045,0.9591897904872895,0.2907213568687439,0.9111842513084412,-0.1531972885131836,0.3557647459972406,"[175.0, 241.0]"
normal_1860_RFM.png,ok,normal,"[390.0, 283.0]",35.918785545899944,0.8569934725761413,0.16930341720581055,0.9422582387924194,-0.14054644107818604,0.601383486505136,"[404.0, 280.0]"
normal_1861_RFM.png,ok,normal,"[388.0, 249.0]",45.254833995939045,0.8028555631637573,0.13861620426177979,0.9091017246246338,-0.13934075832366943,0.6090626249000999,"[375.0, 261.0]"
normal_1862_RFM.png,negative_score,normal,"[208.0, 220.0]",35.918785545899944,0.6660115540027618,0.14477479457855225,0.6981698274612427,-0.1625894010066986,-0.1478967239437483,"[192.0, 258.0]"
normal_1863_RFM.png,no_blob,normal,,,,,,,,"[523.0, 423.0]"
normal_1864_RFM.png,ok,normal,"[198.0, 225.0]",35.918785545899944,0.8848788380622863,0.25347185134887695,0.8586677312850952,-0.15169787406921387,0.5433804562824677,"[185.0, 215.0]"
normal_1865_RFM.png,ok,normal,"[387.0, 264.0]",35.918785545899944,0.6793601036071778,0.15862298011779785,0.6988858580589294,-0.15758511424064636,0.42605163802812585,"[403.0, 251.0]"
normal_1866_RFM.png,ok,normal,"[191.0, 251.0]",45.254833995939045,0.9419514775276183,0.3092612624168396,0.8602741956710815,-0.15249139070510864,0.2925480360830144,"[166.0, 231.0]"
normal_1867_RFM.png,negative_score,normal,"[582.0, 255.0]",45.254833995939045,0.9090640783309936,0.25399917364120483,0.8950467109680176,-0.14266103506088257,-3.4072472275786847,"[444.0, 399.0]"
normal_1868_RFM.png,ok,normal,"[205.0, 228.0]",35.918785545899944,0.9564407050609588,0.29992300271987915,0.8969082236289978,-0.14340972900390625,0.4980967172656042,"[187.0, 227.0]"
normal_1869_RFM.png,ok,normal,"[562.0, 216.0]",45.254833995939045,0.720145982503891,0.1989193558692932,0.7001199126243591,-0.15571343898773193,0.6994471240363853,"[575.0, 212.0]"
normal_1870_RFM.png,ok,normal,"[210.0, 236.0]",35.918785545899944,0.7922057330608367,0.22305428981781006,0.7679482102394104,-0.15793848037719727,0.6825684922887694,"[199.0, 233.0]"
normal_1871_RFM.png,ok,normal,"[561.0, 222.0]",35.918785545899944,0.8978850424289703,0.26993584632873535,0.8530258536338806,-0.15415549278259277,0.4473801677978787,"[576.0, 235.0]"
normal_1872_RFM.png,ok,normal,"[560.0, 234.0]",45.254833995939045,0.9181857287883758,0.26173120737075806,0.8912330269813538,-0.16295701265335083,0.32794333851229485,"[587.0, 248.0]"
normal_1873_RFM.png,ok,normal,"[327.0, 250.0]",57.01751796098172,0.9641298353672026,0.27344805002212524,0.9417102932929993,-0.15742290019989014,0.6862623197270736,"[319.0, 234.0]"
normal_1874_RFM.png,ok,normal,"[566.0, 231.0]",35.918785545899944,0.7268055737018584,0.1575075387954712,0.7704232335090637,-0.15000885725021362,0.5545506409298304,"[582.0, 231.0]"
normal_1875_RFM.png,ok,normal,"[423.0, 261.0]",45.254833995939045,1.0399233043193816,0.3921406865119934,0.8822111487388611,-0.15117406845092773,0.17794084762713092,"[453.0, 239.0]"
normal_1876_RFM.png,ok,normal,"[560.0, 224.0]",35.918785545899944,0.8873801589012146,0.18964684009552002,0.9510389566421509,-0.16003024578094482,0.609238769231708,"[574.0, 223.0]"
normal_1877_RFM.png,ok,normal,"[575.0, 228.0]",45.254833995939045,0.8277949810028076,0.15770137310028076,0.9133278131484985,-0.1538206934928894,0.5778357473091783,"[594.0, 226.0]"
normal_1878_RFM.png,ok,normal,"[571.0, 218.0]",45.254833995939045,0.8881881237030029,0.23038679361343384,0.8940356969833374,-0.15988171100616455,0.3888247745122517,"[592.0, 200.0]"
normal_1879_RFM.png,ok,normal,"[198.0, 287.0]",45.254833995939045,0.8426471590995789,0.17176347970962524,0.9153198003768921,-0.15079909563064575,0.5449931319199677,"[180.0, 297.0]"
normal_1880_RFM.png,ok,normal,"[567.0, 245.0]",35.918785545899944,0.7835792541503905,0.19012171030044556,0.8057386875152588,-0.14720231294631958,0.559801700961275,"[580.0, 254.0]"
normal_1881_RFM.png,ok,normal,"[205.0, 225.0]",35.918785545899944,0.8893142163753509,0.2621556520462036,0.8501221537590027,-0.1603652834892273,0.5510840566702379,"[189.0, 223.0]"
normal_1882_RFM.png,ok,normal,"[403.0, 205.0]",35.918785545899944,0.9892015099525451,0.31008023023605347,0.9256682395935059,-0.155767560005188,0.2676285549154772,"[429.0, 201.0]"
normal_1883_RFM.png,negative_score,normal,"[195.0, 240.0]",35.918785545899944,0.8537123501300811,0.21100258827209473,0.873341977596283,-0.1568518877029419,-3.3787673412700645,"[274.0, 376.0]"
normal_1884_RFM.png,no_blob,normal,,,,,,,,"[579.0, 224.0]"
normal_1885_RFM.png,ok,normal,"[578.0, 238.0]",45.254833995939045,0.8757416963577269,0.23659634590148926,0.8710629940032959,-0.14700627326965332,0.37774038275812893,"[606.0, 241.0]"
normal_1886_RFM.png,ok,normal,"[209.0, 232.0]",45.254833995939045,0.8726598381996155,0.25013530254364014,0.8480957746505737,-0.14428746700286865,0.4650861634805097,"[194.0, 213.0]"
normal_1887_RFM.png,ok,normal,"[553.0, 233.0]",35.918785545899944,0.9647093832492828,0.2768680453300476,0.9394996762275696,-0.15095782279968262,0.22795693600811306,"[578.0, 221.0]"
normal_1888_RFM.png,ok,normal,"[571.0, 245.0]",45.254833995939045,0.8985740900039673,0.2522053122520447,0.8803110122680664,-0.15075534582138062,0.32359809931520744,"[590.0, 221.0]"
normal_1889_RFM.png,ok,normal,"[545.0, 210.0]",35.918785545899944,0.8922116398811339,0.2550656199455261,0.8648321628570557,-0.15881752967834473,0.5467881124405694,"[561.0, 207.0]"
normal_1890_RFM.png,ok,normal,"[213.0, 243.0]",35.918785545899944,0.8314177453517914,0.21916472911834717,0.8337286114692688,-0.14321494102478027,0.22996746823374048,"[192.0, 225.0]"
normal_1891_RFM.png,ok,normal,"[565.0, 218.0]",35.918785545899944,0.8245466887950896,0.22787564992904663,0.8089887499809265,-0.15189456939697266,0.3977160607187251,"[583.0, 230.0]"
normal_1892_RFM.png,negative_score,normal,"[201.0, 210.0]",35.918785545899944,0.8745716512203215,0.24656248092651367,0.8530752062797546,-0.15428262948989868,-0.28730722333861314,"[184.0, 253.0]"
normal_1893_RFM.png,ok,normal,"[202.0, 244.0]",35.918785545899944,0.8372715055942535,0.21313810348510742,0.8473723530769348,-0.15486377477645874,0.42605163802812585,"[186.0, 231.0]"
normal_1894_RFM.png,negative_score,normal,"[210.0, 228.0]",35.918785545899944,0.9754233837127685,0.28548985719680786,0.9426345825195312,-0.1504465937614441,-0.7629928137472517,"[193.0, 167.0]"
normal_1895_RFM.png,ok,normal,"[214.0, 272.0]",57.01751796098172,0.8420412361621856,0.16433119773864746,0.9241235256195068,-0.15411785244941711,0.23130266681170686,"[194.0, 233.0]"
normal_1896_RFM.png,ok,normal,"[180.0, 243.0]",45.254833995939045,0.8502639174461364,0.1967039704322815,0.8913465738296509,-0.14808672666549683,0.4650861634805097,"[165.0, 262.0]"
normal_1897_RFM.png,ok,normal,"[584.0, 240.0]",35.918785545899944,0.8984683811664581,0.22629249095916748,0.9175319075584412,-0.14951777458190918,0.04121617164820335,"[599.0, 209.0]"
normal_1898_RFM.png,ok,normal,"[423.0, 258.0]",45.254833995939045,0.8660609126091002,0.1751914620399475,0.9471781253814697,-0.13922381401062012,0.3988942480727705,"[445.0, 274.0]"
normal_1899_RFM.png,ok,normal,"[197.0, 238.0]",45.254833995939045,0.8510406851768494,0.18531948328018188,0.9081399440765381,-0.1501162052154541,0.4216638898961954,"[171.0, 241.0]"
normal_1900_RFM.png,ok,normal,"[205.0, 231.0]",35.918785545899944,1.0051662802696226,0.30181026458740234,0.96068274974823,-0.15439045429229736,0.4186715196387095,"[185.0, 225.0]"
normal_1901_RFM.png,ok,normal,"[570.0, 219.0]",45.254833995939045,0.8667207717895508,0.18879061937332153,0.9246283769607544,-0.15345144271850586,0.5385992793677062,"[590.0, 213.0]"
normal_1902_RFM.png,ok,normal,"[569.0, 230.0]",45.254833995939045,0.7276120543479919,0.14521139860153198,0.7907401919364929,-0.14441260695457458,0.5732343661328856,"[587.0, 237.0]"
normal_1903_RFM.png,negative_score,normal,"[207.0, 222.0]",45.254833995939045,0.8663071870803832,0.2639515995979309,0.8182121515274048,-0.14803540706634521,-0.005113877254711907,"[182.0, 260.0]"
normal_1904_RFM.png,ok,normal,"[186.0, 244.0]",45.254833995939045,0.7996366322040557,0.07309967279434204,0.9958694577217102,-0.147141695022583,0.15856799888523376,"[171.0, 279.0]"
normal_1905_RFM.png,negative_score,normal,"[565.0, 228.0]",35.918785545899944,0.8457535326480865,0.18725943565368652,0.8973309397697449,-0.15181219577789307,-5.418688972305946,"[442.0, 423.0]"
normal_1906_RFM.png,ok,normal,"[572.0, 261.0]",45.254833995939045,0.922412461042404,0.27919262647628784,0.8737836480140686,-0.15785640478134155,0.2704614043794531,"[591.0, 234.0]"
normal_1907_RFM.png,negative_score,normal,"[581.0, 247.0]",45.254833995939045,0.6880237758159637,0.14679282903671265,0.7366445660591125,-0.12789875268936157,-4.33199547835986,"[446.0, 447.0]"
normal_1908_RFM.png,negative_score,normal,"[556.0, 247.0]",35.918785545899944,0.7857669651508331,0.18152785301208496,0.833663821220398,-0.10337218642234802,-5.3406282791906605,"[426.0, 434.0]"
normal_1909_RFM.png,ok,normal,"[379.0, 259.0]",35.918785545899944,0.8610878765583039,0.15795260667800903,0.9602609276771545,-0.1547631025314331,0.46447565614124664,"[396.0, 250.0]"
normal_1910_RFM.png,ok,normal,"[568.0, 332.0]",45.254833995939045,0.8726479172706604,0.18264895677566528,0.9408472776412964,-0.15702933073043823,0.3742192376718505,"[589.0, 313.0]"
normal_1911_RFM.png,negative_score,normal,"[568.0, 242.0]",45.254833995939045,0.9330605924129486,0.3113490343093872,0.843271017074585,-0.15710923075675964,-1.9945425621036006,"[509.0, 120.0]"
normal_1912_RFM.png,ok,normal,"[191.0, 244.0]",45.254833995939045,0.8594206690788269,0.1585322618484497,0.9576734304428101,-0.15258502960205078,0.4619007700711699,"[183.0, 221.0]"
normal_1913_RFM.png,ok,normal,"[582.0, 226.0]",45.254833995939045,0.8454428315162658,0.16628676652908325,0.926550567150116,-0.1528533399105072,0.6237001694127408,"[599.0, 225.0]"
normal_1914_RFM.png,ok,normal,"[196.0, 215.0]",45.254833995939045,0.8568390607833862,0.16853433847427368,0.9438526630401611,-0.13803929090499878,0.6217587988465562,"[194.0, 198.0]"
normal_1915_RFM.png,negative_score,normal,"[208.0, 235.0]",45.254833995939045,0.9434198200702667,0.27311819791793823,0.9139609932899475,-0.15264463424682617,-0.14904851942813968,"[188.0, 283.0]"
normal_1916_RFM.png,negative_score,normal,"[200.0, 232.0]",45.254833995939045,0.8474853694438934,0.19351589679718018,0.8902972340583801,-0.15380704402923584,-4.318975832455906,"[354.0, 47.0]"
normal_1917_RFM.png,ok,normal,"[563.0, 242.0]",35.918785545899944,1.0602570712566377,0.3807442784309387,0.9269686341285706,-0.15317374467849731,0.0020014286935797765,"[577.0, 275.0]"
normal_1918_RFM.png,ok,normal,"[214.0, 257.0]",35.918785545899944,1.0379379391670227,0.36142241954803467,0.9238365888595581,-0.14914953708648682,0.4002954470436755,"[194.0, 265.0]"
normal_1919_RFM.png,negative_score,normal,"[577.0, 236.0]",45.254833995939045,1.0099420189857482,0.3017430305480957,0.9670109748840332,-0.15645653009414673,-0.39841567720402793,"[571.0, 173.0]"
normal_1920_RFM.png,ok,normal,"[563.0, 272.0]",35.918785545899944,0.9362309694290161,0.257957398891449,0.9262739419937134,-0.14940905570983887,0.4821351848333427,"[578.0, 261.0]"
normal_1921_RFM.png,negative_score,normal,"[565.0, 246.0]",35.918785545899944,0.9580631375312805,0.26847726106643677,0.939399003982544,-0.16003286838531494,-0.7759151030803602,"[550.0, 184.0]"
normal_1922_RFM.png,ok,normal,"[525.0, 260.0]",57.01751796098172,0.7954671442508697,0.09686613082885742,0.9589665532112122,-0.1366221308708191,0.6384351885994768,"[544.0, 268.0]"
normal_1923_RFM.png,ok,normal,"[187.0, 190.0]",57.01751796098172,0.7082610487937927,0.20778879523277283,0.6729564070701599,-0.1470138430595398,0.4036920368356457,"[171.0, 220.0]"
normal_1924_RFM.png,ok,normal,"[111.0, 246.0]",57.01751796098172,0.9097552120685577,0.25831300020217896,0.8850879669189453,-0.15940317511558533,0.5123800799617098,"[89.0, 263.0]"
normal_1925_RFM.png,ok,normal,"[134.0, 273.0]",45.254833995939045,0.8584263861179351,0.23696774244308472,0.8456975817680359,-0.1473516821861267,0.2775232486439443,"[104.0, 260.0]"
normal_1926_RFM.png,ok,normal,"[190.0, 274.0]",35.918785545899944,0.7811367571353912,0.13047093152999878,0.8855672478675842,-0.15384376049041748,0.64784136076902,"[178.0, 278.0]"
normal_1927_RFM.png,ok,normal,"[490.0, 270.0]",71.83757109179989,0.8121097326278687,0.12272840738296509,0.9459567070007324,-0.13605815172195435,0.5786955009633133,"[520.0, 274.0]"
normal_1928_RFM.png,ok,normal,"[564.0, 283.0]",35.918785545899944,0.7682175993919372,0.11912405490875244,0.8843684196472168,-0.15017825365066528,0.4321612564459516,"[584.0, 287.0]"
normal_1929_RFM.png,ok,normal,"[116.0, 195.0]",57.01751796098172,0.8704311788082123,0.17826426029205322,0.9431459307670593,-0.15982383489608765,0.27772161895700087,"[96.0, 231.0]"
normal_1930_RFM.png,ok,normal,"[544.0, 206.0]",57.01751796098172,0.8563758790493011,0.14681285619735718,0.9736163020133972,-0.1401580572128296,0.1433036597505688,"[563.0, 251.0]"
normal_1931_RFM.png,ok,normal,"[429.0, 138.0]",57.01751796098172,0.7579761743545532,0.1756470799446106,0.7944746613502502,-0.13098415732383728,0.7144944014006425,"[445.0, 141.0]"
normal_1932_RFM.png,ok,normal,"[129.0, 210.0]",45.254833995939045,0.96782306432724,0.26431745290756226,0.9606419801712036,-0.15528112649917603,0.4961088907313407,"[111.0, 224.0]"
normal_1933_RFM.png,ok,normal,"[582.0, 201.0]",45.254833995939045,0.8810041606426238,0.25341224670410156,0.8537195324897766,-0.14994120597839355,0.13934754037997432,"[601.0, 167.0]"
normal_1934_RFM.png,ok,normal,"[164.0, 186.0]",57.01751796098172,0.9615182518959046,0.3031803369522095,0.895695686340332,-0.15675467252731323,0.44956022683366115,"[148.0, 213.0]"
normal_1935_RFM.png,ok,normal,"[511.0, 276.0]",57.01751796098172,0.8943888783454895,0.20269900560379028,0.9462642669677734,-0.14652442932128906,0.44928088666182775,"[536.0, 257.0]"
normal_1936_RFM.png,negative_score,normal,"[350.0, 420.0]",45.254833995939045,0.6992150902748107,0.02010047435760498,0.9684844017028809,-0.005877673625946045,-5.015807627097961,"[544.0, 229.0]"
normal_1937_RFM.png,ok,normal,"[587.0, 308.0]",45.254833995939045,0.9379897832870483,0.23308438062667847,0.9620431661605835,-0.15737593173980713,0.552568091772614,"[606.0, 301.0]"
normal_1938_RFM.png,ok,normal,"[173.0, 257.0]",45.254833995939045,0.9379656612873076,0.24488294124603271,0.945748507976532,-0.15529382228851318,0.5302094881758466,"[157.0, 271.0]"
normal_1939_RFM.png,ok,normal,"[365.0, 278.0]",35.918785545899944,0.8908657133579254,0.19264787435531616,0.9553194642066956,-0.14747107028961182,0.6456472047170669,"[374.0, 269.0]"
normal_1940_RFM.png,ok,normal,"[186.0, 286.0]",45.254833995939045,0.8676519393920898,0.1474456787109375,0.9817848205566406,-0.16478443145751953,0.5338614409319906,"[168.0, 275.0]"
normal_1941_RFM.png,ok,normal,"[390.0, 242.0]",35.918785545899944,0.8981206476688385,0.19690728187561035,0.9626603722572327,-0.13675552606582642,0.3990043700854742,"[385.0, 263.0]"
normal_1942_RFM.png,ok,normal,"[141.0, 263.0]",57.01751796098172,0.9230975329875946,0.21902978420257568,0.9615456461906433,-0.15492898225784302,0.5950929891927396,"[118.0, 261.0]"
normal_1943_RFM.png,ok,normal,"[563.0, 256.0]",45.254833995939045,0.8788335978984833,0.27879810333251953,0.8147456049919128,-0.14856785535812378,0.5240141808835057,"[583.0, 248.0]"
normal_1944_RFM.png,ok,normal,"[184.0, 247.0]",45.254833995939045,0.9281717538833617,0.2605594992637634,0.9102071523666382,-0.1523362398147583,0.5014669958267557,"[162.0, 242.0]"
normal_1945_RFM.png,ok,normal,"[184.0, 241.0]",57.01751796098172,0.8623628497123718,0.1500290036201477,0.9726717472076416,-0.157318115234375,0.2556990927439663,"[160.0, 206.0]"
normal_1946_RFM.png,ok,normal,"[573.0, 215.0]",35.918785545899944,0.8113439559936523,0.16794395446777344,0.8799068927764893,-0.13732588291168213,0.5759448438961359,"[587.0, 209.0]"
normal_1947_RFM.png,ok,normal,"[524.0, 236.0]",45.254833995939045,0.7952336132526397,0.1331884264945984,0.9065247178077698,-0.1373894214630127,0.5229894524226955,"[545.0, 241.0]"
normal_1948_RFM.png,ok,normal,"[168.0, 242.0]",57.01751796098172,0.9254948198795319,0.31451278924942017,0.8296694159507751,-0.15106719732284546,0.5787115055522659,"[144.0, 241.0]"
normal_1949_RFM.png,ok,normal,"[260.0, 263.0]",45.254833995939045,0.8505641341209411,0.17442959547042847,0.9228435754776001,-0.15072017908096313,0.15856799888523376,"[225.0, 248.0]"
normal_1950_RFM.png,negative_score,normal,"[562.0, 331.0]",45.254833995939045,0.8002744138240814,0.09940630197525024,0.9617565274238586,-0.13819271326065063,-3.3582267753066724,"[462.0, 161.0]"
normal_1951_RFM.png,ok,normal,"[555.0, 280.0]",57.01751796098172,0.9301857113838196,0.2705247402191162,0.897804856300354,-0.15598785877227783,0.3821577794437806,"[584.0, 260.0]"
normal_1952_RFM.png,ok,normal,"[188.0, 252.0]",57.01751796098172,0.8747958958148956,0.25620245933532715,0.8421223759651184,-0.14553886651992798,0.607827899658842,"[166.0, 256.0]"
normal_1953_RFM.png,ok,normal,"[557.0, 282.0]",45.254833995939045,0.9213261187076568,0.25109803676605225,0.9148431420326233,-0.14918941259384155,0.2338968329917962,"[586.0, 301.0]"
normal_1954_RFM.png,ok,normal,"[201.0, 254.0]",57.01751796098172,0.8646269679069518,0.19577562808990479,0.9092069864273071,-0.16203224658966064,0.776771727066972,"[192.0, 245.0]"
normal_1955_RFM.png,negative_score,normal,"[287.0, 149.0]",35.918785545899944,0.690005761384964,0.014446258544921875,0.9632371068000793,-0.006467640399932861,-7.998066716360642,"[560.0, 322.0]"
normal_1956_RFM.png,ok,normal,"[575.0, 268.0]",45.254833995939045,0.8228699505329131,0.11526799201965332,0.9641788601875305,-0.16338378190994263,0.5466056834829092,"[589.0, 253.0]"
normal_1957_RFM.png,negative_score,normal,"[202.0, 237.0]",35.918785545899944,0.8108108818531037,0.20686423778533936,0.8213630318641663,-0.1449626088142395,-2.2320269237473624,"[236.0, 126.0]"
normal_1958_RFM.png,ok,normal,"[189.0, 298.0]",57.01751796098172,0.8975635051727295,0.19751185178756714,0.9544849395751953,-0.15956097841262817,0.3720346156695483,"[168.0, 269.0]"
normal_1959_RFM.png,ok,normal,"[168.0, 238.0]",57.01751796098172,0.9326756536960602,0.3024855852127075,0.8588650822639465,-0.14492255449295044,0.20746297406871617,"[127.0, 257.0]"
normal_1960_RFM.png,ok,normal,"[211.0, 214.0]",57.01751796098172,0.9092275440692901,0.22274237871170044,0.934791624546051,-0.16065514087677002,0.7660076316675812,"[198.0, 211.0]"
normal_1961_RFM.png,ok,normal,"[517.0, 197.0]",57.01751796098172,0.8568202316761016,0.16041028499603271,0.9542821049690247,-0.14206236600875854,0.7693174499990206,"[530.0, 195.0]"
normal_1962_RFM.png,ok,normal,"[545.0, 274.0]",57.01751796098172,0.9007264137268066,0.2767733335494995,0.8497922420501709,-0.1454925537109375,0.430877340164437,"[572.0, 292.0]"
normal_1963_RFM.png,ok,normal,"[178.0, 234.0]",45.254833995939045,0.9871100127696991,0.33218175172805786,0.8909383416175842,-0.15635710954666138,0.3437500000000001,"[157.0, 213.0]"
normal_1964_RFM.png,ok,normal,"[172.0, 252.0]",57.01751796098172,0.7073909044265747,0.17047899961471558,0.7280704975128174,-0.13631278276443481,0.4138371656758565,"[146.0, 231.0]"
normal_1965_RFM.png,negative_score,normal,"[571.0, 247.0]",35.918785545899944,0.7845925450325012,0.17717409133911133,0.8287533521652222,-0.13645553588867188,-6.549112063174328,"[389.0, 46.0]"
normal_1966_RFM.png,ok,normal,"[129.0, 256.0]",45.254833995939045,0.873844438791275,0.2137693166732788,0.899524986743927,-0.15203815698623657,0.2681225982106019,"[100.0, 240.0]"
normal_1967_RFM.png,ok,normal,"[111.0, 222.0]",45.254833995939045,0.9291980624198913,0.23687899112701416,0.9466707706451416,-0.14824765920639038,0.8517682346796072,"[108.0, 216.0]"
normal_1968_RFM.png,ok,normal,"[564.0, 259.0]",45.254833995939045,0.8704856693744659,0.1820000410079956,0.9432232975959778,-0.14114660024642944,0.7127378701429651,"[576.0, 264.0]"
normal_1969_RFM.png,ok,normal,"[159.0, 242.0]",45.254833995939045,0.8862893044948577,0.2191203236579895,0.9105591177940369,-0.1488879919052124,0.10513618354522802,"[121.0, 256.0]"
normal_1970_RFM.png,ok,normal,"[545.0, 271.0]",45.254833995939045,0.7187133073806762,0.17668426036834717,0.7331650853157043,-0.1440674364566803,0.13708117053224533,"[583.0, 280.0]"
normal_1971_RFM.png,ok,normal,"[116.0, 200.0]",45.254833995939045,0.8448678731918334,0.23318076133728027,0.8318121433258057,-0.1470930576324463,0.3797052112100249,"[88.0, 198.0]"
normal_1972_RFM.png,ok,normal,"[569.0, 298.0]",35.918785545899944,0.8367569983005523,0.13356101512908936,0.9633802771568298,-0.14414894580841064,0.18831444239755324,"[596.0, 287.0]"
normal_1973_RFM.png,ok,normal,"[497.0, 241.0]",57.01751796098172,0.9066520869731902,0.28280186653137207,0.8500301241874695,-0.144145667552948,0.5559614183895212,"[522.0, 237.0]"
normal_1974_RFM.png,ok,normal,"[235.0, 224.0]",57.01751796098172,0.7540292143821716,0.20640236139297485,0.7409858703613281,-0.14468371868133545,0.6279528784449533,"[214.0, 221.0]"
normal_1975_RFM.png,ok,normal,"[194.0, 276.0]",57.01751796098172,0.9567566692829131,0.32337486743927,0.8629029393196106,-0.14674872159957886,0.45857520311579103,"[166.0, 289.0]"
normal_1976_RFM.png,ok,normal,"[152.0, 282.0]",45.254833995939045,0.8056991934776305,0.2305503487586975,0.7780685424804688,-0.1525043249130249,0.23965468371272258,"[132.0, 254.0]"
normal_1977_RFM.png,ok,normal,"[489.0, 268.0]",45.254833995939045,0.9683522284030913,0.3161524534225464,0.8912108540534973,-0.14176088571548462,0.4990243893162063,"[506.0, 283.0]"
normal_1978_RFM.png,ok,normal,"[218.0, 251.0]",45.254833995939045,0.9470853447914123,0.3212053179740906,0.8506019115447998,-0.15229344367980957,0.5338614409319906,"[200.0, 262.0]"
normal_1979_RFM.png,ok,normal,"[183.0, 226.0]",45.254833995939045,0.7975914418697356,0.21830612421035767,0.7846713662147522,-0.15007680654525757,0.42377847141919456,"[157.0, 224.0]"
normal_1980_RFM.png,ok,normal,"[572.0, 287.0]",35.918785545899944,0.7822905719280242,0.211317777633667,0.7728779911994934,-0.14979100227355957,0.22445104613098388,"[598.0, 277.0]"
normal_1981_RFM.png,ok,normal,"[506.0, 254.0]",45.254833995939045,0.8163232445716858,0.18928778171539307,0.8551429510116577,-0.14217698574066162,0.3714942074650386,"[534.0, 249.0]"
normal_1982_RFM.png,ok,normal,"[156.0, 223.0]",45.254833995939045,0.7517942368984223,0.18188250064849854,0.7705768942832947,-0.15253955125808716,0.35652311618831256,"[128.0, 215.0]"
normal_1983_RFM.png,ok,normal,"[195.0, 247.0]",57.01751796098172,0.8346290171146392,0.26886165142059326,0.7657670378684998,-0.14865219593048096,0.12923662543148007,"[179.0, 200.0]"
normal_1984_RFM.png,ok,normal,"[489.0, 298.0]",57.01751796098172,0.932979679107666,0.2769423723220825,0.8939859867095947,-0.15123558044433594,0.5601374225877109,"[514.0, 296.0]"
normal_1985_RFM.png,ok,normal,"[457.0, 256.0]",45.254833995939045,0.8339478969573973,0.19709402322769165,0.8707609176635742,-0.1366061568260193,0.65625,"[468.0, 267.0]"
normal_1986_RFM.png,ok,normal,"[224.0, 251.0]",45.254833995939045,0.8424695789813995,0.24596410989761353,0.8104509115219116,-0.14594915509223938,0.509365047871638,"[202.0, 248.0]"
normal_1987_RFM.png,ok,normal,"[463.0, 254.0]",57.01751796098172,0.8525765538215637,0.2116371989250183,0.876354455947876,-0.13745617866516113,0.523547211700751,"[490.0, 251.0]"
normal_1988_RFM.png,ok,normal,"[219.0, 243.0]",45.254833995939045,0.8035338282585144,0.22717434167861938,0.7863833904266357,-0.12945556640625,0.3064893430883705,"[203.0, 216.0]"
normal_1989_RFM.png,ok,normal,"[229.0, 238.0]",45.254833995939045,0.9231010377407074,0.3107988238334656,0.8315322399139404,-0.1511482298374176,0.35766235027829796,"[210.0, 216.0]"
normal_1990_RFM.png,negative_score,normal,"[225.0, 231.0]",45.254833995939045,0.8582570672035217,0.28848177194595337,0.7720521092414856,-0.1466940939426422,-0.08703294568288045,"[203.0, 187.0]"
normal_1991_RFM.png,negative_score,normal,"[209.0, 282.0]",35.918785545899944,0.95078706741333,0.2341783046722412,0.9770395755767822,-0.16340529918670654,-7.599090964111584,"[335.0, 0.0]"
normal_1992_RFM.png,ok,normal,"[148.0, 287.0]",35.918785545899944,0.9082953095436096,0.2993655800819397,0.8253087997436523,-0.1560678482055664,0.5677978957161018,"[133.0, 291.0]"
normal_1993_RFM.png,negative_score,normal,"[537.0, 202.0]",35.918785545899944,0.8599049627780914,0.2439420223236084,0.8377624154090881,-0.1476462483406067,-3.98377576287787,"[470.0, 368.0]"
normal_1994_RFM.png,ok,normal,"[231.0, 248.0]",45.254833995939045,0.8069523215293884,0.3003208339214325,0.6803542375564575,-0.15191760659217834,0.4542422126070944,"[208.0, 257.0]"
normal_1995_RFM.png,ok,normal,"[525.0, 298.0]",35.918785545899944,0.9417294681072235,0.31280893087387085,0.8552290797233582,-0.15130090713500977,0.13514756521148374,"[551.0, 281.0]"
normal_1996_RFM.png,negative_score,normal,"[566.0, 207.0]",35.918785545899944,0.7569988071918486,0.2553425431251526,0.6837568879127502,-0.11513221263885498,-7.156863790989821,"[282.0, 279.0]"
normal_1997_RFM.png,ok,normal,"[465.0, 252.0]",45.254833995939045,0.9127093732357024,0.2939072847366333,0.8415257334709167,-0.14867037534713745,0.4650861634805097,"[484.0, 237.0]"
normal_1998_RFM.png,ok,normal,"[222.0, 249.0]",35.918785545899944,0.8545621037483215,0.21422702074050903,0.8746694326400757,-0.1403324007987976,0.7879724219480679,"[215.0, 252.0]"
normal_1999_RFM.png,ok,normal,"[220.0, 237.0]",35.918785545899944,0.9324765682220458,0.29992806911468506,0.863324761390686,-0.14110583066940308,0.4048362715628576,"[199.0, 233.0]"
normal_2000_RFM.png,ok,normal,"[509.0, 265.0]",35.918785545899944,0.8433878660202027,0.20560133457183838,0.8731590509414673,-0.1328759789466858,0.7160806282229758,"[519.0, 267.0]"
normal_2001_RFM.png,ok,normal,"[460.0, 239.0]",45.254833995939045,0.8693600416183471,0.2459293007850647,0.85155189037323,-0.13672208786010742,0.5058941155986907,"[482.0, 243.0]"
normal_2002_RFM.png,ok,normal,"[181.0, 253.0]",45.254833995939045,0.9076493501663208,0.29750776290893555,0.8291241526603699,-0.1487734019756317,0.7339158380324,"[173.0, 244.0]"
normal_2003_RFM.png,ok,normal,"[495.0, 221.0]",35.918785545899944,0.6908287644386292,0.17739427089691162,0.6945985555648804,-0.13607752323150635,0.5408413104225007,"[511.0, 225.0]"
normal_2004_RFM.png,ok,normal,"[462.0, 250.0]",35.918785545899944,0.7508291602134705,0.23978161811828613,0.6893281936645508,-0.1425890326499939,0.7133636345296138,"[471.0, 255.0]"
normal_2005_RFM.png,ok,normal,"[525.0, 213.0]",45.254833995939045,0.8855372130870819,0.20889616012573242,0.9229853749275208,-0.1527564525604248,0.6457567484764177,"[541.0, 212.0]"
normal_2006_RFM.png,ok,normal,"[215.0, 243.0]",45.254833995939045,0.9656258940696716,0.3142848610877991,0.8863145112991333,-0.15460437536239624,0.7231242945832914,"[204.0, 249.0]"
normal_2007_RFM.png,ok,normal,"[481.0, 218.0]",35.918785545899944,0.7300743699073791,0.1657015085220337,0.7669545412063599,-0.13752341270446777,0.7755420283351189,"[489.0, 219.0]"
normal_2008_RFM.png,ok,normal,"[460.0, 238.0]",45.254833995939045,0.8941307425498962,0.2986842393875122,0.8105175495147705,-0.1404210925102234,0.4761545433049935,"[481.0, 227.0]"
normal_2009_RFM.png,ok,normal,"[473.0, 250.0]",45.254833995939045,0.8408721327781676,0.16560906171798706,0.9253188371658325,-0.1376994252204895,0.6134588475983443,"[488.0, 241.0]"
normal_2010_RFM.png,ok,normal,"[214.0, 247.0]",45.254833995939045,0.7577631413936615,0.2299039661884308,0.7151366472244263,-0.13631761074066162,0.8317135997770467,"[207.0, 250.0]"
normal_2011_RFM.png,ok,normal,"[226.0, 220.0]",45.254833995939045,0.816418170928955,0.16910827159881592,0.8874335289001465,-0.1305321455001831,0.46783167606480003,"[210.0, 238.0]"
normal_2012_RFM.png,ok,normal,"[474.0, 231.0]",35.918785545899944,0.942277592420578,0.24110692739486694,0.9622889161109924,-0.1378421187400818,0.6285602683565882,"[487.0, 234.0]"
normal_2013_RFM.png,negative_score,normal,"[458.0, 238.0]",35.918785545899944,0.9702590882778167,0.32100361585617065,0.885850727558136,-0.14579981565475464,-0.5944660539794562,"[482.0, 290.0]"
normal_2014_RFM.png,ok,normal,"[225.0, 200.0]",35.918785545899944,0.9168116033077239,0.272871196269989,0.8766269087791443,-0.15150785446166992,0.6122255230654919,"[212.0, 195.0]"
normal_2015_RFM.png,ok,normal,"[565.0, 275.0]",35.918785545899944,0.9051488280296326,0.20860880613327026,0.9792417287826538,-0.05535405874252319,0.18831444239755324,"[590.0, 260.0]"
normal_2016_RFM.png,ok,normal,"[491.0, 298.0]",35.918785545899944,0.7648687720298767,0.2057461142539978,0.7572314739227295,-0.1453031301498413,0.6254432369412497,"[500.0, 288.0]"
normal_2017_RFM.png,ok,normal,"[456.0, 238.0]",35.918785545899944,0.9323767244815826,0.3006875514984131,0.8616275191307068,-0.14274954795837402,0.45301929322520895,"[475.0, 243.0]"
normal_2018_RFM.png,ok,normal,"[439.0, 226.0]",45.254833995939045,0.8876514017581939,0.27576762437820435,0.8349871039390564,-0.13696402311325073,0.5240141808835057,"[459.0, 218.0]"
normal_2019_RFM.png,ok,normal,"[224.0, 251.0]",35.918785545899944,0.9553582668304443,0.2957193851470947,0.8969091176986694,-0.15901249647140503,0.5074497719209882,"[212.0, 264.0]"
normal_2020_RFM.png,ok,normal,"[218.0, 243.0]",45.254833995939045,0.9007907032966613,0.2525860667228699,0.8819942474365234,-0.1540433168411255,0.35766235027829796,"[199.0, 221.0]"
normal_2021_RFM.png,ok,normal,"[440.0, 253.0]",45.254833995939045,0.8679986953735351,0.24148213863372803,0.8559340238571167,-0.1368137001991272,0.7746530452835008,"[450.0, 255.0]"
normal_2022_RFM.png,ok,normal,"[204.0, 250.0]",45.254833995939045,0.9489116311073303,0.3226391077041626,0.8516554832458496,-0.150568425655365,0.7779270249445016,"[194.0, 251.0]"
normal_2023_RFM.png,ok,normal,"[519.0, 275.0]",35.918785545899944,0.8916873753070831,0.2810562252998352,0.8276880383491516,-0.15624761581420898,0.40223729095331984,"[538.0, 285.0]"
normal_2024_RFM.png,ok,normal,"[228.0, 233.0]",35.918785545899944,1.0102805733680724,0.30017369985580444,0.9691992998123169,-0.1583368182182312,0.5408413104225007,"[212.0, 229.0]"
normal_2025_RFM.png,ok,normal,"[209.0, 229.0]",35.918785545899944,0.6706003010272978,0.24643680453300476,0.5605472326278687,-0.15890216827392578,0.17223990057673666,"[189.0, 251.0]"
normal_2026_RFM.png,ok,normal,"[239.0, 230.0]",35.918785545899944,0.952724689245224,0.2584661841392517,0.9464284777641296,-0.15879285335540771,0.6132262330613347,"[227.0, 223.0]"
normal_2027_RFM.png,ok,normal,"[162.0, 268.0]",35.918785545899944,0.8580607652664184,0.2622523903846741,0.8063704967498779,-0.15674513578414917,0.4127022172625504,"[144.0, 257.0]"
normal_2028_RFM.png,ok,normal,"[453.0, 231.0]",35.918785545899944,0.9514528751373291,0.3273354768753052,0.8508478403091431,-0.1426195502281189,0.4206749551681299,"[470.0, 219.0]"
normal_2029_RFM.png,ok,normal,"[210.0, 221.0]",35.918785545899944,0.9500242233276366,0.3180006146430969,0.8597369194030762,-0.15103882551193237,0.2761447915109745,"[184.0, 221.0]"
normal_2030_RFM.png,ok,normal,"[225.0, 247.0]",35.918785545899944,0.7828121244907379,0.21903616189956665,0.7628007531166077,-0.1490771770477295,0.4594336210466906,"[209.0, 236.0]"
normal_2031_RFM.png,ok,normal,"[209.0, 240.0]",45.254833995939045,0.9918340265750885,0.33442580699920654,0.8967118859291077,-0.14854949712753296,0.59375,"[192.0, 247.0]"
normal_2032_RFM.png,ok,normal,"[166.0, 276.0]",35.918785545899944,0.7046819865703582,0.15792423486709595,0.7361451387405396,-0.15728077292442322,0.5467881124405694,"[150.0, 273.0]"
normal_2033_RFM.png,ok,normal,"[235.0, 240.0]",35.918785545899944,1.0222697973251342,0.35526031255722046,0.9103196859359741,-0.14892852306365967,0.6380723957554872,"[223.0, 235.0]"
normal_2034_RFM.png,ok,normal,"[457.0, 252.0]",35.918785545899944,0.8996180474758148,0.2733708620071411,0.853318989276886,-0.14461946487426758,0.7001477235218377,"[467.0, 248.0]"
normal_2035_RFM.png,ok,normal,"[469.0, 256.0]",45.254833995939045,0.9095788896083831,0.2900660037994385,0.8436649441719055,-0.1447371244430542,0.661979567925251,"[484.0, 259.0]"
normal_2036_RFM.png,ok,normal,"[150.0, 230.0]",35.918785545899944,0.6184451222419738,0.14963451027870178,0.6250388026237488,-0.15641725063323975,0.48815707348020787,"[133.0, 237.0]"
normal_2037_RFM.png,ok,normal,"[226.0, 222.0]",35.918785545899944,0.9610116422176361,0.30014896392822266,0.9004649519920349,-0.15268605947494507,0.6043109423788899,"[217.0, 233.0]"
normal_2038_RFM.png,ok,normal,"[456.0, 248.0]",45.254833995939045,0.9902771294116974,0.32871609926223755,0.9009984135627747,-0.1543107032775879,0.5153730493977868,"[471.0, 264.0]"
normal_2039_RFM.png,ok,normal,"[214.0, 226.0]",35.918785545899944,0.8145189821720124,0.22855108976364136,0.7971717715263367,-0.1397382616996765,0.5750319146239581,"[201.0, 234.0]"
normal_2040_RFM.png,ok,normal,"[468.0, 233.0]",35.918785545899944,0.9379760205745696,0.26455581188201904,0.9244171977043152,-0.13164085149765015,0.5536814706222346,"[484.0, 232.0]"
normal_2041_RFM.png,ok,normal,"[464.0, 257.0]",35.918785545899944,1.0050762712955474,0.33606916666030884,0.911639392375946,-0.15429764986038208,0.735881020576765,"[473.0, 260.0]"
normal_2042_RFM.png,negative_score,normal,"[147.0, 269.0]",35.918785545899944,0.6706190824508667,0.19746387004852295,0.6348161697387695,-0.1439194679260254,-1.69723403188173,"[166.0, 174.0]"
normal_2043_RFM.png,ok,normal,"[219.0, 243.0]",45.254833995939045,0.9909136831760407,0.3491285443305969,0.8744999766349792,-0.14817577600479126,0.4846117967977924,"[199.0, 231.0]"
normal_2044_RFM.png,ok,normal,"[207.0, 227.0]",45.254833995939045,0.9398262321949005,0.24584293365478516,0.9472724795341492,-0.1544628143310547,0.2751616559535498,"[181.0, 207.0]"
normal_2045_RFM.png,ok,normal,"[226.0, 225.0]",35.918785545899944,0.8510602891445159,0.243169903755188,0.8267320990562439,-0.14588958024978638,0.4798949516709964,"[208.0, 230.0]"
normal_2046_RFM.png,negative_score,normal,"[512.0, 275.0]",35.918785545899944,0.928245460987091,0.2978247404098511,0.8564471006393433,-0.15453875064849854,-1.8724414734948152,"[518.0, 172.0]"
normal_2047_RFM.png,ok,normal,"[482.0, 269.0]",45.254833995939045,0.8072721600532531,0.198292076587677,0.830219030380249,-0.13913381099700928,0.35766235027829796,"[511.0, 267.0]"
normal_2048_RFM.png,ok,normal,"[206.0, 222.0]",35.918785545899944,0.9207017838954925,0.24631500244140625,0.9220514893531799,-0.14475369453430176,0.4594336210466906,"[190.0, 233.0]"
normal_2049_RFM.png,ok,normal,"[443.0, 247.0]",35.918785545899944,0.9084657013416291,0.2453756332397461,0.9046980738639832,-0.14900708198547363,0.6062746719078522,"[457.0, 245.0]"
normal_2050_RFM.png,ok,normal,"[436.0, 240.0]",35.918785545899944,0.9321209609508514,0.2803468108177185,0.8940034508705139,-0.12985867261886597,0.5741209423344636,"[451.0, 237.0]"
normal_2051_RFM.png,ok,normal,"[459.0, 230.0]",35.918785545899944,0.9820836424827576,0.30210477113723755,0.9290509223937988,-0.1482161283493042,0.3106995008324811,"[476.0, 248.0]"
normal_2052_RFM.png,ok,normal,"[183.0, 273.0]",45.254833995939045,0.8331718504428863,0.2842622995376587,0.7414736151695251,-0.1493901014328003,0.6994471240363853,"[172.0, 265.0]"
normal_2053_RFM.png,ok,normal,"[579.0, 224.0]",45.254833995939045,0.890343952178955,0.22874736785888672,0.9001655578613281,-0.15740346908569336,0.4149485866609671,"[605.0, 229.0]"
normal_2054_RFM.png,no_blob,normal,,,,,,,,"[390.0, 198.0]"
normal_2055_RFM.png,ok,normal,"[244.0, 238.0]",35.918785545899944,0.9426764130592346,0.2794991731643677,0.9064861536026001,-0.14318466186523438,0.051783844742474994,"[222.0, 212.0]"
normal_2056_RFM.png,ok,normal,"[225.0, 248.0]",45.254833995939045,1.0280047595500945,0.36792469024658203,0.8974819779396057,-0.15921342372894287,0.5709521806954381,"[221.0, 229.0]"
normal_2057_RFM.png,ok,normal,"[466.0, 253.0]",45.254833995939045,0.9096075534820557,0.27493488788604736,0.8645755052566528,-0.1473490595817566,0.5613853485119313,"[479.0, 268.0]"
normal_2058_RFM.png,ok,normal,"[470.0, 250.0]",35.918785545899944,0.8984298169612884,0.1897221803665161,0.9693589806556702,-0.1507817506790161,0.8031373359539261,"[477.0, 249.0]"
normal_2059_RFM.png,negative_score,normal,"[191.0, 222.0]",45.254833995939045,0.8632362008094787,0.21343529224395752,0.8853725790977478,-0.1502005159854889,-3.8896015302885365,"[301.0, 414.0]"
normal_2060_RFM.png,ok,normal,"[473.0, 222.0]",35.918785545899944,1.0449615776538848,0.3628249168395996,0.9317658543586731,-0.14950281381607056,0.4866449788224937,"[487.0, 210.0]"
normal_2061_RFM.png,ok,normal,"[232.0, 239.0]",35.918785545899944,0.979632955789566,0.33023256063461304,0.8860655426979065,-0.14577257633209229,0.4206749551681299,"[215.0, 251.0]"
normal_2062_RFM.png,ok,normal,"[473.0, 256.0]",35.918785545899944,0.9996314167976379,0.28877174854278564,0.9730995893478394,-0.14844977855682373,0.29020157055743945,"[496.0, 245.0]"
normal_2063_RFM.png,ok,normal,"[216.0, 238.0]",35.918785545899944,0.910932594537735,0.2703399658203125,0.8741769194602966,-0.14334392547607422,0.5741209423344636,"[201.0, 235.0]"
normal_2064_RFM.png,ok,normal,"[526.0, 281.0]",45.254833995939045,0.8942272782325744,0.28288590908050537,0.8311739563941956,-0.147597998380661,0.4798963444658364,"[549.0, 276.0]"
normal_2065_RFM.png,ok,normal,"[475.0, 233.0]",35.918785545899944,0.9680367708206177,0.2681998610496521,0.9595303535461426,-0.14082831144332886,0.5467881124405694,"[486.0, 221.0]"
normal_2066_RFM.png,ok,normal,"[515.0, 236.0]",35.918785545899944,0.6310415387153626,0.18899115920066833,0.5882149338722229,-0.15149962902069092,0.20862188475777999,"[537.0, 254.0]"
normal_2067_RFM.png,ok,normal,"[465.0, 250.0]",35.918785545899944,0.8572751283645629,0.3054649233818054,0.744275689125061,-0.15408611297607422,0.34767424144175907,"[480.0, 232.0]"
normal_2068_RFM.png,ok,normal,"[209.0, 222.0]",35.918785545899944,0.9251952052116393,0.2666969299316406,0.8964766263961792,-0.1548231840133667,0.6122255230654919,"[196.0, 217.0]"
normal_2069_RFM.png,ok,normal,"[468.0, 244.0]",45.254833995939045,1.052302312850952,0.34890735149383545,0.9623003005981445,-0.14892375469207764,0.4747582401883872,"[490.0, 235.0]"
normal_2070_RFM.png,ok,normal,"[238.0, 233.0]",35.918785545899944,0.9348580479621887,0.26367294788360596,0.9195106029510498,-0.1376383900642395,0.4002954470436755,"[218.0, 241.0]"
normal_2071_RFM.png,ok,normal,"[481.0, 250.0]",45.254833995939045,0.9064159691333771,0.24955886602401733,0.8967519402503967,-0.14565372467041016,0.7118892357095973,"[492.0, 243.0]"
normal_2072_RFM.png,ok,normal,"[465.0, 237.0]",45.254833995939045,0.9629507422447203,0.30004847049713135,0.904908299446106,-0.1473323106765747,0.4564835271585598,"[487.0, 226.0]"
normal_2073_RFM.png,ok,normal,"[240.0, 211.0]",35.918785545899944,1.0033991158008575,0.3224978446960449,0.9284316897392273,-0.15499544143676758,0.5861199502883683,"[226.0, 216.0]"
normal_2074_RFM.png,ok,normal,"[456.0, 233.0]",35.918785545899944,0.8836664974689483,0.24071091413497925,0.8806607127189636,-0.1324654221534729,0.4980967172656042,"[474.0, 234.0]"
normal_2075_RFM.png,ok,normal,"[449.0, 277.0]",57.01751796098172,0.6504710912704468,0.12402224540710449,0.7178714871406555,-0.11969402432441711,0.7277297355019288,"[464.0, 281.0]"
normal_2076_RFM.png,ok,normal,"[156.0, 266.0]",35.918785545899944,0.9012700736522674,0.2955951690673828,0.820169985294342,-0.15777957439422607,0.3312462007315681,"[132.0, 267.0]"
normal_2077_RFM.png,ok,normal,"[477.0, 248.0]",45.254833995939045,0.9341444492340087,0.2566659450531006,0.927395224571228,-0.14150923490524292,0.4951407993311403,"[498.0, 239.0]"
normal_2078_RFM.png,ok,normal,"[169.0, 244.0]",35.918785545899944,0.6163482308387755,0.17888566851615906,0.5817864537239075,-0.15106022357940674,0.39195244672367313,"[148.0, 238.0]"
normal_2079_RFM.png,ok,normal,"[227.0, 221.0]",45.254833995939045,0.918741488456726,0.2332700490951538,0.9366711378097534,-0.14900821447372437,0.7746530452835008,"[217.0, 219.0]"
normal_2080_RFM.png,ok,normal,"[447.0, 260.0]",35.918785545899944,0.8976062953472137,0.27129268646240234,0.8537690043449402,-0.14337652921676636,0.3875071312785169,"[469.0, 260.0]"
normal_2081_RFM.png,ok,normal,"[218.0, 224.0]",45.254833995939045,0.8998864948749541,0.2668640613555908,0.8615435361862183,-0.1497097909450531,0.4898491338339217,"[211.0, 202.0]"
normal_2082_RFM.png,ok,normal,"[223.0, 244.0]",45.254833995939045,0.7870002627372742,0.22942692041397095,0.7562141418457031,-0.14111721515655518,0.5153730493977868,"[203.0, 235.0]"
normal_2083_RFM.png,ok,normal,"[262.0, 234.0]",90.50966799187809,0.8356118738651275,0.1491212248802185,0.9451935887336731,-0.12427568435668945,0.6327293977017763,"[231.0, 222.0]"
normal_2084_RFM.png,negative_score,normal,"[191.0, 242.0]",35.918785545899944,0.9696036517620086,0.26288145780563354,0.9661833643913269,-0.15196919441223145,-5.7521310972085935,"[349.0, 426.0]"
normal_2085_RFM.png,ok,normal,"[461.0, 233.0]",45.254833995939045,0.8439449429512024,0.16231024265289307,0.9340775012969971,-0.13890224695205688,0.4956246127634697,"[472.0, 213.0]"
normal_2086_RFM.png,ok,normal,"[452.0, 233.0]",35.918785545899944,0.9019665718078612,0.2210777997970581,0.9296091794967651,-0.15081173181533813,0.6613046661878269,"[464.0, 231.0]"
normal_2087_RFM.png,ok,normal,"[470.0, 245.0]",35.918785545899944,0.8525968074798583,0.15727943181991577,0.9570553302764893,-0.12689322233200073,0.5242598759693973,"[476.0, 261.0]"
normal_2088_RFM.png,ok,normal,"[465.0, 266.0]",57.01751796098172,0.8299006223678589,0.1742544174194336,0.8982882499694824,-0.134222149848938,0.756347794743421,"[477.0, 259.0]"
normal_2089_RFM.png,ok,normal,"[217.0, 233.0]",35.918785545899944,0.8573477029800415,0.17247861623764038,0.939520001411438,-0.13602542877197266,0.8031373359539261,"[210.0, 232.0]"
normal_2090_RFM.png,ok,normal,"[213.0, 238.0]",45.254833995939045,0.8696667671203613,0.19047564268112183,0.9266060590744019,-0.15283441543579102,0.49176700102216897,"[190.0, 238.0]"
normal_2091_RFM.png,negative_score,normal,"[462.0, 255.0]",35.918785545899944,0.8934917390346526,0.3331441283226013,0.7602531313896179,-0.14085209369659424,-0.008813113062589695,"[479.0, 287.0]"
normal_2092_RFM.png,negative_score,normal,"[452.0, 240.0]",35.918785545899944,0.722312182188034,0.23971882462501526,0.6456781625747681,-0.15309321880340576,-0.07466100383351448,"[463.0, 277.0]"
normal_2093_RFM.png,ok,normal,"[224.0, 234.0]",45.254833995939045,0.8799093425273895,0.23048275709152222,0.882976233959198,-0.15671610832214355,0.4162018221165812,"[211.0, 257.0]"
normal_2094_RFM.png,ok,normal,"[453.0, 246.0]",35.918785545899944,0.8257816612720489,0.18376100063323975,0.8811009526252747,-0.12624996900558472,0.3977160607187251,"[471.0, 234.0]"
normal_2095_RFM.png,ok,normal,"[143.0, 272.0]",57.01751796098172,0.9137274146080017,0.3190585672855377,0.8079035878181458,-0.14568167924880981,0.42737501381642284,"[114.0, 257.0]"
normal_2096_RFM.png,ok,normal,"[567.0, 274.0]",45.254833995939045,0.9895472764968871,0.35190433263778687,0.867820143699646,-0.15084421634674072,0.12919532543170165,"[590.0, 242.0]"
normal_2097_RFM.png,ok,normal,"[529.0, 292.0]",45.254833995939045,0.6934068143367768,0.16030645370483398,0.7218824028968811,-0.13891339302062988,0.5240141808835057,"[549.0, 300.0]"
normal_2098_RFM.png,ok,normal,"[168.0, 237.0]",45.254833995939045,0.7984097361564636,0.23620951175689697,0.7611277103424072,-0.14705413579940796,0.29496786420759524,"[141.0, 254.0]"
normal_2099_RFM.png,ok,normal,"[185.0, 257.0]",45.254833995939045,0.930515730381012,0.30843907594680786,0.8479540348052979,-0.14254415035247803,0.3988942480727705,"[159.0, 265.0]"
normal_2100_RFM.png,ok,normal,"[486.0, 221.0]",57.01751796098172,0.8565930902957916,0.2588563561439514,0.8137888312339783,-0.1404227614402771,0.525163954700921,"[513.0, 223.0]"
normal_2101_RFM.png,ok,normal,"[539.0, 289.0]",45.254833995939045,0.9431750118732453,0.265092670917511,0.9265986084938049,-0.147316575050354,0.5493060905670014,"[559.0, 285.0]"
normal_2102_RFM.png,ok,normal,"[176.0, 211.0]",57.01751796098172,0.8847811818122864,0.2585466504096985,0.8517078161239624,-0.15019530057907104,0.5601374225877109,"[153.0, 201.0]"
normal_2103_RFM.png,ok,normal,"[109.0, 231.0]",57.01751796098172,0.8850968599319458,0.2987039387226105,0.7976430058479309,-0.14021408557891846,0.15523544276111,"[105.0, 183.0]"
normal_2104_RFM.png,ok,normal,"[588.0, 261.0]",57.01751796098172,0.939099645614624,0.24500375986099243,0.947271466255188,-0.155029296875,0.6300255804862507,"[609.0, 259.0]"
normal_2105_RFM.png,ok,normal,"[125.0, 186.0]",57.01751796098172,0.8908851623535157,0.24070656299591064,0.8845329284667969,-0.15502774715423584,0.578346595570947,"[102.0, 193.0]"
normal_2106_RFM.png,ok,normal,"[261.0, 310.0]",45.254833995939045,0.905406504869461,0.208690345287323,0.9529898762702942,-0.14811623096466064,0.4912868563718842,"[242.0, 323.0]"
normal_2107_RFM.png,ok,normal,"[488.0, 264.0]",57.01751796098172,0.8684962570667266,0.18293023109436035,0.9368180632591248,-0.14896690845489502,0.6823648078005007,"[506.0, 262.0]"
normal_2108_RFM.png,ok,normal,"[519.0, 308.0]",45.254833995939045,0.7526516199111938,0.16532033681869507,0.7972128391265869,-0.1464114785194397,0.317847501470529,"[547.0, 321.0]"
normal_2109_RFM.png,ok,normal,"[166.0, 173.0]",45.254833995939045,0.8361388802528381,0.22054392099380493,0.8364087343215942,-0.15054422616958618,0.6715031868495525,"[156.0, 184.0]"
normal_2110_RFM.png,negative_score,normal,"[560.0, 250.0]",45.254833995939045,0.5978446036577225,0.24560123682022095,0.45985743403434753,-0.15171581506729126,-5.659403595668308,"[270.0, 332.0]"
normal_2111_RFM.png,ok,normal,"[506.0, 246.0]",57.01751796098172,0.8794428527355194,0.24058783054351807,0.8739625811576843,-0.13540607690811157,0.3508396652416085,"[535.0, 269.0]"
normal_2112_RFM.png,negative_score,normal,"[208.0, 260.0]",45.254833995939045,0.888508003950119,0.2593171000480652,0.8552897572517395,-0.1524403691291809,-3.6626947848052414,"[342.0, 423.0]"
normal_2113_RFM.png,ok,normal,"[200.0, 222.0]",35.918785545899944,0.9652631402015686,0.27594107389450073,0.9410816431045532,-0.15282458066940308,0.4980967172656042,"[190.0, 237.0]"
normal_2114_RFM.png,negative_score,normal,"[213.0, 294.0]",35.918785545899944,0.9559851884841919,0.2569878101348877,0.9555459022521973,-0.15057623386383057,-7.441024775976015,"[446.0, 100.0]"
normal_2115_RFM.png,ok,normal,"[192.0, 227.0]",35.918785545899944,0.8303780913352966,0.20953702926635742,0.8442054986953735,-0.14948606491088867,0.7433224894112469,"[183.0, 229.0]"
normal_2116_RFM.png,ok,normal,"[205.0, 300.0]",45.254833995939045,0.9639332890510559,0.2971324920654297,0.9088563919067383,-0.15300661325454712,0.6685436963188058,"[193.0, 291.0]"
normal_2117_RFM.png,ok,normal,"[561.0, 241.0]",45.254833995939045,0.9297558903694153,0.26030731201171875,0.9120917320251465,-0.15492182970046997,0.6836178635731783,"[574.0, 247.0]"
normal_2118_RFM.png,ok,normal,"[584.0, 250.0]",45.254833995939045,0.8933465778827667,0.2228965163230896,0.9166372418403625,-0.1440199613571167,0.5778357473091783,"[603.0, 248.0]"
normal_2119_RFM.png,ok,normal,"[564.0, 248.0]",45.254833995939045,0.9869214296340942,0.3309957981109619,0.8941200971603394,-0.15020781755447388,0.29496786420759524,"[581.0, 275.0]"
normal_2120_RFM.png,ok,normal,"[200.0, 253.0]",45.254833995939045,1.0149805665016174,0.35821831226348877,0.8944512605667114,-0.15323185920715332,0.4166201655439229,"[179.0, 237.0]"
normal_2121_RFM.png,ok,normal,"[567.0, 217.0]",35.918785545899944,0.9582498371601105,0.2672306299209595,0.9426297545433044,-0.15589189529418945,0.5823912258717161,"[576.0, 229.0]"
normal_2122_RFM.png,negative_score,normal,"[198.0, 243.0]",35.918785545899944,0.936164939403534,0.2402135729789734,0.9514211416244507,-0.14978283643722534,-0.02708743992054452,"[178.0, 274.0]"
normal_2123_RFM.png,ok,normal,"[182.0, 236.0]",35.918785545899944,0.907874572277069,0.2693192958831787,0.8682419061660767,-0.1539297103881836,0.40223729095331984,"[163.0, 246.0]"
normal_2124_RFM.png,ok,normal,"[175.0, 229.0]",45.254833995939045,0.861836314201355,0.1864801049232483,0.9269481897354126,-0.13246238231658936,0.7204915028125263,"[163.0, 233.0]"
normal_2125_RFM.png,ok,normal,"[184.0, 242.0]",45.254833995939045,0.8555045962333678,0.1678769588470459,0.9355810880661011,-0.16360437870025635,0.3174896978799514,"[169.0, 215.0]"
normal_2126_RFM.png,ok,normal,"[577.0, 241.0]",45.254833995939045,0.879195612668991,0.2181491255760193,0.9007099270820618,-0.15274769067764282,0.5778357473091783,"[596.0, 239.0]"
normal_2127_RFM.png,ok,normal,"[405.0, 273.0]",57.01751796098172,0.808665668964386,0.1271173357963562,0.9354201555252075,-0.1337711215019226,0.7123477125384443,"[415.0, 260.0]"
normal_2128_RFM.png,ok,normal,"[185.0, 236.0]",45.254833995939045,0.8706523597240448,0.16865968704223633,0.95759516954422,-0.15838027000427246,0.509365047871638,"[163.0, 233.0]"
normal_2129_RFM.png,negative_score,normal,"[554.0, 229.0]",57.01751796098172,0.8670799434185028,0.22081398963928223,0.8803661465644836,-0.15004825592041016,-0.8535266616686583,"[566.0, 334.0]"
normal_2130_RFM.png,ok,normal,"[580.0, 229.0]",45.254833995939045,0.8802638530731202,0.19431740045547485,0.9365737438201904,-0.15172415971755981,0.41161967550741474,"[602.0, 214.0]"
normal_2131_RFM.png,ok,normal,"[202.0, 235.0]",45.254833995939045,0.8558788657188415,0.24512600898742676,0.8299275040626526,-0.14901801943778992,0.5830729979960521,"[186.0, 245.0]"
normal_2132_RFM.png,ok,normal,"[573.0, 240.0]",35.918785545899944,0.8749580204486846,0.19758588075637817,0.9220417141914368,-0.1597146987915039,0.47692289863066983,"[590.0, 248.0]"
normal_2133_RFM.png,ok,normal,"[565.0, 233.0]",45.254833995939045,0.7865980267524718,0.17002665996551514,0.8404203653335571,-0.14138555526733398,0.5871923495742841,"[583.0, 238.0]"
normal_2134_RFM.png,ok,normal,"[190.0, 249.0]",45.254833995939045,0.8103489875793457,0.1775979995727539,0.8602741956710815,-0.15279525518417358,0.4366326132087517,"[173.0, 230.0]"
normal_2135_RFM.png,ok,normal,"[383.0, 258.0]",45.254833995939045,0.8455268204212188,0.21909373998641968,0.8544433116912842,-0.14161381125450134,0.5,"[399.0, 242.0]"
normal_2136_RFM.png,ok,normal,"[201.0, 232.0]",45.254833995939045,0.8781994581222534,0.2239971160888672,0.891051173210144,-0.152332603931427,0.3192805965377512,"[176.0, 250.0]"
normal_2137_RFM.png,negative_score,normal,"[566.0, 228.0]",35.918785545899944,0.8264915943145752,0.2152482271194458,0.8279299736022949,-0.15846192836761475,-3.146845547828158,"[485.0, 103.0]"
normal_2138_RFM.png,ok,normal,"[245.0, 209.0]",35.918785545899944,0.8350783884525298,0.22211802005767822,0.8293406367301941,-0.1621096134185791,0.34293860207904825,"[231.0, 190.0]"
normal_2139_RFM.png,negative_score,normal,"[563.0, 233.0]",35.918785545899944,0.8850002110004425,0.30381539463996887,0.7835367918014526,-0.16354531049728394,-0.7064711612969456,"[569.0, 294.0]"
normal_2140_RFM.png,ok,normal,"[217.0, 234.0]",35.918785545899944,1.0395802676677706,0.38661593198776245,0.8917935490608215,-0.1435442566871643,0.3868747172032634,"[200.0, 220.0]"
normal_2141_RFM.png,ok,normal,"[555.0, 233.0]",35.918785545899944,1.0702839434146882,0.4058668911457062,0.9032409191131592,-0.16074204444885254,0.4362711204296854,"[572.0, 222.0]"
normal_2142_RFM.png,ok,normal,"[569.0, 303.0]",45.254833995939045,0.7839608192443847,0.06225055456161499,0.9937616586685181,-0.13038551807403564,0.5967660031073769,"[587.0, 300.0]"
normal_2143_RFM.png,ok,normal,"[568.0, 243.0]",45.254833995939045,0.9178420782089233,0.31222259998321533,0.8225787878036499,-0.14907163381576538,0.4798963444658364,"[591.0, 238.0]"
normal_2144_RFM.png,ok,normal,"[194.0, 236.0]",45.254833995939045,0.9258595347404479,0.3236005902290344,0.8200893402099609,-0.1409820318222046,0.629585325277197,"[178.0, 241.0]"
normal_2145_RFM.png,ok,normal,"[215.0, 220.0]",45.254833995939045,0.8269363820552825,0.17889219522476196,0.8826290965080261,-0.15101909637451172,0.650614378515658,"[200.0, 225.0]"
normal_2146_RFM.png,negative_score,normal,"[550.0, 252.0]",45.254833995939045,0.871828019618988,0.2257765531539917,0.879325270652771,-0.1526188850402832,-3.4904956053034946,"[426.0, 413.0]"
normal_2147_RFM.png,ok,normal,"[569.0, 230.0]",35.918785545899944,0.7625776171684264,0.16627585887908936,0.8078190088272095,-0.15414226055145264,0.5750319146239581,"[582.0, 238.0]"
normal_2148_RFM.png,ok,normal,"[207.0, 301.0]",45.254833995939045,0.8658336341381072,0.23550885915756226,0.8583722710609436,-0.1473209261894226,0.5118593952558341,"[185.0, 299.0]"
normal_2149_RFM.png,ok,normal,"[405.0, 271.0]",45.254833995939045,0.8264156699180603,0.16279631853103638,0.9075309038162231,-0.14173859357833862,0.661979567925251,"[420.0, 268.0]"
normal_2150_RFM.png,ok,normal,"[272.0, 205.0]",45.254833995939045,0.8618075966835022,0.19723552465438843,0.90732741355896,-0.14721441268920898,0.5925498496748345,"[260.0, 191.0]"
normal_2151_RFM.png,ok,normal,"[206.0, 228.0]",45.254833995939045,0.9461254596710205,0.24201339483261108,0.9615253210067749,-0.15522170066833496,0.3872290140272633,"[194.0, 203.0]"
normal_2152_RFM.png,ok,normal,"[213.0, 235.0]",45.254833995939045,0.82968230843544,0.26365500688552856,0.7672778964042664,-0.14466387033462524,0.7746530452835008,"[203.0, 233.0]"
normal_2153_RFM.png,ok,normal,"[558.0, 227.0]",45.254833995939045,0.9078758656978606,0.21777820587158203,0.9415267109870911,-0.1551448106765747,0.6217587988465562,"[575.0, 225.0]"
normal_2154_RFM.png,ok,normal,"[550.0, 242.0]",35.918785545899944,0.869134497642517,0.27437931299209595,0.8093196153640747,-0.14115726947784424,0.6556309828168756,"[562.0, 245.0]"
normal_2155_RFM.png,no_blob,normal,,,,,,,,"[403.0, 160.0]"
normal_2156_RFM.png,ok,normal,"[198.0, 240.0]",45.254833995939045,0.8893508315086365,0.2738480567932129,0.8391003608703613,-0.14066261053085327,0.5255554234159695,"[179.0, 230.0]"
normal_2157_RFM.png,ok,normal,"[210.0, 246.0]",45.254833995939045,0.8491180956363678,0.24871718883514404,0.8152281641960144,-0.14870595932006836,0.5014669958267557,"[188.0, 241.0]"
normal_2158_RFM.png,negative_score,normal,"[185.0, 230.0]",35.918785545899944,0.9263371467590331,0.27130770683288574,0.8918806314468384,-0.15356498956680298,-5.33818294529876,"[290.0, 432.0]"
normal_2159_RFM.png,ok,normal,"[194.0, 226.0]",35.918785545899944,0.8498822510242461,0.25608378648757935,0.8089433312416077,-0.13769066333770752,0.4594336210466906,"[178.0, 215.0]"
normal_2160_RFM.png,negative_score,normal,"[567.0, 264.0]",45.254833995939045,0.9425188839435577,0.31602340936660767,0.8532546162605286,-0.1460862159729004,-0.12261030916787852,"[576.0, 214.0]"
normal_2161_RFM.png,ok,normal,"[557.0, 231.0]",45.254833995939045,0.9040682196617126,0.24293988943099976,0.9004065990447998,-0.15421855449676514,0.46554276948477913,"[581.0, 234.0]"
normal_2162_RFM.png,ok,normal,"[213.0, 215.0]",35.918785545899944,0.8833470046520232,0.22622305154800415,0.8947901129722595,-0.1538543701171875,0.47176204115353004,"[195.0, 209.0]"
normal_2163_RFM.png,negative_score,normal,"[200.0, 226.0]",45.254833995939045,0.870172119140625,0.2878354787826538,0.788157045841217,-0.1531335413455963,-4.3099718249017105,"[327.0, 430.0]"
normal_2164_RFM.png,ok,normal,"[572.0, 239.0]",35.918785545899944,0.9946546912193298,0.3631631135940552,0.8584074974060059,-0.15303164720535278,0.06952450016919332,"[593.0, 213.0]"
normal_2165_RFM.png,ok,normal,"[381.0, 270.0]",45.254833995939045,0.7420516729354858,0.14218318462371826,0.818053662776947,-0.13615462183952332,0.3761729756975898,"[370.0, 244.0]"
normal_2166_RFM.png,ok,normal,"[393.0, 276.0]",35.918785545899944,0.6982838928699493,0.16358572244644165,0.7275685667991638,-0.1270008683204651,0.7973174822412243,"[400.0, 278.0]"
normal_2167_RFM.png,ok,normal,"[218.0, 236.0]",35.918785545899944,0.8360192954540252,0.2196333408355713,0.8378214240074158,-0.1495547890663147,0.4146852205021597,"[199.0, 245.0]"
normal_2168_RFM.png,ok,normal,"[575.0, 252.0]",35.918785545899944,0.9473793148994446,0.31793004274368286,0.8543330430984497,-0.15708070993423462,0.4919569992817404,"[593.0, 249.0]"
normal_2169_RFM.png,ok,normal,"[566.0, 275.0]",35.918785545899944,1.038975155353546,0.3578478693962097,0.9290953874588013,-0.15380257368087769,0.2477888168661454,"[587.0, 258.0]"
normal_2170_RFM.png,ok,normal,"[211.0, 234.0]",35.918785545899944,0.8612605988979339,0.2502588629722595,0.8324659466743469,-0.14137786626815796,0.7621299379846986,"[203.0, 237.0]"
normal_2171_RFM.png,negative_score,normal,"[576.0, 237.0]",35.918785545899944,0.9374526679515838,0.23873811960220337,0.9535759091377258,-0.15605705976486206,-6.797352143353144,"[322.0, 355.0]"
normal_2172_RFM.png,ok,normal,"[564.0, 244.0]",45.254833995939045,0.8715145885944366,0.24719929695129395,0.8490576148033142,-0.14987480640411377,0.4841383118994007,"[587.0, 240.0]"
normal_2173_RFM.png,negative_score,normal,"[556.0, 254.0]",45.254833995939045,0.953703248500824,0.30380314588546753,0.8862018585205078,-0.14779400825500488,-3.8127536459131166,"[415.0, 420.0]"
normal_2174_RFM.png,ok,normal,"[557.0, 258.0]",45.254833995939045,0.8524731040000915,0.25787895917892456,0.8068531155586243,-0.14898481965065002,0.5755288216498087,"[572.0, 246.0]"
normal_2175_RFM.png,negative_score,normal,"[205.0, 238.0]",45.254833995939045,0.8596720457077026,0.2815265655517578,0.7839345932006836,-0.14695632457733154,-1.7216220462253755,"[228.0, 117.0]"
normal_2176_RFM.png,negative_score,normal,"[171.0, 302.0]",35.918785545899944,0.691787827014923,0.07747948169708252,0.8407647609710693,-0.1288650631904602,-4.579589410905468,"[330.0, 180.0]"
normal_2177_RFM.png,ok,normal,"[216.0, 244.0]",35.918785545899944,0.9216662168502807,0.2606719136238098,0.9019811153411865,-0.1480376124382019,0.3688102826155496,"[201.0, 261.0]"
normal_2178_RFM.png,ok,normal,"[208.0, 218.0]",45.254833995939045,0.9748575627803803,0.2838297486305237,0.9450450539588928,-0.14748138189315796,0.1556714946183566,"[182.0, 190.0]"
normal_2179_RFM.png,ok,normal,"[192.0, 228.0]",45.254833995939045,0.957650899887085,0.32680583000183105,0.8575499057769775,-0.15280067920684814,0.460541359323998,"[178.0, 208.0]"
normal_2180_RFM.png,ok,normal,"[186.0, 252.0]",35.918785545899944,0.8635667204856873,0.22360223531723022,0.8702021837234497,-0.15411478281021118,0.35725018509525575,"[164.0, 259.0]"
normal_2181_RFM.png,ok,normal,"[572.0, 238.0]",45.254833995939045,0.8920044362545012,0.2752837538719177,0.8391682505607605,-0.14651453495025635,0.5575061794216782,"[592.0, 239.0]"
normal_2182_RFM.png,negative_score,normal,"[212.0, 225.0]",35.918785545899944,1.0054079413414,0.3394009470939636,0.9096540212631226,-0.14624589681625366,-4.722577887503425,"[329.0, 394.0]"
normal_2183_RFM.png,ok,normal,"[553.0, 211.0]",45.254833995939045,0.7246615767478942,0.18197834491729736,0.7361112833023071,-0.13702666759490967,0.1875000000000001,"[567.0, 245.0]"
normal_2184_RFM.png,ok,normal,"[556.0, 249.0]",35.918785545899944,1.0482335031032561,0.3650113344192505,0.9318268895149231,-0.15471673011779785,0.3524445120923352,"[566.0, 270.0]"
normal_2185_RFM.png,ok,normal,"[200.0, 255.0]",45.254833995939045,0.8218762278556823,0.17233461141586304,0.8861210346221924,-0.14628446102142334,0.3546288616230193,"[177.0, 273.0]"
normal_2186_RFM.png,negative_score,normal,"[218.0, 253.0]",45.254833995939045,0.8829909920692443,0.24538040161132812,0.8672745227813721,-0.15259212255477905,-3.229557914989461,"[304.0, 82.0]"
normal_2187_RFM.png,ok,normal,"[204.0, 235.0]",35.918785545899944,0.7679738402366638,0.21253949403762817,0.7473950386047363,-0.16128909587860107,0.42605163802812585,"[184.0, 230.0]"
normal_2188_RFM.png,negative_score,normal,"[556.0, 217.0]",35.918785545899944,0.7636668622493743,0.17990809679031372,0.7877563834190369,-0.16164648532867432,-2.768261996290104,"[512.0, 89.0]"
normal_2189_RFM.png,negative_score,normal,"[197.0, 240.0]",45.254833995939045,0.860206925868988,0.2560797333717346,0.8199796676635742,-0.15070712566375732,-4.407694893621495,"[350.0, 431.0]"
normal_2190_RFM.png,ok,normal,"[561.0, 224.0]",45.254833995939045,0.8681146502494811,0.21096360683441162,0.8954049348831177,-0.15183794498443604,0.5276182356927821,"[582.0, 228.0]"
normal_2191_RFM.png,ok,normal,"[193.0, 246.0]",35.918785545899944,0.8399247527122498,0.20018702745437622,0.868521511554718,-0.15886333584785461,0.1532616654695672,"[171.0, 267.0]"
normal_2192_RFM.png,ok,normal,"[395.0, 259.0]",35.918785545899944,0.8455026268959045,0.17818790674209595,0.9150269031524658,-0.1339794397354126,0.6988580303593626,"[404.0, 253.0]"
normal_2193_RFM.png,ok,normal,"[557.0, 234.0]",35.918785545899944,0.7912269294261932,0.12901431322097778,0.9022336602210999,-0.15324527025222778,0.6434665515486087,"[565.0, 224.0]"
normal_2194_RFM.png,ok,normal,"[195.0, 241.0]",45.254833995939045,0.8169477939605713,0.21478551626205444,0.8157103061676025,-0.15582531690597534,0.5058941155986907,"[173.0, 237.0]"
normal_2195_RFM.png,ok,normal,"[561.0, 240.0]",45.254833995939045,0.8922120094299316,0.21240901947021484,0.9268397092819214,-0.15507596731185913,0.6243495224946467,"[576.0, 232.0]"
normal_2196_RFM.png,negative_score,normal,"[196.0, 230.0]",35.918785545899944,0.9191046714782715,0.22113335132598877,0.9510883092880249,-0.16104751825332642,-0.04021009665800723,"[186.0, 194.0]"
normal_2197_RFM.png,ok,normal,"[559.0, 250.0]",35.918785545899944,0.8651091635227203,0.19735294580459595,0.9100168347358704,-0.15372216701507568,0.3651369845775386,"[577.0, 236.0]"
normal_2198_RFM.png,ok,normal,"[581.0, 244.0]",45.254833995939045,0.8202078342437743,0.1708998680114746,0.8850803375244141,-0.1487586498260498,0.3012287570313158,"[599.0, 218.0]"
normal_2199_RFM.png,ok,normal,"[563.0, 240.0]",35.918785545899944,0.9529678344726562,0.3095099925994873,0.8733022809028625,-0.1607312262058258,0.16246561636835222,"[592.0, 232.0]"
normal_2200_RFM.png,ok,normal,"[553.0, 244.0]",45.254833995939045,0.7972640752792358,0.20567387342453003,0.8016707897186279,-0.1521032452583313,0.5493060905670014,"[573.0, 248.0]"
normal_2201_RFM.png,ok,normal,"[554.0, 252.0]",45.254833995939045,0.9203341424465179,0.23234862089157104,0.9401777386665344,-0.149305522441864,0.4687500000000001,"[577.0, 245.0]"
normal_2202_RFM.png,ok,normal,"[211.0, 246.0]",45.254833995939045,0.9044694542884826,0.22580009698867798,0.9273668527603149,-0.14756280183792114,0.5401894072011825,"[194.0, 258.0]"
normal_2203_RFM.png,negative_score,normal,"[556.0, 230.0]",35.918785545899944,1.017807161808014,0.30189013481140137,0.9765373468399048,-0.161704421043396,-0.03010164284976713,"[568.0, 265.0]"
normal_2204_RFM.png,ok,normal,"[572.0, 217.0]",35.918785545899944,0.9472179412841797,0.25583624839782715,0.9427729845046997,-0.15720301866531372,0.10130522809887577,"[603.0, 208.0]"
normal_2205_RFM.png,negative_score,normal,"[557.0, 226.0]",35.918785545899944,0.8015132069587707,0.2209262251853943,0.7830559015274048,-0.16223925352096558,-1.3533117991419772,"[541.0, 143.0]"
normal_2206_RFM.png,ok,normal,"[578.0, 306.0]",45.254833995939045,0.8697172820568084,0.15908712148666382,0.9697926640510559,-0.1588764786720276,0.40707293871842887,"[602.0, 294.0]"
normal_2207_RFM.png,ok,normal,"[210.0, 299.0]",45.254833995939045,0.8712591171264649,0.19000214338302612,0.9277318716049194,-0.15922331809997559,0.5807372542187894,"[192.0, 293.0]"
normal_2208_RFM.png,ok,normal,"[195.0, 234.0]",35.918785545899944,0.8920212388038634,0.26422083377838135,0.855960488319397,-0.14314031600952148,0.5536814706222346,"[179.0, 235.0]"
normal_2209_RFM.png,ok,normal,"[194.0, 217.0]",45.254833995939045,0.7857341349124908,0.18727344274520874,0.8120612502098083,-0.1500890851020813,0.3557647459972406,"[191.0, 188.0]"
normal_2210_RFM.png,ok,normal,"[554.0, 238.0]",45.254833995939045,0.8051481902599334,0.26535990834236145,0.7276602983474731,-0.1521303653717041,0.418716398820679,"[580.0, 234.0]"
normal_2211_RFM.png,ok,normal,"[565.0, 253.0]",35.918785545899944,0.8000770926475526,0.27473098039627075,0.7095649242401123,-0.14325332641601562,0.4369590143766655,"[585.0, 250.0]"
normal_2212_RFM.png,ok,normal,"[545.0, 235.0]",45.254833995939045,0.8093614637851715,0.14698362350463867,0.9053910374641418,-0.14302057027816772,0.9088913766430422,"[549.0, 234.0]"
normal_2213_RFM.png,ok,normal,"[205.0, 248.0]",45.254833995939045,0.817820692062378,0.2240244746208191,0.8086705207824707,-0.13863426446914673,0.7035364693592144,"[193.0, 242.0]"
normal_2214_RFM.png,no_blob,normal,,,,,,,,"[189.0, 238.0]"
normal_2215_RFM.png,ok,normal,"[204.0, 232.0]",45.254833995939045,0.9616580188274383,0.3383467197418213,0.847904622554779,-0.14889031648635864,0.6541258809190835,"[197.0, 246.0]"
normal_2216_RFM.png,ok,normal,"[555.0, 229.0]",45.254833995939045,0.9529079973697662,0.33264976739883423,0.8430601954460144,-0.15058046579360962,0.44757282719800984,"[575.0, 244.0]"
normal_2217_RFM.png,ok,normal,"[204.0, 230.0]",45.254833995939045,0.834227430820465,0.20749354362487793,0.853577733039856,-0.14614737033843994,0.5778357473091783,"[185.0, 232.0]"
normal_2218_RFM.png,ok,normal,"[528.0, 265.0]",57.01751796098172,0.9100637018680572,0.23964804410934448,0.9131278395652771,-0.156130850315094,0.6384351885994768,"[541.0, 249.0]"
normal_2219_RFM.png,ok,normal,"[565.0, 253.0]",45.254833995939045,0.7961802899837493,0.1739066243171692,0.8447087407112122,-0.15488773584365845,0.4961088907313407,"[587.0, 259.0]"
normal_2220_RFM.png,ok,normal,"[512.0, 236.0]",45.254833995939045,0.9360614120960236,0.271140992641449,0.9068329930305481,-0.1506866216659546,0.4149485866609671,"[538.0, 241.0]"
normal_2221_RFM.png,ok,normal,"[576.0, 241.0]",45.254833995939045,0.9163212656974792,0.22996097803115845,0.9346224069595337,-0.16062301397323608,0.12444214211738125,"[603.0, 270.0]"
normal_2222_RFM.png,negative_score,normal,"[197.0, 240.0]",45.254833995939045,0.9089235365390778,0.22469830513000488,0.9331650137901306,-0.15504860877990723,-1.8233298436863516,"[211.0, 367.0]"
normal_2223_RFM.png,negative_score,normal,"[578.0, 241.0]",45.254833995939045,0.9272042751312255,0.27831947803497314,0.8835902214050293,-0.15185821056365967,-5.074086865529665,"[372.0, 423.0]"
normal_2224_RFM.png,negative_score,normal,"[194.0, 240.0]",45.254833995939045,0.9008723497390747,0.25618040561676025,0.8782827854156494,-0.14946997165679932,-0.4644218142324976,"[200.0, 174.0]"
normal_2225_RFM.png,ok,normal,"[437.0, 193.0]",57.01751796098172,0.875149631500244,0.2449188232421875,0.8625260591506958,-0.1323128342628479,0.43331470750939904,"[467.0, 205.0]"
normal_2226_RFM.png,ok,normal,"[203.0, 242.0]",45.254833995939045,0.8926715672016143,0.2572186589241028,0.8634380102157593,-0.1552315056324005,0.6457567484764177,"[187.0, 241.0]"
normal_2227_RFM.png,ok,normal,"[204.0, 221.0]",45.254833995939045,0.9306661009788513,0.279601514339447,0.8859410285949707,-0.15452933311462402,0.7051880896232312,"[191.0, 224.0]"
normal_2228_RFM.png,ok,normal,"[566.0, 243.0]",45.254833995939045,0.796792858839035,0.2033972144126892,0.8051113486289978,-0.14908850193023682,0.08436966725102446,"[580.0, 204.0]"
normal_2229_RFM.png,ok,normal,"[570.0, 258.0]",45.254833995939045,0.7982046425342559,0.21937614679336548,0.7839586138725281,-0.15028733015060425,0.27853772621155026,"[585.0, 287.0]"
normal_2230_RFM.png,ok,normal,"[202.0, 276.0]",45.254833995939045,0.9054599106311797,0.2300294041633606,0.9226481318473816,-0.1478840708732605,0.42505095334455945,"[176.0, 275.0]"
normal_2231_RFM.png,ok,normal,"[180.0, 254.0]",45.254833995939045,0.8416616201400756,0.1439184546470642,0.952261209487915,-0.15580159425735474,0.35766235027829796,"[151.0, 256.0]"
normal_2232_RFM.png,ok,normal,"[550.0, 248.0]",35.918785545899944,0.7162664651870727,0.16426962614059448,0.7485145330429077,-0.14018332958221436,0.3524445120923352,"[571.0, 238.0]"
normal_2233_RFM.png,no_blob,normal,,,,,,,,"[186.0, 207.0]"
normal_2234_RFM.png,negative_score,normal,"[570.0, 354.0]",35.918785545899944,0.8817160964012145,0.17008668184280396,0.9784802198410034,-0.13346630334854126,-1.883618068807881,"[588.0, 252.0]"
normal_2235_RFM.png,negative_score,normal,"[190.0, 249.0]",45.254833995939045,0.811256581544876,0.22887831926345825,0.7893080115318298,-0.14931327104568481,-0.3481034131326868,"[189.0, 310.0]"
normal_2236_RFM.png,ok,normal,"[492.0, 239.0]",45.254833995939045,0.793232375383377,0.21797114610671997,0.7816553711891174,-0.1405123472213745,0.29289321881345254,"[524.0, 239.0]"
normal_2237_RFM.png,ok,normal,"[196.0, 270.0]",35.918785545899944,0.859740912914276,0.17439204454421997,0.9337880611419678,-0.15848612785339355,0.1969547476249669,"[180.0, 246.0]"
normal_2238_RFM.png,ok,normal,"[191.0, 246.0]",45.254833995939045,0.7929754674434661,0.2239089012145996,0.7699443697929382,-0.15052753686904907,0.4784900228662926,"[172.0, 232.0]"
normal_2239_RFM.png,ok,normal,"[221.0, 236.0]",45.254833995939045,0.8262702763080597,0.25529032945632935,0.7742074131965637,-0.1451737880706787,0.5444568832152109,"[205.0, 249.0]"
normal_2240_RFM.png,ok,normal,"[182.0, 244.0]",45.254833995939045,0.9121411681175232,0.2680513858795166,0.8789627552032471,-0.1440792679786682,0.2867054868429171,"[151.0, 253.0]"
normal_2241_RFM.png,ok,normal,"[551.0, 257.0]",45.254833995939045,0.9214322388172149,0.3151635527610779,0.8221811652183533,-0.15370935201644897,0.23294139321040142,"[574.0, 283.0]"
normal_2242_RFM.png,ok,normal,"[565.0, 262.0]",45.254833995939045,0.8299654185771942,0.18832355737686157,0.8750147223472595,-0.14565777778625488,0.3932347550328875,"[592.0, 257.0]"
normal_2243_RFM.png,ok,normal,"[215.0, 295.0]",45.254833995939045,0.938850748538971,0.23328256607055664,0.9623700380325317,-0.15954577922821045,0.5401894072011825,"[203.0, 278.0]"
normal_2244_RFM.png,ok,normal,"[562.0, 210.0]",45.254833995939045,0.7224274218082428,0.19343489408493042,0.7107176780700684,-0.15745076537132263,0.6198273418563613,"[576.0, 220.0]"
normal_2245_RFM.png,ok,normal,"[183.0, 234.0]",35.918785545899944,0.7148541927337646,0.13503068685531616,0.7864317893981934,-0.14660626649856567,0.35725018509525575,"[176.0, 256.0]"
normal_2246_RFM.png,ok,normal,"[483.0, 253.0]",57.01751796098172,0.8407002329826355,0.24731266498565674,0.807941734790802,-0.1391417682170868,0.8411824039002503,"[492.0, 252.0]"
normal_2247_RFM.png,ok,normal,"[195.0, 246.0]",35.918785545899944,0.9569832384586333,0.2544787526130676,0.9593939185142517,-0.154643714427948,0.29899198312670916,"[170.0, 243.0]"
normal_2248_RFM.png,ok,normal,"[186.0, 259.0]",45.254833995939045,0.8199317753314972,0.21026712656021118,0.8281809687614441,-0.14968985319137573,0.07693403201612947,"[155.0, 231.0]"
normal_2249_RFM.png,ok,normal,"[185.0, 234.0]",45.254833995939045,0.8939854383468627,0.19532477855682373,0.9590723514556885,-0.13655006885528564,0.1705494100008127,"[160.0, 262.0]"
normal_2250_RFM.png,ok,normal,"[510.0, 237.0]",45.254833995939045,0.8421819686889649,0.21820217370986938,0.8500963449478149,-0.144561767578125,0.21625398725097178,"[533.0, 210.0]"
normal_2251_RFM.png,ok,normal,"[212.0, 234.0]",45.254833995939045,0.9074209690093994,0.21543413400650024,0.9415241479873657,-0.16459965705871582,0.6875,"[202.0, 244.0]"
normal_2252_RFM.png,ok,normal,"[490.0, 240.0]",57.01751796098172,0.8470488488674164,0.2575777769088745,0.8022285103797913,-0.13955557346343994,0.7538358499361003,"[504.0, 241.0]"
normal_2253_RFM.png,ok,normal,"[138.0, 239.0]",57.01751796098172,0.8559919714927673,0.3089008331298828,0.7403305172920227,-0.14429888129234314,0.5831153389687087,"[115.0, 245.0]"
normal_2254_RFM.png,ok,normal,"[197.0, 224.0]",35.918785545899944,0.7298891484737396,0.12364524602890015,0.8196552395820618,-0.1624261736869812,0.3639172658442039,"[176.0, 215.0]"
normal_2255_RFM.png,negative_score,normal,"[227.0, 307.0]",35.918785545899944,0.7742396056652068,0.09926629066467285,0.9192697405815125,-0.1574224829673767,-5.058318548869418,"[359.0, 134.0]"
normal_2256_RFM.png,ok,normal,"[570.0, 236.0]",45.254833995939045,0.752006721496582,0.17559301853179932,0.7826073169708252,-0.1429429054260254,0.4912868563718842,"[593.0, 235.0]"
normal_2257_RFM.png,ok,normal,"[507.0, 243.0]",57.01751796098172,0.9376266419887542,0.3165953755378723,0.8460812568664551,-0.14387193322181702,0.354641515417613,"[532.0, 216.0]"
normal_2258_RFM.png,ok,normal,"[551.0, 231.0]",45.254833995939045,0.7926910996437072,0.14510637521743774,0.8822808265686035,-0.14994072914123535,0.5271016890493264,"[568.0, 218.0]"
normal_2259_RFM.png,ok,normal,"[198.0, 244.0]",45.254833995939045,0.9910225033760071,0.30928826332092285,0.9303309917449951,-0.15251272916793823,0.5889704238135655,"[187.0, 229.0]"
normal_2260_RFM.png,negative_score,normal,"[574.0, 234.0]",35.918785545899944,0.8608340144157409,0.1296309232711792,0.9978500604629517,-0.16354024410247803,-1.4039825196581033,"[554.0, 150.0]"
normal_2261_RFM.png,ok,normal,"[197.0, 251.0]",57.01751796098172,0.9322851538658142,0.2963906526565552,0.8653002977371216,-0.15092146396636963,0.37130029612301574,"[164.0, 265.0]"
normal_2262_RFM.png,negative_score,normal,"[191.0, 241.0]",45.254833995939045,0.8332672595977783,0.18667536973953247,0.8811630606651306,-0.1488887369632721,-1.1213203435596424,"[191.0, 145.0]"
normal_2263_RFM.png,ok,normal,"[207.0, 242.0]",45.254833995939045,0.8315913319587708,0.1251043677330017,0.9667211771011353,-0.14891070127487183,0.5749540466020174,"[188.0, 239.0]"
normal_2264_RFM.png,ok,normal,"[489.0, 236.0]",57.01751796098172,0.9360007464885711,0.2793646454811096,0.8957406878471375,-0.14808809757232666,0.7018460184178228,"[504.0, 244.0]"
normal_2265_RFM.png,ok,normal,"[207.0, 246.0]",35.918785545899944,0.8586790561676025,0.18419986963272095,0.918274998664856,-0.1584334373474121,0.5333067541267781,"[191.0, 251.0]"
normal_2266_RFM.png,ok,normal,"[220.0, 278.0]",57.01751796098172,0.9279929459095001,0.29724788665771484,0.8571850657463074,-0.15357756614685059,0.612562545260359,"[198.0, 276.0]"
normal_2267_RFM.png,ok,normal,"[564.0, 245.0]",45.254833995939045,0.8767050683498382,0.20100080966949463,0.9211198091506958,-0.15460196137428284,0.3920288606767588,"[590.0, 254.0]"
normal_2268_RFM.png,ok,normal,"[212.0, 282.0]",35.918785545899944,0.6606908917427062,0.1284167766571045,0.7152978181838989,-0.1578282117843628,0.4710288861041737,"[193.0, 282.0]"
normal_2269_RFM.png,negative_score,normal,"[187.0, 228.0]",45.254833995939045,0.8822808861732483,0.24743014574050903,0.8634324669837952,-0.1522400677204132,-5.039340428598143,"[370.0, 431.0]"
normal_2270_RFM.png,ok,normal,"[488.0, 224.0]",143.67514218359977,0.9664927601814269,0.2928146719932556,0.9383417367935181,-0.0841943621635437,0.4333568875529288,"[560.0, 262.0]"
normal_2271_RFM.png,ok,normal,"[197.0, 267.0]",45.254833995939045,0.8587552547454833,0.16618579626083374,0.9423508644104004,-0.16461926698684692,0.3078989190515594,"[188.0, 237.0]"
normal_2272_RFM.png,ok,normal,"[511.0, 243.0]",45.254833995939045,0.9103815972805023,0.2905811667442322,0.8457617163658142,-0.13883614540100098,0.5778357473091783,"[530.0, 241.0]"
normal_2273_RFM.png,ok,normal,"[192.0, 249.0]",57.01751796098172,0.8752829611301421,0.26453471183776855,0.830994188785553,-0.14526158571243286,0.4169942595548055,"[168.0, 272.0]"
normal_2274_RFM.png,ok,normal,"[209.0, 295.0]",45.254833995939045,0.9002527117729187,0.1762896180152893,0.9872667789459229,-0.164381742477417,0.3932347550328875,"[186.0, 280.0]"
normal_2275_RFM.png,negative_score,normal,"[204.0, 274.0]",45.254833995939045,0.8232836425304413,0.2332286238670349,0.8005042672157288,-0.1485101580619812,-0.7117756223436529,"[189.0, 198.0]"
normal_2276_RFM.png,ok,normal,"[543.0, 241.0]",45.254833995939045,0.8080157101154327,0.16583114862442017,0.8767064213752747,-0.14245033264160156,0.6656103975151142,"[558.0, 239.0]"
normal_2277_RFM.png,ok,normal,"[161.0, 241.0]",45.254833995939045,0.7945528864860534,0.16402077674865723,0.8580615520477295,-0.14944511651992798,0.46554276948477913,"[140.0, 229.0]"
normal_2278_RFM.png,negative_score,normal,"[210.0, 231.0]",35.918785545899944,0.7590087175369263,0.2735384702682495,0.6469785571098328,-0.16292628645896912,-2.7979701080915733,"[269.0, 108.0]"
normal_2279_RFM.png,ok,normal,"[498.0, 257.0]",57.01751796098172,0.8893174409866332,0.25647908449172974,0.861808717250824,-0.1478612720966339,0.5604872139570796,"[510.0, 235.0]"
normal_2280_RFM.png,ok,normal,"[585.0, 317.0]",45.254833995939045,0.9633884072303772,0.26686233282089233,0.95062255859375,-0.15545141696929932,0.1968689202564753,"[621.0, 322.0]"
normal_2281_RFM.png,ok,normal,"[530.0, 285.0]",45.254833995939045,0.7390845239162445,0.1680842638015747,0.7744750380516052,-0.1443386673927307,0.6457567484764177,"[546.0, 286.0]"
normal_2282_RFM.png,negative_score,normal,"[205.0, 258.0]",45.254833995939045,0.9332447350025177,0.2817968726158142,0.8868762850761414,-0.1531723141670227,-0.06066017177982119,"[205.0, 210.0]"
normal_2283_RFM.png,ok,normal,"[514.0, 260.0]",71.83757109179989,0.8667948305606842,0.1836320161819458,0.9347123503684998,-0.14432084560394287,0.6139784680040565,"[539.0, 272.0]"
normal_2284_RFM.png,ok,normal,"[184.0, 252.0]",57.01751796098172,0.9381443977355957,0.2716083526611328,0.9100140333175659,-0.14763110876083374,0.6487924218622722,"[164.0, 251.0]"
normal_2285_RFM.png,ok,normal,"[504.0, 235.0]",45.254833995939045,0.9519402742385864,0.3153735399246216,0.8690581321716309,-0.1411302089691162,0.3797052112100249,"[532.0, 237.0]"
normal_2286_RFM.png,ok,normal,"[196.0, 262.0]",57.01751796098172,0.857565551996231,0.2573346495628357,0.8159699440002441,-0.14525970816612244,0.5450127527491022,"[173.0, 250.0]"
normal_2287_RFM.png,ok,normal,"[165.0, 252.0]",45.254833995939045,0.834190845489502,0.2702508270740509,0.7641825079917908,-0.14506131410598755,0.5317711230071345,"[145.0, 259.0]"
normal_2288_RFM.png,ok,normal,"[507.0, 241.0]",57.01751796098172,0.7882504940032958,0.2119542360305786,0.7849984169006348,-0.13398683071136475,0.48209520202765477,"[533.0, 227.0]"
normal_2289_RFM.png,ok,normal,"[197.0, 232.0]",45.254833995939045,0.8133932411670685,0.22102397680282593,0.8068099617958069,-0.13801145553588867,0.48224870231934724,"[179.0, 217.0]"
normal_2290_RFM.png,ok,normal,"[186.0, 246.0]",57.01751796098172,0.9215352773666381,0.25453847646713257,0.9075454473495483,-0.1585749387741089,0.5909361120324078,"[166.0, 234.0]"
normal_2291_RFM.png,ok,normal,"[562.0, 310.0]",45.254833995939045,0.9736935973167419,0.2881028652191162,0.9360065460205078,-0.15193074941635132,0.53125,"[583.0, 307.0]"
normal_2292_RFM.png,ok,normal,"[505.0, 270.0]",45.254833995939045,0.9097078084945678,0.23072761297225952,0.9304198026657104,-0.13843166828155518,0.42377847141919456,"[531.0, 268.0]"
normal_2293_RFM.png,ok,normal,"[146.0, 225.0]",57.01751796098172,0.9022607386112212,0.28496479988098145,0.8402318358421326,-0.14566826820373535,0.26736205569317983,"[115.0, 253.0]"
normal_2294_RFM.png,negative_score,normal,"[495.0, 293.0]",57.01751796098172,0.9089518189430236,0.2201741337776184,0.9409185647964478,-0.15067344903945923,-0.505552728317078,"[507.0, 378.0]"
normal_2295_RFM.png,ok,normal,"[477.0, 262.0]",45.254833995939045,0.649380213022232,0.12706613540649414,0.7120701670646667,-0.11932480335235596,0.482720457586036,"[499.0, 270.0]"
normal_2296_RFM.png,ok,normal,"[527.0, 268.0]",57.01751796098172,0.8868462681770325,0.2399756908416748,0.8847211599349976,-0.13782882690429688,0.5174529869359912,"[553.0, 259.0]"
normal_2297_RFM.png,ok,normal,"[176.0, 248.0]",57.01751796098172,0.8706084966659545,0.23502272367477417,0.8670477867126465,-0.1432616114616394,0.5033174797894169,"[157.0, 227.0]"
normal_2298_RFM.png,ok,normal,"[211.0, 231.0]",45.254833995939045,0.8060034871101378,0.23222565650939941,0.7778317928314209,-0.14647787809371948,0.4166201655439229,"[190.0, 215.0]"
normal_2299_RFM.png,ok,normal,"[215.0, 270.0]",35.918785545899944,0.9214544892311095,0.22021853923797607,0.9581960439682007,-0.15249359607696533,0.21550784139952073,"[190.0, 257.0]"
normal_2300_RFM.png,ok,normal,"[527.0, 280.0]",45.254833995939045,0.8345564126968383,0.19636696577072144,0.8725807666778564,-0.13691455125808716,0.5749540466020174,"[546.0, 283.0]"
normal_2301_RFM.png,negative_score,normal,"[564.0, 277.0]",35.918785545899944,0.9133580327033995,0.22236239910125732,0.9458101987838745,-0.14464247226715088,-1.9642052651694604,"[554.0, 171.0]"
normal_2302_RFM.png,ok,normal,"[535.0, 260.0]",45.254833995939045,0.9417564153671264,0.31388360261917114,0.8556158542633057,-0.1447085738182068,0.2500000000000001,"[559.0, 284.0]"
normal_2303_RFM.png,ok,normal,"[369.0, 259.0]",45.254833995939045,0.9667674243450164,0.2844032049179077,0.9303752779960632,-0.1555076241493225,0.36723572714635666,"[357.0, 233.0]"
normal_2304_RFM.png,ok,normal,"[200.0, 247.0]",45.254833995939045,0.983321863412857,0.34800010919570923,0.864788830280304,-0.1498478651046753,0.23294139321040142,"[166.0, 254.0]"
normal_2305_RFM.png,ok,normal,"[545.0, 259.0]",57.01751796098172,0.8369558930397033,0.1619907021522522,0.9225008487701416,-0.14607298374176025,0.39651352253324124,"[573.0, 239.0]"
normal_2306_RFM.png,ok,normal,"[158.0, 251.0]",57.01751796098172,0.806907695531845,0.14175021648406982,0.9111968278884888,-0.13659849762916565,0.5061122144964623,"[130.0, 248.0]"
normal_2307_RFM.png,ok,normal,"[142.0, 232.0]",57.01751796098172,0.8626072227954864,0.22012251615524292,0.87533038854599,-0.14876717329025269,0.47355368818144106,"[127.0, 206.0]"
normal_2308_RFM.png,negative_score,normal,"[596.0, 184.0]",35.918785545899944,0.7875533878803253,0.13533896207809448,0.8974664807319641,-0.11993944644927979,-3.559825479964969,"[561.0, 344.0]"
normal_2309_RFM.png,ok,normal,"[523.0, 292.0]",57.01751796098172,0.9141485631465911,0.2470405101776123,0.9100891351699829,-0.15022829174995422,0.4738459148549815,"[553.0, 292.0]"
normal_2310_RFM.png,ok,normal,"[208.0, 217.0]",45.254833995939045,0.7888516187667847,0.16796642541885376,0.8484594821929932,-0.13481777906417847,0.6898526056050125,"[194.0, 216.0]"
normal_2311_RFM.png,ok,normal,"[170.0, 256.0]",35.918785545899944,0.7741807579994201,0.25193294882774353,0.703765332698822,-0.1480603814125061,0.7373524469528321,"[162.0, 261.0]"
normal_2312_RFM.png,ok,normal,"[496.0, 270.0]",45.254833995939045,1.0142682492733002,0.3821917474269867,0.8599056005477905,-0.15071290731430054,0.4951407993311403,"[517.0, 261.0]"
normal_2313_RFM.png,ok,normal,"[210.0, 229.0]",45.254833995939045,0.9740420758724213,0.28205960988998413,0.9435901045799255,-0.1573469638824463,0.5444568832152109,"[194.0, 216.0]"
normal_2314_RFM.png,ok,normal,"[222.0, 259.0]",35.918785545899944,0.8450150787830352,0.25971680879592896,0.7926784157752991,-0.15211689472198486,0.465199827322913,"[207.0, 247.0]"
normal_2315_RFM.png,ok,normal,"[384.0, 261.0]",45.254833995939045,0.8458676397800444,0.18336975574493408,0.9095351099967957,-0.12911653518676758,0.5034297318102905,"[363.0, 253.0]"
normal_2316_RFM.png,ok,normal,"[462.0, 218.0]",45.254833995939045,0.9835019409656525,0.29073578119277954,0.9479123950004578,-0.14613741636276245,0.5597186623873323,"[481.0, 212.0]"
normal_2317_RFM.png,ok,normal,"[233.0, 245.0]",45.254833995939045,0.7533682107925415,0.2286096215248108,0.7084531784057617,-0.14420682191848755,0.3064893430883705,"[206.0, 229.0]"
normal_2318_RFM.png,ok,normal,"[345.0, 215.0]",57.01751796098172,0.8393178641796112,0.2095746397972107,0.8609238266944885,-0.13548272848129272,0.7410476010138274,"[338.0, 202.0]"
normal_2319_RFM.png,negative_score,normal,"[226.0, 229.0]",45.254833995939045,0.8250453889369964,0.29399722814559937,0.7157673239707947,-0.1500551700592041,-0.5206906325745548,"[186.0, 173.0]"
normal_2320_RFM.png,negative_score,normal,"[218.0, 229.0]",45.254833995939045,0.954018360376358,0.31171590089797974,0.8732700943946838,-0.15506696701049805,-0.038798133662166334,"[189.0, 266.0]"
normal_2321_RFM.png,ok,normal,"[219.0, 238.0]",35.918785545899944,1.0227471470832825,0.3156183362007141,0.9672409296035767,-0.1503008008003235,0.7215941505811441,"[211.0, 232.0]"
normal_2322_RFM.png,ok,normal,"[508.0, 272.0]",35.918785545899944,0.798287320137024,0.23255538940429688,0.7667368650436401,-0.14508062601089478,0.11960340192255003,"[534.0, 254.0]"
normal_2323_RFM.png,ok,normal,"[472.0, 254.0]",45.254833995939045,0.9236875772476196,0.27078330516815186,0.8920215368270874,-0.14244598150253296,0.8112024066625848,"[480.0, 251.0]"
normal_2324_RFM.png,ok,normal,"[464.0, 257.0]",45.254833995939045,0.8389671981334687,0.2443644404411316,0.809537947177887,-0.1396309733390808,0.7962749248374172,"[473.0, 255.0]"
normal_2325_RFM.png,ok,normal,"[470.0, 256.0]",45.254833995939045,0.9061658442020416,0.2384880781173706,0.9164708256721497,-0.1307409405708313,0.6715031868495525,"[481.0, 266.0]"
normal_2326_RFM.png,ok,normal,"[168.0, 244.0]",45.254833995939045,0.9319090008735657,0.34726908802986145,0.7917463183403015,-0.15208745002746582,0.5558540498890033,"[148.0, 246.0]"
normal_2327_RFM.png,ok,normal,"[460.0, 233.0]",35.918785545899944,0.9370150864124298,0.2476523518562317,0.9457047581672668,-0.13684701919555664,0.6062746719078522,"[474.0, 235.0]"
normal_2328_RFM.png,ok,normal,"[458.0, 248.0]",35.918785545899944,0.8604026615619659,0.27416205406188965,0.7972763180732727,-0.140735924243927,0.7160806282229758,"[468.0, 246.0]"
normal_2329_RFM.png,ok,normal,"[517.0, 296.0]",45.254833995939045,0.9010324716567992,0.2819105386734009,0.8417723178863525,-0.1494065523147583,0.46783167606480003,"[541.0, 298.0]"
normal_2330_RFM.png,ok,normal,"[216.0, 227.0]",45.254833995939045,0.7812920987606048,0.2677350640296936,0.6916929483413696,-0.14685985445976257,0.19565389523539067,"[194.0, 198.0]"
normal_2331_RFM.png,ok,normal,"[454.0, 250.0]",35.918785545899944,0.7925061106681823,0.15461963415145874,0.8739331960678101,-0.13066619634628296,0.5234459487292551,"[471.0, 248.0]"
normal_2332_RFM.png,ok,normal,"[226.0, 218.0]",45.254833995939045,0.8661809802055358,0.20624160766601562,0.9013159275054932,-0.14509111642837524,0.4366326132087517,"[207.0, 201.0]"
normal_2333_RFM.png,ok,normal,"[479.0, 234.0]",45.254833995939045,0.8668062329292296,0.2225726842880249,0.8796718120574951,-0.14231640100479126,0.552568091772614,"[498.0, 227.0]"
normal_2334_RFM.png,ok,normal,"[449.0, 228.0]",35.918785545899944,0.9251691102981566,0.30095356702804565,0.852986216545105,-0.135625958442688,0.5946349644824488,"[463.0, 232.0]"
normal_2335_RFM.png,ok,normal,"[218.0, 243.0]",45.254833995939045,0.9541711747646332,0.3495676815509796,0.8213506937026978,-0.14829003810882568,0.4366326132087517,"[199.0, 226.0]"
normal_2336_RFM.png,ok,normal,"[224.0, 226.0]",45.254833995939045,0.7742560684680938,0.1911032795906067,0.7926099896430969,-0.14162898063659668,0.5658611253296937,"[205.0, 221.0]"
normal_2337_RFM.png,ok,normal,"[455.0, 238.0]",35.918785545899944,0.9719059228897095,0.26976239681243896,0.9643449783325195,-0.13551020622253418,0.601383486505136,"[469.0, 235.0]"
normal_2338_RFM.png,negative_score,normal,"[573.0, 243.0]",35.918785545899944,0.7496860861778258,0.14850658178329468,0.8161226511001587,-0.14946824312210083,-0.20231363914551737,"[577.0, 286.0]"
normal_2339_RFM.png,ok,normal,"[239.0, 220.0]",45.254833995939045,0.914613938331604,0.2807774543762207,0.863664984703064,-0.14635497331619263,0.5148695407418743,"[228.0, 239.0]"
normal_2340_RFM.png,ok,normal,"[467.0, 263.0]",45.254833995939045,0.9645520687103272,0.3238351345062256,0.8716307878494263,-0.15287691354751587,0.24740033882548151,"[493.0, 241.0]"
normal_2341_RFM.png,ok,normal,"[237.0, 241.0]",35.918785545899944,0.9418312251567841,0.2831650972366333,0.8983895182609558,-0.14896732568740845,0.32662608500535684,"[213.0, 238.0]"
normal_2342_RFM.png,ok,normal,"[459.0, 268.0]",35.918785545899944,0.9751315295696258,0.2826245427131653,0.9497637152671814,-0.13836193084716797,0.27400636673844303,"[473.0, 246.0]"
normal_2343_RFM.png,negative_score,normal,"[239.0, 245.0]",35.918785545899944,1.0156968474388122,0.3199024200439453,0.9503771066665649,-0.15265226364135742,-0.02368585303958426,"[213.0, 219.0]"
normal_2344_RFM.png,ok,normal,"[456.0, 253.0]",45.254833995939045,0.9114064753055572,0.2543535828590393,0.895165741443634,-0.1521843671798706,0.7529470577993453,"[467.0, 251.0]"
normal_2345_RFM.png,ok,normal,"[219.0, 217.0]",35.918785545899944,0.9899042427539825,0.3027334213256836,0.9375490546226501,-0.15443241596221924,0.48815707348020787,"[212.0, 200.0]"
normal_2346_RFM.png,negative_score,normal,"[127.0, 244.0]",35.918785545899944,0.7525643408298492,0.19386571645736694,0.7621563076972961,-0.125946044921875,-4.512506122552458,"[245.0, 85.0]"
normal_2347_RFM.png,ok,normal,"[166.0, 287.0]",45.254833995939045,0.8992531955242157,0.24555444717407227,0.8883379697799683,-0.15931084752082825,0.5108601299219211,"[145.0, 280.0]"
normal_2348_RFM.png,ok,normal,"[220.0, 229.0]",45.254833995939045,0.8764044404029846,0.27393800020217896,0.8214517831802368,-0.13725095987319946,0.5658611253296937,"[201.0, 234.0]"
normal_2349_RFM.png,ok,normal,"[216.0, 232.0]",45.254833995939045,0.8813421130180359,0.271101176738739,0.8300884366035461,-0.14589515328407288,0.34078052782096924,"[197.0, 255.0]"
normal_2350_RFM.png,ok,normal,"[215.0, 241.0]",45.254833995939045,0.9672335624694824,0.3084743022918701,0.9005181789398193,-0.14198267459869385,0.4961088907313407,"[201.0, 223.0]"
normal_2351_RFM.png,ok,normal,"[227.0, 241.0]",35.918785545899944,0.8719423115253447,0.24603891372680664,0.8496509194374084,-0.15573877096176147,0.664754963293384,"[218.0, 233.0]"
normal_2352_RFM.png,ok,normal,"[476.0, 234.0]",45.254833995939045,0.7336367785930633,0.19287502765655518,0.733771026134491,-0.1356101632118225,0.731177335404918,"[488.0, 236.0]"
normal_2353_RFM.png,ok,normal,"[554.0, 214.0]",35.918785545899944,0.9668671369552612,0.28368812799453735,0.9300609827041626,-0.1606816053390503,0.15143285484117608,"[574.0, 237.0]"
normal_2354_RFM.png,ok,normal,"[454.0, 249.0]",45.254833995939045,0.890825057029724,0.23654252290725708,0.8935190439224243,-0.1440960168838501,0.6237001694127408,"[471.0, 250.0]"
normal_2355_RFM.png,ok,normal,"[443.0, 230.0]",57.01751796098172,0.8378290176391602,0.20237857103347778,0.870897650718689,-0.1291104555130005,0.6283664940498184,"[463.0, 223.0]"
normal_2356_RFM.png,negative_score,normal,"[199.0, 247.0]",35.918785545899944,0.9623510539531708,0.2837687134742737,0.9238985180854797,-0.1592668890953064,-0.6576257153887306,"[191.0, 188.0]"
normal_2357_RFM.png,ok,normal,"[213.0, 292.0]",35.918785545899944,0.7868767321109771,0.27585718035697937,0.6841362714767456,-0.1606208086013794,0.4866449788224937,"[195.0, 288.0]"
normal_2358_RFM.png,ok,normal,"[162.0, 219.0]",35.918785545899944,0.7310894548892974,0.19310766458511353,0.7239362597465515,-0.1561320424079895,0.5333067541267781,"[146.0, 214.0]"
normal_2359_RFM.png,ok,normal,"[453.0, 241.0]",45.254833995939045,0.8774242162704468,0.261422336101532,0.8362146019935608,-0.1532582938671112,0.7051880896232312,"[466.0, 238.0]"
normal_2360_RFM.png,ok,normal,"[463.0, 225.0]",35.918785545899944,0.9247113525867461,0.262112021446228,0.9043459296226501,-0.14778590202331543,0.29020157055743945,"[486.0, 236.0]"
normal_2361_RFM.png,ok,normal,"[431.0, 234.0]",35.918785545899944,0.8409546494483948,0.20012474060058594,0.8763027191162109,-0.1370900273323059,0.5408413104225007,"[447.0, 230.0]"
normal_2362_RFM.png,ok,normal,"[577.0, 234.0]",45.254833995939045,0.9433892846107482,0.24969100952148438,0.9463514089584351,-0.15626144409179688,0.5271016890493264,"[594.0, 247.0]"
normal_2363_RFM.png,negative_score,normal,"[244.0, 228.0]",35.918785545899944,0.7448001086711884,0.1712188720703125,0.7776239514350891,-0.14622235298156738,-0.45864473961034213,"[232.0, 177.0]"
normal_2364_RFM.png,ok,normal,"[464.0, 256.0]",45.254833995939045,0.7301294088363647,0.17491328716278076,0.7575594186782837,-0.124622642993927,0.7118892357095973,"[477.0, 257.0]"
normal_2365_RFM.png,ok,normal,"[232.0, 241.0]",45.254833995939045,0.8116552531719207,0.17322874069213867,0.872276246547699,-0.1391656994819641,0.4692097577667804,"[208.0, 242.0]"
normal_2366_RFM.png,ok,normal,"[471.0, 232.0]",45.254833995939045,0.7157243549823761,0.21095940470695496,0.6817956566810608,-0.13753995299339294,0.44757282719800984,"[491.0, 247.0]"
normal_2367_RFM.png,ok,normal,"[478.0, 252.0]",35.918785545899944,0.9916530668735504,0.31271493434906006,0.9267393946647644,-0.15110278129577637,0.3524445120923352,"[499.0, 242.0]"
normal_2368_RFM.png,ok,normal,"[520.0, 288.0]",45.254833995939045,0.8979840338230133,0.20794159173965454,0.9423410296440125,-0.15201860666275024,0.5153730493977868,"[536.0, 273.0]"
normal_2369_RFM.png,ok,normal,"[459.0, 253.0]",45.254833995939045,0.8779229938983917,0.19983434677124023,0.9275992512702942,-0.14384585618972778,0.4784900228662926,"[478.0, 267.0]"
normal_2370_RFM.png,ok,normal,"[224.0, 228.0]",35.918785545899944,0.917736953496933,0.29140573740005493,0.8512628674507141,-0.15223604440689087,0.6102318108136016,"[210.0, 228.0]"
normal_2371_RFM.png,negative_score,normal,"[161.0, 286.0]",35.918785545899944,0.9869986474514006,0.27774322032928467,0.9677934050559998,-0.1590002179145813,-1.5592146325989606,"[174.0, 195.0]"
normal_2372_RFM.png,ok,normal,"[204.0, 220.0]",45.254833995939045,0.8992613315582275,0.24025875329971313,0.8979140520095825,-0.1523137092590332,0.6685436963188058,"[192.0, 211.0]"
normal_2373_RFM.png,ok,normal,"[240.0, 237.0]",45.254833995939045,0.9304192245006561,0.29016292095184326,0.8731942772865295,-0.14510154724121094,0.6548324682128981,"[230.0, 225.0]"
normal_2374_RFM.png,ok,normal,"[463.0, 230.0]",45.254833995939045,0.8653783977031707,0.3027627170085907,0.7622731924057007,-0.145122230052948,0.2873903593130389,"[491.0, 214.0]"
normal_2375_RFM.png,ok,normal,"[510.0, 286.0]",35.918785545899944,0.9696145594120025,0.26126402616500854,0.9677992463111877,-0.154455304145813,0.5043124776027623,"[521.0, 300.0]"
normal_2376_RFM.png,ok,normal,"[473.0, 254.0]",35.918785545899944,0.9564567685127258,0.34013479948043823,0.8386380672454834,-0.1463766098022461,0.38498137677441235,"[495.0, 252.0]"
normal_2377_RFM.png,ok,normal,"[444.0, 255.0]",35.918785545899944,0.8872577548027037,0.27980905771255493,0.8311268091201782,-0.12829965353012085,0.053420111975889695,"[474.0, 239.0]"
normal_2378_RFM.png,ok,normal,"[241.0, 214.0]",45.254833995939045,0.7144300580024718,0.21643218398094177,0.6707874536514282,-0.14223328232765198,0.5575061794216782,"[221.0, 215.0]"
normal_2379_RFM.png,ok,normal,"[461.0, 245.0]",35.918785545899944,0.9029770374298095,0.3214457035064697,0.7908226251602173,-0.13977748155593872,0.4710288861041737,"[480.0, 245.0]"
normal_2380_RFM.png,ok,normal,"[382.0, 238.0]",45.254833995939045,0.8533738195896149,0.19086486101150513,0.9016618132591248,-0.15672844648361206,0.5755288216498087,"[367.0, 250.0]"
normal_2381_RFM.png,ok,normal,"[239.0, 249.0]",35.918785545899944,0.8127175390720367,0.22998732328414917,0.7939072251319885,-0.13497579097747803,0.5258919223712375,"[226.0, 238.0]"
normal_2382_RFM.png,ok,normal,"[221.0, 257.0]",35.918785545899944,0.9240445017814636,0.32476067543029785,0.8123588562011719,-0.1531631350517273,0.371887773974801,"[199.0, 252.0]"
normal_2383_RFM.png,ok,normal,"[438.0, 239.0]",35.918785545899944,0.9890951693058013,0.2815585136413574,0.9654170870780945,-0.15872347354888916,0.20862188475777999,"[456.0, 261.0]"
normal_2384_RFM.png,ok,normal,"[467.0, 228.0]",45.254833995939045,0.9405880570411682,0.2565704584121704,0.9364330768585205,-0.14257222414016724,0.5848334295129243,"[484.0, 220.0]"
normal_2385_RFM.png,ok,normal,"[466.0, 263.0]",57.01751796098172,0.8511511921882629,0.1964995265007019,0.8949967622756958,-0.14076966047286987,0.5615382623791512,"[490.0, 256.0]"
normal_2386_RFM.png,ok,normal,"[463.0, 270.0]",45.254833995939045,0.9176403760910034,0.2698667645454407,0.8846635818481445,-0.14254552125930786,0.6634271995540935,"[477.0, 276.0]"
normal_2387_RFM.png,ok,normal,"[237.0, 242.0]",45.254833995939045,0.8119904160499573,0.26843440532684326,0.7375446557998657,-0.13637375831604004,0.6140909676491104,"[220.0, 238.0]"
normal_2388_RFM.png,ok,normal,"[214.0, 237.0]",35.918785545899944,0.893917590379715,0.21326857805252075,0.9297204613685608,-0.1492234468460083,0.3260507974890694,"[195.0, 222.0]"
normal_2389_RFM.png,negative_score,normal,"[530.0, 266.0]",45.254833995939045,0.6087183713912964,0.18278470635414124,0.5679517984390259,-0.14183703064918518,-5.8274277389987805,"[261.0, 114.0]"
normal_2390_RFM.png,ok,normal,"[229.0, 233.0]",35.918785545899944,0.78181334733963,0.1667395830154419,0.8365983963012695,-0.1472744345664978,0.5019724762926941,"[213.0, 225.0]"
normal_2391_RFM.png,ok,normal,"[544.0, 250.0]",35.918785545899944,0.7929999947547912,0.1868320107460022,0.8226702213287354,-0.15149414539337158,0.8031373359539261,"[549.0, 255.0]"
normal_2392_RFM.png,ok,normal,"[579.0, 241.0]",45.254833995939045,0.9266276001930236,0.2794368863105774,0.8801921606063843,-0.15528100728988647,0.6859413868399722,"[590.0, 232.0]"
normal_2393_RFM.png,ok,normal,"[183.0, 183.0]",57.01751796098172,0.8277605235576628,0.20249027013778687,0.8525334000587463,-0.1424843668937683,0.7260403484679439,"[171.0, 173.0]"
normal_2394_RFM.png,ok,normal,"[108.0, 245.0]",45.254833995939045,0.6975249767303466,0.14792823791503906,0.7415642738342285,-0.15250873565673828,0.4564835271585598,"[86.0, 234.0]"
normal_2395_RFM.png,ok,normal,"[232.0, 228.0]",35.918785545899944,0.8054957151412964,0.25250184535980225,0.7468087673187256,-0.15113866329193115,0.5066635779201043,"[215.0, 223.0]"
normal_2396_RFM.png,ok,normal,"[197.0, 205.0]",57.01751796098172,0.9553105592727661,0.25773191452026367,0.9513181447982788,-0.15827971696853638,0.7166573537546995,"[182.0, 199.0]"
normal_2397_RFM.png,ok,normal,"[217.0, 239.0]",35.918785545899944,0.9299872219562529,0.36147016286849976,0.7681755423545837,-0.1539708971977234,0.601383486505136,"[203.0, 236.0]"
normal_2398_RFM.png,ok,normal,"[496.0, 230.0]",71.83757109179989,0.879703676700592,0.2550218105316162,0.8509364128112793,-0.1451318860054016,0.6691184252647611,"[519.0, 236.0]"
normal_2399_RFM.png,ok,normal,"[206.0, 242.0]",45.254833995939045,0.9794378340244293,0.3440712094306946,0.8638554215431213,-0.15333914756774902,0.27853772621155026,"[177.0, 227.0]"
normal_2400_RFM.png,ok,normal,"[176.0, 229.0]",45.254833995939045,0.8513757884502411,0.3748311400413513,0.6379099488258362,-0.15003842115402222,0.48224870231934724,"[158.0, 244.0]"
normal_2401_RFM.png,ok,normal,"[222.0, 246.0]",35.918785545899944,0.8908602178096771,0.3120554983615875,0.7847491502761841,-0.1474015712738037,0.3639172658442039,"[201.0, 255.0]"
normal_2402_RFM.png,negative_score,normal,"[400.0, 276.0]",35.918785545899944,1.0347716867923737,0.33132386207580566,0.9595932364463806,-0.1586627960205078,-0.22245215512895933,"[362.0, 254.0]"
normal_2403_RFM.png,ok,normal,"[468.0, 309.0]",57.01751796098172,0.7783101439476013,0.2986412048339844,0.6455605030059814,-0.13888293504714966,0.6838207445357983,"[486.0, 308.0]"
normal_2404_RFM.png,negative_score,normal,"[217.0, 226.0]",35.918785545899944,0.6491716891527176,0.2638775259256363,0.5048315525054932,-0.15956038236618042,-1.0746373508374774,"[274.0, 274.0]"
normal_2405_RFM.png,ok,normal,"[515.0, 267.0]",45.254833995939045,0.7507966578006744,0.18910366296768188,0.760481059551239,-0.14678126573562622,0.4103761792464623,"[541.0, 273.0]"
normal_2406_RFM.png,ok,normal,"[470.0, 229.0]",45.254833995939045,1.012586271762848,0.36524659395217896,0.8814393281936646,-0.1516607403755188,0.5302094881758466,"[484.0, 213.0]"
normal_2407_RFM.png,ok,normal,"[250.0, 234.0]",57.01751796098172,0.8493634700775147,0.18127703666687012,0.9104366898536682,-0.1539037525653839,0.672354350726849,"[232.0, 229.0]"
normal_2408_RFM.png,ok,normal,"[454.0, 230.0]",35.918785545899944,0.9277975499629973,0.32929059863090515,0.812853217124939,-0.14754849672317505,0.32662608500535684,"[478.0, 233.0]"
normal_2409_RFM.png,ok,normal,"[210.0, 276.0]",45.254833995939045,0.8443314552307128,0.20673155784606934,0.8665784597396851,-0.15497487783432007,0.6217587988465562,"[193.0, 274.0]"
normal_2410_RFM.png,negative_score,normal,"[449.0, 240.0]",35.918785545899944,0.9812277257442473,0.342244029045105,0.8718132376670837,-0.1435721516609192,-0.16165653865802798,"[479.0, 211.0]"
normal_2411_RFM.png,ok,normal,"[475.0, 230.0]",45.254833995939045,0.8919272661209107,0.20768362283706665,0.9379749298095703,-0.13830596208572388,0.5058941155986907,"[497.0, 226.0]"
normal_2412_RFM.png,ok,normal,"[223.0, 239.0]",35.918785545899944,0.8871366918087005,0.3059103190898895,0.7875444889068604,-0.14972615242004395,0.218477538463416,"[195.0, 237.0]"
normal_2413_RFM.png,ok,normal,"[175.0, 201.0]",45.254833995939045,0.8568770229816436,0.3151285946369171,0.7297625541687012,-0.1545732021331787,0.3370873926376118,"[151.0, 183.0]"
normal_2414_RFM.png,ok,normal,"[521.0, 252.0]",35.918785545899944,0.6235259115695952,0.2383705973625183,0.5045906901359558,-0.1597091555595398,0.15188968779227185,"[533.0, 224.0]"
normal_2415_RFM.png,ok,normal,"[513.0, 245.0]",45.254833995939045,0.9019318282604217,0.3198692202568054,0.7917506098747253,-0.13918590545654297,0.509365047871638,"[531.0, 258.0]"
normal_2416_RFM.png,ok,normal,"[287.0, 217.0]",45.254833995939045,0.9359483480453491,0.2608230710029602,0.9229779243469238,-0.14520364999771118,0.46599976591765435,"[265.0, 207.0]"
normal_2417_RFM.png,ok,normal,"[461.0, 253.0]",35.918785545899944,0.9201828241348267,0.2652444839477539,0.8951888084411621,-0.1415308713912964,0.5677978957161018,"[476.0, 249.0]"
normal_2418_RFM.png,ok,normal,"[421.0, 272.0]",45.254833995939045,0.8778021574020386,0.21916347742080688,0.9005169868469238,-0.14138394594192505,0.4542422126070944,"[442.0, 259.0]"
normal_2419_RFM.png,negative_score,normal,"[457.0, 247.0]",45.254833995939045,0.711983996629715,0.20347896218299866,0.6879957914352417,-0.1345399022102356,-0.12021552055843254,"[476.0, 200.0]"
normal_2420_RFM.png,ok,normal,"[192.0, 228.0]",45.254833995939045,0.903691416978836,0.2048647403717041,0.9575433135032654,-0.14273178577423096,0.5133621405500801,"[170.0, 227.0]"
normal_2421_RFM.png,ok,normal,"[462.0, 234.0]",35.918785545899944,0.8704553246498107,0.2807275652885437,0.8010759353637695,-0.1448730230331421,0.42605163802812585,"[482.0, 239.0]"
normal_2422_RFM.png,ok,normal,"[499.0, 260.0]",57.01751796098172,0.8583707451820373,0.17600327730178833,0.9329380989074707,-0.14655399322509766,0.5123800799617098,"[516.0, 282.0]"
normal_2423_RFM.png,ok,normal,"[205.0, 247.0]",35.918785545899944,0.9111853182315826,0.3227406144142151,0.7963938117027283,-0.15484517812728882,0.5677978957161018,"[190.0, 251.0]"
normal_2424_RFM.png,ok,normal,"[212.0, 247.0]",45.254833995939045,0.8725626528263092,0.27480965852737427,0.8105995059013367,-0.15166670083999634,0.4422947407007892,"[191.0, 233.0]"
normal_2425_RFM.png,ok,normal,"[482.0, 273.0]",45.254833995939045,0.8435161411762238,0.29954054951667786,0.7394503355026245,-0.1318017840385437,0.5317711230071345,"[502.0, 266.0]"
normal_2426_RFM.png,ok,normal,"[182.0, 234.0]",45.254833995939045,0.9518631160259247,0.26004713773727417,0.9450765252113342,-0.15131205320358276,0.6342281277900117,"[167.0, 227.0]"
normal_2427_RFM.png,ok,normal,"[183.0, 194.0]",57.01751796098172,0.9038487911224364,0.24393659830093384,0.897138237953186,-0.1595771312713623,0.4034341739206032,"[169.0, 163.0]"
normal_2428_RFM.png,ok,normal,"[495.0, 255.0]",57.01751796098172,0.9266136765480042,0.23826730251312256,0.9393525123596191,-0.15399807691574097,0.3615900735750678,"[529.0, 242.0]"
normal_2429_RFM.png,ok,normal,"[189.0, 249.0]",57.01751796098172,0.8797743558883667,0.23421311378479004,0.8776566386222839,-0.15600797533988953,0.6246603618614581,"[172.0, 236.0]"
normal_2430_RFM.png,ok,normal,"[473.0, 322.0]",45.254833995939045,0.9214068710803984,0.23242616653442383,0.9414384961128235,-0.14986878633499146,0.1717276074563393,"[500.0, 296.0]"
normal_2431_RFM.png,ok,normal,"[512.0, 245.0]",57.01751796098172,1.0002808690071106,0.3182392120361328,0.9293613433837891,-0.1574435830116272,0.577617721380555,"[536.0, 247.0]"
normal_2432_RFM.png,ok,normal,"[178.0, 261.0]",57.01751796098172,0.9701558053493499,0.3165004849433899,0.8885214924812317,-0.1584513783454895,0.5330022269715398,"[156.0, 246.0]"
normal_2433_RFM.png,negative_score,normal,"[582.0, 250.0]",35.918785545899944,0.8008498311042784,0.14730548858642578,0.892589807510376,-0.143657386302948,-0.07430031880780463,"[602.0, 283.0]"
normal_2434_RFM.png,ok,normal,"[201.0, 256.0]",35.918785545899944,0.8162422239780426,0.2073572874069214,0.8268945813179016,-0.15029364824295044,0.45301929322520895,"[182.0, 251.0]"
normal_2435_RFM.png,ok,normal,"[580.0, 241.0]",57.01751796098172,0.8874685108661651,0.19317001104354858,0.9480262398719788,-0.15340065956115723,0.7172006766827093,"[594.0, 233.0]"
normal_2436_RFM.png,ok,normal,"[192.0, 259.0]",45.254833995939045,0.8529569506645203,0.19445019960403442,0.8975355625152588,-0.15115928649902344,0.21687724461614588,"[158.0, 269.0]"
normal_2437_RFM.png,ok,normal,"[569.0, 252.0]",45.254833995939045,0.7923734307289123,0.16652929782867432,0.8520419597625732,-0.14707380533218384,0.3254052142211593,"[595.0, 236.0]"
normal_2438_RFM.png,ok,normal,"[573.0, 299.0]",35.918785545899944,0.8799705147743225,0.15398430824279785,0.9928274154663086,-0.1550350785255432,0.48815707348020787,"[590.0, 292.0]"
normal_2439_RFM.png,ok,normal,"[207.0, 237.0]",35.918785545899944,0.8883910417556762,0.24074387550354004,0.8833805322647095,-0.146403968334198,0.4980967172656042,"[189.0, 236.0]"
normal_2440_RFM.png,negative_score,normal,"[564.0, 242.0]",35.918785545899944,0.7923613131046295,0.17304807901382446,0.8393647074699402,-0.15878969430923462,-1.2001109224457607,"[566.0, 163.0]"
normal_2441_RFM.png,negative_score,normal,"[201.0, 227.0]",45.254833995939045,0.7796081304550171,0.15477269887924194,0.8508226871490479,-0.14629775285720825,-0.8566813471891184,"[203.0, 143.0]"
normal_2442_RFM.png,ok,normal,"[221.0, 256.0]",35.918785545899944,0.9329617202281951,0.24251532554626465,0.941851794719696,-0.15575069189071655,0.11171517126280872,"[194.0, 239.0]"
normal_2443_RFM.png,ok,normal,"[555.0, 231.0]",45.254833995939045,0.8468423187732697,0.21125811338424683,0.8642943501472473,-0.15289080142974854,0.6342281277900117,"[570.0, 224.0]"
normal_2444_RFM.png,ok,normal,"[563.0, 245.0]",45.254833995939045,0.925175803899765,0.26977455615997314,0.8946139216423035,-0.14585751295089722,0.4990243893162063,"[580.0, 260.0]"
normal_2445_RFM.png,negative_score,normal,"[555.0, 270.0]",35.918785545899944,0.8910662651062011,0.23898470401763916,0.8897558450698853,-0.14626234769821167,-6.918187353411412,"[294.0, 383.0]"
normal_2446_RFM.png,negative_score,normal,"[595.0, 197.0]",45.254833995939045,0.8541996479034424,0.17464607954025269,0.9389262199401855,-0.11152607202529907,-1.9331750075643286,"[581.0, 329.0]"
normal_2447_RFM.png,ok,normal,"[368.0, 252.0]",45.254833995939045,0.7648959457874298,0.16524195671081543,0.8193261027336121,-0.1306285858154297,0.6548324682128981,"[356.0, 262.0]"
normal_2448_RFM.png,ok,normal,"[191.0, 233.0]",45.254833995939045,0.8778985559940338,0.27171868085861206,0.8228691220283508,-0.15085744857788086,0.5271016890493264,"[174.0, 220.0]"
normal_2449_RFM.png,ok,normal,"[184.0, 236.0]",45.254833995939045,0.9171985268592834,0.21583551168441772,0.9606591463088989,-0.14450806379318237,0.4841383118994007,"[168.0, 219.0]"
normal_2450_RFM.png,ok,normal,"[190.0, 237.0]",45.254833995939045,0.8301913559436798,0.17018449306488037,0.8996069431304932,-0.15141001343727112,0.3367192101002774,"[160.0, 236.0]"
normal_2451_RFM.png,ok,normal,"[514.0, 230.0]",45.254833995939045,0.8979354500770569,0.2887822389602661,0.8268511295318604,-0.15178710222244263,0.26446235650376126,"[542.0, 212.0]"
normal_2452_RFM.png,negative_score,normal,"[265.0, 206.0]",45.254833995939045,0.8361608803272248,0.2861137092113495,0.7469148635864258,-0.136033833026886,-0.03172337620119858,"[233.0, 240.0]"
normal_2453_RFM.png,negative_score,normal,"[191.0, 225.0]",45.254833995939045,0.8903633594512939,0.29931163787841797,0.8010073900222778,-0.15173274278640747,-1.002196059955168,"[208.0, 136.0]"
normal_2454_RFM.png,ok,normal,"[563.0, 226.0]",45.254833995939045,0.8977284312248229,0.21642160415649414,0.9330620765686035,-0.14081686735153198,0.3988942480727705,"[589.0, 234.0]"
normal_2455_RFM.png,no_blob,normal,,,,,,,,"[425.0, 246.0]"
normal_2456_RFM.png,ok,normal,"[187.0, 242.0]",35.918785545899944,0.8892884314060211,0.2443273663520813,0.8760376572608948,-0.15867352485656738,0.29899198312670916,"[162.0, 239.0]"
normal_2457_RFM.png,ok,normal,"[583.0, 247.0]",45.254833995939045,0.8474018156528472,0.23283135890960693,0.8386399149894714,-0.13761258125305176,0.5108601299219211,"[604.0, 240.0]"
normal_2458_RFM.png,ok,normal,"[193.0, 219.0]",45.254833995939045,0.7956759452819824,0.17355239391326904,0.8473141193389893,-0.1450183391571045,0.3061373965257963,"[168.0, 200.0]"
normal_2459_RFM.png,no_blob,normal,,,,,,,,"[207.0, 288.0]"
normal_2460_RFM.png,ok,normal,"[194.0, 227.0]",45.254833995939045,0.8421816527843475,0.28125831484794617,0.7576721906661987,-0.15276402235031128,0.5778357473091783,"[180.0, 214.0]"
normal_2461_RFM.png,ok,normal,"[566.0, 264.0]",45.254833995939045,0.903941535949707,0.30629223585128784,0.8104053139686584,-0.15182790160179138,0.4898491338339217,"[589.0, 262.0]"
normal_2462_RFM.png,ok,normal,"[198.0, 214.0]",45.254833995939045,1.018939697742462,0.3416428565979004,0.921725869178772,-0.16044366359710693,0.09375000000000011,"[199.0, 173.0]"
normal_2463_RFM.png,ok,normal,"[564.0, 264.0]",45.254833995939045,0.8382489800453186,0.18316030502319336,0.8917656540870667,-0.15426358580589294,0.5558540498890033,"[584.0, 262.0]"
normal_2464_RFM.png,ok,normal,"[202.0, 278.0]",35.918785545899944,0.741296249628067,0.18953949213027954,0.742926836013794,-0.15853986144065857,0.47692289863066983,"[185.0, 270.0]"
normal_2465_RFM.png,negative_score,normal,"[614.0, 190.0]",35.918785545899944,0.8342304170131682,0.1402733325958252,0.9662259221076965,-0.08799469470977783,-4.946751550382535,"[414.0, 115.0]"
normal_2466_RFM.png,negative_score,normal,"[554.0, 262.0]",35.918785545899944,0.9134774088859557,0.2868573069572449,0.8528081178665161,-0.1482720971107483,-0.058308487878024895,"[576.0, 293.0]"
normal_2467_RFM.png,negative_score,normal,"[582.0, 240.0]",45.254833995939045,0.8646600365638732,0.17437273263931274,0.940497100353241,-0.15969666838645935,-2.3138263853889507,"[521.0, 377.0]"
normal_2468_RFM.png,negative_score,normal,"[210.0, 264.0]",45.254833995939045,0.9716179132461548,0.2603864073753357,0.9727802276611328,-0.15142673254013062,-4.161881394535329,"[350.0, 77.0]"
normal_2469_RFM.png,ok,normal,"[407.0, 254.0]",57.01751796098172,0.8427311718463897,0.22200965881347656,0.8463190197944641,-0.14149099588394165,0.7947174775526111,"[418.0, 250.0]"
normal_2470_RFM.png,negative_score,normal,"[183.0, 196.0]",35.918785545899944,0.8225411713123322,0.21900951862335205,0.8190001845359802,-0.15115761756896973,-6.32847543441409,"[326.0, 417.0]"
normal_2471_RFM.png,ok,normal,"[554.0, 243.0]",45.254833995939045,0.8067136406898499,0.21202528476715088,0.8076766729354858,-0.14657342433929443,0.4458078796572438,"[579.0, 245.0]"
normal_2472_RFM.png,ok,normal,"[208.0, 239.0]",45.254833995939045,0.7564011931419372,0.20989948511123657,0.7390211820602417,-0.14593440294265747,0.5871923495742841,"[190.0, 234.0]"
normal_2473_RFM.png,negative_score,normal,"[195.0, 235.0]",35.918785545899944,0.9742786228656768,0.32580333948135376,0.8811009526252747,-0.1585230827331543,-0.09183377183340591,"[182.0, 272.0]"
normal_2474_RFM.png,ok,normal,"[568.0, 216.0]",45.254833995939045,0.9156003773212432,0.2763916850090027,0.869798481464386,-0.15174877643585205,0.7051880896232312,"[581.0, 213.0]"
normal_2475_RFM.png,ok,normal,"[206.0, 246.0]",35.918785545899944,0.9307508528232574,0.229810893535614,0.9581524729728699,-0.1511661410331726,0.42605163802812585,"[186.0, 251.0]"
normal_2476_RFM.png,ok,normal,"[382.0, 237.0]",45.254833995939045,0.936608725786209,0.2753075361251831,0.9040618538856506,-0.14228945970535278,0.4687500000000001,"[399.0, 254.0]"
normal_2477_RFM.png,ok,normal,"[199.0, 226.0]",45.254833995939045,0.7918769598007201,0.1885002851486206,0.8190979957580566,-0.1500403881072998,0.4529018312496377,"[181.0, 209.0]"
normal_2478_RFM.png,ok,normal,"[568.0, 237.0]",35.918785545899944,0.9401709139347076,0.25008881092071533,0.9432983994483948,-0.14886611700057983,0.2772163764190019,"[593.0, 244.0]"
normal_2479_RFM.png,ok,normal,"[578.0, 226.0]",45.254833995939045,0.8274559319019318,0.13927602767944336,0.943747341632843,-0.13778382539749146,0.418716398820679,"[604.0, 230.0]"
normal_2480_RFM.png,no_blob,normal,,,,,,,,"[579.0, 259.0]"
normal_2481_RFM.png,ok,normal,"[209.0, 226.0]",45.254833995939045,0.8786782503128051,0.20699363946914673,0.9168838262557983,-0.14932966232299805,0.2269176951966887,"[179.0, 244.0]"
normal_2482_RFM.png,ok,normal,"[205.0, 227.0]",45.254833995939045,0.8645028352737426,0.2401663064956665,0.849661111831665,-0.14786875247955322,0.7529470577993453,"[195.0, 232.0]"
normal_2483_RFM.png,ok,normal,"[577.0, 240.0]",45.254833995939045,0.7703101873397827,0.21192115545272827,0.7548721432685852,-0.149892657995224,0.8517682346796072,"[580.0, 246.0]"
normal_2484_RFM.png,ok,normal,"[195.0, 233.0]",45.254833995939045,0.777272367477417,0.21561843156814575,0.7599341869354248,-0.14850002527236938,0.6185451370083218,"[178.0, 236.0]"
normal_2485_RFM.png,negative_score,normal,"[563.0, 233.0]",45.254833995939045,0.904465490579605,0.26421523094177246,0.8720950484275818,-0.14891862869262695,-0.6467890157819245,"[548.0, 160.0]"
normal_2486_RFM.png,ok,normal,"[213.0, 222.0]",35.918785545899944,0.8128266036510468,0.30284443497657776,0.6852062940597534,-0.151688814163208,0.26921778958059384,"[188.0, 230.0]"
normal_2487_RFM.png,negative_score,normal,"[201.0, 222.0]",45.254833995939045,0.9708533346652984,0.27049893140792847,0.954520046710968,-0.16095185279846191,-0.8260538481244193,"[231.0, 145.0]"
normal_2488_RFM.png,ok,normal,"[556.0, 226.0]",45.254833995939045,0.9470856547355652,0.3172781467437744,0.8569592237472534,-0.1496802568435669,0.5219669206006764,"[574.0, 214.0]"
normal_2489_RFM.png,ok,normal,"[217.0, 254.0]",45.254833995939045,0.908593475818634,0.3031544089317322,0.823095440864563,-0.14636129140853882,0.36262256080090194,"[201.0, 278.0]"
normal_2490_RFM.png,ok,normal,"[209.0, 233.0]",45.254833995939045,0.9153199374675751,0.24295753240585327,0.9163764119148254,-0.15449458360671997,0.5255554234159695,"[190.0, 223.0]"
normal_2491_RFM.png,ok,normal,"[564.0, 260.0]",45.254833995939045,0.920700979232788,0.2603740096092224,0.8988308310508728,-0.15572693943977356,0.4747582401883872,"[586.0, 269.0]"
normal_2492_RFM.png,ok,normal,"[192.0, 233.0]",57.01751796098172,0.8313607037067412,0.16571319103240967,0.909023106098175,-0.14665669202804565,0.38916756147874365,"[165.0, 255.0]"
normal_2493_RFM.png,ok,normal,"[199.0, 237.0]",45.254833995939045,0.8804870605468749,0.315540075302124,0.7619593739509583,-0.157877117395401,0.4422947407007892,"[178.0, 251.0]"
normal_2494_RFM.png,negative_score,normal,"[589.0, 238.0]",45.254833995939045,0.8775717258453368,0.2167264223098755,0.9037628173828125,-0.14105665683746338,-4.192815424338708,"[448.0, 426.0]"
normal_2495_RFM.png,negative_score,normal,"[568.0, 253.0]",45.254833995939045,0.9592274606227875,0.2599068880081177,0.9534546732902527,-0.1595115065574646,-4.930917403741178,"[354.0, 415.0]"
normal_2496_RFM.png,ok,normal,"[575.0, 244.0]",45.254833995939045,0.855895733833313,0.25255268812179565,0.8196651935577393,-0.14788705110549927,0.5647378663379963,"[593.0, 236.0]"
normal_2497_RFM.png,ok,normal,"[579.0, 302.0]",45.254833995939045,0.8963654100894927,0.2081693410873413,0.9422127604484558,-0.1432356834411621,0.42547574028593016,"[603.0, 312.0]"
normal_2498_RFM.png,negative_score,normal,"[576.0, 250.0]",45.254833995939045,0.9026283025741577,0.2617924213409424,0.8726412057876587,-0.14993518590927124,-0.07914354061450046,"[609.0, 286.0]"
normal_2499_RFM.png,ok,normal,"[204.0, 234.0]",45.254833995939045,0.9305680453777313,0.30582064390182495,0.8502331376075745,-0.14792102575302124,0.5889704238135655,"[189.0, 245.0]"
normal_2500_RFM.png,ok,normal,"[287.0, 237.0]",45.254833995939045,0.9102721214294434,0.25651973485946655,0.8921282291412354,-0.1463131308555603,0.702714100149368,"[277.0, 228.0]"
normal_2501_RFM.png,ok,normal,"[200.0, 225.0]",35.918785545899944,0.8137229979038239,0.16148507595062256,0.8898671269416809,-0.1466546654701233,0.24009991671257946,"[176.0, 238.0]"
normal_2502_RFM.png,negative_score,normal,"[567.0, 235.0]",45.254833995939045,0.8585063338279724,0.20338201522827148,0.8939765095710754,-0.1467038094997406,-4.347038461849699,"[390.0, 400.0]"
normal_2503_RFM.png,negative_score,normal,"[204.0, 244.0]",35.918785545899944,0.9716555714607238,0.3271949887275696,0.8770767450332642,-0.15253430604934692,-0.9114949052870949,"[189.0, 177.0]"
normal_2504_RFM.png,ok,normal,"[387.0, 248.0]",45.254833995939045,0.8128288447856902,0.21837669610977173,0.8121160864830017,-0.12985444068908691,0.3668500128326623,"[362.0, 234.0]"
normal_2505_RFM.png,ok,normal,"[195.0, 222.0]",45.254833995939045,0.7929690599441528,0.203294575214386,0.797256588935852,-0.15797436237335205,0.5597186623873323,"[189.0, 203.0]"
normal_2506_RFM.png,ok,normal,"[578.0, 241.0]",45.254833995939045,0.9684744596481323,0.30685800313949585,0.9005521535873413,-0.1561497449874878,0.4846117967977924,"[598.0, 229.0]"
normal_2507_RFM.png,ok,normal,"[558.0, 233.0]",35.918785545899944,1.0198867201805115,0.3539906144142151,0.9084532260894775,-0.14989423751831055,0.4798949516709964,"[576.0, 228.0]"
normal_2508_RFM.png,ok,normal,"[197.0, 225.0]",45.254833995939045,0.9356337249279022,0.2883608937263489,0.8809583783149719,-0.153009831905365,0.11694555306595056,"[176.0, 191.0]"
normal_2509_RFM.png,ok,normal,"[216.0, 259.0]",35.918785545899944,0.932430100440979,0.21550512313842773,0.9786640405654907,-0.15930074453353882,0.348268615832659,"[194.0, 267.0]"
normal_2510_RFM.png,ok,normal,"[390.0, 258.0]",57.01751796098172,0.8777310252189636,0.2061690092086792,0.9177778959274292,-0.14558744430541992,0.6775591613189595,"[407.0, 251.0]"
papilledema_0001_EDD.jpg,ok,papilledema,"[288.0, 212.0]",71.83757109179989,0.8265436291694641,0.11182600259780884,0.9786758422851562,-0.1482226848602295,0.9377465595365868,"[286.0, 216.0]"
papilledema_0002_EDD.jpg,ok,papilledema,"[256.0, 208.0]",90.50966799187809,0.8647001922130584,0.17035043239593506,0.9492329359054565,-0.14943352341651917,0.7392450114331464,"[275.0, 194.0]"
papilledema_0003_EDD.jpg,ok,papilledema,"[268.0, 226.0]",71.83757109179989,0.791195648908615,0.09157109260559082,0.96001797914505,-0.1380598545074463,0.9290201570557439,"[267.0, 231.0]"
papilledema_0004_EDD.jpg,ok,papilledema,"[143.0, 217.0]",57.01751796098172,0.8161107420921325,0.11715805530548096,0.9560649394989014,-0.14853614568710327,0.8015748685039751,"[135.0, 225.0]"
papilledema_0005_EDD.jpg,ok,papilledema,"[328.0, 214.0]",114.03503592196344,0.8781791925430298,0.1590733528137207,0.9874171018600464,-0.13956934213638306,0.7574549510309617,"[346.0, 193.0]"
papilledema_0006_EDD.jpg,ok,papilledema,"[316.0, 258.0]",90.50966799187809,0.8331422507762909,0.14196562767028809,0.9482455849647522,-0.13702356815338135,0.7211473703503946,"[330.0, 237.0]"
papilledema_0007_EDD.jpg,ok,papilledema,"[416.0, 200.0]",57.01751796098172,0.8065954387187957,0.10552942752838135,0.9654121994972229,-0.126387357711792,0.6149516993159178,"[435.0, 189.0]"
papilledema_0008_EDD.jpg,ok,papilledema,"[266.0, 230.0]",71.83757109179989,0.8132856905460357,0.1086268424987793,0.9670712351799011,-0.13854491710662842,0.6943869612177602,"[255.0, 211.0]"
papilledema_0009_EDD.jpg,ok,papilledema,"[153.0, 204.0]",57.01751796098172,0.7966309249401092,0.0931428074836731,0.9670290350914001,-0.13283896446228027,0.6997897596956539,"[136.0, 202.0]"
papilledema_0010_EDD.jpg,ok,papilledema,"[404.0, 242.0]",71.83757109179989,0.9250876247882842,0.2826905846595764,0.8767568469047546,-0.1433362364768982,0.5364312698137041,"[426.0, 267.0]"
papilledema_0011_EDD.jpg,ok,papilledema,"[178.0, 214.0]",57.01751796098172,0.828410130739212,0.13498729467391968,0.9509595036506653,-0.1387559175491333,0.7557173869491196,"[165.0, 209.0]"
papilledema_0012_EDD.jpg,ok,papilledema,"[282.0, 228.0]",71.83757109179989,0.8094115734100341,0.12052708864212036,0.9436365365982056,-0.1416945457458496,0.7683201599922546,"[268.0, 237.0]"
papilledema_0013_EDD.jpg,ok,papilledema,"[140.0, 191.0]",45.254833995939045,0.8182726800441742,0.11729300022125244,0.9603971838951111,-0.14350825548171997,0.7529470577993453,"[130.0, 196.0]"
papilledema_0014_EDD.jpg,ok,papilledema,"[307.0, 226.0]",57.01751796098172,0.8166633844375609,0.11307775974273682,0.9666092395782471,-0.13479578495025635,0.7369229574274907,"[319.0, 235.0]"
papilledema_0015_EDD.jpg,ok,papilledema,"[423.0, 211.0]",45.254833995939045,0.872684782743454,0.16659820079803467,0.9680867791175842,-0.14212918281555176,0.5871923495742841,"[441.0, 206.0]"
papilledema_0016_EDD.jpg,ok,papilledema,"[168.0, 222.0]",71.83757109179989,0.8066052079200744,0.10599178075790405,0.9616340398788452,-0.1373479962348938,0.6909193479996567,"[150.0, 235.0]"
papilledema_0017_EDD.jpg,ok,papilledema,"[260.0, 240.0]",90.50966799187809,0.8393824517726898,0.1319366693496704,0.9692210555076599,-0.14495521783828735,0.7823689331689981,"[252.0, 258.0]"
papilledema_0018_EDD.jpg,ok,papilledema,"[152.0, 174.0]",71.83757109179989,0.813255923986435,0.11405128240585327,0.959688127040863,-0.1371147632598877,0.7633550279939725,"[144.0, 159.0]"
papilledema_0019_EDD.jpg,ok,papilledema,"[270.0, 228.0]",90.50966799187809,0.8404056012630463,0.1493699550628662,0.9459733963012695,-0.1442713439464569,0.6171077889111611,"[245.0, 204.0]"
papilledema_0020_EDD.jpg,ok,papilledema,"[159.0, 215.0]",57.01751796098172,0.831135094165802,0.1341744065284729,0.9559290409088135,-0.13905179500579834,0.6283664940498184,"[139.0, 208.0]"
papilledema_0021_EDD.jpg,ok,papilledema,"[268.0, 236.0]",71.83757109179989,0.8537961483001708,0.15636712312698364,0.9554685354232788,-0.14300525188446045,0.6451007852787197,"[279.0, 213.0]"
papilledema_0022_EDD.jpg,ok,papilledema,"[364.0, 208.0]",71.83757109179989,0.8546042263507843,0.16835391521453857,0.9389179348945618,-0.14503878355026245,0.7040505225559315,"[378.0, 192.0]"
papilledema_0023_EDD.jpg,ok,papilledema,"[386.0, 210.0]",71.83757109179989,0.8742613792419434,0.20168328285217285,0.91910719871521,-0.14601528644561768,0.8169071387288693,"[399.0, 212.0]"
papilledema_0024_EDD.jpg,ok,papilledema,"[276.0, 212.0]",71.83757109179989,0.765468853712082,0.06639647483825684,0.962311327457428,-0.12727224826812744,0.9290201570557439,"[275.0, 217.0]"
papilledema_0025_EDD.jpg,ok,papilledema,"[324.0, 234.0]",71.83757109179989,0.8809415161609649,0.2050461769104004,0.924159586429596,-0.14491814374923706,0.6995021850427371,"[329.0, 213.0]"
papilledema_0026_EDD.jpg,ok,papilledema,"[152.0, 218.0]",35.918785545899944,0.8349734425544738,0.1430041790008545,0.9472103118896484,-0.1446102261543274,0.47176204115353004,"[134.0, 224.0]"
papilledema_0027_EDD.jpg,negative_score,papilledema,"[400.0, 197.0]",57.01751796098172,0.8261136710643768,0.14479398727416992,0.9340199828147888,-0.13752847909927368,-3.2699240124245295,"[312.0, 424.0]"
papilledema_0028_EDD.jpg,ok,papilledema,"[284.0, 210.0]",71.83757109179989,0.8182094633579253,0.14806365966796875,0.9178243279457092,-0.13834387063980103,0.46719637320284724,"[305.0, 242.0]"
papilledema_0029_EDD.jpg,ok,papilledema,"[262.0, 220.0]",57.01751796098172,0.7919869065284728,0.10799777507781982,0.9391870498657227,-0.13279098272323608,0.7123477125384443,"[252.0, 233.0]"
papilledema_0030_EDD.jpg,ok,papilledema,"[244.0, 207.0]",57.01751796098172,0.8466210484504699,0.13900655508041382,0.9682437181472778,-0.14921945333480835,0.7277297355019288,"[229.0, 211.0]"
papilledema_0031_EDD.jpg,ok,papilledema,"[460.0, 200.0]",45.254833995939045,0.8112914860248566,0.13350647687911987,0.927504301071167,-0.142659991979599,0.28125,"[483.0, 223.0]"
papilledema_0032_EDD.jpg,ok,papilledema,"[144.0, 182.0]",57.01751796098172,0.8218225598335266,0.10893696546554565,0.9764852523803711,-0.14672958850860596,0.6780364981294296,"[135.0, 198.0]"
papilledema_0033_EDD.jpg,ok,papilledema,"[308.0, 208.0]",90.50966799187809,0.8337307333946228,0.10978877544403076,0.9907310009002686,-0.15215128660202026,0.8201427432309166,"[324.0, 211.0]"
papilledema_0034_EDD.jpg,ok,papilledema,"[434.0, 194.0]",90.50966799187809,0.8230540752410889,0.10461664199829102,0.9850864410400391,-0.14438462257385254,0.5295603369586064,"[476.0, 187.0]"
papilledema_0035_EDD.jpg,ok,papilledema,"[306.0, 210.0]",71.83757109179989,0.8162401616573334,0.10853010416030884,0.9688097834587097,-0.14771604537963867,0.6576060774512272,"[328.0, 199.0]"
papilledema_0036_EDD.jpg,ok,papilledema,"[150.0, 198.0]",57.01751796098172,0.8770747721195221,0.17281633615493774,0.963622510433197,-0.14861339330673218,0.6023753942950674,"[135.0, 215.0]"
papilledema_0037_EDD.jpg,ok,papilledema,"[196.0, 188.0]",71.83757109179989,0.8069839477539062,0.11793357133865356,0.9432180523872375,-0.143988698720932,0.804619384615854,"[182.0, 187.0]"
papilledema_0038_EDD.jpg,ok,papilledema,"[328.0, 218.0]",90.50966799187809,0.8275667369365692,0.11519378423690796,0.9740176796913147,-0.15280288457870483,0.4645159534939439,"[346.0, 173.0]"
papilledema_0039_EDD.jpg,ok,papilledema,"[180.0, 212.0]",90.50966799187809,0.7789030134677887,0.08740365505218506,0.9569697976112366,-0.10810250043869019,0.4793099155327615,"[135.0, 198.0]"
papilledema_0040_EDD.jpg,ok,papilledema,"[148.0, 188.0]",71.83757109179989,0.8466906666755676,0.13674980401992798,0.9713181257247925,-0.15009087324142456,0.8051159054068008,"[134.0, 188.0]"
papilledema_0041_EDD.jpg,ok,papilledema,"[316.0, 210.0]",114.03503592196344,0.878771811723709,0.16433298587799072,0.981671154499054,-0.13634508848190308,0.7614510242616451,"[332.0, 188.0]"
papilledema_0042_EDD.jpg,ok,papilledema,"[448.0, 209.0]",57.01751796098172,0.8729539573192596,0.1578887701034546,0.9821780323982239,-0.1377028226852417,0.3090644311430123,"[464.0, 173.0]"
papilledema_0043_EDD.jpg,ok,papilledema,"[144.0, 200.0]",71.83757109179989,0.8387286126613617,0.136060893535614,0.9633409380912781,-0.14164531230926514,0.7490483586328021,"[126.0, 201.0]"
papilledema_0044_EDD.jpg,ok,papilledema,"[302.0, 214.0]",90.50966799187809,0.848271644115448,0.1505001187324524,0.956265389919281,-0.1419287621974945,0.586306178285196,"[323.0, 183.0]"
papilledema_0045_EDD.jpg,ok,papilledema,"[162.0, 240.0]",114.03503592196344,0.8387390434741974,0.1300119161605835,0.982053816318512,-0.10644727945327759,0.5309483962642104,"[112.0, 221.0]"
papilledema_0046_EDD.jpg,ok,papilledema,"[296.0, 232.0]",143.67514218359977,0.8598076879978179,0.150257408618927,0.993614673614502,-0.07010003924369812,0.8300811757661576,"[316.0, 218.0]"
papilledema_0047_EDD.jpg,ok,papilledema,"[278.0, 212.0]",71.83757109179989,0.890402603149414,0.20647954940795898,0.9343887567520142,-0.14925462007522583,0.6434665515486087,"[262.0, 192.0]"
papilledema_0048_EDD.jpg,ok,papilledema,"[166.0, 216.0]",71.83757109179989,0.8540283441543579,0.19384169578552246,0.9021416306495667,-0.14343753457069397,0.4628498405960977,"[146.0, 249.0]"
papilledema_0049_EDD.jpg,ok,papilledema,"[388.0, 222.0]",57.01751796098172,0.8272349536418914,0.15025216341018677,0.9250645041465759,-0.1471881866455078,0.6982567612666206,"[402.0, 212.0]"
papilledema_0050_EDD.jpg,ok,papilledema,"[300.0, 222.0]",57.01751796098172,0.8132028043270111,0.1335008144378662,0.9314932227134705,-0.13828366994857788,0.8336154690739577,"[297.0, 213.0]"
papilledema_0051_EDD.jpg,ok,papilledema,"[282.0, 214.0]",90.50966799187809,0.8264346897602081,0.11088383197784424,0.9790875315666199,-0.1509479284286499,0.9301228757031316,"[284.0, 220.0]"
papilledema_0052_EDD.jpg,ok,papilledema,"[169.0, 190.0]",45.254833995939045,0.8459685325622558,0.14241784811019897,0.963070273399353,-0.14700746536254883,0.36262256080090194,"[153.0, 214.0]"
papilledema_0053_EDD.jpg,ok,papilledema,"[314.0, 203.0]",57.01751796098172,0.8302854716777801,0.15213191509246826,0.9269281029701233,-0.14651942253112793,0.9276870377198954,"[318.0, 202.0]"
papilledema_0054_EDD.jpg,ok,papilledema,"[280.0, 246.0]",114.03503592196344,0.9198925673961639,0.2175580859184265,0.9592119455337524,-0.1544305980205536,0.6530883638535725,"[269.0, 208.0]"
papilledema_0055_EDD.jpg,negative_score,papilledema,"[428.0, 214.0]",90.50966799187809,0.9081072151660918,0.19643563032150269,0.9716535210609436,-0.15757060050964355,-0.620825467258119,"[373.0, 350.0]"
papilledema_0056_EDD.jpg,ok,papilledema,"[286.0, 228.0]",114.03503592196344,0.8744500935077666,0.1605151891708374,0.9814683794975281,-0.13453519344329834,0.9332154978135356,"[283.0, 235.0]"
papilledema_0057_EDD.jpg,ok,papilledema,"[296.0, 222.0]",90.50966799187809,0.874183201789856,0.17592662572860718,0.9537999629974365,-0.15298300981521606,0.7765570367800767,"[316.0, 219.0]"
papilledema_0058_EDD.jpg,ok,papilledema,"[460.0, 210.0]",90.50966799187809,0.9102429926395417,0.21103042364120483,0.9548062086105347,-0.15424111485481262,0.1258374543312898,"[438.0, 134.0]"
papilledema_0059_EDD.jpg,negative_score,papilledema,"[416.0, 212.0]",90.50966799187809,0.846088033914566,0.1386047601699829,0.9706665873527527,-0.14008331298828125,-0.48745568473904455,"[346.0, 97.0]"
papilledema_0060_EDD.jpg,ok,papilledema,"[316.0, 218.0]",114.03503592196344,0.8732104301452637,0.1591254472732544,0.9765211343765259,-0.1526009440422058,0.8237405628915971,"[318.0, 198.0]"
papilledema_0061_EDD.jpg,ok,papilledema,"[463.0, 205.0]",57.01751796098172,0.8291060447692871,0.11864334344863892,0.9785690307617188,-0.12732189893722534,0.6972390746043123,"[480.0, 208.0]"
papilledema_0062_EDD.jpg,ok,papilledema,"[148.0, 188.0]",71.83757109179989,0.8466906666755676,0.13674980401992798,0.9713181257247925,-0.15009087324142456,0.8051159054068008,"[134.0, 188.0]"
papilledema_0063_EDD.jpg,ok,papilledema,"[336.0, 232.0]",71.83757109179989,0.7885380625724793,0.09644347429275513,0.948447585105896,-0.14090639352798462,0.7799008504806375,"[351.0, 227.0]"
papilledema_0064_EDD.jpg,ok,papilledema,"[324.0, 234.0]",71.83757109179989,0.8282611608505249,0.1471593976020813,0.9324495792388916,-0.1419352889060974,0.8716612447056235,"[331.0, 240.0]"
papilledema_0065_EDD.jpg,negative_score,papilledema,"[148.0, 173.0]",57.01751796098172,0.8756298243999481,0.1595713496208191,0.9805038571357727,-0.14852887392044067,-1.4431409074098602,"[167.0, 311.0]"
papilledema_0066_EDD.jpg,ok,papilledema,"[471.0, 215.0]",57.01751796098172,0.850234979391098,0.13685345649719238,0.9740427136421204,-0.15775811672210693,0.6169540441450407,"[492.0, 209.0]"
papilledema_0067_EDD.jpg,ok,papilledema,"[312.0, 220.0]",90.50966799187809,0.8103518962860108,0.09945547580718994,0.9740638732910156,-0.14525854587554932,0.9056012033312925,"[304.0, 223.0]"
papilledema_0068_EDD.jpg,negative_score,papilledema,"[282.0, 214.0]",90.50966799187809,0.8223774909973144,0.11808419227600098,0.9639425873756409,-0.14766743779182434,-0.4417820055620405,"[312.0, 341.0]"
papilledema_0069_EDD.jpg,ok,papilledema,"[398.0, 221.0]",57.01751796098172,0.8585689425468445,0.20153778791427612,0.8970173597335815,-0.1455950140953064,0.8211420035125994,"[408.0, 219.0]"
papilledema_0070_EDD.jpg,ok,papilledema,"[290.0, 232.0]",57.01751796098172,0.8609476029872893,0.18672966957092285,0.922363817691803,-0.14281630516052246,0.8111049025031329,"[300.0, 236.0]"
papilledema_0071_EDD.jpg,ok,papilledema,"[156.0, 217.0]",45.254833995939045,0.88660209774971,0.20138835906982422,0.9377912878990173,-0.14379918575286865,0.53125,"[141.0, 202.0]"
papilledema_0072_EDD.jpg,ok,papilledema,"[280.0, 227.0]",57.01751796098172,0.8411744058132171,0.17360800504684448,0.9136608242988586,-0.14001911878585815,0.7753980016522417,"[270.0, 219.0]"
papilledema_0073_EDD.jpg,ok,papilledema,"[282.0, 214.0]",90.50966799187809,0.8264346897602081,0.11088383197784424,0.9790875315666199,-0.1509479284286499,0.9301228757031316,"[284.0, 220.0]"
papilledema_0074_EDD.jpg,ok,papilledema,"[266.0, 218.0]",71.83757109179989,0.7819570779800414,0.10128796100616455,0.9353580474853516,-0.1295924186706543,0.8494290151796813,"[257.0, 224.0]"
papilledema_0075_EDD.jpg,ok,papilledema,"[161.0, 200.0]",45.254833995939045,0.8052480518817902,0.11022621393203735,0.9533758759498596,-0.13829362392425537,0.6898526056050125,"[147.0, 201.0]"
papilledema_0076_EDD.jpg,ok,papilledema,"[252.0, 214.0]",90.50966799187809,0.8142810761928558,0.12835800647735596,0.9527847170829773,-0.09486883878707886,0.489251277228714,"[288.0, 243.0]"
papilledema_0077_EDD.jpg,ok,papilledema,"[345.0, 211.0]",57.01751796098172,0.9334616303443908,0.25852835178375244,0.921004056930542,-0.15115219354629517,0.36764148907159666,"[365.0, 181.0]"
papilledema_0078_EDD.jpg,ok,papilledema,"[296.0, 202.0]",114.03503592196344,0.8443659543991089,0.1286868453025818,0.9914988279342651,-0.10814964771270752,0.46853806983074486,"[344.0, 239.0]"
papilledema_0079_EDD.jpg,ok,papilledema,"[404.0, 211.0]",57.01751796098172,0.8607634425163269,0.18319731950759888,0.9260678291320801,-0.14659321308135986,0.788081866666605,"[415.0, 216.0]"
papilledema_0080_EDD.jpg,ok,papilledema,"[285.0, 219.0]",57.01751796098172,0.8694939255714417,0.1745539903640747,0.9516006708145142,-0.14409732818603516,0.8586003383413546,"[292.0, 223.0]"
papilledema_0081_EDD.jpg,ok,papilledema,"[167.0, 219.0]",57.01751796098172,0.8299813389778137,0.15620750188827515,0.922094464302063,-0.1415385603904724,0.893317654857218,"[161.0, 220.0]"
papilledema_0082_EDD.jpg,ok,papilledema,"[277.0, 228.0]",57.01751796098172,0.8418432533740997,0.15172922611236572,0.9461641907691956,-0.1389954686164856,0.8735282978143193,"[273.0, 234.0]"
papilledema_0083_EDD.jpg,ok,papilledema,"[414.0, 186.0]",35.918785545899944,0.8722589612007141,0.18528985977172852,0.9406588077545166,-0.14253968000411987,0.8329564903486864,"[414.0, 180.0]"
papilledema_0084_EDD.jpg,ok,papilledema,"[312.0, 184.0]",71.83757109179989,0.8213000059127807,0.11723452806472778,0.9646400213241577,-0.1440873146057129,0.6887327976829338,"[316.0, 206.0]"
papilledema_0085_EDD.jpg,ok,papilledema,"[277.0, 228.0]",45.254833995939045,0.8227322697639464,0.1306314468383789,0.950914740562439,-0.13230252265930176,0.8391307790470781,"[275.0, 221.0]"
papilledema_0086_EDD.jpg,ok,papilledema,"[181.0, 197.0]",57.01751796098172,0.8219069778919219,0.13047564029693604,0.9471572041511536,-0.14210647344589233,0.4065359236694026,"[170.0, 229.0]"
papilledema_0087_EDD.jpg,ok,papilledema,"[237.0, 189.0]",57.01751796098172,0.8246144831180572,0.12412905693054199,0.9604101777076721,-0.14099150896072388,0.292132074762691,"[210.0, 159.0]"
papilledema_0088_EDD.jpg,ok,papilledema,"[164.0, 180.0]",45.254833995939045,0.8434050798416137,0.13793379068374634,0.9655911922454834,-0.14778727293014526,0.7823689331689981,"[160.0, 189.0]"
papilledema_0089_EDD.jpg,ok,papilledema,"[306.0, 214.0]",57.01751796098172,0.7839684963226319,0.08740764856338501,0.9562069177627563,-0.13608002662658691,0.6448730590978543,"[313.0, 233.0]"
papilledema_0090_EDD.jpg,ok,papilledema,"[409.0, 190.0]",45.254833995939045,0.802753859758377,0.11576807498931885,0.9434871077537537,-0.13272404670715332,0.7823689331689981,"[413.0, 199.0]"
papilledema_0091_EDD.jpg,ok,papilledema,"[284.0, 208.0]",57.01751796098172,0.8041519105434417,0.11061215400695801,0.9516353011131287,-0.1369752287864685,0.8876990008261209,"[280.0, 213.0]"
papilledema_0092_EDD.jpg,ok,papilledema,"[166.0, 230.0]",57.01751796098172,0.843355107307434,0.14573585987091064,0.9563471078872681,-0.14088135957717896,0.9123076524758302,"[163.0, 226.0]"
papilledema_0093_EDD.jpg,ok,papilledema,"[282.0, 236.0]",71.83757109179989,0.8286933839321136,0.13423562049865723,0.9505669474601746,-0.14530450105667114,0.868676223476416,"[287.0, 228.0]"
papilledema_0094_EDD.jpg,ok,papilledema,"[292.0, 216.0]",71.83757109179989,0.8413716316223144,0.14766579866409302,0.9485968351364136,-0.14844024181365967,0.9559801700961275,"[289.0, 215.0]"
papilledema_0095_EDD.jpg,ok,papilledema,"[453.0, 184.0]",57.01751796098172,0.809283584356308,0.12055617570877075,0.9455171227455139,-0.13432711362838745,0.6448730590978543,"[460.0, 203.0]"
papilledema_0096_EDD.jpg,ok,papilledema,"[424.0, 215.0]",57.01751796098172,0.8286422073841094,0.1431843638420105,0.9380431771278381,-0.14413809776306152,0.8345424096062464,"[432.0, 210.0]"
papilledema_0097_EDD.jpg,negative_score,papilledema,"[342.0, 307.0]",35.918785545899944,0.7435895979404449,0.038108885288238525,0.9787009358406067,-0.10195028781890869,-3.043791054260124,"[438.0, 198.0]"
papilledema_0098_EDD.jpg,ok,papilledema,"[280.0, 252.0]",114.03503592196344,0.8492914974689483,0.13468313217163086,0.9806458353996277,-0.14078140258789062,0.5931037276628429,"[317.0, 224.0]"
papilledema_0099_EDD.jpg,ok,papilledema,"[412.0, 198.0]",90.50966799187809,0.8641704738140106,0.16866379976272583,0.9517483115196228,-0.14641427993774414,0.35179785897838944,"[463.0, 169.0]"
papilledema_0100_EDD.jpg,negative_score,papilledema,"[336.0, 261.0]",35.918785545899944,0.7852331161499023,0.09481680393218994,0.9616696834564209,-0.08623766899108887,-1.110933295675538,"[279.0, 211.0]"
papilledema_0101_EDD.jpg,ok,papilledema,"[169.0, 179.0]",45.254833995939045,0.8205581903457642,0.11132383346557617,0.9819791316986084,-0.10924482345581055,0.6016391005005637,"[154.0, 189.0]"
papilledema_0102_EDD.jpg,ok,papilledema,"[164.0, 240.0]",45.254833995939045,0.8011986613273621,0.08986485004425049,0.978298544883728,-0.13262414932250977,0.6715031868495525,"[159.0, 226.0]"
papilledema_0103_EDD.jpg,ok,papilledema,"[279.0, 207.0]",57.01751796098172,0.7846876382827759,0.0883786678314209,0.9572737216949463,-0.1310868263244629,0.8823483698976526,"[282.0, 213.0]"
papilledema_0104_EDD.jpg,ok,papilledema,"[423.0, 206.0]",45.254833995939045,0.7961067616939543,0.10098665952682495,0.954874575138092,-0.13353949785232544,0.7962749248374172,"[432.0, 208.0]"
papilledema_0105_EDD.jpg,ok,papilledema,"[326.0, 258.0]",45.254833995939045,0.7991519153118133,0.09786516427993774,0.9656910300254822,-0.12651515007019043,0.7903686271093947,"[335.0, 255.0]"
papilledema_0106_EDD.jpg,ok,papilledema,"[455.0, 183.0]",57.01751796098172,0.8236883759498597,0.10844302177429199,0.9837907552719116,-0.13295912742614746,0.6250703452040641,"[459.0, 204.0]"
papilledema_0107_EDD.jpg,ok,papilledema,"[258.0, 202.0]",90.50966799187809,0.8507235109806061,0.15621882677078247,0.9494423270225525,-0.14947527647018433,0.5647378663379963,"[242.0, 166.0]"
papilledema_0108_EDD.jpg,ok,papilledema,"[274.0, 228.0]",71.83757109179989,0.8748938620090484,0.19453638792037964,0.9277493357658386,-0.15466469526290894,0.8142801341782941,"[287.0, 231.0]"
papilledema_0109_EDD.jpg,ok,papilledema,"[304.0, 246.0]",71.83757109179989,0.8576928496360778,0.19611036777496338,0.9031234383583069,-0.1469803750514984,0.48026765329415755,"[291.0, 211.0]"
papilledema_0110_EDD.jpg,ok,papilledema,"[417.0, 177.0]",57.01751796098172,0.910331118106842,0.21183055639266968,0.95621657371521,-0.14574480056762695,0.6982567612666206,"[431.0, 187.0]"
papilledema_0111_EDD.jpg,negative_score,papilledema,"[147.0, 134.0]",57.01751796098172,0.8949484646320343,0.20266515016555786,0.946238100528717,-0.14958322048187256,-2.1230789630979947,"[200.0, 304.0]"
papilledema_0112_EDD.jpg,ok,papilledema,"[147.0, 214.0]",57.01751796098172,0.803345251083374,0.0980653166770935,0.9689538478851318,-0.13506120443344116,0.756347794743421,"[140.0, 226.0]"
papilledema_0113_EDD.jpg,ok,papilledema,"[266.0, 214.0]",90.50966799187809,0.8210682928562164,0.1307811737060547,0.9459503293037415,-0.14060944318771362,0.8740272226828352,"[263.0, 225.0]"
papilledema_0114_EDD.jpg,ok,papilledema,"[410.0, 208.0]",71.83757109179989,0.82540585398674,0.15105706453323364,0.9226906895637512,-0.14232653379440308,0.7490483586328021,"[427.0, 214.0]"
papilledema_0115_EDD.jpg,ok,papilledema,"[310.0, 232.0]",71.83757109179989,0.8381050288677214,0.13822031021118164,0.9581188559532166,-0.14600759744644165,0.8370671539581648,"[314.0, 243.0]"
papilledema_0116_EDD.jpg,ok,papilledema,"[278.0, 226.0]",71.83757109179989,0.8469261169433593,0.14460039138793945,0.9603854417800903,-0.15027958154678345,0.570270853932169,"[265.0, 198.0]"
papilledema_0117_EDD.jpg,ok,papilledema,"[482.0, 214.0]",71.83757109179989,0.8419383227825165,0.13667231798171997,0.964399516582489,-0.150931715965271,0.5861199502883683,"[504.0, 234.0]"
papilledema_0118_EDD.jpg,negative_score,papilledema,"[164.0, 206.0]",71.83757109179989,0.8294766843318939,0.146490216255188,0.933113157749176,-0.14903628826141357,-0.42348178445587004,"[180.0, 307.0]"
papilledema_0119_EDD.jpg,ok,papilledema,"[296.0, 204.0]",90.50966799187809,0.8475068509578704,0.15858280658721924,0.9431542158126831,-0.14358046650886536,0.8429706934199861,"[307.0, 195.0]"
papilledema_0120_EDD.jpg,ok,papilledema,"[449.0, 198.0]",57.01751796098172,0.8442258238792418,0.1765650510787964,0.916167140007019,-0.13171887397766113,0.5996769898569319,"[469.0, 187.0]"
papilledema_0121_EDD.jpg,ok,papilledema,"[257.0, 211.0]",57.01751796098172,0.889489197731018,0.19358175992965698,0.9532036781311035,-0.14332431554794312,0.8431311598635368,"[249.0, 215.0]"
papilledema_0122_EDD.jpg,ok,papilledema,"[269.0, 222.0]",57.01751796098172,0.8121877372264862,0.1481131911277771,0.9071778655052185,-0.14525020122528076,0.9607827899658842,"[270.0, 220.0]"
papilledema_0123_EDD.jpg,ok,papilledema,"[266.0, 197.0]",57.01751796098172,0.8361327767372131,0.16388511657714844,0.9181755781173706,-0.14762377738952637,0.9607827899658842,"[264.0, 196.0]"
papilledema_0124_EDD.jpg,ok,papilledema,"[171.0, 186.0]",45.254833995939045,0.8946318924427031,0.197939932346344,0.9523252844810486,-0.15032130479812622,0.7962749248374172,"[162.0, 188.0]"
papilledema_0125_EDD.jpg,negative_score,papilledema,"[412.0, 168.0]",45.254833995939045,0.8933251619338989,0.2103847861289978,0.9310640096664429,-0.15597784519195557,-0.8312606654979511,"[400.0, 250.0]"
papilledema_0126_EDD.jpg,ok,papilledema,"[144.0, 213.0]",45.254833995939045,0.8545743525028229,0.154249906539917,0.9587708115577698,-0.1459243893623352,0.5848334295129243,"[136.0, 196.0]"
papilledema_0127_EDD.jpg,ok,papilledema,"[256.0, 240.0]",57.01751796098172,0.8233635425567627,0.1303119659423828,0.949722409248352,-0.14122945070266724,0.5761637333332099,"[246.0, 218.0]"
papilledema_0128_IFD.jpg,ok,papilledema,"[356.0, 280.0]",90.50966799187809,0.803374046087265,0.1427960991859436,0.9071253538131714,-0.1279509961605072,0.06497723122642629,"[405.0, 349.0]"
papilledema_0129_IFD.jpg,ok,papilledema,"[177.0, 271.0]",57.01751796098172,0.773299366235733,0.19347167015075684,0.7869394421577454,-0.14485043287277222,0.5787115055522659,"[153.0, 270.0]"
papilledema_0130_IFD.jpg,ok,papilledema,"[470.0, 235.0]",57.01751796098172,0.6720522463321685,0.1554620862007141,0.6980254054069519,-0.13986188173294067,0.693703798041084,"[487.0, 231.0]"
papilledema_0131_IFD.jpg,ok,papilledema,"[473.0, 241.0]",57.01751796098172,0.7144188702106475,0.1842881441116333,0.717413067817688,-0.13970789313316345,0.7646967397953053,"[485.0, 247.0]"
papilledema_0132_IFD.jpg,ok,papilledema,"[130.0, 278.0]",71.83757109179989,0.6643761634826659,0.17301508784294128,0.6626714468002319,-0.1374553143978119,0.5677978957161018,"[122.0, 308.0]"
papilledema_0133_IFD.jpg,ok,papilledema,"[414.0, 230.0]",71.83757109179989,0.6837510168552399,0.13605880737304688,0.7458992004394531,-0.12781384587287903,0.6380723957554872,"[414.0, 256.0]"
papilledema_0134_IFD.jpg,ok,papilledema,"[206.0, 254.0]",71.83757109179989,0.7147813618183135,0.13192951679229736,0.7940941452980042,-0.13492971658706665,0.9559801700961275,"[205.0, 251.0]"
papilledema_0135_IFD.jpg,ok,papilledema,"[464.0, 256.0]",71.83757109179989,0.7278031527996063,0.14632219076156616,0.7913602590560913,-0.13764390349388123,0.2586872438278158,"[508.0, 226.0]"
papilledema_0136_IFD.jpg,ok,papilledema,"[159.0, 267.0]",57.01751796098172,0.6475183606147765,0.15264630317687988,0.6666905879974365,-0.1409432291984558,0.8000306807673768,"[152.0, 276.0]"
papilledema_0137_IFD.jpg,ok,papilledema,"[127.0, 298.0]",57.01751796098172,0.6298996984958649,0.1314879059791565,0.6790745258331299,-0.11529812216758728,0.8411824039002503,"[126.0, 307.0]"
papilledema_0138_IFD.jpg,negative_score,papilledema,"[496.0, 295.0]",57.01751796098172,0.6139378488063811,0.10595762729644775,0.6916521191596985,-0.11911869049072266,-2.4680521881132926,"[366.0, 146.0]"
papilledema_0139_IFD.jpg,negative_score,papilledema,"[481.0, 297.0]",45.254833995939045,0.6549575090408325,0.0648953914642334,0.806647777557373,-0.12704336643218994,-0.1050752943804325,"[531.0, 296.0]"
papilledema_0140_IFD.jpg,negative_score,papilledema,"[454.0, 216.0]",71.83757109179989,0.8245251715183258,0.1511901617050171,0.9237712621688843,-0.1334756314754486,-2.6004076947001744,"[250.0, 375.0]"
papilledema_0141_PPE.jpg,negative_score,papilledema,"[111.0, 133.0]",35.918785545899944,0.679563021659851,0.11865496635437012,0.7569353580474854,-0.15526652336120605,-0.02671004235501262,"[87.0, 105.0]"
papilledema_0142_PPE.jpg,ok,papilledema,"[137.0, 129.0]",35.918785545899944,0.6641163170337677,0.1576588749885559,0.6786277890205383,-0.1570899486541748,0.4146852205021597,"[158.0, 128.0]"
papilledema_0143_PPE.jpg,ok,papilledema,"[140.0, 173.0]",45.254833995939045,0.7775039970874785,0.06476283073425293,0.9897568225860596,-0.09955695271492004,0.650614378515658,"[149.0, 186.0]"
papilledema_0144_PPE.jpg,ok,papilledema,"[152.0, 181.0]",35.918785545899944,0.7746276378631591,0.06467610597610474,0.9806243777275085,-0.11757233738899231,0.35725018509525575,"[174.0, 174.0]"
papilledema_0145_PPE.jpg,ok,papilledema,"[113.0, 117.0]",35.918785545899944,0.777121216058731,0.15880918502807617,0.840160071849823,-0.15099990367889404,0.37746559536586766,"[91.0, 121.0]"
papilledema_0146_PPE.jpg,ok,papilledema,"[141.0, 126.0]",45.254833995939045,0.8396956652402878,0.13529258966445923,0.9866601228713989,-0.06870494782924652,0.5613853485119313,"[154.0, 141.0]"
papilledema_0147_PPE.jpg,ok,papilledema,"[104.0, 101.0]",35.918785545899944,0.5922021627426147,0.07292008399963379,0.7007406949996948,-0.1438179612159729,0.1364929418644536,"[75.0, 112.0]"
papilledema_0148_PPE.jpg,ok,papilledema,"[109.0, 124.0]",35.918785545899944,0.7366572320461272,0.1359456181526184,0.8217548727989197,-0.12741601467132568,0.3818386959993135,"[91.0, 111.0]"
papilledema_0149_PPE.jpg,ok,papilledema,"[105.0, 113.0]",35.918785545899944,0.7097763538360595,0.11137974262237549,0.817414402961731,-0.13103264570236206,0.6370031833692216,"[92.0, 114.0]"
papilledema_0150_PPE.jpg,ok,papilledema,"[119.0, 147.0]",35.918785545899944,0.7224964618682861,0.07582992315292358,0.894137978553772,-0.10384976863861084,0.5786955009633133,"[134.0, 149.0]"
papilledema_0151_PPE.jpg,ok,papilledema,"[134.0, 129.0]",35.918785545899944,0.816524475812912,0.16999566555023193,0.8794869780540466,-0.15443962812423706,0.6924906883872062,"[135.0, 140.0]"
papilledema_0152_PPE.jpg,negative_score,papilledema,"[115.0, 130.0]",35.918785545899944,0.818229466676712,0.10650813579559326,0.9786322712898254,-0.13339370489120483,-0.6157136615887657,"[173.0, 128.0]"
papilledema_0153_PPE.jpg,ok,papilledema,"[134.0, 121.0]",45.254833995939045,0.5740248203277587,0.15894129872322083,0.580206573009491,-0.044694602489471436,0.6016391005005637,"[149.0, 111.0]"
papilledema_0154_PPE.jpg,ok,papilledema,"[91.0, 150.0]",35.918785545899944,0.7301264882087707,0.05763036012649536,0.9200117588043213,-0.14243948459625244,0.2503693088045944,"[65.0, 143.0]"
papilledema_0155_PPE.jpg,ok,papilledema,"[110.0, 126.0]",35.918785545899944,0.8042553424835205,0.12229174375534058,0.9309009313583374,-0.15166473388671875,0.3645268325718176,"[90.0, 115.0]"
papilledema_0156_PPE.jpg,ok,papilledema,"[119.0, 127.0]",35.918785545899944,0.8230850338935851,0.11570042371749878,0.9741930365562439,-0.1272474229335785,0.038793977064039864,"[85.0, 133.0]"
papilledema_0157_PPE.jpg,ok,papilledema,"[107.0, 130.0]",35.918785545899944,0.5843104064464569,0.11950397491455078,0.6286923885345459,-0.12360879778862,0.5786955009633133,"[92.0, 128.0]"
papilledema_0158_PPE.jpg,negative_score,papilledema,"[123.0, 145.0]",35.918785545899944,0.7141718804836273,0.07508856058120728,0.8789160847663879,-0.11921030282974243,-0.19940910591264904,"[163.0, 161.0]"
papilledema_0159_PPE.jpg,ok,papilledema,"[126.0, 125.0]",35.918785545899944,0.8022336661815643,0.1025274395942688,0.962720513343811,-0.12900933623313904,0.2676285549154772,"[152.0, 121.0]"
papilledema_0160_PPE.jpg,ok,papilledema,"[132.0, 125.0]",35.918785545899944,0.7002173781394958,0.14125150442123413,0.753942608833313,-0.15603023767471313,0.4866449788224937,"[150.0, 129.0]"
papilledema_0161_PPE.jpg,ok,papilledema,"[135.0, 127.0]",35.918785545899944,0.728009694814682,0.14779919385910034,0.7841511368751526,-0.15652352571487427,0.4594336210466906,"[154.0, 123.0]"
papilledema_0162_PPE.jpg,ok,papilledema,"[108.0, 127.0]",35.918785545899944,0.7131851494312286,0.08662569522857666,0.8509194254875183,-0.1545792818069458,0.49578556176039357,"[90.0, 125.0]"
papilledema_0163_PPE.jpg,negative_score,papilledema,"[110.0, 111.0]",45.254833995939045,0.7890914559364318,0.07947409152984619,0.9734817743301392,-0.1409006118774414,-0.19508269849830873,"[65.0, 141.0]"
papilledema_0164_PPE.jpg,ok,papilledema,"[141.0, 140.0]",57.01751796098172,0.5459184288978576,0.08543860912322998,0.6511209011077881,-0.023475944995880127,0.8586003383413546,"[145.0, 147.0]"
papilledema_0165_PPE.jpg,ok,papilledema,"[111.0, 123.0]",35.918785545899944,0.8042690336704253,0.11174678802490234,0.9518565535545349,-0.13111329078674316,0.2426542099339979,"[89.0, 139.0]"
papilledema_0166_PPE.jpg,ok,papilledema,"[110.0, 123.0]",35.918785545899944,0.8561603903770446,0.16027820110321045,0.9536455869674683,-0.14165139198303223,0.3990043700854742,"[89.0, 118.0]"
papilledema_0167_PPE.jpg,negative_score,papilledema,"[109.0, 120.0]",35.918785545899944,0.6959021210670471,0.12295794486999512,0.7741029262542725,-0.1553606390953064,-0.3847717762679532,"[84.0, 163.0]"
papilledema_0168_PPE.jpg,ok,papilledema,"[133.0, 120.0]",35.918785545899944,0.7333798289299011,0.135439932346344,0.8160162568092346,-0.13364258408546448,0.2027669730102719,"[161.0, 126.0]"
papilledema_0169_PPE.jpg,ok,papilledema,"[152.0, 142.0]",57.01751796098172,0.8650770843029022,0.15723109245300293,0.981201171875,-0.10502585768699646,0.6448730590978543,"[171.0, 135.0]"
papilledema_0170_PPE.jpg,ok,papilledema,"[139.0, 166.0]",35.918785545899944,0.7939332902431488,0.08303898572921753,0.9804686903953552,-0.12283110618591309,0.9212549343815705,"[137.0, 168.0]"
papilledema_0171_PPE.jpg,ok,papilledema,"[129.0, 121.0]",35.918785545899944,0.811691927909851,0.10414832830429077,0.9724609851837158,-0.13410454988479614,0.3295099265867679,"[153.0, 119.0]"
papilledema_0172_PPE.jpg,ok,papilledema,"[135.0, 115.0]",45.254833995939045,0.9021921932697295,0.1882675290107727,0.976307213306427,-0.15254807472229004,0.5580582617584078,"[147.0, 99.0]"
papilledema_0173_PPE.jpg,ok,papilledema,"[107.0, 114.0]",45.254833995939045,0.9264022171497345,0.2328801155090332,0.9478957056999207,-0.14997553825378418,0.6065725527495571,"[96.0, 128.0]"
papilledema_0174_PPE.jpg,ok,papilledema,"[103.0, 155.0]",57.01751796098172,0.8593878924846649,0.15005624294281006,0.98780357837677,-0.08934572339057922,0.45602464036111445,"[74.0, 144.0]"
papilledema_0175_PPE.jpg,ok,papilledema,"[120.0, 148.0]",71.83757109179989,0.7957130461931229,0.0940849781036377,0.9918041825294495,-0.03682570159435272,0.6494959915633546,"[145.0, 145.0]"
papilledema_0176_PPE.jpg,ok,papilledema,"[112.0, 135.0]",35.918785545899944,0.7737415015697479,0.08133035898208618,0.9547815322875977,-0.12032034993171692,0.013327155840208715,"[78.0, 125.0]"
papilledema_0177_PPE.jpg,negative_score,papilledema,"[192.0, 166.0]",35.918785545899944,0.4336926519870758,0.06435638666152954,0.5215241312980652,-0.021346867084503174,-2.511447235381755,"[80.0, 108.0]"
papilledema_0178_PPE.jpg,ok,papilledema,"[139.0, 111.0]",35.918785545899944,0.5677982151508332,0.0658884048461914,0.681459903717041,-0.12443938851356506,0.1329099096350157,"[162.0, 90.0]"
papilledema_0179_PPE.jpg,ok,papilledema,"[132.0, 118.0]",35.918785545899944,0.7433552265167236,0.097683846950531,0.8854636549949646,-0.12923410534858704,0.26498746648460214,"[156.0, 107.0]"
papilledema_0180_PPE.jpg,ok,papilledema,"[108.0, 156.0]",45.254833995939045,0.7950194537639618,0.08365523815155029,0.9866859912872314,-0.10342010855674744,0.5801553486704875,"[89.0, 156.0]"
papilledema_0181_PPE.jpg,ok,papilledema,"[103.0, 137.0]",35.918785545899944,0.8078311264514922,0.09637194871902466,0.979663610458374,-0.12847325205802917,0.6370031833692216,"[92.0, 130.0]"
papilledema_0182_PPE.jpg,ok,papilledema,"[100.0, 166.0]",45.254833995939045,0.7902448117733002,0.07787889242172241,0.9873068332672119,-0.1062556803226471,0.7051880896232312,"[113.0, 169.0]"
papilledema_0183_PPE.jpg,ok,papilledema,"[106.0, 113.0]",35.918785545899944,0.7752621114253997,0.07165992259979248,0.9730724692344666,-0.11225730180740356,0.1643185708144409,"[76.0, 114.0]"
papilledema_0184_PPE.jpg,ok,papilledema,"[109.0, 115.0]",35.918785545899944,0.8049038589000701,0.11858588457107544,0.944047212600708,-0.12742462754249573,0.2027669730102719,"[83.0, 103.0]"
papilledema_0185_PPE.jpg,ok,papilledema,"[103.0, 131.0]",35.918785545899944,0.8470147371292114,0.16518080234527588,0.9396970272064209,-0.12023007869720459,0.2503693088045944,"[77.0, 138.0]"
papilledema_0186_PPE.jpg,ok,papilledema,"[124.0, 126.0]",35.918785545899944,0.8025795400142669,0.13260668516159058,0.9200253486633301,-0.12977555394172668,0.40223729095331984,"[143.0, 116.0]"
papilledema_0187_PPE.jpg,ok,papilledema,"[104.0, 141.0]",35.918785545899944,0.6110406219959259,0.0679006576538086,0.7415403127670288,-0.12030872702598572,0.0031670883142265183,"[125.0, 170.0]"
papilledema_0188_PPE.jpg,ok,papilledema,"[130.0, 124.0]",35.918785545899944,0.6112966358661651,0.11889159679412842,0.6677513122558594,-0.1248956024646759,0.21205734085849626,"[154.0, 139.0]"
papilledema_0189_PPE.jpg,ok,papilledema,"[94.0, 154.0]",57.01751796098172,0.6229976058006286,0.13975006341934204,0.6815496683120728,-0.030813872814178467,0.8823483698976526,"[91.0, 148.0]"
papilledema_0190_PPE.jpg,ok,papilledema,"[120.0, 120.0]",45.254833995939045,0.5365145206451416,0.04322391748428345,0.6706523299217224,-0.11916986107826233,0.6715031868495525,"[134.0, 115.0]"
papilledema_0191_PPE.jpg,ok,papilledema,"[98.0, 98.0]",35.918785545899944,0.65589160323143,0.09751105308532715,0.7620634436607361,-0.12468069791793823,0.275609593501821,"[124.0, 99.0]"
papilledema_0192_PPE.jpg,ok,papilledema,"[114.0, 124.0]",35.918785545899944,0.7839560985565185,0.17615199089050293,0.8301224708557129,-0.133591890335083,0.7093357598193548,"[104.0, 121.0]"
papilledema_0193_PPE.jpg,ok,papilledema,"[139.0, 133.0]",35.918785545899944,0.8070328056812286,0.12155544757843018,0.9420250058174133,-0.13029927015304565,0.4048362715628576,"[160.0, 137.0]"
papilledema_0194_PPE.jpg,negative_score,papilledema,"[115.0, 149.0]",35.918785545899944,0.7246702849864959,0.09360015392303467,0.8716283440589905,-0.10465145111083984,-0.1798628365838968,"[75.0, 163.0]"
papilledema_0195_PPE.jpg,ok,papilledema,"[106.0, 123.0]",35.918785545899944,0.7408082067966462,0.19046562910079956,0.7483394145965576,-0.13252493739128113,0.31521215490245447,"[84.0, 134.0]"
papilledema_0196_PPE.jpg,negative_score,papilledema,"[108.0, 128.0]",35.918785545899944,0.872024393081665,0.1903444528579712,0.9363424777984619,-0.13120102882385254,-0.1198700098263501,"[85.0, 95.0]"
papilledema_0197_PPE.jpg,negative_score,papilledema,"[136.0, 120.0]",35.918785545899944,0.7005595684051513,0.1297851800918579,0.7713559865951538,-0.15412598848342896,-0.19162907285296948,"[162.0, 86.0]"
papilledema_0198_PPE.jpg,ok,papilledema,"[111.0, 130.0]",35.918785545899944,0.6850234806537627,0.1467180848121643,0.7344276309013367,-0.12103027105331421,0.29513268843705875,"[86.0, 134.0]"
papilledema_0199_PPE.jpg,ok,papilledema,"[101.0, 128.0]",45.254833995939045,0.9136244177818298,0.2266014814376831,0.9421480894088745,-0.13759636878967285,0.6541258809190835,"[87.0, 135.0]"
papilledema_0200_PPE.jpg,ok,papilledema,"[94.0, 114.0]",45.254833995939045,0.789409875869751,0.14191436767578125,0.8944623470306396,-0.10685932636260986,0.6402854864618333,"[82.0, 125.0]"
papilledema_0201_PPE.jpg,ok,papilledema,"[151.0, 135.0]",45.254833995939045,0.7740375101566315,0.15832501649856567,0.8481937646865845,-0.10988429188728333,0.11115858416700686,"[128.0, 102.0]"
papilledema_0202_PPE.jpg,ok,papilledema,"[128.0, 149.0]",45.254833995939045,0.7177725732326508,0.14730066061019897,0.7825813293457031,-0.11332491040229797,0.6994471240363853,"[141.0, 153.0]"
papilledema_0203_PPE.jpg,ok,papilledema,"[125.0, 128.0]",35.918785545899944,0.7930244088172913,0.2748163640499115,0.7040295004844666,-0.12693697214126587,0.3542424484300515,"[148.0, 131.0]"
papilledema_0204_PPE.jpg,ok,papilledema,"[125.0, 129.0]",35.918785545899944,0.832080066204071,0.20965123176574707,0.853032648563385,-0.12652990221977234,0.3382368505295221,"[148.0, 135.0]"
papilledema_0205_PPE.jpg,ok,papilledema,"[106.0, 134.0]",35.918785545899944,0.7522998392581939,0.11072283983230591,0.8801864981651306,-0.12723225355148315,0.3875071312785169,"[84.0, 134.0]"
papilledema_0206_PPE.jpg,ok,papilledema,"[120.0, 130.0]",35.918785545899944,0.7574071824550628,0.15313613414764404,0.8233968615531921,-0.13946622610092163,0.07453607431379938,"[151.0, 118.0]"
papilledema_0207_PPE.jpg,ok,papilledema,"[138.0, 157.0]",57.01751796098172,0.4788835346698761,0.1150345504283905,0.5110447406768799,-0.03058832883834839,0.3799214640749221,"[169.0, 140.0]"
papilledema_0208_PPE.jpg,ok,papilledema,"[126.0, 110.0]",35.918785545899944,0.6687968611717224,0.16646593809127808,0.6795933842658997,-0.13307777047157288,0.5366403199845091,"[140.0, 101.0]"
papilledema_0209_PPE.jpg,ok,papilledema,"[132.0, 129.0]",35.918785545899944,0.719341892004013,0.09397101402282715,0.8615308403968811,-0.1114964485168457,0.14054170786433817,"[160.0, 116.0]"
papilledema_0210_PPE.jpg,negative_score,papilledema,"[121.0, 139.0]",35.918785545899944,0.7941217720508575,0.11868709325790405,0.929335355758667,-0.12449964880943298,-0.43723227865241565,"[70.0, 131.0]"
papilledema_0211_PPE.jpg,ok,papilledema,"[94.0, 147.0]",35.918785545899944,0.5827781438827514,0.054427266120910645,0.7230219841003418,-0.11117744445800781,0.42672726905922764,"[76.0, 137.0]"
papilledema_0212_PPE.jpg,ok,papilledema,"[116.0, 136.0]",35.918785545899944,0.7504654884338379,0.17594897747039795,0.7820873856544495,-0.1352767050266266,0.5137850867965528,"[99.0, 132.0]"
papilledema_0213_PPE.jpg,ok,papilledema,"[123.0, 117.0]",35.918785545899944,0.7693524718284606,0.1328887939453125,0.8727420568466187,-0.12772119045257568,0.1329099096350157,"[92.0, 114.0]"
papilledema_0214_PPE.jpg,negative_score,papilledema,"[109.0, 123.0]",35.918785545899944,0.7371310949325561,0.08192050457000732,0.9000188708305359,-0.12598690390586853,-0.14553096931136933,"[72.0, 141.0]"
papilledema_0215_PPE.jpg,ok,papilledema,"[110.0, 125.0]",35.918785545899944,0.7332638144493102,0.1042279601097107,0.853800892829895,-0.15687614679336548,0.4146852205021597,"[91.0, 116.0]"
papilledema_0216_PPE.jpg,ok,papilledema,"[111.0, 100.0]",45.254833995939045,0.7761690855026244,0.09577882289886475,0.939998984336853,-0.11195486783981323,0.4458078796572438,"[88.0, 90.0]"
papilledema_0217_PPE.jpg,ok,papilledema,"[143.0, 128.0]",45.254833995939045,0.8584975123405456,0.1418021321296692,0.9942432045936584,-0.10362568497657776,0.594351406695401,"[159.0, 119.0]"
papilledema_0218_PPE.jpg,ok,papilledema,"[115.0, 100.0]",45.254833995939045,0.7410094738006592,0.09734845161437988,0.883771538734436,-0.12510472536087036,0.17497632609724467,"[80.0, 87.0]"
papilledema_0219_PPE.jpg,ok,papilledema,"[131.0, 115.0]",35.918785545899944,0.7490266621112823,0.12568449974060059,0.8550103306770325,-0.12417465448379517,0.40418546357351526,"[148.0, 102.0]"
papilledema_0220_PPE.jpg,ok,papilledema,"[114.0, 112.0]",35.918785545899944,0.7328990399837493,0.1135597825050354,0.848116397857666,-0.1282888948917389,0.3382368505295221,"[91.0, 106.0]"
papilledema_0221_PPE.jpg,ok,papilledema,"[112.0, 127.0]",35.918785545899944,0.7627511978149414,0.1438310146331787,0.8466863036155701,-0.13119885325431824,0.30176168189428876,"[89.0, 117.0]"
papilledema_0222_PPE.jpg,ok,papilledema,"[98.0, 120.0]",71.83757109179989,0.5995948970317841,0.2544775903224945,0.4782208204269409,-0.05181366205215454,0.4002954470436755,"[82.0, 160.0]"
papilledema_0223_PPE.jpg,negative_score,papilledema,"[123.0, 122.0]",35.918785545899944,0.5737833440303802,0.08207356929779053,0.6590035557746887,-0.15203642845153809,-0.09147876165597268,"[84.0, 118.0]"
papilledema_0224_PPE.jpg,ok,papilledema,"[106.0, 136.0]",71.83757109179989,0.6211093544960022,0.09188312292098999,0.7488621473312378,-0.02511364221572876,0.6251846544022972,"[80.0, 129.0]"
papilledema_0225_PPE.jpg,ok,papilledema,"[116.0, 119.0]",35.918785545899944,0.8893155515193939,0.27311867475509644,0.8425083160400391,-0.1322052776813507,0.4980967172656042,"[98.0, 120.0]"
papilledema_0226_PPE.jpg,ok,papilledema,"[107.0, 164.0]",35.918785545899944,0.7724271655082703,0.1193467378616333,0.8987959027290344,-0.11961647868156433,0.3868747172032634,"[85.0, 163.0]"
papilledema_0227_PPE.jpg,ok,papilledema,"[142.0, 135.0]",57.01751796098172,0.8172439098358154,0.15276366472244263,0.9384095668792725,-0.0379677414894104,0.7172006766827093,"[158.0, 133.0]"
papilledema_0228_PPE.jpg,ok,papilledema,"[132.0, 129.0]",35.918785545899944,0.8475058615207672,0.1570609211921692,0.9445552825927734,-0.14628121256828308,0.4002954470436755,"[152.0, 121.0]"
papilledema_0229_PPE.jpg,ok,papilledema,"[105.0, 131.0]",45.254833995939045,0.8947390019893646,0.17676150798797607,0.9842120409011841,-0.14514532685279846,0.7118892357095973,"[94.0, 124.0]"
papilledema_0230_PPE.jpg,ok,papilledema,"[114.0, 146.0]",35.918785545899944,0.694054126739502,0.13379251956939697,0.7614800333976746,-0.13612791895866394,0.2863898139540958,"[90.0, 155.0]"
papilledema_0231_PPE.jpg,ok,papilledema,"[136.0, 117.0]",35.918785545899944,0.7505965769290923,0.07620567083358765,0.9318587779998779,-0.11044880747795105,0.5258919223712375,"[147.0, 130.0]"
papilledema_0232_PPE.jpg,ok,papilledema,"[133.0, 120.0]",35.918785545899944,0.6574702084064483,0.1278550624847412,0.7117438912391663,-0.15697211027145386,0.664754963293384,"[145.0, 121.0]"
papilledema_0233_PPE.jpg,negative_score,papilledema,"[116.0, 126.0]",35.918785545899944,0.5956919252872466,0.11238867044448853,0.6533635854721069,-0.12974372506141663,-0.09573129241841571,"[81.0, 108.0]"
papilledema_0234_PPE.jpg,ok,papilledema,"[138.0, 119.0]",35.918785545899944,0.7251730799674988,0.21110939979553223,0.7195734977722168,-0.051811158657073975,0.37746559536586766,"[158.0, 109.0]"
papilledema_0235_PPE.jpg,ok,papilledema,"[97.0, 161.0]",35.918785545899944,0.6649660766124725,0.12336874008178711,0.7329047322273254,-0.14282011985778809,0.6062746719078522,"[83.0, 163.0]"
papilledema_0236_PPE.jpg,ok,papilledema,"[112.0, 117.0]",35.918785545899944,0.6294166147708893,0.12411987781524658,0.6809915900230408,-0.1430131196975708,0.4889147984352913,"[96.0, 126.0]"
papilledema_0237_PPE.jpg,ok,papilledema,"[102.0, 153.0]",45.254833995939045,0.8148354411125183,0.1186516284942627,0.9675726294517517,-0.0944148600101471,0.5317711230071345,"[82.0, 160.0]"
papilledema_0238_PPE.jpg,ok,papilledema,"[113.0, 130.0]",35.918785545899944,0.748939698934555,0.1340537667274475,0.8441009521484375,-0.12007632851600647,0.3868747172032634,"[91.0, 129.0]"
papilledema_0239_PPE.jpg,ok,papilledema,"[111.0, 127.0]",35.918785545899944,0.664600521326065,0.12554633617401123,0.7351320385932922,-0.12230879068374634,0.45301929322520895,"[92.0, 132.0]"
papilledema_0240_PPE.jpg,ok,papilledema,"[111.0, 129.0]",35.918785545899944,0.740216678380966,0.09672117233276367,0.8856029510498047,-0.11786720156669617,0.26498746648460214,"[87.0, 140.0]"
papilledema_0241_PPE.jpg,ok,papilledema,"[113.0, 129.0]",35.918785545899944,0.6577684283256531,0.2034837007522583,0.6103404760360718,-0.13523197174072266,0.21402720058811286,"[87.0, 140.0]"
papilledema_0242_PPE.jpg,ok,papilledema,"[100.0, 131.0]",45.254833995939045,0.8975515425205229,0.17781919240951538,0.9918646216392517,-0.12713557481765747,0.6656103975151142,"[85.0, 133.0]"
papilledema_0243_PPE.jpg,negative_score,papilledema,"[163.0, 204.0]",35.918785545899944,0.5496838390827179,0.05164366960525513,0.6786190867424011,-0.11503404378890991,-2.346665288783256,"[66.0, 133.0]"
papilledema_0244_PPE.jpg,ok,papilledema,"[115.0, 132.0]",35.918785545899944,0.8753685593605041,0.19433116912841797,0.9341295957565308,-0.13573336601257324,0.46810637152169543,"[102.0, 146.0]"
papilledema_0245_PPE.jpg,ok,papilledema,"[120.0, 135.0]",35.918785545899944,0.5128307580947875,0.05081242322921753,0.6301650404930115,-0.10451403260231018,0.38877392243552034,"[109.0, 154.0]"
papilledema_0246_PPE.jpg,ok,papilledema,"[96.0, 129.0]",45.254833995939045,0.8551354944705963,0.13747596740722656,0.9855683445930481,-0.13880842924118042,0.5138640879342486,"[74.0, 129.0]"
papilledema_0247_PPE.jpg,ok,papilledema,"[92.0, 119.0]",57.01751796098172,0.7854443430900574,0.08002787828445435,0.9898610711097717,-0.06256857514381409,0.6023753942950674,"[75.0, 134.0]"
papilledema_0248_PPE.jpg,ok,papilledema,"[111.0, 115.0]",35.918785545899944,0.6123933255672455,0.08698427677154541,0.7100245356559753,-0.14195936918258667,0.13514756521148374,"[85.0, 132.0]"
papilledema_0249_PPE.jpg,ok,papilledema,"[98.0, 119.0]",45.254833995939045,0.8108773469924927,0.0979377031326294,0.9914596676826477,-0.09458938241004944,0.41161967550741474,"[83.0, 141.0]"
papilledema_0250_PPE.jpg,ok,papilledema,"[109.0, 120.0]",35.918785545899944,0.6720217823982239,0.14579707384109497,0.7061165571212769,-0.15971559286117554,0.5651161609611727,"[97.0, 130.0]"
papilledema_0251_PPE.jpg,ok,papilledema,"[80.0, 156.0]",143.67514218359977,0.7650416910648346,0.15263867378234863,0.8725296854972839,-0.008161187171936035,0.30086032626005976,"[179.0, 139.0]"
papilledema_0252_PPE.jpg,ok,papilledema,"[111.0, 121.0]",35.918785545899944,0.7712069511413574,0.13216930627822876,0.8685824871063232,-0.15514951944351196,0.2761447915109745,"[111.0, 147.0]"
papilledema_0253_PPE.jpg,negative_score,papilledema,"[45.0, 129.0]",45.254833995939045,0.6914193153381347,0.027251780033111572,0.9464592933654785,-0.008230149745941162,-1.6737475163616327,"[166.0, 129.0]"
papilledema_0254_PPE.jpg,ok,papilledema,"[138.0, 143.0]",35.918785545899944,0.7845757961273192,0.07930094003677368,0.9736840128898621,-0.11848023533821106,0.4424927210049673,"[158.0, 142.0]"
papilledema_0255_PPE.jpg,ok,papilledema,"[126.0, 127.0]",35.918785545899944,0.6932571053504943,0.2271488606929779,0.6301814913749695,-0.12490600347518921,0.12845183351221479,"[154.0, 141.0]"
papilledema_0256_PPE.jpg,ok,papilledema,"[133.0, 118.0]",45.254833995939045,0.839666998386383,0.13345593214035034,0.9692606329917908,-0.13864311575889587,0.42505095334455945,"[159.0, 117.0]"
papilledema_0257_PPE.jpg,ok,papilledema,"[128.0, 118.0]",35.918785545899944,0.7857716977596282,0.07436966896057129,0.9805276393890381,-0.12516340613365173,0.29020157055743945,"[153.0, 113.0]"
papilledema_0258_PPE.jpg,ok,papilledema,"[142.0, 125.0]",45.254833995939045,0.8644493877887726,0.146559476852417,0.985895037651062,-0.1388169229030609,0.6656103975151142,"[157.0, 123.0]"
papilledema_0259_PPE.jpg,ok,papilledema,"[160.0, 114.0]",45.254833995939045,0.5829029202461242,0.099434494972229,0.6820101737976074,-0.030306518077850342,0.18509969934966897,"[196.0, 122.0]"
papilledema_0260_PPE.jpg,ok,papilledema,"[140.0, 126.0]",35.918785545899944,0.5998703062534332,0.08686584234237671,0.7003769278526306,-0.11370307207107544,0.3272018644308631,"[162.0, 116.0]"
papilledema_0261_PPE.jpg,ok,papilledema,"[110.0, 118.0]",35.918785545899944,0.7014065206050872,0.1679103970527649,0.7261133790016174,-0.12608379125595093,0.5823912258717161,"[98.0, 109.0]"
papilledema_0262_PPE.jpg,ok,papilledema,"[106.0, 131.0]",35.918785545899944,0.7534462630748748,0.08400338888168335,0.9189717173576355,-0.1308133602142334,0.10519476448041698,"[74.0, 134.0]"
papilledema_0263_PPE.jpg,ok,papilledema,"[119.0, 118.0]",35.918785545899944,0.8646391987800598,0.2202317714691162,0.9053395986557007,-0.053348541259765625,0.48815707348020787,"[102.0, 125.0]"
papilledema_0264_PPE.jpg,ok,papilledema,"[96.0, 121.0]",45.254833995939045,0.845505154132843,0.13330811262130737,0.977489709854126,-0.1397712230682373,0.6016391005005637,"[78.0, 122.0]"
papilledema_0265_PPE.jpg,negative_score,papilledema,"[111.0, 123.0]",35.918785545899944,0.8487226724624634,0.2151305079460144,0.8682911992073059,-0.1289416253566742,-0.008428876479212866,"[75.0, 119.0]"
papilledema_0266_PPE.jpg,ok,papilledema,"[105.0, 126.0]",35.918785545899944,0.7031562685966491,0.1515038013458252,0.7451038360595703,-0.15039891004562378,0.559801700961275,"[92.0, 117.0]"
papilledema_0267_PPE.jpg,ok,papilledema,"[130.0, 97.0]",35.918785545899944,0.6852418899536132,0.10011208057403564,0.799406886100769,-0.12772494554519653,0.2426542099339979,"[152.0, 81.0]"
papilledema_0268_PPE.jpg,ok,papilledema,"[141.0, 122.0]",45.254833995939045,0.7606286585330962,0.15286380052566528,0.8350271582603455,-0.11622923612594604,0.650614378515658,"[156.0, 127.0]"
papilledema_0269_PPE.jpg,ok,papilledema,"[101.0, 153.0]",35.918785545899944,0.7695405125617981,0.057130634784698486,0.9779268503189087,-0.13930541276931763,0.006282198780415138,"[66.0, 146.0]"
papilledema_0270_PPE.jpg,ok,papilledema,"[134.0, 115.0]",35.918785545899944,0.8826246857643126,0.18474191427230835,0.956474781036377,-0.14175212383270264,0.5642259167561074,"[141.0, 129.0]"
papilledema_0271_PPE.jpg,ok,papilledema,"[108.0, 132.0]",35.918785545899944,0.8051975071430205,0.1439417600631714,0.9092707633972168,-0.12383106350898743,0.41534771622040245,"[87.0, 132.0]"
papilledema_0272_PPE.jpg,ok,papilledema,"[134.0, 125.0]",35.918785545899944,0.7933743357658386,0.12787532806396484,0.914132833480835,-0.12803012132644653,0.49578556176039357,"[152.0, 123.0]"
papilledema_0273_PPE.jpg,ok,papilledema,"[141.0, 152.0]",35.918785545899944,0.7217575967311859,0.10174661874771118,0.8526049852371216,-0.11593744158744812,0.03839087114448003,"[173.0, 139.0]"
papilledema_0274_PPE.jpg,ok,papilledema,"[130.0, 137.0]",35.918785545899944,0.6880088090896607,0.09354770183563232,0.8156968951225281,-0.11736640334129333,0.44041116822959714,"[150.0, 139.0]"
papilledema_0275_PPE.jpg,ok,papilledema,"[114.0, 124.0]",35.918785545899944,0.7499672114849091,0.1526426076889038,0.8097018599510193,-0.15266650915145874,0.29020157055743945,"[89.0, 119.0]"
papilledema_0276_PPE.jpg,ok,papilledema,"[96.0, 162.0]",57.01751796098172,0.5987108707427978,0.13829022645950317,0.6486642360687256,-0.03177839517593384,0.49017626955649474,"[77.0, 140.0]"
papilledema_0277_PPE.jpg,ok,papilledema,"[108.0, 112.0]",35.918785545899944,0.7698334157466888,0.13867294788360596,0.8678635954856873,-0.11827975511550903,0.7202055841147985,"[98.0, 113.0]"
papilledema_0278_PPE.jpg,negative_score,papilledema,"[116.0, 153.0]",35.918785545899944,0.7583286166191101,0.049699246883392334,0.9797120094299316,-0.11415481567382812,-0.07104868771750672,"[82.0, 135.0]"
papilledema_0279_PPE.jpg,ok,papilledema,"[114.0, 125.0]",35.918785545899944,0.8417712867259979,0.12974637746810913,0.977986752986908,-0.1371709108352661,0.27400636673844303,"[88.0, 123.0]"
papilledema_0280_PPE.jpg,ok,papilledema,"[113.0, 119.0]",35.918785545899944,0.8692330539226532,0.16329354047775269,0.9683546423912048,-0.14045631885528564,0.2355236955213159,"[86.0, 114.0]"
papilledema_0281_PPE.jpg,ok,papilledema,"[91.0, 156.0]",57.01751796098172,0.8206785202026367,0.11436879634857178,0.9907536506652832,-0.0639108419418335,0.6283664940498184,"[71.0, 149.0]"
papilledema_0282_PPE.jpg,ok,papilledema,"[108.0, 124.0]",45.254833995939045,0.8529236137866973,0.1402517557144165,0.9801628589630127,-0.13278928399085999,0.3808871013700329,"[85.0, 108.0]"
papilledema_0283_PPE.jpg,ok,papilledema,"[129.0, 135.0]",35.918785545899944,0.7993338823318481,0.16239070892333984,0.8718169927597046,-0.13335639238357544,0.47029674580374947,"[148.0, 134.0]"
papilledema_0284_PPE.jpg,ok,papilledema,"[131.0, 123.0]",35.918785545899944,0.9383882045745848,0.26184535026550293,0.925594687461853,-0.14313286542892456,0.6741343079163296,"[142.0, 119.0]"
papilledema_0285_PPE.jpg,negative_score,papilledema,"[107.0, 119.0]",35.918785545899944,0.6431491553783417,0.08016949892044067,0.7640179991722107,-0.14083528518676758,-0.10874059070256226,"[72.0, 100.0]"
papilledema_0286_PPE.jpg,ok,papilledema,"[113.0, 124.0]",35.918785545899944,0.7416470646858214,0.16870814561843872,0.7832532525062561,-0.1233082115650177,0.40223729095331984,"[94.0, 114.0]"
papilledema_0287_PPE.jpg,ok,papilledema,"[108.0, 130.0]",35.918785545899944,0.7145705342292785,0.08760201930999756,0.8641006946563721,-0.11049014329910278,0.07286253962740841,"[86.0, 155.0]"
papilledema_0288_PPE.jpg,ok,papilledema,"[144.0, 129.0]",35.918785545899944,0.6388163745403289,0.08808243274688721,0.7505493760108948,-0.12674689292907715,0.3542424484300515,"[167.0, 126.0]"
papilledema_0289_PPE.jpg,negative_score,papilledema,"[107.0, 120.0]",35.918785545899944,0.6498194873332978,0.1075478196144104,0.7369966506958008,-0.1318700611591339,-0.02671004235501262,"[71.0, 112.0]"
papilledema_0290_PPE.jpg,ok,papilledema,"[125.0, 114.0]",35.918785545899944,0.7416882336139679,0.07367056608200073,0.9245246052742004,-0.10425221920013428,0.3645268325718176,"[145.0, 125.0]"
papilledema_0291_PPE.jpg,ok,papilledema,"[120.0, 117.0]",35.918785545899944,0.7941386699676514,0.09852206707000732,0.9630522727966309,-0.10740005970001221,0.44041116822959714,"[140.0, 119.0]"
papilledema_0292_PPE.jpg,ok,papilledema,"[110.0, 159.0]",45.254833995939045,0.6211460292339325,0.06376397609710693,0.7627090811729431,-0.1174284815788269,0.629585325277197,"[105.0, 175.0]"
papilledema_0293_PPE.jpg,ok,papilledema,"[117.0, 137.0]",35.918785545899944,0.8088737249374389,0.10132300853729248,0.9743351936340332,-0.1275804042816162,0.38940830358990886,"[101.0, 152.0]"
papilledema_0294_PPE.jpg,ok,papilledema,"[125.0, 149.0]",35.918785545899944,0.5386676013469696,0.06473082304000854,0.6407105922698975,-0.12719681859016418,0.07453607431379938,"[158.0, 145.0]"
papilledema_0295_PPE.jpg,ok,papilledema,"[101.0, 137.0]",35.918785545899944,0.6644768476486206,0.10201150178909302,0.7702046632766724,-0.11661040782928467,0.04851975193879443,"[89.0, 169.0]"
papilledema_0296_PPE.jpg,ok,papilledema,"[107.0, 131.0]",35.918785545899944,0.7578787982463836,0.10916328430175781,0.886952817440033,-0.13924270868301392,0.27400636673844303,"[81.0, 133.0]"
papilledema_0297_PPE.jpg,negative_score,papilledema,"[113.0, 104.0]",35.918785545899944,0.8046335697174072,0.1064523458480835,0.9621186256408691,-0.12349092960357666,-0.3847717762679532,"[138.0, 61.0]"
papilledema_0298_PPE.jpg,ok,papilledema,"[132.0, 112.0]",35.918785545899944,0.6803896248340606,0.10193973779678345,0.7857834696769714,-0.14200729131698608,0.29568272153804,"[156.0, 120.0]"
papilledema_0299_PPE.jpg,ok,papilledema,"[108.0, 125.0]",35.918785545899944,0.6501364350318908,0.09613025188446045,0.7493641376495361,-0.14725643396377563,0.6825684922887694,"[97.0, 128.0]"
papilledema_0300_PPE.jpg,ok,papilledema,"[137.0, 164.0]",57.01751796098172,0.8004398226737975,0.16273319721221924,0.9022409915924072,-0.030689656734466553,0.5320152633351626,"[111.0, 158.0]"
papilledema_0301_PPE.jpg,ok,papilledema,"[112.0, 116.0]",35.918785545899944,0.7526940286159515,0.1728643774986267,0.784994900226593,-0.15166610479354858,0.14054170786433817,"[84.0, 103.0]"
papilledema_0302_PPE.jpg,ok,papilledema,"[123.0, 146.0]",35.918785545899944,0.6779324233531951,0.08701497316360474,0.8124865293502808,-0.1108843982219696,0.5433804562824677,"[136.0, 156.0]"
papilledema_0303_PPE.jpg,ok,papilledema,"[129.0, 129.0]",35.918785545899944,0.8151455700397492,0.2002236247062683,0.8423089981079102,-0.12652823328971863,0.6338142774577387,"[142.0, 131.0]"
papilledema_0304_PPE.jpg,ok,papilledema,"[137.0, 113.0]",35.918785545899944,0.8497069358825683,0.1551300287246704,0.9470070600509644,-0.1583598256111145,0.40941200786177834,"[158.0, 116.0]"
papilledema_0305_PPE.jpg,ok,papilledema,"[136.0, 133.0]",35.918785545899944,0.7475538134574891,0.12988770008087158,0.8479422330856323,-0.12053275108337402,0.10130522809887577,"[167.0, 124.0]"
papilledema_0306_PPE.jpg,negative_score,papilledema,"[143.0, 137.0]",35.918785545899944,0.5514711320400237,0.050224363803863525,0.6843007206916809,-0.11118131875991821,-0.13054716052695747,"[183.0, 144.0]"
papilledema_0307_PPE.jpg,ok,papilledema,"[108.0, 136.0]",35.918785545899944,0.806601345539093,0.11845993995666504,0.9394696950912476,-0.15256309509277344,0.19840385302051156,"[81.0, 126.0]"
papilledema_0308_PPE.jpg,ok,papilledema,"[115.0, 131.0]",35.918785545899944,0.8512260913848877,0.20190638303756714,0.8871656656265259,-0.1415187120437622,0.3447104562652352,"[92.0, 136.0]"
papilledema_0309_PPE.jpg,ok,papilledema,"[137.0, 139.0]",35.918785545899944,0.6925791919231414,0.09914124011993408,0.8120781779289246,-0.12491613626480103,0.1364929418644536,"[168.0, 138.0]"
papilledema_0310_PPE.jpg,ok,papilledema,"[138.0, 148.0]",35.918785545899944,0.6591481924057007,0.06900894641876221,0.809468686580658,-0.11755582690238953,0.2462447621798225,"[165.0, 150.0]"
papilledema_0311_PPE.jpg,ok,papilledema,"[64.0, 144.0]",143.67514218359977,0.7815547585487366,0.0882105827331543,0.988211989402771,-0.00797891616821289,0.36628260298242876,"[155.0, 147.0]"
papilledema_0312_PPE.jpg,ok,papilledema,"[106.0, 134.0]",45.254833995939045,0.7407456934452057,0.16085588932037354,0.7930575609207153,-0.1237475574016571,0.19899964887648147,"[91.0, 101.0]"
papilledema_0313_PPE.jpg,negative_score,papilledema,"[127.0, 138.0]",35.918785545899944,0.8045370519161225,0.12709689140319824,0.9298887848854065,-0.13259005546569824,-0.2356955105184706,"[168.0, 155.0]"
papilledema_0314_PPE.jpg,ok,papilledema,"[100.0, 119.0]",35.918785545899944,0.46682147979736327,0.0912368893623352,0.49385738372802734,-0.14942210912704468,0.4424927210049673,"[80.0, 118.0]"
papilledema_0315_PPE.jpg,ok,papilledema,"[104.0, 121.0]",35.918785545899944,0.8070334017276763,0.15012556314468384,0.8929323554039001,-0.15927594900131226,0.51939698853202,"[87.0, 118.0]"
papilledema_0316_PPE.jpg,ok,papilledema,"[110.0, 125.0]",35.918785545899944,0.7055724143981933,0.11498099565505981,0.8049036264419556,-0.13579440116882324,0.10866637887152175,"[78.0, 126.0]"
papilledema_0317_PPE.jpg,ok,papilledema,"[106.0, 126.0]",35.918785545899944,0.7726580440998077,0.09453660249710083,0.935762882232666,-0.11543712019920349,0.5258919223712375,"[95.0, 139.0]"
papilledema_0318_PPE.jpg,ok,papilledema,"[103.0, 118.0]",45.254833995939045,0.8440449774265288,0.21065908670425415,0.8704076409339905,-0.12050271034240723,0.40501772610438225,"[80.0, 104.0]"
papilledema_0319_PPE.jpg,ok,papilledema,"[109.0, 132.0]",35.918785545899944,0.5950950860977172,0.10981243848800659,0.6638926863670349,-0.10278883576393127,0.3306669422433488,"[92.0, 149.0]"
papilledema_0320_PPE.jpg,no_blob,papilledema,,,,,,,,"[54.0, 36.0]"
papilledema_0321_PPE.jpg,ok,papilledema,"[132.0, 120.0]",35.918785545899944,0.7919600129127502,0.09835958480834961,0.9453380107879639,-0.15931910276412964,0.17552374503090362,"[161.0, 126.0]"
papilledema_0322_PPE.jpg,ok,papilledema,"[131.0, 123.0]",35.918785545899944,0.7610069811344147,0.14468348026275635,0.8373511433601379,-0.15088850259780884,0.2713421609658977,"[157.0, 120.0]"
papilledema_0323_PPE.jpg,ok,papilledema,"[68.0, 124.0]",143.67514218359977,0.7568508982658385,0.061482787132263184,0.9920557737350464,-0.004645347595214844,0.3925103983221939,"[155.0, 117.0]"
papilledema_0324_PPE.jpg,ok,papilledema,"[88.0, 142.0]",71.83757109179989,0.7548586547374725,0.1291319727897644,0.8879788517951965,-0.020707428455352783,0.7001477235218377,"[80.0, 162.0]"
papilledema_0325_PPE.jpg,ok,papilledema,"[88.0, 138.0]",114.03503592196344,0.7222048342227936,0.16213363409042358,0.7963431477546692,-0.013154983520507812,0.33394212758428177,"[163.0, 126.0]"
papilledema_0326_PPE.jpg,ok,papilledema,"[224.0, 188.0]",228.07007184392688,0.5110721886157988,-0.043299734592437744,0.7916544079780579,-0.001069188117980957,0.5907011933385093,"[159.0, 121.0]"
papilledema_0327_PPE.jpg,ok,papilledema,"[139.0, 136.0]",35.918785545899944,0.8163195192813872,0.15177887678146362,0.9057884812355042,-0.152443528175354,0.3596665463366313,"[162.0, 136.0]"
papilledema_0328_PPE.jpg,negative_score,papilledema,"[109.0, 144.0]",35.918785545899944,0.767008727788925,0.07540726661682129,0.952307403087616,-0.12493139505386353,-0.4881046574157455,"[93.0, 93.0]"
papilledema_0329_PPE.jpg,negative_score,papilledema,"[111.0, 123.0]",35.918785545899944,0.8135685801506042,0.13650870323181152,0.921813428401947,-0.15895238518714905,-0.1509312630952151,"[89.0, 88.0]"
papilledema_0330_PPE.jpg,ok,papilledema,"[102.0, 141.0]",35.918785545899944,0.703392732143402,0.11526399850845337,0.80586838722229,-0.12010431289672852,0.24367834264059052,"[75.0, 138.0]"
papilledema_0331_PPE.jpg,ok,papilledema,"[108.0, 139.0]",45.254833995939045,0.9159647405147552,0.1992170810699463,0.9862292408943176,-0.1319359540939331,0.6016391005005637,"[98.0, 124.0]"
papilledema_0332_PPE.jpg,ok,papilledema,"[108.0, 131.0]",45.254833995939045,0.9066091835498808,0.22396695613861084,0.9382603764533997,-0.1292998194694519,0.6715031868495525,"[94.0, 126.0]"
papilledema_0333_PPE.jpg,ok,papilledema,"[132.0, 136.0]",35.918785545899944,0.8248154103755951,0.1438751220703125,0.9348708391189575,-0.13265350461006165,0.26498746648460214,"[153.0, 120.0]"
papilledema_0334_PPE.jpg,ok,papilledema,"[129.0, 141.0]",35.918785545899944,0.7854767203330993,0.10207533836364746,0.9393467903137207,-0.12929314374923706,0.23959008768287682,"[154.0, 130.0]"
papilledema_0335_PPE.jpg,negative_score,papilledema,"[34.0, 122.0]",71.83757109179989,0.6945179522037506,-0.0004780292510986328,0.9925023913383484,-0.0012215375900268555,-0.662353377070773,"[153.0, 132.0]"
papilledema_0336_PPE.jpg,ok,papilledema,"[129.0, 131.0]",35.918785545899944,0.7574154675006867,0.13040584325790405,0.8602923154830933,-0.12402501702308655,0.43971903582928096,"[147.0, 122.0]"
papilledema_0337_PPE.jpg,ok,papilledema,"[131.0, 123.0]",45.254833995939045,0.930624496936798,0.2305593490600586,0.9587036371231079,-0.14486300945281982,0.6436951796565195,"[147.0, 121.0]"
papilledema_0338_PPE.jpg,ok,papilledema,"[127.0, 122.0]",35.918785545899944,0.877019190788269,0.2145581841468811,0.9095949530601501,-0.12872269749641418,0.5861199502883683,"[137.0, 133.0]"
papilledema_0339_PPE.jpg,ok,papilledema,"[131.0, 127.0]",35.918785545899944,0.7551766157150268,0.21281462907791138,0.7364150285720825,-0.13435733318328857,0.29020157055743945,"[154.0, 116.0]"
papilledema_0340_PPE.jpg,ok,papilledema,"[117.0, 119.0]",35.918785545899944,0.7806315958499908,0.13104045391082764,0.892330527305603,-0.12479886412620544,0.3306669422433488,"[94.0, 126.0]"
papilledema_0341_PPE.jpg,ok,papilledema,"[126.0, 166.0]",35.918785545899944,0.6048591434955597,0.10062897205352783,0.6862667798995972,-0.11921712756156921,0.22046362162720323,"[98.0, 166.0]"
papilledema_0342_PPE.jpg,ok,papilledema,"[140.0, 130.0]",35.918785545899944,0.5678323209285736,0.08670777082443237,0.6549783945083618,-0.11319836974143982,0.51939698853202,"[157.0, 127.0]"
papilledema_0343_PPE.jpg,ok,papilledema,"[131.0, 147.0]",35.918785545899944,0.559557157754898,0.07603859901428223,0.6590228080749512,-0.11101296544075012,0.443188301162288,"[147.0, 159.0]"
papilledema_0344_PPE.jpg,negative_score,papilledema,"[125.0, 135.0]",35.918785545899944,0.6703754127025604,0.04888671636581421,0.8582342267036438,-0.10362368822097778,-0.19746883647414482,"[150.0, 170.0]"
papilledema_0345_PPE.jpg,ok,papilledema,"[136.0, 129.0]",35.918785545899944,0.7225597143173217,0.08806014060974121,0.862834095954895,-0.15257853269577026,0.7621299379846986,"[144.0, 132.0]"
papilledema_0346_PPE.jpg,ok,papilledema,"[137.0, 126.0]",35.918785545899944,0.6626616299152374,0.1142311692237854,0.7473892569541931,-0.12628990411758423,0.22795693600811306,"[162.0, 114.0]"
papilledema_0347_PPE.jpg,ok,papilledema,"[131.0, 128.0]",35.918785545899944,0.7314082503318786,0.15905976295471191,0.7746834754943848,-0.15035027265548706,0.5984773738124834,"[143.0, 120.0]"
papilledema_0348_PPE.jpg,ok,papilledema,"[142.0, 128.0]",35.918785545899944,0.8685497641563416,0.15715152025222778,0.9730521440505981,-0.15130871534347534,0.5786955009633133,"[157.0, 126.0]"
papilledema_0349_PPE.jpg,ok,papilledema,"[128.0, 121.0]",35.918785545899944,0.76164990067482,0.24324962496757507,0.7031228542327881,-0.13107138872146606,0.42672726905922764,"[146.0, 111.0]"
papilledema_0350_PPE.jpg,ok,papilledema,"[130.0, 128.0]",35.918785545899944,0.7007442831993103,0.1373593807220459,0.7626275420188904,-0.1477281153202057,0.22046362162720323,"[158.0, 128.0]"
papilledema_0351_PPE.jpg,ok,papilledema,"[121.0, 144.0]",35.918785545899944,0.6837935328483582,0.1339329481124878,0.7510322332382202,-0.12069010734558105,0.29020157055743945,"[146.0, 149.0]"
papilledema_0352_PPE.jpg,ok,papilledema,"[122.0, 143.0]",35.918785545899944,0.671629810333252,0.08835917711257935,0.8026733994483948,-0.10699626803398132,0.6636009322154315,"[127.0, 154.0]"
papilledema_0353_PPE.jpg,ok,papilledema,"[141.0, 129.0]",35.918785545899944,0.7472319900989531,0.08648771047592163,0.9121676683425903,-0.11113455891609192,0.30398537645286006,"[165.0, 122.0]"
papilledema_0354_PPE.jpg,ok,papilledema,"[110.0, 122.0]",35.918785545899944,0.8622194588184356,0.21362316608428955,0.8831889033317566,-0.15182030200958252,0.3990043700854742,"[89.0, 117.0]"
papilledema_0355_PPE.jpg,ok,papilledema,"[111.0, 117.0]",35.918785545899944,0.7198698103427887,0.17823541164398193,0.7380908727645874,-0.1248539388179779,0.1811838320056265,"[83.0, 126.0]"
papilledema_0356_PPE.jpg,ok,papilledema,"[114.0, 127.0]",35.918785545899944,0.8355415880680084,0.13533508777618408,0.963640570640564,-0.12829050421714783,0.1152123692063668,"[83.0, 134.0]"
papilledema_0357_PPE.jpg,ok,papilledema,"[130.0, 106.0]",35.918785545899944,0.697061550617218,0.09279996156692505,0.8306546211242676,-0.11401677131652832,0.10519476448041698,"[98.0, 109.0]"
papilledema_0358_PPE.jpg,negative_score,papilledema,"[131.0, 114.0]",35.918785545899944,0.7023344159126281,0.09037202596664429,0.8388944864273071,-0.12368124723434448,-0.003806565468791545,"[95.0, 112.0]"
papilledema_0359_PPE.jpg,ok,papilledema,"[116.0, 118.0]",35.918785545899944,0.7674913704395294,0.16711407899856567,0.8210620880126953,-0.12816914916038513,0.2863898139540958,"[92.0, 127.0]"
papilledema_0360_PPE.jpg,ok,papilledema,"[107.0, 125.0]",45.254833995939045,0.8092947661876678,0.17607206106185913,0.8699495196342468,-0.12129020690917969,0.3557647459972406,"[80.0, 114.0]"
papilledema_0361_PPE.jpg,negative_score,papilledema,"[115.0, 121.0]",35.918785545899944,0.7525411903858185,0.11605769395828247,0.8727788329124451,-0.12769156694412231,-0.013412588793878077,"[80.0, 111.0]"
papilledema_0362_PPE.jpg,ok,papilledema,"[108.0, 113.0]",35.918785545899944,0.7314541399478912,0.10189050436019897,0.8633005023002625,-0.12626641988754272,0.1964722932393762,"[80.0, 106.0]"
papilledema_0363_PPE.jpg,ok,papilledema,"[121.0, 190.0]",35.918785545899944,0.6824589669704437,0.05619567632675171,0.8631234169006348,-0.1103844940662384,0.5669021390986375,"[132.0, 179.0]"
papilledema_0364_PPE.jpg,ok,papilledema,"[143.0, 111.0]",45.254833995939045,0.8188697278499603,0.10079890489578247,0.9915755391120911,-0.11983972787857056,0.5466056834829092,"[157.0, 126.0]"
papilledema_0365_PPE.jpg,ok,papilledema,"[136.0, 98.0]",71.83757109179989,0.8047809928655624,0.10703521966934204,0.9813510179519653,-0.05400030314922333,0.37606646521006515,"[171.0, 70.0]"
papilledema_0366_PPE.jpg,ok,papilledema,"[130.0, 128.0]",35.918785545899944,0.7596482336521149,0.18156802654266357,0.7806999087333679,-0.15795135498046875,0.6122255230654919,"[143.0, 123.0]"
papilledema_0367_PPE.jpg,ok,papilledema,"[113.0, 131.0]",35.918785545899944,0.6675835609436035,0.13356250524520874,0.7183785438537598,-0.1557803750038147,0.21600200973744,"[86.0, 123.0]"
papilledema_0368_PPE.jpg,ok,papilledema,"[94.0, 123.0]",35.918785545899944,0.6733059704303742,0.13685685396194458,0.7215831875801086,-0.15670442581176758,0.443188301162288,"[82.0, 107.0]"
papilledema_0369_PPE.jpg,ok,papilledema,"[108.0, 135.0]",35.918785545899944,0.6818291425704955,0.1151466965675354,0.7668229341506958,-0.14953196048736572,0.44041116822959714,"[88.0, 133.0]"
papilledema_0370_PPE.jpg,negative_score,papilledema,"[112.0, 125.0]",35.918785545899944,0.765400058031082,0.10901296138763428,0.8971325755119324,-0.14197146892547607,-0.20874316969051132,"[78.0, 98.0]"
papilledema_0371_PPE.jpg,ok,papilledema,"[112.0, 118.0]",35.918785545899944,0.5537900328636169,0.06705421209335327,0.6582536697387695,-0.129791259765625,0.1477870071383286,"[88.0, 99.0]"
papilledema_0372_PPE.jpg,ok,papilledema,"[108.0, 118.0]",35.918785545899944,0.7204318284988404,0.1847313642501831,0.728932797908783,-0.12723752856254578,0.4980967172656042,"[91.0, 124.0]"
papilledema_0373_PPE.jpg,ok,papilledema,"[139.0, 118.0]",35.918785545899944,0.6565987229347229,0.08173471689224243,0.7856499552726746,-0.12454518675804138,0.46447565614124664,"[136.0, 99.0]"
papilledema_0374_PPE.jpg,ok,papilledema,"[102.0, 144.0]",35.918785545899944,0.7518125176429749,0.0648648738861084,0.9479562044143677,-0.11689150333404541,0.12578790014799146,"[71.0, 149.0]"
papilledema_0375_PPE.jpg,ok,papilledema,"[108.0, 127.0]",35.918785545899944,0.7946317911148071,0.10727494955062866,0.9450176954269409,-0.12922227382659912,0.348268615832659,"[86.0, 135.0]"
papilledema_0376_PPE.jpg,ok,papilledema,"[123.0, 130.0]",35.918785545899944,0.8136578440666199,0.10919451713562012,0.9740352630615234,-0.11319321393966675,0.22795693600811306,"[148.0, 118.0]"
papilledema_0377_PPE.jpg,ok,papilledema,"[139.0, 131.0]",57.01751796098172,0.8382364451885223,0.131741464138031,0.9850547313690186,-0.08478334546089172,0.1563285179102082,"[172.0, 96.0]"
papilledema_0378_PPE.jpg,ok,papilledema,"[135.0, 139.0]",35.918785545899944,0.7219867289066314,0.14747363328933716,0.7834206819534302,-0.13059309124946594,0.1364929418644536,"[164.0, 150.0]"
papilledema_0379_PPE.jpg,ok,papilledema,"[133.0, 134.0]",35.918785545899944,0.6531142532825469,0.14590996503829956,0.6908366680145264,-0.1180931031703949,0.3226093323756538,"[157.0, 138.0]"
papilledema_0380_PPE.jpg,ok,papilledema,"[124.0, 121.0]",35.918785545899944,0.7798573911190033,0.18504244089126587,0.8127622604370117,-0.12940683960914612,0.16246561636835222,"[152.0, 110.0]"
papilledema_0381_PPE.jpg,ok,papilledema,"[110.0, 121.0]",35.918785545899944,0.5991842329502105,0.15219125151634216,0.6032027006149292,-0.12375545501708984,0.29020157055743945,"[87.0, 110.0]"
papilledema_0382_PPE.jpg,ok,papilledema,"[111.0, 143.0]",35.918785545899944,0.6895458877086639,0.1358776092529297,0.7549334168434143,-0.1260744333267212,0.4206749551681299,"[99.0, 160.0]"
papilledema_0383_PPE.jpg,ok,papilledema,"[128.0, 158.0]",71.83757109179989,0.6966852188110351,0.1057400107383728,0.8387161493301392,-0.019219517707824707,0.45710859363323086,"[92.0, 173.0]"
papilledema_0384_PPE.jpg,ok,papilledema,"[96.0, 118.0]",71.83757109179989,0.7979512453079224,0.146905779838562,0.9217393398284912,-0.02913963794708252,0.32821066588701286,"[56.0, 145.0]"
papilledema_0385_PPE.jpg,ok,papilledema,"[98.0, 138.0]",71.83757109179989,0.8103168874979019,0.10878896713256836,0.9854536652565002,-0.05855177342891693,0.10812304836015141,"[45.0, 102.0]"
papilledema_0386_PPE.jpg,ok,papilledema,"[138.0, 135.0]",35.918785545899944,0.6527648746967316,0.127128005027771,0.7157525420188904,-0.12305045127868652,0.5467881124405694,"[154.0, 138.0]"
papilledema_0387_PPE.jpg,ok,papilledema,"[112.0, 87.0]",45.254833995939045,0.8856220841407775,0.17035597562789917,0.9819247722625732,-0.13959383964538574,0.7559296976279171,"[101.0, 88.0]"
papilledema_0388_PPE.jpg,negative_score,papilledema,"[97.0, 127.0]",35.918785545899944,0.5701775968074798,0.12615254521369934,0.6054116487503052,-0.10118448734283447,-0.5314852471168654,"[122.0, 78.0]"
papilledema_0389_PPE.jpg,ok,papilledema,"[122.0, 119.0]",45.254833995939045,0.7994541347026825,0.09041166305541992,0.9888647794723511,-0.0841856300830841,0.650614378515658,"[107.0, 124.0]"
papilledema_0390_PPE.jpg,ok,papilledema,"[133.0, 108.0]",45.254833995939045,0.6654403626918792,0.17764079570770264,0.6762934327125549,-0.07197082042694092,0.19565389523539067,"[146.0, 74.0]"
papilledema_0391_PPE.jpg,ok,papilledema,"[87.0, 74.0]",45.254833995939045,0.6527445256710052,0.1314312219619751,0.7355213761329651,-0.03224170207977295,0.594351406695401,"[103.0, 65.0]"
papilledema_0392_PPE.jpg,ok,papilledema,"[110.0, 124.0]",35.918785545899944,0.8271318614482879,0.22253865003585815,0.8196030259132385,-0.1543554663658142,0.3382368505295221,"[87.0, 130.0]"
papilledema_0393_PPE.jpg,negative_score,papilledema,"[127.0, 121.0]",35.918785545899944,0.7917269945144653,0.2449621856212616,0.7357609868049622,-0.15866059064865112,-0.3366380518428054,"[126.0, 73.0]"
papilledema_0394_PPE.jpg,ok,papilledema,"[113.0, 132.0]",35.918785545899944,0.74909428358078,0.11722224950790405,0.867283046245575,-0.12386950850486755,0.20862188475777999,"[91.0, 114.0]"
papilledema_0395_PPE.jpg,ok,papilledema,"[114.0, 132.0]",35.918785545899944,0.7827723562717438,0.16174715757369995,0.8498706221580505,-0.13057881593704224,0.40941200786177834,"[93.0, 129.0]"
papilledema_0396_PPE.jpg,ok,papilledema,"[112.0, 113.0]",45.254833995939045,0.820343393087387,0.11317342519760132,0.9765211939811707,-0.11802566051483154,0.3856373983957031,"[95.0, 91.0]"
papilledema_0397_PPE.jpg,ok,papilledema,"[111.0, 117.0]",35.918785545899944,0.6789777755737304,0.14623647928237915,0.7210180759429932,-0.14014321565628052,0.3645268325718176,"[100.0, 97.0]"
papilledema_0398_PPE.jpg,ok,papilledema,"[126.0, 134.0]",35.918785545899944,0.7955065429210663,0.1075635552406311,0.946297824382782,-0.12767255306243896,0.16943551050105154,"[155.0, 127.0]"
papilledema_0399_PPE.jpg,ok,papilledema,"[127.0, 109.0]",57.01751796098172,0.4166892468929291,0.1053822934627533,0.4354950189590454,-0.03230220079421997,0.49138438435981546,"[156.0, 109.0]"
papilledema_0400_PPE.jpg,ok,papilledema,"[137.0, 120.0]",57.01751796098172,0.5218566834926605,0.13979685306549072,0.534929096698761,-0.03804731369018555,0.672354350726849,"[155.0, 125.0]"
papilledema_0401_PPE.jpg,ok,papilledema,"[111.0, 138.0]",35.918785545899944,0.6417114973068238,0.08144181966781616,0.7688026428222656,-0.11053913831710815,0.3688102826155496,"[94.0, 123.0]"
papilledema_0402_PPE.jpg,ok,papilledema,"[109.0, 147.0]",45.254833995939045,0.8495317161083221,0.15724408626556396,0.9502736330032349,-0.13548043370246887,0.6569609624984352,"[94.0, 151.0]"
papilledema_0403_PPE.jpg,ok,papilledema,"[112.0, 125.0]",35.918785545899944,0.7622824311256408,0.08576500415802002,0.9288524985313416,-0.1316033899784088,0.22996746823374048,"[85.0, 119.0]"
papilledema_0404_PPE.jpg,ok,papilledema,"[130.0, 125.0]",35.918785545899944,0.7554623544216156,0.19951331615447998,0.7577452063560486,-0.12763696908950806,0.3318259613947456,"[154.0, 125.0]"
papilledema_0405_PPE.jpg,ok,papilledema,"[127.0, 124.0]",45.254833995939045,0.9002437174320221,0.18496686220169067,0.9778657555580139,-0.1538541316986084,0.5493060905670014,"[147.0, 120.0]"
papilledema_0406_PPE.jpg,ok,papilledema,"[109.0, 125.0]",35.918785545899944,0.6584646165370941,0.11847043037414551,0.7365466356277466,-0.12205770611763,0.4002954470436755,"[89.0, 117.0]"
papilledema_0407_PPE.jpg,ok,papilledema,"[115.0, 137.0]",35.918785545899944,0.6317669510841369,0.09628963470458984,0.7317445874214172,-0.11628052592277527,0.2761447915109745,"[91.0, 147.0]"
papilledema_0408_PPE.jpg,ok,papilledema,"[115.0, 139.0]",35.918785545899944,0.7832845985889434,0.09504437446594238,0.9429113268852234,-0.14101147651672363,0.18497906063111513,"[86.0, 135.0]"
papilledema_0409_PPE.jpg,ok,papilledema,"[113.0, 131.0]",35.918785545899944,0.828940623998642,0.1541440486907959,0.922997772693634,-0.14349067211151123,0.13694186680154652,"[82.0, 131.0]"
papilledema_0410_PPE.jpg,ok,papilledema,"[133.0, 127.0]",57.01751796098172,0.873124486207962,0.16961395740509033,0.9787502288818359,-0.09192684292793274,0.5161797736066787,"[153.0, 108.0]"
papilledema_0411_PPE.jpg,ok,papilledema,"[204.0, 172.0]",181.01933598375618,0.5523239403963088,0.03417414426803589,0.7382745146751404,-0.006788179278373718,0.8669579190162,"[186.0, 156.0]"
papilledema_0412_PPE.jpg,ok,papilledema,"[130.0, 122.0]",35.918785545899944,0.6651262462139129,0.18097811937332153,0.6489658951759338,-0.14936000108718872,0.47176204115353004,"[148.0, 116.0]"
papilledema_0413_PPE.jpg,ok,papilledema,"[135.0, 128.0]",35.918785545899944,0.8063468217849731,0.09209364652633667,0.9799113273620605,-0.14157623052597046,0.32203745328044575,"[158.0, 120.0]"
papilledema_0414_PPE.jpg,ok,papilledema,"[110.0, 122.0]",45.254833995939045,0.5719404458999634,0.1063852310180664,0.6561182737350464,-0.03136211633682251,0.629585325277197,"[94.0, 117.0]"
papilledema_0415_PPE.jpg,ok,papilledema,"[111.0, 129.0]",35.918785545899944,0.6648066878318787,0.148371160030365,0.6946759223937988,-0.15081191062927246,0.46447565614124664,"[94.0, 120.0]"
papilledema_0416_PPE.jpg,ok,papilledema,"[94.0, 99.0]",45.254833995939045,0.7874329686164856,0.11523216962814331,0.9290744662284851,-0.10924336314201355,0.5647378663379963,"[112.0, 107.0]"
papilledema_0417_PPE.jpg,ok,papilledema,"[105.0, 122.0]",35.918785545899944,0.5948745429515838,0.11063557863235474,0.6477429270744324,-0.15409457683563232,0.13694186680154652,"[74.0, 122.0]"
papilledema_0418_PPE.jpg,ok,papilledema,"[131.0, 124.0]",35.918785545899944,0.7145340919494629,0.08835732936859131,0.8540815114974976,-0.14159852266311646,0.275609593501821,"[157.0, 123.0]"
papilledema_0419_PPE.jpg,ok,papilledema,"[128.0, 155.0]",57.01751796098172,0.7889903366565704,0.08073669672012329,0.987385094165802,-0.08542037010192871,0.6554237468240327,"[147.0, 160.0]"
papilledema_0420_PPE.jpg,ok,papilledema,"[103.0, 115.0]",35.918785545899944,0.7535941779613494,0.07291704416275024,0.9385263323783875,-0.11854350566864014,0.5074497719209882,"[91.0, 128.0]"
papilledema_0421_PPE.jpg,ok,papilledema,"[157.0, 124.0]",35.918785545899944,0.8178738176822662,0.1015787124633789,0.9840651154518127,-0.13724762201309204,0.37436066635584264,"[138.0, 136.0]"
papilledema_0422_PPE.jpg,ok,papilledema,"[128.0, 108.0]",35.918785545899944,0.6237456977367402,0.07962757349014282,0.7427729368209839,-0.12088534235954285,0.030363944515057306,"[155.0, 130.0]"
papilledema_0423_PPE.jpg,ok,papilledema,"[149.0, 59.0]",57.01751796098172,0.5916832983493805,0.09675246477127075,0.7008727192878723,-0.021599650382995605,0.6877364281807419,"[163.0, 70.0]"
papilledema_0424_PPE.jpg,ok,papilledema,"[137.0, 118.0]",45.254833995939045,0.8591563045978546,0.2046685814857483,0.8965367078781128,-0.13456013798713684,0.6355655065721688,"[153.0, 122.0]"
papilledema_0425_PPE.jpg,ok,papilledema,"[141.0, 131.0]",35.918785545899944,0.8273820281028748,0.10796177387237549,0.9873867630958557,-0.14124760031700134,0.46230899451909424,"[159.0, 138.0]"
papilledema_0426_PPE.jpg,ok,papilledema,"[135.0, 128.0]",35.918785545899944,0.6891920149326324,0.05629420280456543,0.870391845703125,-0.11811760067939758,0.30176168189428876,"[158.0, 138.0]"
papilledema_0427_PPE.jpg,ok,papilledema,"[117.0, 126.0]",35.918785545899944,0.7723010659217834,0.1324949860572815,0.8783782124519348,-0.12470665574073792,0.3106995008324811,"[100.0, 144.0]"
papilledema_0428_PPE.jpg,ok,papilledema,"[121.0, 122.0]",35.918785545899944,0.8550876915454864,0.18178147077560425,0.9252909421920776,-0.12801280617713928,0.08803490400700631,"[104.0, 150.0]"
papilledema_0429_PPE.jpg,ok,papilledema,"[137.0, 129.0]",35.918785545899944,0.765110045671463,0.09807145595550537,0.9181773662567139,-0.12157216668128967,0.35725018509525575,"[160.0, 127.0]"
papilledema_0430_PPE.jpg,ok,papilledema,"[92.0, 110.0]",45.254833995939045,0.8012522220611572,0.13499557971954346,0.9253564476966858,-0.09253564476966858,0.7903686271093947,"[101.0, 107.0]"
papilledema_0431_PPE.jpg,ok,papilledema,"[142.0, 120.0]",45.254833995939045,0.8277065336704253,0.1565852165222168,0.9297255873680115,-0.10156702995300293,0.5034297318102905,"[161.0, 108.0]"
papilledema_0432_PPE.jpg,ok,papilledema,"[110.0, 120.0]",45.254833995939045,0.9017199337482452,0.18562591075897217,0.9806900024414062,-0.14805510640144348,0.8317135997770467,"[103.0, 123.0]"
papilledema_0433_PPE.jpg,ok,papilledema,"[117.0, 120.0]",35.918785545899944,0.8518616199493408,0.18052774667739868,0.9218424558639526,-0.13022077083587646,0.664754963293384,"[105.0, 121.0]"
papilledema_0434_PPE.jpg,ok,papilledema,"[95.0, 130.0]",57.01751796098172,0.8916776716709137,0.1871839165687561,0.9809517860412598,-0.08913752436637878,0.6649280105876104,"[82.0, 116.0]"
papilledema_0435_PPE.jpg,ok,papilledema,"[111.0, 118.0]",35.918785545899944,0.7785387337207794,0.19337528944015503,0.7974891662597656,-0.13460513949394226,0.025977330877063887,"[81.0, 100.0]"
papilledema_0436_RFM.png,ok,papilledema,"[414.0, 258.0]",71.83757109179989,0.7759907126426697,0.23089319467544556,0.7387540936470032,-0.1398482620716095,0.7564943327192659,"[429.0, 267.0]"
papilledema_0437_RFM.png,ok,papilledema,"[368.0, 258.0]",71.83757109179989,0.7815317392349244,0.2245241403579712,0.7568651437759399,-0.13600999116897583,0.7351483729018747,"[349.0, 257.0]"
papilledema_0438_RFM.png,ok,papilledema,"[408.0, 285.0]",45.254833995939045,0.7550426185131073,0.12455260753631592,0.8609874844551086,-0.13899385929107666,0.04982526278057686,"[408.0, 328.0]"
papilledema_0439_RFM.png,ok,papilledema,"[207.0, 227.0]",57.01751796098172,0.7179449498653411,0.20057588815689087,0.6968949437141418,-0.14771300554275513,0.5136433461256434,"[182.0, 215.0]"
papilledema_0440_RFM.png,ok,papilledema,"[513.0, 257.0]",57.01751796098172,0.5701164722442627,0.2073301076889038,0.4753303527832031,-0.1502755880355835,0.803913949829421,"[518.0, 267.0]"
papilledema_0441_RFM.png,ok,papilledema,"[574.0, 257.0]",45.254833995939045,0.7625018000602722,0.1886158585548401,0.7770007848739624,-0.14992696046829224,0.6016391005005637,"[591.0, 263.0]"
papilledema_0442_RFM.png,ok,papilledema,"[530.0, 291.0]",57.01751796098172,0.7896247923374176,0.192599356174469,0.8139365911483765,-0.13634911179542542,0.6137552749908222,"[552.0, 290.0]"
papilledema_0443_RFM.png,ok,papilledema,"[376.0, 283.0]",45.254833995939045,0.7677171826362609,0.20308709144592285,0.7699276208877563,-0.12840378284454346,0.8406556402002254,"[382.0, 287.0]"
papilledema_0444_RFM.png,ok,papilledema,"[382.0, 256.0]",71.83757109179989,0.765824431180954,0.21960854530334473,0.7398887276649475,-0.14146888256072998,0.832377481646692,"[394.0, 255.0]"
papilledema_0445_RFM.png,ok,papilledema,"[380.0, 262.0]",71.83757109179989,0.8009269654750824,0.2413528561592102,0.7595909833908081,-0.1393021047115326,0.2529587144390413,"[356.0, 214.0]"
papilledema_0446_RFM.png,ok,papilledema,"[232.0, 253.0]",35.918785545899944,0.60964577794075,0.22298160195350647,0.5059916973114014,-0.16234993934631348,0.3382368505295221,"[209.0, 247.0]"
papilledema_0447_RFM.png,ok,papilledema,"[352.0, 224.0]",71.83757109179989,0.6716772019863129,0.12789100408554077,0.7363296747207642,-0.1417771279811859,0.9803137335953926,"[351.0, 223.0]"
papilledema_0448_RFM.png,ok,papilledema,"[373.0, 269.0]",57.01751796098172,0.7300293445587158,0.14932763576507568,0.7898483276367188,-0.13903939723968506,0.42898880280128493,"[397.0, 247.0]"
papilledema_0449_RFM.png,ok,papilledema,"[561.0, 233.0]",45.254833995939045,0.8131241619586944,0.1818339228630066,0.8571083545684814,-0.15657195448875427,0.5338614409319906,"[582.0, 231.0]"
papilledema_0450_RFM.png,negative_score,papilledema,"[218.0, 249.0]",45.254833995939045,0.8294515311717987,0.15916532278060913,0.9153450131416321,-0.1477234959602356,-3.3799637020470836,"[335.0, 409.0]"
papilledema_0451_RFM.png,ok,papilledema,"[210.0, 241.0]",35.918785545899944,0.6873683452606201,0.10707962512969971,0.7883224487304688,-0.14231503009796143,0.46810637152169543,"[191.0, 239.0]"
papilledema_0452_RFM.png,ok,papilledema,"[395.0, 266.0]",45.254833995939045,0.7341343939304351,0.0959014892578125,0.8741306662559509,-0.13170719146728516,0.5795742485289466,"[376.0, 267.0]"
papilledema_0453_RFM.png,ok,papilledema,"[401.0, 283.0]",57.01751796098172,0.7495383560657501,0.11241316795349121,0.8731599450111389,-0.12956613302230835,0.7107481508795814,"[417.0, 279.0]"
papilledema_0454_RFM.png,ok,papilledema,"[385.0, 283.0]",45.254833995939045,0.8647942304611205,0.19115132093429565,0.9231783151626587,-0.13709044456481934,0.5580582617584078,"[405.0, 283.0]"
papilledema_0455_RFM.png,ok,papilledema,"[338.0, 242.0]",57.01751796098172,0.8454098343849181,0.19143974781036377,0.8962002992630005,-0.1331493854522705,0.575801015024064,"[314.0, 239.0]"
papilledema_0456_RFM.png,ok,papilledema,"[290.0, 226.0]",71.83757109179989,0.907375007867813,0.205161452293396,0.9603248238563538,-0.1499308943748474,0.930398537645286,"[290.0, 221.0]"
papilledema_0457_RFM.png,ok,papilledema,"[408.0, 248.0]",90.50966799187809,0.8794083595275879,0.22035926580429077,0.9007009863853455,-0.1427920162677765,0.743017434321898,"[398.0, 269.0]"
papilledema_0458_RFM.png,negative_score,papilledema,"[206.0, 219.0]",45.254833995939045,0.7805181562900543,0.1963539719581604,0.7936839461326599,-0.1429271101951599,-1.03125,"[241.0, 134.0]"
papilledema_0459_RFM.png,ok,papilledema,"[272.0, 215.0]",45.254833995939045,0.8753005325794219,0.2555052638053894,0.8433536887168884,-0.14723843336105347,0.7609834603003383,"[263.0, 221.0]"
papilledema_0460_RFM.png,ok,papilledema,"[454.0, 222.0]",45.254833995939045,0.8771731615066528,0.2518208622932434,0.8514877557754517,-0.1465543508529663,0.8023576462394764,"[462.0, 218.0]"
papilledema_0461_RFM.png,ok,papilledema,"[376.0, 270.0]",71.83757109179989,0.749592787027359,0.15064644813537598,0.8173927068710327,-0.13385722041130066,0.9498096717265604,"[378.0, 273.0]"
papilledema_0462_RFM.png,ok,papilledema,"[169.0, 272.0]",57.01751796098172,0.7789504587650299,0.2174752950668335,0.7611356973648071,-0.1434008777141571,0.3475312183716106,"[147.0, 242.0]"
papilledema_0463_RFM.png,ok,papilledema,"[378.0, 252.0]",71.83757109179989,0.7477628171443939,0.23123237490653992,0.6967118978500366,-0.14416056871414185,0.8546678799096774,"[381.0, 262.0]"
papilledema_0464_RFM.png,ok,papilledema,"[363.0, 268.0]",57.01751796098172,0.7849534749984741,0.14831459522247314,0.8718633651733398,-0.13167262077331543,0.1779339357930756,"[337.0, 229.0]"
papilledema_0465_RFM.png,ok,papilledema,"[395.0, 287.0]",57.01751796098172,0.8221697092056274,0.16874933242797852,0.8906198143959045,-0.14993253350257874,0.5048681626880812,"[421.0, 276.0]"
papilledema_0466_RFM.png,ok,papilledema,"[204.0, 251.0]",57.01751796098172,0.8006250023841858,0.093467116355896,0.9700415134429932,-0.1406441330909729,0.40472460551192535,"[180.0, 227.0]"
papilledema_0467_RFM.png,ok,papilledema,"[178.0, 228.0]",71.83757109179989,0.8027227401733398,0.09089559316635132,0.9780111312866211,-0.1360967755317688,0.5010007143467898,"[164.0, 195.0]"
papilledema_0468_RFM.png,ok,papilledema,"[565.0, 244.0]",45.254833995939045,0.9741957783699036,0.31003785133361816,0.906085729598999,-0.14948958158493042,0.4366326132087517,"[582.0, 263.0]"
papilledema_0469_RFM.png,negative_score,papilledema,"[222.0, 259.0]",35.918785545899944,0.6971019208431243,0.07172119617462158,0.8513809442520142,-0.14707031846046448,-0.6566902606215728,"[197.0, 205.0]"
papilledema_0470_RFM.png,ok,papilledema,"[565.0, 237.0]",45.254833995939045,0.760083907842636,0.17482024431228638,0.7929928302764893,-0.15084341168403625,0.731177335404918,"[577.0, 239.0]"
papilledema_0471_RFM.png,ok,papilledema,"[391.0, 241.0]",57.01751796098172,0.7240208506584167,0.1312299370765686,0.8085101842880249,-0.13416892290115356,0.5123800799617098,"[374.0, 219.0]"
papilledema_0472_RFM.png,ok,papilledema,"[385.0, 253.0]",45.254833995939045,0.7963572978973388,0.16811102628707886,0.8607889413833618,-0.1284700632095337,0.59375,"[402.0, 246.0]"
papilledema_0473_RFM.png,ok,papilledema,"[513.0, 236.0]",45.254833995939045,0.7410417437553405,0.12706786394119263,0.8393415212631226,-0.1321740746498108,0.6656103975151142,"[528.0, 234.0]"
papilledema_0474_RFM.png,ok,papilledema,"[486.0, 233.0]",57.01751796098172,0.8536913752555847,0.19016700983047485,0.9077171087265015,-0.1406119465827942,0.897734028008102,"[483.0, 228.0]"
papilledema_0475_RFM.png,negative_score,papilledema,"[206.0, 247.0]",45.254833995939045,0.8417104005813598,0.17453807592391968,0.9116053581237793,-0.1452428698539734,-2.794591648814138,"[298.0, 392.0]"
papilledema_0476_RFM.png,negative_score,papilledema,"[547.0, 279.0]",57.01751796098172,0.635471075773239,0.12259519100189209,0.6957922577857971,-0.1291065216064453,-2.140561584592933,"[426.0, 147.0]"
papilledema_0477_RFM.png,ok,papilledema,"[215.0, 228.0]",45.254833995939045,0.810179454088211,0.22512775659561157,0.7953164577484131,-0.14165088534355164,0.6627026071105797,"[202.0, 220.0]"
papilledema_0478_RFM.png,ok,papilledema,"[394.0, 240.0]",71.83757109179989,0.7781800031661987,0.17356431484222412,0.8244431018829346,-0.13752758502960205,0.8877710141675594,"[395.0, 232.0]"
papilledema_0479_RFM.png,ok,papilledema,"[571.0, 238.0]",45.254833995939045,0.7951161682605743,0.20510613918304443,0.8015863299369812,-0.14449799060821533,0.3718827736799444,"[589.0, 260.0]"
papilledema_0480_RFM.png,ok,papilledema,"[224.0, 265.0]",45.254833995939045,0.7592505991458893,0.1838451623916626,0.7831516861915588,-0.1359962821006775,0.602252435582567,"[206.0, 265.0]"
papilledema_0481_RFM.png,ok,papilledema,"[379.0, 269.0]",45.254833995939045,0.7777725756168365,0.17531859874725342,0.8257550597190857,-0.12212717533111572,0.5755288216498087,"[391.0, 254.0]"
papilledema_0482_RFM.png,ok,papilledema,"[376.0, 256.0]",57.01751796098172,0.8556038498878478,0.2410351037979126,0.8387018442153931,-0.13738727569580078,0.9751968585629969,"[377.0, 257.0]"
papilledema_0483_RFM.png,negative_score,papilledema,"[578.0, 252.0]",45.254833995939045,0.7173323154449462,0.15494972467422485,0.7648489475250244,-0.13494163751602173,-0.19180961409530495,"[568.0, 199.0]"
papilledema_0484_RFM.png,ok,papilledema,"[195.0, 241.0]",45.254833995939045,0.9052018642425537,0.3026794195175171,0.8175197839736938,-0.15129297971725464,0.6224048133251696,"[179.0, 235.0]"
papilledema_0485_RFM.png,ok,papilledema,"[212.0, 234.0]",57.01751796098172,0.7674321889877319,0.19860470294952393,0.77226722240448,-0.1412021517753601,0.47355368818144106,"[197.0, 208.0]"
papilledema_0486_RFM.png,ok,papilledema,"[217.0, 237.0]",57.01751796098172,0.6976272344589233,0.16988128423690796,0.7125582098960876,-0.14477601647377014,0.9255905756889906,"[214.0, 240.0]"
papilledema_0487_RFM.png,ok,papilledema,"[526.0, 214.0]",57.01751796098172,0.6929270207881928,0.1607447862625122,0.7192501425743103,-0.14353567361831665,0.6823648078005007,"[544.0, 212.0]"
papilledema_0488_RFM.png,ok,papilledema,"[400.0, 273.0]",57.01751796098172,0.7950004279613494,0.15957164764404297,0.8668709993362427,-0.14309540390968323,0.7947174775526111,"[411.0, 277.0]"
papilledema_0489_RFM.png,ok,papilledema,"[368.0, 244.0]",71.83757109179989,0.7330604374408722,0.149774968624115,0.7921367883682251,-0.14394858479499817,0.7973174822412243,"[354.0, 248.0]"
papilledema_0490_RFM.png,ok,papilledema,"[208.0, 237.0]",57.01751796098172,0.6995962023735046,0.16323000192642212,0.7258220314979553,-0.14145389199256897,0.827266107785753,"[204.0, 246.0]"
papilledema_0491_RFM.png,ok,papilledema,"[446.0, 230.0]",71.83757109179989,0.7828095495700836,0.1466304063796997,0.8704245090484619,-0.13440993428230286,0.7755420283351189,"[462.0, 228.0]"
papilledema_0492_RFM.png,ok,papilledema,"[288.0, 236.0]",45.254833995939045,0.7773118197917938,0.14185357093811035,0.8665328621864319,-0.14442622661590576,0.7266741299291266,"[276.0, 233.0]"
papilledema_0493_RFM.png,ok,papilledema,"[217.0, 228.0]",35.918785545899944,0.7003102600574493,0.07390224933624268,0.8598453402519226,-0.1225813627243042,0.40418546357351526,"[204.0, 245.0]"
papilledema_0494_RFM.png,no_blob,papilledema,,,,,,,,"[566.0, 208.0]"
papilledema_0495_RFM.png,ok,papilledema,"[170.0, 214.0]",71.83757109179989,0.7280244052410125,0.12243348360061646,0.8286017775535583,-0.12784838676452637,0.6378047967509105,"[144.0, 215.0]"
papilledema_0496_RFM.png,ok,papilledema,"[189.0, 250.0]",45.254833995939045,0.7006534755229951,0.19950765371322632,0.6722694039344788,-0.15278619527816772,0.40501772610438225,"[175.0, 227.0]"
papilledema_0497_RFM.png,negative_score,papilledema,"[579.0, 223.0]",45.254833995939045,0.8399791300296784,0.13413608074188232,0.969981849193573,-0.1342787742614746,-1.0781837397713416,"[565.0, 130.0]"
papilledema_0498_RFM.png,ok,papilledema,"[399.0, 258.0]",45.254833995939045,0.8633490443229676,0.1931115984916687,0.9175633192062378,-0.13971561193466187,0.37734816108839764,"[374.0, 245.0]"
papilledema_0499_RFM.png,ok,papilledema,"[391.0, 274.0]",57.01751796098172,0.8551388800144195,0.20764851570129395,0.8859890103340149,-0.13649028539657593,0.6149516993159178,"[410.0, 285.0]"
papilledema_0500_RFM.png,ok,papilledema,"[373.0, 256.0]",45.254833995939045,0.874555367231369,0.17481929063796997,0.9589902758598328,-0.14221441745758057,0.5219669206006764,"[355.0, 244.0]"
papilledema_0501_RFM.png,ok,papilledema,"[394.0, 261.0]",45.254833995939045,0.869547414779663,0.1673082709312439,0.961429238319397,-0.14619338512420654,0.5,"[410.0, 245.0]"
papilledema_0502_RFM.png,ok,papilledema,"[559.0, 251.0]",45.254833995939045,0.8217156648635864,0.1780979037284851,0.8766571283340454,-0.14978885650634766,0.827416234106449,"[565.0, 256.0]"
papilledema_0503_RFM.png,ok,papilledema,"[327.0, 263.0]",57.01751796098172,0.8703680396080016,0.20662927627563477,0.9076066017150879,-0.1420707106590271,0.04194354492294161,"[305.0, 213.0]"
papilledema_0504_RFM.png,negative_score,papilledema,"[201.0, 222.0]",57.01751796098172,0.7927708685398102,0.19140422344207764,0.8195639252662659,-0.13835948705673218,-3.7286589069836396,"[399.0, 39.0]"
papilledema_0505_RFM.png,negative_score,papilledema,"[568.0, 255.0]",57.01751796098172,0.8549205362796782,0.19750332832336426,0.8998685479164124,-0.1375461220741272,-1.5236510812319248,"[521.0, 391.0]"
papilledema_0506_RFM.png,ok,papilledema,"[555.0, 237.0]",57.01751796098172,0.6619419217109679,0.13983064889907837,0.7067779898643494,-0.13683339953422546,0.7507315135450491,"[564.0, 248.0]"
papilledema_0507_RFM.png,ok,papilledema,"[401.0, 302.0]",45.254833995939045,0.7904000878334044,0.1987742781639099,0.8054819107055664,-0.13894236087799072,0.865588667702459,"[402.0, 296.0]"
papilledema_0508_RFM.png,ok,papilledema,"[362.0, 253.0]",57.01751796098172,0.7664280116558074,0.19134801626205444,0.7824232578277588,-0.1369185745716095,0.8823483698976526,"[356.0, 256.0]"
papilledema_0509_RFM.png,ok,papilledema,"[208.0, 293.0]",57.01751796098172,0.6903046369552612,0.1262834072113037,0.7656234502792358,-0.14042407274246216,0.3720346156695483,"[179.0, 272.0]"
papilledema_0510_RFM.png,ok,papilledema,"[538.0, 239.0]",45.254833995939045,0.7718946039676666,0.16908538341522217,0.82094806432724,-0.14072787761688232,0.21875,"[569.0, 222.0]"
papilledema_0511_RFM.png,ok,papilledema,"[195.0, 271.0]",45.254833995939045,0.7986346662044524,0.18829381465911865,0.8311401009559631,-0.14271390438079834,0.6134588475983443,"[180.0, 262.0]"
papilledema_0512_RFM.png,negative_score,papilledema,"[214.0, 225.0]",57.01751796098172,0.8055039763450622,0.17828285694122314,0.8550074696540833,-0.14357945322990417,-2.4952194059470965,"[318.0, 395.0]"
papilledema_0513_RFM.png,ok,papilledema,"[202.0, 230.0]",45.254833995939045,0.7977051734924316,0.18261051177978516,0.8379451036453247,-0.14266544580459595,0.8453203916154427,"[195.0, 230.0]"
papilledema_0514_RFM.png,ok,papilledema,"[561.0, 226.0]",57.01751796098172,0.8132310807704926,0.19150304794311523,0.846612811088562,-0.14549532532691956,0.897734028008102,"[566.0, 229.0]"
papilledema_0515_RFM.png,negative_score,papilledema,"[562.0, 231.0]",57.01751796098172,0.7598474442958831,0.17608457803726196,0.7928208112716675,-0.1439414918422699,-4.250099175031219,"[359.0, 451.0]"
papilledema_0516_RFM.png,negative_score,papilledema,"[196.0, 228.0]",45.254833995939045,0.6519946932792663,0.10690480470657349,0.7380070686340332,-0.14242470264434814,-0.03573833869853438,"[187.0, 182.0]"
papilledema_0517_RFM.png,negative_score,papilledema,"[216.0, 229.0]",57.01751796098172,0.810036152601242,0.22908443212509155,0.7885597348213196,-0.14479953050613403,-3.7157940882877574,"[399.0, 426.0]"
papilledema_0518_RFM.png,negative_score,papilledema,"[352.0, 359.0]",35.918785545899944,1.0251107335090637,0.320834219455719,0.9654934406280518,-0.14215552806854248,-2.435690619002788,"[362.0, 236.0]"
papilledema_0519_RFM.png,ok,papilledema,"[579.0, 213.0]",35.918785545899944,0.8031031548976898,0.14494532346725464,0.9015524983406067,-0.1353554129600525,0.7433224894112469,"[586.0, 207.0]"
papilledema_0520_RFM.png,ok,papilledema,"[402.0, 242.0]",57.01751796098172,0.7960143566131591,0.16191250085830688,0.8689675331115723,-0.12912291288375854,0.6838207445357983,"[419.0, 236.0]"
papilledema_0521_RFM.png,ok,papilledema,"[236.0, 237.0]",45.254833995939045,0.9456179320812225,0.2468268871307373,0.95484858751297,-0.15198516845703125,0.2441633360970109,"[227.0, 270.0]"
papilledema_0522_RFM.png,ok,papilledema,"[360.0, 266.0]",57.01751796098172,0.7898505926132202,0.1975441575050354,0.8073971271514893,-0.13564223051071167,0.8263780099409782,"[353.0, 259.0]"
papilledema_0523_RFM.png,ok,papilledema,"[356.0, 263.0]",57.01751796098172,0.7961504757404327,0.2343347668647766,0.7616176009178162,-0.14341694116592407,0.21389300578284587,"[328.0, 228.0]"
papilledema_0524_RFM.png,ok,papilledema,"[345.0, 223.0]",57.01751796098172,0.7731493890285492,0.21159178018569946,0.7608044147491455,-0.14497259259223938,0.04049984245547533,"[362.0, 275.0]"
papilledema_0525_RFM.png,ok,papilledema,"[565.0, 239.0]",45.254833995939045,0.7735811471939087,0.18440967798233032,0.7987860441207886,-0.15010619163513184,0.7035364693592144,"[577.0, 245.0]"
papilledema_0526_RFM.png,ok,papilledema,"[492.0, 224.0]",71.83757109179989,0.8498395204544067,0.25749385356903076,0.8065054416656494,-0.13895928859710693,0.9559801700961275,"[491.0, 221.0]"
papilledema_0527_RFM.png,ok,papilledema,"[380.0, 252.0]",57.01751796098172,0.7291208982467651,0.17422574758529663,0.7547686100006104,-0.1327856183052063,0.8630201742339719,"[385.0, 246.0]"
papilledema_0528_RFM.png,ok,papilledema,"[564.0, 220.0]",57.01751796098172,0.6740982115268708,0.104694664478302,0.7722818851470947,-0.14403113722801208,0.5209717724614709,"[575.0, 195.0]"
papilledema_0529_RFM.png,ok,papilledema,"[568.0, 223.0]",45.254833995939045,0.8213590562343598,0.2193964719772339,0.8170673251152039,-0.15007728338241577,0.6569609624984352,"[572.0, 208.0]"
papilledema_0530_RFM.png,negative_score,papilledema,"[210.0, 236.0]",57.01751796098172,0.7291541218757629,0.1851140856742859,0.7366483211517334,-0.14193105697631836,-4.3904479603462,"[450.0, 428.0]"
papilledema_0531_RFM.png,negative_score,papilledema,"[562.0, 226.0]",45.254833995939045,0.783025163412094,0.2192966341972351,0.7633729577064514,-0.1468372941017151,-2.0905918223699484,"[513.0, 357.0]"
papilledema_0532_WHC.jpg,negative_score,papilledema,"[423.0, 210.0]",35.918785545899944,0.8107159674167632,0.14058566093444824,0.922177255153656,-0.1230311393737793,-2.9264109055774137,"[282.0, 207.0]"
papilledema_0533_WHC.jpg,negative_score,papilledema,"[271.0, 66.0]",45.254833995939045,0.8416054606437683,0.17987138032913208,0.9081554412841797,-0.13012635707855225,-3.355817320693098,"[250.0, 262.0]"
papilledema_0534_WHC.jpg,ok,papilledema,"[276.0, 228.0]",71.83757109179989,0.818223449587822,0.19251865148544312,0.8799692988395691,-0.048631444573402405,0.3522949093439126,"[322.0, 221.0]"
papilledema_0535_WHC.jpg,ok,papilledema,"[289.0, 286.0]",45.254833995939045,0.8428685307502747,0.1471976637840271,0.9557955265045166,-0.1330699920654297,0.06197931126227296,"[248.0, 275.0]"
papilledema_0536_WHC.jpg,ok,papilledema,"[406.0, 228.0]",90.50966799187809,0.9252783298492432,0.24843382835388184,0.9272098541259766,-0.13898801803588867,0.4465793516117238,"[456.0, 231.0]"
papilledema_0537_WHC.jpg,ok,papilledema,"[154.0, 122.0]",90.50966799187809,0.942564845085144,0.24627554416656494,0.9540746212005615,-0.14218533039093018,0.2703777464930912,"[210.0, 157.0]"
papilledema_0538_WHC.jpg,negative_score,papilledema,"[268.0, 185.0]",35.918785545899944,0.7184106290340423,0.015059113502502441,0.9821077585220337,-0.07938042283058167,-0.7128183129262495,"[311.0, 229.0]"
papilledema_0539_WHC.jpg,ok,papilledema,"[286.0, 270.0]",71.83757109179989,0.816702651977539,0.13005387783050537,0.943468451499939,-0.13110429048538208,0.7020927317867576,"[303.0, 283.0]"
papilledema_0540_WHC.jpg,negative_score,papilledema,"[404.0, 140.0]",45.254833995939045,0.7162069976329803,0.07330834865570068,0.9152045845985413,-0.011277198791503906,-2.6723736363556467,"[276.0, 246.0]"
papilledema_0541_WHC.jpg,negative_score,papilledema,"[266.0, 436.0]",57.01751796098172,0.7778965771198272,0.05847656726837158,0.991506040096283,-0.12682890892028809,-3.0369351005405854,"[275.0, 206.0]"
papilledema_0542_WHC.jpg,negative_score,papilledema,"[274.0, 70.0]",45.254833995939045,0.7679279327392577,0.051072895526885986,0.990498423576355,-0.1175307035446167,-2.3969914308473013,"[297.0, 222.0]"
papilledema_0543_WHC.jpg,ok,papilledema,"[260.0, 226.0]",71.83757109179989,0.8733028173446654,0.21829622983932495,0.8985125422477722,-0.13023903965950012,0.4834464742253133,"[251.0, 262.0]"
papilledema_0544_WHC.jpg,ok,papilledema,"[397.0, 262.0]",57.01751796098172,0.7998753309249877,0.09969151020050049,0.9645588994026184,-0.1249629557132721,0.8664309956270713,"[404.0, 265.0]"
papilledema_0545_WHC.jpg,ok,papilledema,"[219.0, 194.0]",45.254833995939045,0.80826136469841,0.12923282384872437,0.9288007616996765,-0.14434003829956055,0.23294139321040142,"[253.0, 201.0]"
papilledema_0546_WHC.jpg,negative_score,papilledema,"[206.0, 443.0]",57.01751796098172,0.8432613849639893,0.1981390118598938,0.8881843090057373,-0.11696678400039673,-1.7979218850706244,"[219.0, 284.0]"
papilledema_0547_WHC.jpg,negative_score,papilledema,"[343.0, 64.0]",45.254833995939045,0.8656239449977874,0.18161123991012573,0.9604723453521729,-0.058410316705703735,-2.836311399801898,"[313.0, 235.0]"
papilledema_0548_WHC.jpg,ok,papilledema,"[311.0, 219.0]",45.254833995939045,0.7899808704853057,0.08415788412094116,0.9719837307929993,-0.12717187404632568,0.5647378663379963,"[293.0, 211.0]"
papilledema_0549_WHC.jpg,ok,papilledema,"[374.0, 208.0]",57.01751796098172,0.8186881721019745,0.12596052885055542,0.9542486071586609,-0.12376809120178223,0.6649280105876104,"[387.0, 222.0]"
papilledema_0550_WHC.jpg,negative_score,papilledema,"[310.0, 235.0]",45.254833995939045,0.7828255236148834,0.1001591682434082,0.9420945048332214,-0.11600100994110107,-0.08365880527498137,"[272.0, 204.0]"
papilledema_0551_WHC.jpg,ok,papilledema,"[253.0, 221.0]",57.01751796098172,0.8176047265529632,0.12844723463058472,0.9586929082870483,-0.09036228060722351,0.6492306099033209,"[233.0, 221.0]"
papilledema_0552_WHC.jpg,negative_score,papilledema,"[410.0, 175.0]",57.01751796098172,0.7375376135110855,0.0846359133720398,0.9253585934638977,-0.02575342357158661,-2.17683608508324,"[247.0, 254.0]"
papilledema_0553_WHC.jpg,negative_score,papilledema,"[281.0, 450.0]",45.254833995939045,0.8576225161552429,0.166059672832489,0.9721106886863708,-0.05542680621147156,-3.3477387261943417,"[238.0, 258.0]"
papilledema_0554_WHC.jpg,negative_score,papilledema,"[261.0, 252.0]",35.918785545899944,0.740851205587387,0.02472209930419922,0.986882746219635,-0.1265559196472168,-0.4797473872203426,"[208.0, 256.0]"
papilledema_0555_WHC.jpg,ok,papilledema,"[342.0, 188.0]",114.03503592196344,0.7873693108558655,0.12491238117218018,0.9351063370704651,-0.039412468671798706,0.4861946784385054,"[290.0, 215.0]"
papilledema_0556_WHC.jpg,negative_score,papilledema,"[344.0, 378.0]",57.01751796098172,0.7785288453102112,0.07153475284576416,0.9790031909942627,-0.10845929384231567,-2.6105826583411056,"[278.0, 183.0]"
papilledema_0557_WHC.jpg,ok,papilledema,"[264.0, 240.0]",71.83757109179989,0.8376698017120361,0.1450476050376892,0.9482860565185547,-0.1441097855567932,0.8852103276056251,"[272.0, 242.0]"
papilledema_0558_WHC.jpg,ok,papilledema,"[323.0, 272.0]",57.01751796098172,0.7860552132129669,0.10794186592102051,0.9327160120010376,-0.12606069445610046,0.5931982338242239,"[300.0, 269.0]"
papilledema_0559_WHC.jpg,ok,papilledema,"[267.0, 252.0]",57.01751796098172,0.8875874996185302,0.17316895723342896,0.9795200824737549,-0.1437724232673645,0.7544614269323247,"[253.0, 252.0]"
papilledema_0560_WHC.jpg,ok,papilledema,"[194.0, 260.0]",71.83757109179989,0.8377917647361754,0.1448270082473755,0.9481675624847412,-0.146237313747406,0.760506232705171,"[180.0, 250.0]"
papilledema_0561_WHC.jpg,ok,papilledema,"[250.0, 296.0]",90.50966799187809,0.8173092007637023,0.1403207778930664,0.9388741254806519,-0.09888267517089844,0.3123224661042068,"[207.0, 341.0]"
papilledema_0562_WHC.jpg,ok,papilledema,"[283.0, 267.0]",35.918785545899944,0.8392157614231109,0.16601687669754028,0.9281142354011536,-0.11759459972381592,0.6434665515486087,"[293.0, 275.0]"
papilledema_0563_WHC.jpg,ok,papilledema,"[190.0, 171.0]",57.01751796098172,0.8550657272338866,0.1558389663696289,0.9575101137161255,-0.14484840631484985,0.8000306807673768,"[179.0, 168.0]"
papilledema_0564_WHC.jpg,negative_score,papilledema,"[79.0, 187.0]",57.01751796098172,0.9393016219139099,0.2236233353614807,0.9810945987701416,-0.1445603370666504,-2.950167959587533,"[301.0, 225.0]"
papilledema_0565_WHC.jpg,negative_score,papilledema,"[356.0, 238.0]",90.50966799187809,0.7654102325439452,0.07696467638015747,0.9537520408630371,-0.10409563779830933,-0.8678248127835757,"[190.0, 270.0]"
papilledema_0566_WHC.jpg,ok,papilledema,"[251.0, 280.0]",45.254833995939045,0.7838926136493682,0.07671791315078735,0.9817571043968201,-0.09972363710403442,0.4533482598582531,"[275.0, 286.0]"
papilledema_0567_WHC.jpg,ok,papilledema,"[251.0, 189.0]",57.01751796098172,0.851880246400833,0.13812470436096191,0.9783123135566711,-0.14468461275100708,0.8723180147150136,"[244.0, 187.0]"
papilledema_0568_WHC.jpg,negative_score,papilledema,"[173.0, 154.0]",45.254833995939045,0.7776556730270385,0.10260909795761108,0.9439082145690918,-0.07155412435531616,-4.885047923551684,"[282.0, 397.0]"
papilledema_0569_WHC.jpg,negative_score,papilledema,"[180.0, 324.0]",71.83757109179989,0.6795106798410415,0.02381664514541626,0.9219743609428406,-0.05155991017818451,-0.073307810007599,"[257.0, 328.0]"
papilledema_0570_WHC.jpg,ok,papilledema,"[333.0, 251.0]",45.254833995939045,0.8059347987174987,0.1298009753227234,0.9338209629058838,-0.11229574680328369,0.21687724461614588,"[299.0, 241.0]"
papilledema_0571_WHC.jpg,ok,papilledema,"[356.0, 240.0]",71.83757109179989,0.8355364143848419,0.16338473558425903,0.925574004650116,-0.12124937772750854,0.062367289811050775,"[420.0, 219.0]"
papilledema_0572_WHC.jpg,negative_score,papilledema,"[506.0, 182.0]",71.83757109179989,0.7908961951732635,0.13297700881958008,0.9033405184745789,-0.12790411710739136,-0.3514159473832734,"[409.0, 178.0]"
papilledema_0573_WHC.jpg,ok,papilledema,"[392.0, 172.0]",143.67514218359977,0.8259227782487869,0.1945449709892273,0.8832630515098572,-0.06546835601329803,0.7258020377885429,"[356.0, 188.0]"
papilledema_0574_WHC.jpg,negative_score,papilledema,"[600.0, 237.0]",45.254833995939045,0.8710252940654755,0.18780624866485596,0.9436566233634949,-0.11329704523086548,-2.4590941055788003,"[461.0, 309.0]"
papilledema_0575_WHC.jpg,ok,papilledema,"[370.0, 244.0]",90.50966799187809,0.7624554514884948,0.07623231410980225,0.9489830732345581,-0.10967493057250977,0.35151543845477706,"[313.0, 230.0]"
papilledema_0576_WHC.jpg,negative_score,papilledema,"[281.0, 444.0]",57.01751796098172,0.923507124185562,0.23265337944030762,0.9547547698020935,-0.11262702941894531,-2.1312922350277,"[241.0, 270.0]"
papilledema_0577_WHC.jpg,negative_score,papilledema,"[332.0, 284.0]",35.918785545899944,0.8114624559879303,0.10896527767181396,0.9646430611610413,-0.13623517751693726,-0.5463433817108929,"[278.0, 271.0]"
papilledema_0578_WHC.jpg,negative_score,papilledema,"[395.0, 138.0]",57.01751796098172,0.7251472413539886,0.04699432849884033,0.9408074021339417,-0.0979386568069458,-0.561711832824261,"[443.0, 213.0]"
papilledema_0579_WHC.jpg,negative_score,papilledema,"[575.0, 261.0]",35.918785545899944,0.6988834977149962,0.01521003246307373,0.9674518704414368,-0.03228577971458435,-2.3870677602882173,"[480.0, 185.0]"
papilledema_0580_WHC.jpg,ok,papilledema,"[238.0, 262.0]",71.83757109179989,0.9116284787654877,0.23743557929992676,0.922389805316925,-0.1426001787185669,0.6943869612177602,"[227.0, 281.0]"
papilledema_0581_WHC.jpg,ok,papilledema,"[218.0, 290.0]",90.50966799187809,0.8648209571838378,0.19904470443725586,0.9091573357582092,-0.14683058857917786,0.7025088630521912,"[204.0, 267.0]"
papilledema_0582_WHC.jpg,ok,papilledema,"[244.0, 240.0]",90.50966799187809,0.8954863250255585,0.20547574758529663,0.9550557136535645,-0.10735788941383362,0.53125,"[214.0, 270.0]"
papilledema_0583_WHC.jpg,ok,papilledema,"[124.0, 240.0]",90.50966799187809,0.8826608300209045,0.180797278881073,0.9591243267059326,-0.15238261222839355,0.5017119150280633,"[127.0, 285.0]"
papilledema_0584_WHC.jpg,negative_score,papilledema,"[160.0, 122.0]",45.254833995939045,0.804038143157959,0.09622436761856079,0.9732204675674438,-0.1327972412109375,-3.1429533547941375,"[344.0, 158.0]"
papilledema_0585_WHC.jpg,negative_score,papilledema,"[441.0, 237.0]",35.918785545899944,0.5724503338336945,0.05210709571838379,0.7370333075523376,-0.022099614143371582,-3.868999139941959,"[272.0, 192.0]"
papilledema_0586_WHC.jpg,negative_score,papilledema,"[206.0, 441.0]",45.254833995939045,0.8416640222072601,0.159773588180542,0.9358060956001282,-0.1341308355331421,-3.0486542903167217,"[323.0, 300.0]"
papilledema_0587_WHC.jpg,negative_score,papilledema,"[105.0, 248.0]",35.918785545899944,0.7917018711566924,0.12480509281158447,0.9137303233146667,-0.13642776012420654,-4.881484185539426,"[315.0, 271.0]"
papilledema_0588_WHC.jpg,negative_score,papilledema,"[116.0, 423.0]",35.918785545899944,0.8738203942775726,0.20870399475097656,0.9185053706169128,-0.1108132004737854,-5.734026910428176,"[273.0, 239.0]"
papilledema_0589_WHC.jpg,ok,papilledema,"[344.0, 150.0]",90.50966799187809,0.7672629952430725,0.04583382606506348,0.9938681125640869,-0.12860745191574097,0.8784660219835622,"[344.0, 161.0]"
papilledema_0590_WHC.jpg,negative_score,papilledema,"[306.0, 166.0]",90.50966799187809,0.796702617406845,0.13571399450302124,0.9091973900794983,-0.12275224924087524,-0.4644634923112627,"[206.0, 253.0]"
papilledema_0591_WHC.jpg,ok,papilledema,"[320.0, 246.0]",90.50966799187809,0.8085681319236755,0.11713451147079468,0.9526539444923401,-0.12287929654121399,0.7099888876051471,"[345.0, 254.0]"
papilledema_0592_WHC.jpg,ok,papilledema,"[229.0, 264.0]",57.01751796098172,0.8172771513462067,0.10246896743774414,0.9777256846427917,-0.1520010232925415,0.7446360294300272,"[225.0, 250.0]"
papilledema_0593_WHC.jpg,negative_score,papilledema,"[238.0, 452.0]",35.918785545899944,0.8064992606639861,0.09766280651092529,0.9841580390930176,-0.09962913393974304,-4.261944205842031,"[239.0, 263.0]"
papilledema_0594_WHC.jpg,ok,papilledema,"[424.0, 224.0]",71.83757109179989,0.9141146838665007,0.23425781726837158,0.9328466057777405,-0.1343212127685547,0.036981329208543134,"[355.0, 229.0]"
papilledema_0595_WHC.jpg,ok,papilledema,"[204.0, 239.0]",57.01751796098172,0.9843054294586182,0.2957749366760254,0.9437578916549683,-0.13949984312057495,0.7557173869491196,"[199.0, 252.0]"
papilledema_0596_WHC.jpg,negative_score,papilledema,"[252.0, 154.0]",45.254833995939045,0.7786897897720336,0.0753050446510315,0.9683963060379028,-0.12753665447235107,-0.6691712951342053,"[261.0, 229.0]"
papilledema_0597_WHC.jpg,negative_score,papilledema,"[356.0, 205.0]",45.254833995939045,0.6985899746417998,-0.000264585018157959,0.9979926943778992,-0.001298367977142334,-1.2531445040764693,"[255.0, 191.0]"
papilledema_0598_WHC.jpg,negative_score,papilledema,"[315.0, 85.0]",35.918785545899944,0.8046498477458953,0.10433846712112427,0.9688035845756531,-0.11074435710906982,-3.4909719971441655,"[325.0, 246.0]"
papilledema_0599_WHC.jpg,negative_score,papilledema,"[267.0, 68.0]",45.254833995939045,0.7836894750595093,0.13660919666290283,0.9050915241241455,-0.06758105754852295,-4.591916598984644,"[193.0, 310.0]"
papilledema_0600_WHC.jpg,negative_score,papilledema,"[329.0, 131.0]",35.918785545899944,0.746737277507782,0.05744880437850952,0.950371265411377,-0.12014293670654297,-1.3493560964449594,"[274.0, 195.0]"
papilledema_0601_WHC.jpg,negative_score,papilledema,"[213.0, 41.0]",35.918785545899944,0.737965166568756,0.12282711267471313,0.8541454076766968,-0.08618134260177612,-6.791634241795148,"[123.0, 306.0]"
papilledema_0602_WHC.jpg,negative_score,papilledema,"[73.0, 137.0]",35.918785545899944,0.7479238867759704,0.1803554892539978,0.7885575890541077,-0.07789042592048645,-7.478772326265387,"[355.0, 252.0]"
papilledema_0603_WHC.jpg,ok,papilledema,"[244.0, 252.0]",90.50966799187809,0.777588927745819,0.06006419658660889,0.9865865707397461,-0.1345706582069397,0.17542032487757742,"[287.0, 191.0]"
papilledema_0604_WHC.jpg,ok,papilledema,"[192.0, 230.0]",90.50966799187809,0.7970707535743713,0.08522069454193115,0.9779103398323059,-0.13656410574913025,0.337824371861966,"[166.0, 176.0]"
papilledema_0605_WHC.jpg,negative_score,papilledema,"[472.0, 175.0]",45.254833995939045,0.7634200274944305,0.05573683977127075,0.9767585396766663,-0.11976104974746704,-0.7958556891493258,"[405.0, 221.0]"
papilledema_0606_WHC.jpg,negative_score,papilledema,"[334.0, 243.0]",35.918785545899944,0.749989104270935,0.035164594650268555,0.9884047508239746,-0.11470592021942139,-0.21545757303227053,"[293.0, 228.0]"
papilledema_0607_WHC.jpg,ok,papilledema,"[302.0, 238.0]",90.50966799187809,0.9264387607574462,0.23159867525100708,0.947357177734375,-0.15845030546188354,0.5182784372041251,"[267.0, 212.0]"
papilledema_0608_WHC.jpg,ok,papilledema,"[392.0, 260.0]",90.50966799187809,0.92009779214859,0.2807779908180237,0.8719367980957031,-0.1448202133178711,0.8764735288996727,"[402.0, 265.0]"
papilledema_0609_WHC.jpg,ok,papilledema,"[158.0, 252.0]",71.83757109179989,0.8802470624446869,0.17671477794647217,0.9685817956924438,-0.12762513756752014,0.7537248859604941,"[145.0, 240.0]"
papilledema_0610_WHC.jpg,ok,papilledema,"[420.0, 254.0]",71.83757109179989,0.8610200762748718,0.14771246910095215,0.9785947799682617,-0.14145630598068237,0.07443138974520636,"[355.0, 240.0]"
papilledema_0611_WHC.jpg,ok,papilledema,"[388.0, 180.0]",143.67514218359977,0.8967533320188521,0.25050151348114014,0.9039701223373413,-0.0673636645078659,0.6967739780211131,"[365.0, 217.0]"
papilledema_0612_WHC.jpg,ok,papilledema,"[376.0, 176.0]",143.67514218359977,0.9367620408535003,0.31296998262405396,0.8740907907485962,-0.059642523527145386,0.7970786105993883,"[379.0, 205.0]"
papilledema_0613_WHC.jpg,ok,papilledema,"[252.0, 236.0]",90.50966799187809,0.8622348964214325,0.17794227600097656,0.9329453706741333,-0.1561543047428131,0.944757282719801,"[252.0, 241.0]"
papilledema_0614_WHC.jpg,ok,papilledema,"[380.0, 244.0]",143.67514218359977,0.968254142999649,0.28488683700561523,0.9497625231742859,-0.09266769886016846,0.9438855070837797,"[381.0, 252.0]"
papilledema_0615_WHC.jpg,negative_score,papilledema,"[219.0, 240.0]",45.254833995939045,0.6816185534000396,0.11805909872055054,0.7777387499809265,-0.09571164846420288,-1.2795370281046101,"[318.0, 211.0]"
papilledema_0616_WHC.jpg,negative_score,papilledema,"[226.0, 114.0]",71.83757109179989,0.799836242198944,0.08376723527908325,0.9894387125968933,-0.11730954051017761,-1.0196420769859573,"[231.0, 259.0]"
papilledema_0617_WHC.jpg,negative_score,papilledema,"[274.0, 241.0]",35.918785545899944,0.8052295863628387,0.13925272226333618,0.9153490662574768,-0.126162588596344,-0.02671004235501262,"[238.0, 233.0]"
papilledema_0618_WHC.jpg,ok,papilledema,"[358.0, 244.0]",35.918785545899944,0.8033084273338318,0.13780003786087036,0.9178251028060913,-0.11515408754348755,0.019236609138689076,"[393.0, 248.0]"
papilledema_0619_WHC.jpg,ok,papilledema,"[366.0, 182.0]",114.03503592196344,1.0086973667144774,0.37084078788757324,0.873335063457489,-0.13261017203330994,0.8901218034892698,"[372.0, 193.0]"
papilledema_0620_WHC.jpg,negative_score,papilledema,"[396.0, 210.0]",57.01751796098172,0.8725634098052978,0.20910680294036865,0.9140779972076416,-0.11801004409790039,-0.025363186959168837,"[339.0, 223.0]"
papilledema_0621_WHC.jpg,ok,papilledema,"[178.0, 264.0]",71.83757109179989,0.8281493842601775,0.11829221248626709,0.972565233707428,-0.1453075408935547,0.7444573992176456,"[187.0, 280.0]"
papilledema_0622_WHC.jpg,ok,papilledema,"[316.0, 224.0]",71.83757109179989,0.8210538148880004,0.11983084678649902,0.9608553647994995,-0.14312106370925903,0.8739463904400984,"[317.0, 233.0]"
papilledema_0623_WHC.jpg,ok,papilledema,"[281.0, 226.0]",45.254833995939045,0.9195659518241882,0.24451792240142822,0.921567440032959,-0.1497541069984436,0.3988942480727705,"[265.0, 248.0]"
papilledema_0624_WHC.jpg,ok,papilledema,"[310.0, 264.0]",57.01751796098172,0.885541045665741,0.2343912124633789,0.8858831524848938,-0.155158132314682,0.3151008711698595,"[319.0, 226.0]"
papilledema_0625_WHC.jpg,ok,papilledema,"[392.0, 260.0]",57.01751796098172,0.9409041047096252,0.2556614875793457,0.9379400014877319,-0.14342308044433594,0.6780364981294296,"[408.0, 251.0]"
papilledema_0626_WHC.jpg,negative_score,papilledema,"[312.0, 185.0]",45.254833995939045,0.7538764476776123,0.056071579456329346,0.9604452848434448,-0.1274658441543579,-0.3360973954019968,"[362.0, 219.0]"
papilledema_0627_WHC.jpg,ok,papilledema,"[286.0, 158.0]",114.03503592196344,0.821509626507759,0.17136114835739136,0.9112670421600342,-0.061307743191719055,0.4138371656758565,"[328.0, 210.0]"
papilledema_0628_WHC.jpg,ok,papilledema,"[358.0, 290.0]",90.50966799187809,0.7674982011318207,0.060223281383514404,0.9752111434936523,-0.12313559651374817,0.6532446715441853,"[342.0, 317.0]"
papilledema_0629_WHC.jpg,negative_score,papilledema,"[419.0, 254.0]",35.918785545899944,0.7583441674709319,0.06615191698074341,0.9653038382530212,-0.08239781856536865,-0.8826906094687266,"[366.0, 296.0]"
papilledema_0630_WHC.jpg,ok,papilledema,"[340.0, 262.0]",114.03503592196344,0.7503203094005585,0.038918375968933105,0.9944640398025513,-0.07638552784919739,0.8807255121308225,"[351.0, 270.0]"
papilledema_0631_WHC.jpg,negative_score,papilledema,"[207.0, 58.0]",45.254833995939045,0.7412578582763671,0.03020709753036499,0.9898450374603271,-0.09079617261886597,-0.3630517804727742,"[228.0, 0.0]"
papilledema_0632_WHC.jpg,ok,papilledema,"[258.0, 236.0]",71.83757109179989,0.8093730390071868,0.10385322570800781,0.9685456156730652,-0.13768941164016724,0.45408311408329705,"[245.0, 273.0]"
papilledema_0633_WHC.jpg,ok,papilledema,"[280.0, 226.0]",90.50966799187809,0.7522361874580383,0.06929421424865723,0.9534543752670288,-0.07761955261230469,0.6880864878487949,"[291.0, 200.0]"
papilledema_0634_WHC.jpg,negative_score,papilledema,"[206.0, 122.0]",90.50966799187809,0.9044504284858703,0.19060319662094116,0.9852580428123474,-0.12083300948143005,-1.0593311357240482,"[360.0, 227.0]"
papilledema_0635_WHC.jpg,ok,papilledema,"[316.0, 212.0]",114.03503592196344,0.831118643283844,0.14139950275421143,0.9563031792640686,-0.10153457522392273,0.19988241142913554,"[382.0, 275.0]"
papilledema_0636_WHC.jpg,negative_score,papilledema,"[204.0, 394.0]",71.83757109179989,0.8697824776172637,0.16716843843460083,0.9690181612968445,-0.12150663137435913,-1.3658355098011796,"[291.0, 248.0]"
papilledema_0637_WHC.jpg,negative_score,papilledema,"[251.0, 255.0]",35.918785545899944,0.8629858911037445,0.18926137685775757,0.9254805445671082,-0.12944066524505615,-0.1499206398096471,"[210.0, 250.0]"
papilledema_0638_WHC.jpg,ok,papilledema,"[187.0, 219.0]",57.01751796098172,0.7635255336761474,0.04137742519378662,0.9926526546478271,-0.13645625114440918,0.8586003383413546,"[188.0, 211.0]"
papilledema_0639_WHC.jpg,ok,papilledema,"[277.0, 248.0]",57.01751796098172,0.8375211954116821,0.17077046632766724,0.9150699377059937,-0.13100886344909668,0.43195932338606424,"[309.0, 253.0]"
papilledema_0640_WHC.jpg,ok,papilledema,"[220.0, 236.0]",71.83757109179989,0.7907867491245268,0.12031024694442749,0.9385807514190674,-0.0673498809337616,0.6636009322154315,"[198.0, 246.0]"
papilledema_0641_WHC.jpg,ok,papilledema,"[272.0, 246.0]",90.50966799187809,0.7746158450841903,0.10508567094802856,0.9420775175094604,-0.05037955939769745,0.8368702107982726,"[265.0, 259.0]"
papilledema_0642_WHC.jpg,ok,papilledema,"[240.0, 258.0]",71.83757109179989,0.755474430322647,0.10061514377593994,0.9078747034072876,-0.09673497080802917,0.9290201570557439,"[245.0, 257.0]"
papilledema_0643_WHC.jpg,ok,papilledema,"[218.0, 222.0]",57.01751796098172,0.9491751790046692,0.31809914112091064,0.8617659211158752,-0.13919946551322937,0.5831153389687087,"[240.0, 231.0]"
papilledema_0644_WHC.jpg,negative_score,papilledema,"[132.0, 369.0]",57.01751796098172,0.8905877411365508,0.20056641101837158,0.9643341302871704,-0.07493719458580017,-1.4393609037420343,"[195.0, 245.0]"
papilledema_0645_WHC.jpg,ok,papilledema,"[287.0, 228.0]",57.01751796098172,0.7755405485630035,0.08426451683044434,0.9512847065925598,-0.12688368558883667,0.0328364915220265,"[232.0, 232.0]"
papilledema_0646_WHC.jpg,negative_score,papilledema,"[258.0, 74.0]",57.01751796098172,0.7647325575351714,0.10420840978622437,0.931405782699585,-0.042700499296188354,-3.0205578594870692,"[124.0, 260.0]"
papilledema_0647_WHC.jpg,negative_score,papilledema,"[42.0, 174.0]",45.254833995939045,0.8841976225376129,0.1983199119567871,0.9581596255302429,-0.07582986354827881,-6.083796706657383,"[342.0, 287.0]"
papilledema_0648_WHC.jpg,negative_score,papilledema,"[217.0, 246.0]",35.918785545899944,0.813349437713623,0.1321837306022644,0.936435341835022,-0.1283048391342163,-0.10313377554717507,"[256.0, 253.0]"
papilledema_0649_WHC.jpg,negative_score,papilledema,"[451.0, 203.0]",57.01751796098172,0.7585071682929992,0.07239151000976562,0.9444934129714966,-0.12485134601593018,-0.29832066951678304,"[377.0, 201.0]"
papilledema_0650_WHC.jpg,negative_score,papilledema,"[264.0, 168.0]",71.83757109179989,0.8151725053787231,0.13472604751586914,0.9372129440307617,-0.121986985206604,-0.01656265671508761,"[337.0, 170.0]"
papilledema_0651_WHC.jpg,negative_score,papilledema,"[278.0, 90.0]",71.83757109179989,0.7398275569081306,0.08224481344223022,0.9321942925453186,-0.025233693420886993,-1.7339468588378564,"[396.0, 247.0]"
papilledema_0652_WHC.jpg,no_blob,papilledema,,,,,,,,"[169.0, 267.0]"
papilledema_0653_WHC.jpg,ok,papilledema,"[365.0, 271.0]",57.01751796098172,0.7593319714069366,0.04552769660949707,0.9842910170555115,-0.12400281429290771,0.5086097667138545,"[337.0, 270.0]"
papilledema_0654_WHC.jpg,negative_score,papilledema,"[63.0, 292.0]",35.918785545899944,0.6781757026910782,0.006559967994689941,0.9528771638870239,-0.023008599877357483,-3.7316710196023593,"[216.0, 218.0]"
papilledema_0655_WHC.jpg,ok,papilledema,"[360.0, 199.0]",57.01751796098172,0.74051913022995,0.020471036434173584,0.9919040203094482,-0.128576397895813,0.4026612530703294,"[382.0, 173.0]"
papilledema_0656_WHC.jpg,negative_score,papilledema,"[208.0, 83.0]",35.918785545899944,0.7122769176959991,0.03244471549987793,0.9518322348594666,-0.06774818897247314,-5.427498149047442,"[380.0, 237.0]"
papilledema_0657_WHC.jpg,negative_score,papilledema,"[254.0, 390.0]",71.83757109179989,0.8162017047405242,0.10173755884170532,0.985043466091156,-0.12466859817504883,-1.1363454306247034,"[266.0, 237.0]"
papilledema_0658_WHC.jpg,negative_score,papilledema,"[212.0, 95.0]",57.01751796098172,0.8216192126274109,0.11698037385940552,0.9818720817565918,-0.08664190769195557,-1.7071239844210448,"[180.0, 246.0]"
papilledema_0659_WHC.jpg,ok,papilledema,"[250.0, 235.0]",57.01751796098172,0.8760376572608948,0.2869618535041809,0.8050519824028015,-0.12769708037376404,0.4723864000258794,"[222.0, 246.0]"
papilledema_0660_WHC.jpg,negative_score,papilledema,"[483.0, 132.0]",35.918785545899944,0.7634520769119263,0.05440926551818848,0.9812068939208984,-0.11098992824554443,-2.442902309444426,"[421.0, 239.0]"
pseudopapilledema_0001_PPE.jpg,ok,pseudopapilledema,"[167.0, 119.0]",45.254833995939045,0.7984868705272674,0.241874098777771,0.7816153168678284,-0.04741024971008301,0.5449931319199677,"[149.0, 129.0]"
pseudopapilledema_0002_PPE.jpg,ok,pseudopapilledema,"[136.0, 123.0]",35.918785545899944,0.8283901214599608,0.1984093189239502,0.856081485748291,-0.15361881256103516,0.5642259167561074,"[143.0, 109.0]"
pseudopapilledema_0003_PPE.jpg,ok,pseudopapilledema,"[136.0, 123.0]",35.918785545899944,0.8289327383041382,0.18318402767181396,0.8776640892028809,-0.15691924095153809,0.760506232705171,"[143.0, 128.0]"
pseudopapilledema_0004_PPE.jpg,ok,pseudopapilledema,"[141.0, 133.0]",45.254833995939045,0.9160775363445282,0.2444283366203308,0.9241881370544434,-0.12358751893043518,0.889514565439602,"[138.0, 137.0]"
pseudopapilledema_0005_PPE.jpg,ok,pseudopapilledema,"[106.0, 122.0]",35.918785545899944,0.8157377123832702,0.1822013258934021,0.8606173992156982,-0.15552103519439697,0.6924906883872062,"[95.0, 123.0]"
pseudopapilledema_0006_PPE.jpg,ok,pseudopapilledema,"[129.0, 124.0]",35.918785545899944,0.8448403537273407,0.21625655889511108,0.8542043566703796,-0.15320372581481934,0.47692289863066983,"[137.0, 107.0]"
pseudopapilledema_0007_PPE.jpg,ok,pseudopapilledema,"[107.0, 122.0]",35.918785545899944,0.797747677564621,0.13862723112106323,0.9023284316062927,-0.13745272159576416,0.7825580804805863,"[101.0, 127.0]"
pseudopapilledema_0008_PPE.jpg,ok,pseudopapilledema,"[136.0, 124.0]",35.918785545899944,0.891791021823883,0.2224949598312378,0.9193819761276245,-0.12864339351654053,0.7258020377885429,"[140.0, 115.0]"
pseudopapilledema_0009_PPE.jpg,ok,pseudopapilledema,"[103.0, 117.0]",45.254833995939045,0.9308487594127655,0.24967551231384277,0.9298020005226135,-0.1515592336654663,0.5647378663379963,"[95.0, 99.0]"
pseudopapilledema_0010_PPE.jpg,ok,pseudopapilledema,"[133.0, 120.0]",35.918785545899944,0.8621950566768646,0.18881237506866455,0.923391580581665,-0.13504287600517273,0.4798949516709964,"[151.0, 115.0]"
pseudopapilledema_0011_PPE.jpg,negative_score,pseudopapilledema,"[109.0, 116.0]",35.918785545899944,0.8724789440631866,0.19924849271774292,0.9240049719810486,-0.13213485479354858,-0.05059021218867166,"[89.0, 148.0]"
pseudopapilledema_0012_PPE.jpg,ok,pseudopapilledema,"[133.0, 120.0]",35.918785545899944,0.8330253064632416,0.1859850287437439,0.882142961025238,-0.14770102500915527,0.5510840566702379,"[149.0, 118.0]"
pseudopapilledema_0013_PPE.jpg,ok,pseudopapilledema,"[109.0, 124.0]",35.918785545899944,0.8573768317699432,0.18105947971343994,0.9309782385826111,-0.12316292524337769,0.6380723957554872,"[97.0, 119.0]"
pseudopapilledema_0014_PPE.jpg,ok,pseudopapilledema,"[136.0, 119.0]",35.918785545899944,0.8466097235679626,0.20078182220458984,0.8790090084075928,-0.1526079773902893,0.5467881124405694,"[152.0, 116.0]"
pseudopapilledema_0015_PPE.jpg,negative_score,pseudopapilledema,"[109.0, 116.0]",35.918785545899944,0.8695526123046875,0.21238303184509277,0.9019036889076233,-0.12918499112129211,-0.06560725359430553,"[96.0, 152.0]"
pseudopapilledema_0016_PPE.jpg,ok,pseudopapilledema,"[154.0, 119.0]",57.01751796098172,0.8159383893013,0.23991292715072632,0.8088523149490356,-0.049144208431243896,0.8759842928149845,"[153.0, 126.0]"
pseudopapilledema_0017_PPE.jpg,ok,pseudopapilledema,"[143.0, 125.0]",45.254833995939045,0.9070071816444397,0.23691606521606445,0.9256314039230347,-0.11074566841125488,0.6548324682128981,"[153.0, 137.0]"
pseudopapilledema_0018_PPE.jpg,ok,pseudopapilledema,"[110.0, 118.0]",35.918785545899944,0.8198459088802338,0.19744551181793213,0.8546707034111023,-0.12065452337265015,0.23400436383807988,"[101.0, 92.0]"
pseudopapilledema_0019_PPE.jpg,ok,pseudopapilledema,"[106.0, 120.0]",35.918785545899944,0.8407617926597595,0.157839834690094,0.9367914199829102,-0.1358398199081421,0.465199827322913,"[91.0, 108.0]"
pseudopapilledema_0020_PPE.jpg,ok,pseudopapilledema,"[110.0, 121.0]",35.918785545899944,0.8022098362445831,0.16516631841659546,0.8754474520683289,-0.12115150690078735,0.5433804562824677,"[97.0, 111.0]"
pseudopapilledema_0021_PPE.jpg,ok,pseudopapilledema,"[105.0, 124.0]",35.918785545899944,0.7914477705955505,0.1491132378578186,0.8831385970115662,-0.1206875741481781,0.4866449788224937,"[93.0, 110.0]"
pseudopapilledema_0022_PPE.jpg,ok,pseudopapilledema,"[139.0, 118.0]",35.918785545899944,0.7571130871772765,0.13445138931274414,0.846442461013794,-0.15075987577438354,0.5677978957161018,"[154.0, 114.0]"
pseudopapilledema_0023_PPE.jpg,ok,pseudopapilledema,"[104.0, 125.0]",35.918785545899944,0.750502461194992,0.14304566383361816,0.8328713178634644,-0.12223437428474426,0.3651369845775386,"[90.0, 107.0]"
pseudopapilledema_0024_PPE.jpg,ok,pseudopapilledema,"[212.0, 184.0]",228.07007184392688,0.36130575910210605,0.008315950632095337,0.5039520859718323,-0.0011167414486408234,0.5980235971503132,"[141.0, 126.0]"
pseudopapilledema_0025_PPE.jpg,ok,pseudopapilledema,"[141.0, 118.0]",35.918785545899944,0.7323072791099547,0.12637168169021606,0.8220741748809814,-0.1524183750152588,0.6062746719078522,"[155.0, 116.0]"
pseudopapilledema_0026_PPE.jpg,ok,pseudopapilledema,"[108.0, 122.0]",35.918785545899944,0.8453926146030426,0.16958236694335938,0.9294930696487427,-0.12582549452781677,0.8852103276056251,"[104.0, 123.0]"
pseudopapilledema_0027_PPE.jpg,ok,pseudopapilledema,"[107.0, 117.0]",35.918785545899944,0.8317928552627564,0.1706891655921936,0.9008597135543823,-0.15250945091247559,0.8996193434531209,"[105.0, 120.0]"
pseudopapilledema_0028_PPE.jpg,ok,pseudopapilledema,"[103.0, 117.0]",35.918785545899944,0.8525507271289825,0.20632481575012207,0.8786433339118958,-0.15587788820266724,0.860797075290572,"[107.0, 114.0]"
pseudopapilledema_0029_PPE.jpg,ok,pseudopapilledema,"[158.0, 124.0]",45.254833995939045,0.7532590031623839,0.16243618726730347,0.8334496021270752,-0.03704047203063965,0.7480544453656703,"[167.0, 131.0]"
pseudopapilledema_0030_PPE.jpg,ok,pseudopapilledema,"[105.0, 116.0]",35.918785545899944,0.8726908683776855,0.21432709693908691,0.8958621025085449,-0.15630149841308594,0.8051159054068008,"[105.0, 123.0]"
pseudopapilledema_0031_PPE.jpg,ok,pseudopapilledema,"[108.0, 117.0]",35.918785545899944,0.7901602625846862,0.1953752636909485,0.8142107129096985,-0.12418749928474426,0.42605163802812585,"[95.0, 133.0]"
pseudopapilledema_0032_PPE.jpg,ok,pseudopapilledema,"[145.0, 128.0]",35.918785545899944,0.8319548487663269,0.17509639263153076,0.8946536779403687,-0.15300440788269043,0.5984773738124834,"[153.0, 116.0]"
pseudopapilledema_0033_PPE.jpg,ok,pseudopapilledema,"[139.0, 113.0]",45.254833995939045,0.8926364958286285,0.181618332862854,0.9757949709892273,-0.13980841636657715,0.5807372542187894,"[133.0, 95.0]"
pseudopapilledema_0034_PPE.jpg,ok,pseudopapilledema,"[130.0, 124.0]",35.918785545899944,0.6116770207881926,0.11131811141967773,0.67341548204422,-0.14484035968780518,0.5267100559879448,"[138.0, 109.0]"
pseudopapilledema_0035_PPE.jpg,negative_score,pseudopapilledema,"[114.0, 150.0]",57.01751796098172,0.6054767757654189,0.056759774684906006,0.7719525098800659,-0.04175122082233429,-0.10436666164274544,"[176.0, 139.0]"
pseudopapilledema_0036_PPE.jpg,ok,pseudopapilledema,"[104.0, 118.0]",35.918785545899944,0.8509934842586517,0.20485472679138184,0.8789945244789124,-0.15421295166015625,0.6370031833692216,"[97.0, 129.0]"
pseudopapilledema_0037_PPE.jpg,ok,pseudopapilledema,"[136.0, 128.0]",35.918785545899944,0.7083798825740814,0.14905118942260742,0.7685326337814331,-0.10677924752235413,0.7879724219480679,"[143.0, 131.0]"
pseudopapilledema_0038_PPE.jpg,ok,pseudopapilledema,"[103.0, 122.0]",35.918785545899944,0.8166432499885559,0.21207129955291748,0.8190892934799194,-0.15604722499847412,0.8051159054068008,"[96.0, 122.0]"
pseudopapilledema_0039_PPE.jpg,ok,pseudopapilledema,"[132.0, 120.0]",35.918785545899944,0.5386828660964965,0.10101872682571411,0.5875173807144165,-0.1320098638534546,0.5242598759693973,"[148.0, 126.0]"
pseudopapilledema_0040_PPE.jpg,ok,pseudopapilledema,"[107.0, 119.0]",45.254833995939045,0.7795761883258819,0.219829261302948,0.758965015411377,-0.14235708117485046,0.7692996396838532,"[97.0, 122.0]"
pseudopapilledema_0041_PPE.jpg,ok,pseudopapilledema,"[141.0, 133.0]",45.254833995939045,0.9075808286666869,0.2387866973876953,0.9202055335044861,-0.1232512891292572,0.9301228757031316,"[140.0, 136.0]"
pseudopapilledema_0042_PPE.jpg,ok,pseudopapilledema,"[133.0, 125.0]",35.918785545899944,0.8943917751312256,0.20180892944335938,0.9495720863342285,-0.13941192626953125,0.4146852205021597,"[152.0, 116.0]"
pseudopapilledema_0043_PPE.jpg,ok,pseudopapilledema,"[116.0, 120.0]",45.254833995939045,0.9141059577465057,0.20635730028152466,0.9682163000106812,-0.14998623728752136,0.599804735160447,"[98.0, 118.0]"
pseudopapilledema_0044_PPE.jpg,ok,pseudopapilledema,"[112.0, 118.0]",45.254833995939045,0.914415180683136,0.20150971412658691,0.9788497090339661,-0.13855335116386414,0.6678079433520423,"[97.0, 117.0]"
pseudopapilledema_0045_PPE.jpg,ok,pseudopapilledema,"[112.0, 118.0]",35.918785545899944,0.8879122376441956,0.228104829788208,0.9040313959121704,-0.1349271535873413,0.5510840566702379,"[96.0, 116.0]"
pseudopapilledema_0046_PPE.jpg,ok,pseudopapilledema,"[119.0, 121.0]",35.918785545899944,0.8424158811569213,0.19442671537399292,0.8900296688079834,-0.12484198808670044,0.5366403199845091,"[105.0, 130.0]"
pseudopapilledema_0047_PPE.jpg,ok,pseudopapilledema,"[142.0, 120.0]",35.918785545899944,0.7502573072910308,0.150146484375,0.8172053694725037,-0.1403353214263916,0.9443188301162289,"[140.0, 120.0]"
pseudopapilledema_0048_PPE.jpg,ok,pseudopapilledema,"[109.0, 118.0]",35.918785545899944,0.8312578678131103,0.1916712522506714,0.8798266053199768,-0.118539959192276,0.6380723957554872,"[97.0, 113.0]"
pseudopapilledema_0049_PPE.jpg,ok,pseudopapilledema,"[107.0, 117.0]",35.918785545899944,0.7843033611774445,0.17561626434326172,0.8344997763633728,-0.12268626689910889,0.6062746719078522,"[97.0, 127.0]"
pseudopapilledema_0050_PPE.jpg,ok,pseudopapilledema,"[139.0, 117.0]",35.918785545899944,0.7645729601383209,0.15588527917861938,0.830291748046875,-0.1374172866344452,0.7973174822412243,"[141.0, 124.0]"
pseudopapilledema_0051_PPE.jpg,ok,pseudopapilledema,"[134.0, 121.0]",35.918785545899944,0.789856243133545,0.17122846841812134,0.8413714170455933,-0.1483389139175415,0.735881020576765,"[143.0, 118.0]"
pseudopapilledema_0052_PPE.jpg,ok,pseudopapilledema,"[106.0, 118.0]",35.918785545899944,0.8931941866874694,0.20944559574127197,0.9375665187835693,-0.13726013898849487,0.4127022172625504,"[85.0, 116.0]"
pseudopapilledema_0053_PPE.jpg,ok,pseudopapilledema,"[134.0, 101.0]",45.254833995939045,0.88784099817276,0.18458235263824463,0.9657824039459229,-0.13605481386184692,0.46554276948477913,"[158.0, 104.0]"
pseudopapilledema_0054_PPE.jpg,ok,pseudopapilledema,"[132.0, 122.0]",35.918785545899944,0.7759114027023315,0.1455000638961792,0.8727082014083862,-0.09757798910140991,0.48815707348020787,"[125.0, 139.0]"
pseudopapilledema_0055_PPE.jpg,ok,pseudopapilledema,"[140.0, 122.0]",45.254833995939045,0.735957783460617,0.18232834339141846,0.7801757454872131,-0.03753209114074707,0.9505894115598691,"[141.0, 120.0]"
pseudopapilledema_0056_PPE.jpg,ok,pseudopapilledema,"[128.0, 124.0]",35.918785545899944,0.8526021063327789,0.1578572392463684,0.9535711407661438,-0.13622534275054932,0.64784136076902,"[140.0, 120.0]"
pseudopapilledema_0057_PPE.jpg,ok,pseudopapilledema,"[135.0, 118.0]",35.918785545899944,0.8189376652240753,0.15224164724349976,0.9107211232185364,-0.1459561586380005,0.7433224894112469,"[141.0, 125.0]"
pseudopapilledema_0058_PPE.jpg,ok,pseudopapilledema,"[125.0, 120.0]",35.918785545899944,0.7436460077762603,0.13087397813796997,0.8372505307197571,-0.13348329067230225,0.4980967172656042,"[143.0, 119.0]"
pseudopapilledema_0059_PPE.jpg,ok,pseudopapilledema,"[118.0, 114.0]",35.918785545899944,0.8603758633136749,0.17345350980758667,0.9399495720863342,-0.14478826522827148,0.1364929418644536,"[87.0, 113.0]"
pseudopapilledema_0060_PPE.jpg,ok,pseudopapilledema,"[125.0, 119.0]",35.918785545899944,0.7427815675735473,0.13243550062179565,0.832495927810669,-0.13799458742141724,0.46447565614124664,"[144.0, 116.0]"
pseudopapilledema_0061_PPE.jpg,ok,pseudopapilledema,"[119.0, 117.0]",35.918785545899944,0.833473265171051,0.15239155292510986,0.9323570728302002,-0.14215880632400513,0.20813232200434217,"[91.0, 122.0]"
pseudopapilledema_0062_PPE.jpg,ok,pseudopapilledema,"[124.0, 120.0]",35.918785545899944,0.7248095095157623,0.12566840648651123,0.8167428374290466,-0.13710558414459229,0.43971903582928096,"[142.0, 111.0]"
pseudopapilledema_0063_PPE.jpg,ok,pseudopapilledema,"[118.0, 116.0]",35.918785545899944,0.7953574657440184,0.1483898162841797,0.8840723037719727,-0.14058518409729004,0.3312462007315681,"[94.0, 117.0]"
pseudopapilledema_0064_PPE.jpg,ok,pseudopapilledema,"[125.0, 121.0]",35.918785545899944,0.7200648009777069,0.10480880737304688,0.838920533657074,-0.14005810022354126,0.601383486505136,"[139.0, 124.0]"
pseudopapilledema_0065_PPE.jpg,ok,pseudopapilledema,"[130.0, 94.0]",45.254833995939045,0.8553199529647827,0.1818941831588745,0.9274328351020813,-0.12111392617225647,0.40501772610438225,"[155.0, 104.0]"
pseudopapilledema_0066_PPE.jpg,ok,pseudopapilledema,"[116.0, 120.0]",35.918785545899944,0.7304554045200348,0.13874411582946777,0.8101353645324707,-0.12308266758918762,0.38498137677441235,"[94.0, 118.0]"
pseudopapilledema_0067_PPE.jpg,ok,pseudopapilledema,"[125.0, 117.0]",35.918785545899944,0.7264838159084319,0.10134279727935791,0.854145348072052,-0.13619637489318848,0.5366403199845091,"[139.0, 126.0]"
pseudopapilledema_0068_PPE.jpg,ok,pseudopapilledema,"[128.0, 122.0]",35.918785545899944,0.7875608921051025,0.15485191345214844,0.8654639720916748,-0.1344209909439087,0.07077485974836506,"[161.0, 127.0]"
pseudopapilledema_0069_PPE.jpg,ok,pseudopapilledema,"[112.0, 122.0]",35.918785545899944,0.819124299287796,0.14914214611053467,0.9211854934692383,-0.12576153874397278,0.40941200786177834,"[91.0, 125.0]"
pseudopapilledema_0070_PPE.jpg,ok,pseudopapilledema,"[122.0, 122.0]",35.918785545899944,0.5710667908191681,0.0879448652267456,0.6501986384391785,-0.1399143934249878,0.7433224894112469,"[131.0, 124.0]"
pseudopapilledema_0071_PPE.jpg,ok,pseudopapilledema,"[117.0, 120.0]",35.918785545899944,0.7337996006011962,0.1357477903366089,0.8221835494041443,-0.112616628408432,0.38372238134578507,"[96.0, 113.0]"
pseudopapilledema_0072_PPE.jpg,ok,pseudopapilledema,"[107.0, 124.0]",35.918785545899944,0.8294800519943236,0.13801628351211548,0.9516775012016296,-0.12644758820533752,0.7973174822412243,"[109.0, 117.0]"
pseudopapilledema_0073_PPE.jpg,ok,pseudopapilledema,"[104.0, 122.0]",35.918785545899944,0.8115012586116791,0.13829630613327026,0.9192928671836853,-0.1484997272491455,0.7433224894112469,"[106.0, 113.0]"
pseudopapilledema_0074_PPE.jpg,ok,pseudopapilledema,"[108.0, 124.0]",45.254833995939045,0.7718311429023742,0.2066536545753479,0.7651410698890686,-0.14789369702339172,0.8112024066625848,"[105.0, 116.0]"
pseudopapilledema_0075_PPE.jpg,ok,pseudopapilledema,"[120.0, 120.0]",35.918785545899944,0.7172108888626099,0.09902703762054443,0.8440128564834595,-0.136874258518219,0.48815707348020787,"[103.0, 113.0]"
pseudopapilledema_0076_PPE.jpg,ok,pseudopapilledema,"[120.0, 125.0]",35.918785545899944,0.6030736327171325,0.09190279245376587,0.6879416704177856,-0.14805835485458374,0.31521215490245447,"[98.0, 114.0]"
pseudopapilledema_0077_PPE.jpg,ok,pseudopapilledema,"[129.0, 100.0]",45.254833995939045,0.841081815958023,0.17906153202056885,0.9118137359619141,-0.1187533438205719,0.3312207950302283,"[159.0, 104.0]"
pseudopapilledema_0078_PPE.jpg,ok,pseudopapilledema,"[107.0, 116.0]",35.918785545899944,0.8119837939739227,0.1532767415046692,0.8980489373207092,-0.1503639817237854,0.7704206552112504,"[99.0, 114.0]"
pseudopapilledema_0079_PPE.jpg,ok,pseudopapilledema,"[106.0, 140.0]",35.918785545899944,0.8197980999946594,0.15164148807525635,0.9165846705436707,-0.1327367126941681,0.04851975193879443,"[74.0, 152.0]"
pseudopapilledema_0080_PPE.jpg,ok,pseudopapilledema,"[133.0, 116.0]",35.918785545899944,0.8105759441852569,0.16118425130844116,0.8851917386054993,-0.14878737926483154,0.2426542099339979,"[159.0, 124.0]"
pseudopapilledema_0081_PPE.jpg,negative_score,pseudopapilledema,"[131.0, 124.0]",35.918785545899944,0.7366083681583404,0.1659327745437622,0.7732630372047424,-0.14695733785629272,-0.058308487878024895,"[165.0, 141.0]"
pseudopapilledema_0082_PPE.jpg,ok,pseudopapilledema,"[111.0, 119.0]",35.918785545899944,0.662681072950363,0.09581649303436279,0.7712399363517761,-0.1349831223487854,0.5074497719209882,"[98.0, 131.0]"
pseudopapilledema_0083_PPE.jpg,ok,pseudopapilledema,"[111.0, 119.0]",35.918785545899944,0.6739371478557586,0.115634024143219,0.7557722926139832,-0.14631259441375732,0.4369590143766655,"[91.0, 122.0]"
pseudopapilledema_0084_PPE.jpg,negative_score,pseudopapilledema,"[132.0, 128.0]",35.918785545899944,0.8088832676410674,0.1616399884223938,0.8861506581306458,-0.1346890926361084,-0.059406508392501056,"[170.0, 130.0]"
pseudopapilledema_0085_PPE.jpg,ok,pseudopapilledema,"[111.0, 118.0]",35.918785545899944,0.773016595840454,0.1329212188720703,0.8704015016555786,-0.1540716290473938,0.4186715196387095,"[91.0, 124.0]"
pseudopapilledema_0086_PPE.jpg,ok,pseudopapilledema,"[128.0, 125.0]",35.918785545899944,0.5623344063758849,0.10043984651565552,0.6199435591697693,-0.13967034220695496,0.3977160607187251,"[146.0, 137.0]"
pseudopapilledema_0087_PPE.jpg,ok,pseudopapilledema,"[105.0, 120.0]",35.918785545899944,0.7028255462646484,0.13918989896774292,0.7606875896453857,-0.1557716727256775,0.5669021390986375,"[94.0, 109.0]"
pseudopapilledema_0088_PPE.jpg,ok,pseudopapilledema,"[141.0, 127.0]",35.918785545899944,0.7119489848613738,0.14542531967163086,0.7673231959342957,-0.14698714017868042,0.6043109423788899,"[152.0, 136.0]"
pseudopapilledema_0089_PPE.jpg,negative_score,pseudopapilledema,"[129.0, 119.0]",35.918785545899944,0.8011514246463776,0.11092466115951538,0.9529730677604675,-0.11572808027267456,-0.20199125982905164,"[171.0, 129.0]"
pseudopapilledema_0090_PPE.jpg,ok,pseudopapilledema,"[119.0, 124.0]",35.918785545899944,0.7620254755020142,0.16739434003829956,0.8050333261489868,-0.15553903579711914,0.7001477235218377,"[109.0, 120.0]"
pseudopapilledema_0091_PPE.jpg,ok,pseudopapilledema,"[114.0, 115.0]",35.918785545899944,0.7168812751770018,0.11924058198928833,0.8110941648483276,-0.1493738889694214,0.29513268843705875,"[89.0, 119.0]"
pseudopapilledema_0092_PPE.jpg,ok,pseudopapilledema,"[116.0, 113.0]",35.918785545899944,0.763514894247055,0.15807998180389404,0.8213176131248474,-0.1525629162788391,0.35725018509525575,"[93.0, 111.0]"
pseudopapilledema_0093_PPE.jpg,ok,pseudopapilledema,"[138.0, 122.0]",35.918785545899944,0.819787573814392,0.22308272123336792,0.8077541589736938,-0.15638470649719238,0.6043109423788899,"[147.0, 133.0]"
pseudopapilledema_0094_PPE.jpg,ok,pseudopapilledema,"[136.0, 124.0]",45.254833995939045,0.866278851032257,0.15450596809387207,0.987541139125824,-0.10247042775154114,0.8125,"[142.0, 118.0]"
pseudopapilledema_0095_PPE.jpg,ok,pseudopapilledema,"[132.0, 123.0]",35.918785545899944,0.8256163716316223,0.20090055465698242,0.8483486175537109,-0.15435892343521118,0.64784136076902,"[144.0, 119.0]"
pseudopapilledema_0096_PPE.jpg,ok,pseudopapilledema,"[105.0, 120.0]",35.918785545899944,0.7100515067577362,0.11566668748855591,0.8079031109809875,-0.14426320791244507,0.4866449788224937,"[87.0, 116.0]"
pseudopapilledema_0097_PPE.jpg,ok,pseudopapilledema,"[104.0, 119.0]",35.918785545899944,0.7470474839210509,0.16857945919036865,0.7857718467712402,-0.14213865995407104,0.6924906883872062,"[93.0, 120.0]"
pseudopapilledema_0098_PPE.jpg,ok,pseudopapilledema,"[137.0, 122.0]",35.918785545899944,0.8261494040489197,0.19093400239944458,0.8643183708190918,-0.1509627103805542,0.3226093323756538,"[161.0, 126.0]"
pseudopapilledema_0099_PPE.jpg,ok,pseudopapilledema,"[116.0, 125.0]",45.254833995939045,0.9231960892677307,0.21293222904205322,0.9748184084892273,-0.13945487141609192,0.7051880896232312,"[103.0, 122.0]"
pseudopapilledema_0100_PPE.jpg,ok,pseudopapilledema,"[133.0, 123.0]",35.918785545899944,0.8648830711841583,0.14842438697814941,0.985604465007782,-0.13267779350280762,0.51939698853202,"[150.0, 120.0]"
pseudopapilledema_0101_PPE.jpg,ok,pseudopapilledema,"[135.0, 129.0]",35.918785545899944,0.8519325613975524,0.18118149042129517,0.9142876863479614,-0.15374845266342163,0.5861199502883683,"[146.0, 119.0]"
pseudopapilledema_0102_PPE.jpg,ok,pseudopapilledema,"[136.0, 98.0]",45.254833995939045,0.8681430757045746,0.15627604722976685,0.9795709252357483,-0.13083690404891968,0.39646225263037616,"[161.0, 109.0]"
pseudopapilledema_0103_PPE.jpg,negative_score,pseudopapilledema,"[138.0, 122.0]",35.918785545899944,0.5845458626747132,0.08607053756713867,0.6859281063079834,-0.09162825345993042,-0.2356955105184706,"[181.0, 111.0]"
pseudopapilledema_0104_PPE.jpg,ok,pseudopapilledema,"[116.0, 123.0]",35.918785545899944,0.7230651974678038,0.14986872673034668,0.7767328023910522,-0.14741754531860352,0.4146852205021597,"[95.0, 122.0]"
pseudopapilledema_0105_PPE.jpg,ok,pseudopapilledema,"[130.0, 120.0]",35.918785545899944,0.7680391609668731,0.16013818979263306,0.8257538676261902,-0.1493663191795349,0.6924906883872062,"[141.0, 121.0]"
pseudopapilledema_0106_PPE.jpg,ok,pseudopapilledema,"[130.0, 122.0]",35.918785545899944,0.8207086324691772,0.13564538955688477,0.9407285451889038,-0.13276630640029907,0.5741209423344636,"[145.0, 125.0]"
pseudopapilledema_0107_PPE.jpg,ok,pseudopapilledema,"[109.0, 129.0]",35.918785545899944,0.8297563850879669,0.13164407014846802,0.9579628705978394,-0.13769152760505676,0.49578556176039357,"[91.0, 131.0]"
pseudopapilledema_0108_PPE.jpg,ok,pseudopapilledema,"[124.0, 123.0]",35.918785545899944,0.8229348480701446,0.14166146516799927,0.9358935356140137,-0.13073953986167908,0.4710288861041737,"[143.0, 123.0]"
pseudopapilledema_0109_PPE.jpg,ok,pseudopapilledema,"[117.0, 130.0]",35.918785545899944,0.8226221919059753,0.14118391275405884,0.9314088821411133,-0.14726030826568604,0.3875071312785169,"[95.0, 130.0]"
pseudopapilledema_0110_PPE.jpg,ok,pseudopapilledema,"[111.0, 116.0]",35.918785545899944,0.8438502967357635,0.16272366046905518,0.9356129765510559,-0.1309877634048462,0.42605163802812585,"[91.0, 121.0]"
pseudopapilledema_0111_PPE.jpg,ok,pseudopapilledema,"[140.0, 120.0]",45.254833995939045,0.905872356891632,0.19836091995239258,0.9700460433959961,-0.14239603281021118,0.8406556402002254,"[146.0, 124.0]"
pseudopapilledema_0112_PPE.jpg,ok,pseudopapilledema,"[158.0, 128.0]",114.03503592196344,0.7155787527561187,0.15224367380142212,0.8006085753440857,-0.01454538106918335,0.08926525747044645,"[239.0, 63.0]"
pseudopapilledema_0113_PPE.jpg,ok,pseudopapilledema,"[136.0, 131.0]",35.918785545899944,0.8330249845981598,0.18287760019302368,0.8858323693275452,-0.15032362937927246,0.7040505225559315,"[144.0, 124.0]"
pseudopapilledema_0114_PPE.jpg,ok,pseudopapilledema,"[109.0, 125.0]",35.918785545899944,0.8935668408870697,0.21321982145309448,0.9330730438232422,-0.13597944378852844,0.6825684922887694,"[98.0, 122.0]"
pseudopapilledema_0115_PPE.jpg,ok,pseudopapilledema,"[131.0, 92.0]",45.254833995939045,0.8319577097892761,0.1503705382347107,0.942686915397644,-0.108531653881073,0.18960609500687875,"[164.0, 108.0]"
pseudopapilledema_0116_PPE.jpg,ok,pseudopapilledema,"[132.0, 119.0]",35.918785545899944,0.8566158413887023,0.21772867441177368,0.8711369037628174,-0.14545667171478271,0.7621299379846986,"[135.0, 127.0]"
pseudopapilledema_0117_PPE.jpg,ok,pseudopapilledema,"[131.0, 115.0]",35.918785545899944,0.8535492300987243,0.21295654773712158,0.8735809326171875,-0.14543014764785767,0.6924906883872062,"[132.0, 126.0]"
pseudopapilledema_0118_PPE.jpg,ok,pseudopapilledema,"[111.0, 123.0]",35.918785545899944,0.8829311788082123,0.2067292332649231,0.9277330636978149,-0.13394400477409363,0.6213271049669989,"[100.0, 115.0]"
pseudopapilledema_0119_PPE.jpg,ok,pseudopapilledema,"[111.0, 126.0]",35.918785545899944,0.8511991262435913,0.22320067882537842,0.8552473783493042,-0.14662641286849976,0.6753257769590213,"[101.0, 120.0]"
pseudopapilledema_0120_PPE.jpg,ok,pseudopapilledema,"[129.0, 117.0]",35.918785545899944,0.855517691373825,0.22986000776290894,0.8538309335708618,-0.13988015055656433,0.5946349644824488,"[133.0, 131.0]"
pseudopapilledema_0121_PPE.jpg,ok,pseudopapilledema,"[121.0, 118.0]",35.918785545899944,0.6669821560382843,0.08631199598312378,0.7954137325286865,-0.11940273642539978,0.2676285549154772,"[147.0, 114.0]"
pseudopapilledema_0122_PPE.jpg,ok,pseudopapilledema,"[113.0, 123.0]",35.918785545899944,0.710465270280838,0.08892065286636353,0.8501608371734619,-0.13216015696525574,0.3596665463366313,"[90.0, 123.0]"
pseudopapilledema_0123_PPE.jpg,negative_score,pseudopapilledema,"[125.0, 132.0]",45.254833995939045,0.7333576202392578,0.11788445711135864,0.8521332144737244,-0.09489956498146057,-0.37641972159657744,"[187.0, 138.0]"
pseudopapilledema_0124_PPE.jpg,ok,pseudopapilledema,"[125.0, 121.0]",35.918785545899944,0.7799179553985596,0.19401729106903076,0.7930402755737305,-0.1538623571395874,0.609238769231708,"[139.0, 120.0]"
pseudopapilledema_0125_PPE.jpg,negative_score,pseudopapilledema,"[141.0, 123.0]",45.254833995939045,0.7176561295986175,0.08949261903762817,0.8832363486289978,-0.04949033260345459,-0.1278176520386618,"[90.0, 121.0]"
pseudopapilledema_0126_PPE.jpg,ok,pseudopapilledema,"[107.0, 120.0]",35.918785545899944,0.8956195533275604,0.18615680932998657,0.9723207354545593,-0.14419114589691162,0.6937535656392584,"[96.0, 120.0]"
pseudopapilledema_0127_PPE.jpg,ok,pseudopapilledema,"[129.0, 122.0]",35.918785545899944,0.7936097145080566,0.15612190961837769,0.8782175183296204,-0.11367771029472351,0.4146852205021597,"[150.0, 123.0]"
pseudopapilledema_0128_PPE.jpg,ok,pseudopapilledema,"[134.0, 117.0]",45.254833995939045,0.8345125377178192,0.12184381484985352,0.9905101656913757,-0.09655803442001343,0.7093581994103395,"[147.0, 119.0]"
pseudopapilledema_0129_PPE.jpg,ok,pseudopapilledema,"[130.0, 121.0]",35.918785545899944,0.8372222542762755,0.1810321807861328,0.8932090997695923,-0.1547185182571411,0.5750319146239581,"[143.0, 129.0]"
pseudopapilledema_0130_PPE.jpg,ok,pseudopapilledema,"[138.0, 117.0]",35.918785545899944,0.7427213966846467,0.14675015211105347,0.8187854290008545,-0.11410722136497498,0.2863898139540958,"[147.0, 141.0]"
pseudopapilledema_0131_PPE.jpg,ok,pseudopapilledema,"[98.0, 124.0]",35.918785545899944,0.8358640551567077,0.18435513973236084,0.8865047693252563,-0.1547778844833374,0.7494347355230296,"[98.0, 115.0]"
pseudopapilledema_0132_PPE.jpg,ok,pseudopapilledema,"[126.0, 122.0]",35.918785545899944,0.8687681674957275,0.15739256143569946,0.9758251905441284,-0.14148986339569092,0.42605163802812585,"[145.0, 114.0]"
pseudopapilledema_0133_PPE.jpg,ok,pseudopapilledema,"[115.0, 124.0]",35.918785545899944,0.8455176949501036,0.13820123672485352,0.9687329530715942,-0.1460169553756714,0.22795693600811306,"[90.0, 112.0]"
pseudopapilledema_0134_PPE.jpg,negative_score,pseudopapilledema,"[65.0, 229.0]",35.918785545899944,0.561651423573494,0.06458801031112671,0.7080166339874268,-0.00725884735584259,-2.6509400471494255,"[151.0, 130.0]"
pseudopapilledema_0135_PPE.jpg,ok,pseudopapilledema,"[126.0, 119.0]",35.918785545899944,0.8341456234455108,0.18148010969161987,0.8879387974739075,-0.1555417776107788,0.7215941505811441,"[136.0, 119.0]"
pseudopapilledema_0136_PPE.jpg,ok,pseudopapilledema,"[107.0, 125.0]",35.918785545899944,0.8146714925765991,0.16574031114578247,0.8946004509925842,-0.11355432868003845,0.5642259167561074,"[93.0, 118.0]"
pseudopapilledema_0137_PPE.jpg,ok,pseudopapilledema,"[134.0, 119.0]",35.918785545899944,0.8782931447029113,0.22073471546173096,0.9038107395172119,-0.1244545578956604,0.5946349644824488,"[138.0, 133.0]"
pseudopapilledema_0138_PPE.jpg,ok,pseudopapilledema,"[110.0, 119.0]",35.918785545899944,0.884969162940979,0.2270432710647583,0.9043130278587341,-0.12453386187553406,0.8051159054068008,"[103.0, 119.0]"
pseudopapilledema_0139_PPE.jpg,ok,pseudopapilledema,"[135.0, 119.0]",35.918785545899944,0.7087944984436034,0.09033739566802979,0.8467250466346741,-0.1287478506565094,0.4369590143766655,"[155.0, 116.0]"
pseudopapilledema_0140_PPE.jpg,ok,pseudopapilledema,"[108.0, 120.0]",35.918785545899944,0.8740069091320037,0.17375707626342773,0.9597499966621399,-0.14212417602539062,0.5536814706222346,"[92.0, 119.0]"
pseudopapilledema_0141_PPE.jpg,ok,pseudopapilledema,"[136.0, 121.0]",35.918785545899944,0.8029456019401551,0.1785823106765747,0.8463960886001587,-0.1594301462173462,0.6285602683565882,"[149.0, 118.0]"
pseudopapilledema_0142_PPE.jpg,ok,pseudopapilledema,"[116.0, 154.0]",71.83757109179989,0.4680425703525543,0.07231327891349792,0.5607529878616333,-0.01601099967956543,0.05731762942249374,"[135.0, 89.0]"
pseudopapilledema_0143_PPE.jpg,ok,pseudopapilledema,"[136.0, 122.0]",35.918785545899944,0.7477770805358886,0.15022587776184082,0.809906005859375,-0.15308499336242676,0.6062746719078522,"[150.0, 120.0]"
pseudopapilledema_0144_PPE.jpg,ok,pseudopapilledema,"[103.0, 122.0]",35.918785545899944,0.8109109461307524,0.1771397590637207,0.860866129398346,-0.1558244824409485,0.6924906883872062,"[92.0, 123.0]"
pseudopapilledema_0145_PPE.jpg,ok,pseudopapilledema,"[141.0, 97.0]",45.254833995939045,0.8240257203578948,0.12788385152816772,0.961699903011322,-0.11475968360900879,0.6134588475983443,"[156.0, 106.0]"
pseudopapilledema_0146_PPE.jpg,ok,pseudopapilledema,"[135.0, 126.0]",35.918785545899944,0.7981906771659851,0.18723183870315552,0.8423264622688293,-0.10665157437324524,0.6988580303593626,"[141.0, 135.0]"
pseudopapilledema_0147_PPE.jpg,ok,pseudopapilledema,"[123.0, 122.0]",35.918785545899944,0.7760792076587677,0.1380745768547058,0.869292676448822,-0.14749878644943237,0.260257269076687,"[148.0, 131.0]"
pseudopapilledema_0148_PPE.jpg,ok,pseudopapilledema,"[107.0, 120.0]",35.918785545899944,0.8776290774345398,0.20106542110443115,0.9298578500747681,-0.12831580638885498,0.3651369845775386,"[93.0, 138.0]"
pseudopapilledema_0149_PPE.jpg,ok,pseudopapilledema,"[110.0, 165.0]",35.918785545899944,0.703599727153778,0.1482558250427246,0.7602221369743347,-0.11594203114509583,0.664754963293384,"[118.0, 174.0]"
pseudopapilledema_0150_PPE.jpg,ok,pseudopapilledema,"[131.0, 121.0]",35.918785545899944,0.8326396405696868,0.1424667239189148,0.9485251903533936,-0.13102641701698303,0.5333067541267781,"[147.0, 126.0]"
pseudopapilledema_0151_PPE.jpg,ok,pseudopapilledema,"[104.0, 113.0]",45.254833995939045,0.9488106369972229,0.24593669176101685,0.9606561064720154,-0.15207335352897644,0.8810035452208764,"[99.0, 115.0]"
pseudopapilledema_0152_PPE.jpg,ok,pseudopapilledema,"[130.0, 119.0]",35.918785545899944,0.8300619542598724,0.13912945985794067,0.9501013159751892,-0.12930786609649658,0.5677978957161018,"[145.0, 123.0]"
pseudopapilledema_0153_PPE.jpg,ok,pseudopapilledema,"[104.0, 113.0]",45.254833995939045,0.9466621816158294,0.24320906400680542,0.9621856212615967,-0.14961591362953186,0.9301228757031316,"[101.0, 114.0]"
pseudopapilledema_0154_PPE.jpg,ok,pseudopapilledema,"[132.0, 121.0]",35.918785545899944,0.7662730932235717,0.11814224720001221,0.885137677192688,-0.1426723599433899,0.5984773738124834,"[144.0, 129.0]"
pseudopapilledema_0155_PPE.jpg,ok,pseudopapilledema,"[109.0, 115.0]",35.918785545899944,0.8439345777034759,0.16340458393096924,0.936506986618042,-0.1248755156993866,0.8031373359539261,"[102.0, 116.0]"
pseudopapilledema_0156_PPE.jpg,ok,pseudopapilledema,"[132.0, 120.0]",35.918785545899944,0.770297622680664,0.132157564163208,0.8717880249023438,-0.13944220542907715,0.6213271049669989,"[143.0, 128.0]"
pseudopapilledema_0157_PPE.jpg,ok,pseudopapilledema,"[132.0, 120.0]",35.918785545899944,0.7342075943946837,0.09860074520111084,0.8752295970916748,-0.11473065614700317,0.20813232200434217,"[160.0, 115.0]"
pseudopapilledema_0158_PPE.jpg,ok,pseudopapilledema,"[106.0, 116.0]",35.918785545899944,0.8237804293632507,0.16793543100357056,0.8963034152984619,-0.14216303825378418,0.8217332757743043,"[101.0, 120.0]"
pseudopapilledema_0159_PPE.jpg,ok,pseudopapilledema,"[119.0, 124.0]",35.918785545899944,0.8377476453781127,0.15586578845977783,0.9293102025985718,-0.15682357549667358,0.16292847044273584,"[89.0, 122.0]"
pseudopapilledema_0160_PPE.jpg,ok,pseudopapilledema,"[107.0, 124.0]",35.918785545899944,0.7545697093009949,0.16511714458465576,0.8118208050727844,-0.10589000582695007,0.6043109423788899,"[96.0, 115.0]"
pseudopapilledema_0161_PPE.jpg,ok,pseudopapilledema,"[141.0, 131.0]",35.918785545899944,0.8143071115016937,0.13916444778442383,0.9288573861122131,-0.12471246719360352,0.735881020576765,"[150.0, 128.0]"
pseudopapilledema_0162_PPE.jpg,ok,pseudopapilledema,"[109.0, 125.0]",35.918785545899944,0.7963085830211639,0.15451174974441528,0.8724518418312073,-0.15540271997451782,0.6825684922887694,"[102.0, 116.0]"
pseudopapilledema_0163_PPE.jpg,ok,pseudopapilledema,"[139.0, 134.0]",35.918785545899944,0.7943221449851989,0.12945914268493652,0.9161734580993652,-0.11770790815353394,0.7478927808801967,"[148.0, 135.0]"
pseudopapilledema_0164_PPE.jpg,ok,pseudopapilledema,"[107.0, 121.0]",35.918785545899944,0.8193463683128356,0.1412966251373291,0.9328737258911133,-0.12519067525863647,0.7133636345296138,"[98.0, 116.0]"
pseudopapilledema_0165_PPE.jpg,ok,pseudopapilledema,"[138.0, 133.0]",35.918785545899944,0.7425261259078979,0.13011300563812256,0.8416540026664734,-0.11627659201622009,0.7160806282229758,"[148.0, 135.0]"
pseudopapilledema_0166_PPE.jpg,ok,pseudopapilledema,"[108.0, 123.0]",35.918785545899944,0.8082914352416991,0.1450434923171997,0.912665069103241,-0.12191197276115417,0.6434665515486087,"[98.0, 115.0]"
pseudopapilledema_0167_PPE.jpg,ok,pseudopapilledema,"[114.0, 121.0]",35.918785545899944,0.8944434523582457,0.20401662588119507,0.946806788444519,-0.13831037282943726,0.3023169410819939,"[92.0, 109.0]"
pseudopapilledema_0168_PPE.jpg,ok,pseudopapilledema,"[108.0, 117.0]",45.254833995939045,0.9568944275379181,0.2781299352645874,0.9283754825592041,-0.1445082724094391,0.7423058983988962,"[98.0, 123.0]"
pseudopapilledema_0169_PPE.jpg,ok,pseudopapilledema,"[138.0, 127.0]",35.918785545899944,0.8177271544933319,0.14785730838775635,0.9141067266464233,-0.14997568726539612,0.7755420283351189,"[145.0, 123.0]"
pseudopapilledema_0170_PPE.jpg,ok,pseudopapilledema,"[149.0, 124.0]",57.01751796098172,0.7393080532550811,0.17082256078720093,0.8003471493721008,-0.04121243953704834,0.9007874342519875,"[145.0, 128.0]"
pseudopapilledema_0171_PPE.jpg,ok,pseudopapilledema,"[135.0, 124.0]",35.918785545899944,0.8432607173919677,0.17366564273834229,0.9138387441635132,-0.1495397686958313,0.7202055841147985,"[145.0, 125.0]"
pseudopapilledema_0172_PPE.jpg,negative_score,pseudopapilledema,"[12.0, 150.0]",90.50966799187809,0.720819255709648,0.08897936344146729,0.894285261631012,-0.029201045632362366,-0.4767485001896903,"[144.0, 129.0]"
pseudopapilledema_0173_PPE.jpg,ok,pseudopapilledema,"[107.0, 121.0]",35.918785545899944,0.8268633365631103,0.1460379958152771,0.9302428960800171,-0.14827656745910645,0.5759448438961359,"[93.0, 127.0]"
pseudopapilledema_0174_PPE.jpg,negative_score,pseudopapilledema,"[47.0, 124.0]",35.918785545899944,0.7415630221366882,0.03737097978591919,0.9855290055274963,-0.07160869240760803,-1.6750151970737277,"[143.0, 128.0]"
pseudopapilledema_0175_PPE.jpg,ok,pseudopapilledema,"[99.0, 125.0]",45.254833995939045,0.8128752648830413,0.10907155275344849,0.9866545796394348,-0.06572753190994263,0.7620070904417529,"[89.0, 121.0]"
pseudopapilledema_0176_PPE.jpg,negative_score,pseudopapilledema,"[110.0, 134.0]",35.918785545899944,0.7396026700735091,0.05772048234939575,0.9596039056777954,-0.050797268748283386,-2.1608567525423887,"[223.0, 145.0]"
pseudopapilledema_0177_PPE.jpg,ok,pseudopapilledema,"[134.0, 118.0]",35.918785545899944,0.8614671766757964,0.16290432214736938,0.9579551815986633,-0.13997113704681396,0.49578556176039357,"[152.0, 116.0]"
pseudopapilledema_0178_PPE.jpg,ok,pseudopapilledema,"[130.0, 120.0]",35.918785545899944,0.8332090914249419,0.15659618377685547,0.928508996963501,-0.13328304886817932,0.275609593501821,"[156.0, 119.0]"
pseudopapilledema_0179_PPE.jpg,ok,pseudopapilledema,"[139.0, 132.0]",35.918785545899944,0.7870669245719909,0.18135946989059448,0.8356549739837646,-0.10374486446380615,0.8996193434531209,"[142.0, 134.0]"
pseudopapilledema_0180_PPE.jpg,ok,pseudopapilledema,"[105.0, 124.0]",35.918785545899944,0.8063287198543547,0.16082727909088135,0.8798430562019348,-0.1480565071105957,0.40810104511186296,"[89.0, 110.0]"
pseudopapilledema_0181_PPE.jpg,ok,pseudopapilledema,"[132.0, 120.0]",35.918785545899944,0.8282264411449431,0.15835368633270264,0.9147936701774597,-0.147585928440094,0.30176168189428876,"[155.0, 110.0]"
pseudopapilledema_0182_PPE.jpg,ok,pseudopapilledema,"[106.0, 124.0]",35.918785545899944,0.7440833806991577,0.14598095417022705,0.8124014139175415,-0.14710718393325806,0.4516040755770858,"[88.0, 116.0]"
pseudopapilledema_0183_PPE.jpg,ok,pseudopapilledema,"[103.0, 128.0]",35.918785545899944,0.8077118277549743,0.16307908296585083,0.8821914196014404,-0.13549375534057617,0.6370031833692216,"[102.0, 115.0]"
pseudopapilledema_0184_PPE.jpg,ok,pseudopapilledema,"[113.0, 119.0]",35.918785545899944,0.885428875684738,0.17952179908752441,0.9669613242149353,-0.14517074823379517,0.5129886654385319,"[104.0, 134.0]"
pseudopapilledema_0185_PPE.jpg,ok,pseudopapilledema,"[113.0, 121.0]",35.918785545899944,0.8820269346237183,0.17731881141662598,0.9654818773269653,-0.14435404539108276,0.5467881124405694,"[101.0, 132.0]"
pseudopapilledema_0186_PPE.jpg,ok,pseudopapilledema,"[112.0, 123.0]",35.918785545899944,0.8297792017459868,0.23624378442764282,0.809911847114563,-0.13298562169075012,0.5074497719209882,"[99.0, 111.0]"
pseudopapilledema_0187_PPE.jpg,ok,pseudopapilledema,"[131.0, 124.0]",35.918785545899944,0.7051182329654694,0.1997247338294983,0.6861468553543091,-0.12545350193977356,0.5823912258717161,"[143.0, 133.0]"
pseudopapilledema_0188_PPE.jpg,ok,pseudopapilledema,"[132.0, 117.0]",35.918785545899944,0.8275956451892852,0.1664719581604004,0.9024900794029236,-0.1469031572341919,0.19262303668531766,"[152.0, 138.0]"
pseudopapilledema_0189_PPE.jpg,ok,pseudopapilledema,"[114.0, 123.0]",35.918785545899944,0.8974498689174651,0.1936752200126648,0.9637654423713684,-0.14569419622421265,0.3818386959993135,"[92.0, 120.0]"
pseudopapilledema_0190_PPE.jpg,ok,pseudopapilledema,"[106.0, 118.0]",45.254833995939045,0.9590784609317778,0.27068179845809937,0.9414921402931213,-0.14676082134246826,0.6930174577439296,"[94.0, 125.0]"
pseudopapilledema_0191_PPE.jpg,ok,pseudopapilledema,"[131.0, 118.0]",35.918785545899944,0.853177398443222,0.21211475133895874,0.8725698590278625,-0.1513187289237976,0.6741343079163296,"[142.0, 114.0]"
pseudopapilledema_0192_PPE.jpg,ok,pseudopapilledema,"[133.0, 120.0]",35.918785545899944,0.8692947566509246,0.203191339969635,0.9087831377983093,-0.14977610111236572,0.6380723957554872,"[145.0, 115.0]"
pseudopapilledema_0193_PPE.jpg,ok,pseudopapilledema,"[113.0, 122.0]",35.918785545899944,0.9177258193492889,0.2232987880706787,0.9513350129127502,-0.1424626111984253,0.4980967172656042,"[95.0, 121.0]"
pseudopapilledema_0194_PPE.jpg,ok,pseudopapilledema,"[126.0, 119.0]",35.918785545899944,0.7608993709087372,0.1636185646057129,0.8200364708900452,-0.11627638339996338,0.7001477235218377,"[136.0, 123.0]"
pseudopapilledema_0195_PPE.jpg,ok,pseudopapilledema,"[135.0, 125.0]",35.918785545899944,0.8200039744377136,0.17532402276992798,0.8785978555679321,-0.14830726385116577,0.7755420283351189,"[143.0, 126.0]"
pseudopapilledema_0196_PPE.jpg,ok,pseudopapilledema,"[109.0, 120.0]",35.918785545899944,0.8161413609981536,0.20491117238998413,0.8414285778999329,-0.11115092039108276,0.8376628884795106,"[106.0, 115.0]"
pseudopapilledema_0197_PPE.jpg,ok,pseudopapilledema,"[132.0, 121.0]",35.918785545899944,0.8952045619487763,0.20297712087631226,0.9482678771018982,-0.14219963550567627,0.29020157055743945,"[157.0, 116.0]"
pseudopapilledema_0198_PPE.jpg,ok,pseudopapilledema,"[110.0, 116.0]",35.918785545899944,0.9021236300468445,0.20158594846725464,0.9602134227752686,-0.14194142818450928,0.16943551050105154,"[91.0, 93.0]"
pseudopapilledema_0199_PPE.jpg,ok,pseudopapilledema,"[130.0, 124.0]",35.918785545899944,0.8596563279628753,0.18313562870025635,0.9269938468933105,-0.13812503218650818,0.21600200973744,"[158.0, 121.0]"
pseudopapilledema_0200_PPE.jpg,negative_score,pseudopapilledema,"[111.0, 119.0]",35.918785545899944,0.8610526144504547,0.18127024173736572,0.9326134324073792,-0.13476485013961792,-0.058308487878024895,"[89.0, 88.0]"
pseudopapilledema_0201_PPE.jpg,ok,pseudopapilledema,"[136.0, 126.0]",35.918785545899944,0.7542312800884247,0.21267378330230713,0.7435392737388611,-0.10540002584457397,0.750986238146347,"[144.0, 130.0]"
pseudopapilledema_0202_PPE.jpg,ok,pseudopapilledema,"[134.0, 125.0]",35.918785545899944,0.8586037158966063,0.21644526720046997,0.8819746375083923,-0.1238810122013092,0.8754931190731735,"[138.0, 127.0]"
pseudopapilledema_0203_PPE.jpg,ok,pseudopapilledema,"[131.0, 122.0]",35.918785545899944,0.8058414578437805,0.1619945764541626,0.8764091730117798,-0.15180230140686035,0.4452802748659286,"[137.0, 103.0]"
pseudopapilledema_0204_PPE.jpg,ok,pseudopapilledema,"[113.0, 124.0]",35.918785545899944,0.847903686761856,0.17654657363891602,0.9210006594657898,-0.13328325748443604,0.47692289863066983,"[96.0, 116.0]"
pseudopapilledema_0205_PPE.jpg,ok,pseudopapilledema,"[132.0, 121.0]",35.918785545899944,0.7649228453636169,0.14227372407913208,0.8480863571166992,-0.14494335651397705,0.4889147984352913,"[141.0, 137.0]"
pseudopapilledema_0206_PPE.jpg,ok,pseudopapilledema,"[113.0, 121.0]",35.918785545899944,0.8576776146888732,0.1917223334312439,0.9072853326797485,-0.1542777419090271,0.6285602683565882,"[100.0, 118.0]"
pseudopapilledema_0207_PPE.jpg,ok,pseudopapilledema,"[105.0, 124.0]",35.918785545899944,0.7711076080799102,0.16911208629608154,0.8224080204963684,-0.13154953718185425,0.7433224894112469,"[99.0, 117.0]"
pseudopapilledema_0208_PPE.jpg,ok,pseudopapilledema,"[134.0, 125.0]",35.918785545899944,0.8155369877815246,0.14293479919433594,0.9174990653991699,-0.15176421403884888,0.5786955009633133,"[149.0, 123.0]"
pseudopapilledema_0209_PPE.jpg,ok,pseudopapilledema,"[110.0, 117.0]",35.918785545899944,0.8009987533092499,0.15709811449050903,0.8765851855278015,-0.15145504474639893,0.8996193434531209,"[113.0, 119.0]"
pseudopapilledema_0210_PPE.jpg,ok,pseudopapilledema,"[129.0, 120.0]",35.918785545899944,0.7798880815505981,0.1774556040763855,0.8203576803207397,-0.14091050624847412,0.5137850867965528,"[146.0, 116.0]"
pseudopapilledema_0211_PPE.jpg,ok,pseudopapilledema,"[108.0, 123.0]",35.918785545899944,0.9111444056034088,0.20840215682983398,0.96232670545578,-0.14556777477264404,0.5946349644824488,"[94.0, 127.0]"
pseudopapilledema_0212_PPE.jpg,ok,pseudopapilledema,"[139.0, 121.0]",45.254833995939045,0.8144119441509247,0.19302189350128174,0.8529735207557678,-0.12154293060302734,0.6140909676491104,"[155.0, 128.0]"
pseudopapilledema_0213_PPE.jpg,ok,pseudopapilledema,"[132.0, 123.0]",35.918785545899944,0.8353632271289825,0.16516685485839844,0.9166147112846375,-0.14283037185668945,0.48815707348020787,"[149.0, 116.0]"
pseudopapilledema_0214_PPE.jpg,ok,pseudopapilledema,"[109.0, 123.0]",35.918785545899944,0.8844588994979858,0.20260250568389893,0.9342476725578308,-0.13941511511802673,0.6102318108136016,"[95.0, 123.0]"
pseudopapilledema_0215_PPE.jpg,ok,pseudopapilledema,"[145.0, 137.0]",45.254833995939045,0.9135323643684387,0.19431179761886597,0.9878414273262024,-0.1386578381061554,0.4898491338339217,"[167.0, 144.0]"
pseudopapilledema_0216_PPE.jpg,ok,pseudopapilledema,"[140.0, 130.0]",35.918785545899944,0.8371619164943696,0.1669069528579712,0.9204384684562683,-0.1297401785850525,0.27400636673844303,"[162.0, 144.0]"
pseudopapilledema_0217_PPE.jpg,ok,pseudopapilledema,"[113.0, 115.0]",35.918785545899944,0.7938462197780608,0.18978899717330933,0.8275526165962219,-0.1238519549369812,0.16061675234439576,"[83.0, 118.0]"
pseudopapilledema_0218_PPE.jpg,ok,pseudopapilledema,"[119.0, 144.0]",35.918785545899944,0.8783091247081756,0.18039441108703613,0.9593532681465149,-0.1318371295928955,0.10866637887152175,"[151.0, 145.0]"
pseudopapilledema_0219_PPE.jpg,ok,pseudopapilledema,"[132.0, 118.0]",35.918785545899944,0.8499547243118286,0.157354474067688,0.9520578384399414,-0.1307988166809082,0.4100685817080516,"[152.0, 111.0]"
pseudopapilledema_0220_PPE.jpg,negative_score,pseudopapilledema,"[103.0, 127.0]",45.254833995939045,0.8722017109394073,0.21391987800598145,0.9028688669204712,-0.13136813044548035,-0.06639909567197222,"[63.0, 100.0]"
pseudopapilledema_0221_PPE.jpg,ok,pseudopapilledema,"[130.0, 115.0]",35.918785545899944,0.7383937299251555,0.10840636491775513,0.858700692653656,-0.14448440074920654,0.7160806282229758,"[140.0, 117.0]"
pseudopapilledema_0222_PPE.jpg,ok,pseudopapilledema,"[103.0, 119.0]",45.254833995939045,0.8112608015537262,0.16683220863342285,0.882611870765686,-0.1330014169216156,0.5153730493977868,"[88.0, 135.0]"
pseudopapilledema_0223_PPE.jpg,ok,pseudopapilledema,"[112.0, 114.0]",35.918785545899944,0.8535517930984496,0.16360104084014893,0.9461874961853027,-0.13809752464294434,0.4594336210466906,"[96.0, 125.0]"
pseudopapilledema_0224_PPE.jpg,ok,pseudopapilledema,"[107.0, 113.0]",45.254833995939045,0.9226044476032257,0.22755205631256104,0.9497976899147034,-0.15097004175186157,0.7480544453656703,"[100.0, 122.0]"
pseudopapilledema_0225_PPE.jpg,ok,pseudopapilledema,"[140.0, 175.0]",35.918785545899944,0.7039310932159423,0.08130127191543579,0.862517774105072,-0.09433689713478088,0.5677978957161018,"[125.0, 171.0]"
pseudopapilledema_0226_PPE.jpg,ok,pseudopapilledema,"[112.0, 113.0]",35.918785545899944,0.7341152667999267,0.15276813507080078,0.7879469990730286,-0.1489211618900299,0.35906160198474313,"[93.0, 126.0]"
pseudopapilledema_0227_PPE.jpg,ok,pseudopapilledema,"[137.0, 114.0]",35.918785545899944,0.8110782980918884,0.12362200021743774,0.9392393827438354,-0.14994364976882935,0.860797075290572,"[142.0, 114.0]"
pseudopapilledema_0228_PPE.jpg,ok,pseudopapilledema,"[104.0, 118.0]",35.918785545899944,0.8442855775356292,0.1371668577194214,0.9686274528503418,-0.14539751410484314,0.5861199502883683,"[94.0, 129.0]"
pseudopapilledema_0229_PPE.jpg,ok,pseudopapilledema,"[139.0, 128.0]",45.254833995939045,0.8733542442321777,0.2031804323196411,0.9429304599761963,-0.050612449645996094,0.889514565439602,"[135.0, 125.0]"
pseudopapilledema_0230_PPE.jpg,ok,pseudopapilledema,"[104.0, 117.0]",45.254833995939045,0.760593056678772,0.22531282901763916,0.7223953604698181,-0.14801737666130066,0.6140909676491104,"[87.0, 113.0]"
pseudopapilledema_0231_PPE.jpg,ok,pseudopapilledema,"[105.0, 116.0]",45.254833995939045,0.9112432658672333,0.19752991199493408,0.9774329662322998,-0.14755138754844666,0.8112024066625848,"[102.0, 108.0]"
pseudopapilledema_0232_PPE.jpg,ok,pseudopapilledema,"[136.0, 128.0]",35.918785545899944,0.7604334771633148,0.15308719873428345,0.8262899518013,-0.1447165608406067,0.7373524469528321,"[141.0, 120.0]"
pseudopapilledema_0233_PPE.jpg,ok,pseudopapilledema,"[119.0, 122.0]",35.918785545899944,0.8919619679450989,0.22113114595413208,0.9174158573150635,-0.14319860935211182,0.664754963293384,"[110.0, 114.0]"
pseudopapilledema_0234_PPE.jpg,ok,pseudopapilledema,"[138.0, 122.0]",45.254833995939045,0.9452851891517638,0.2481791377067566,0.954225480556488,-0.1457410752773285,0.43360721998775453,"[147.0, 98.0]"
pseudopapilledema_0235_PPE.jpg,ok,pseudopapilledema,"[140.0, 125.0]",45.254833995939045,0.9296260595321655,0.22519659996032715,0.9648193120956421,-0.14527970552444458,0.3797052112100249,"[142.0, 97.0]"
pseudopapilledema_0236_PPE.jpg,ok,pseudopapilledema,"[139.0, 114.0]",45.254833995939045,0.9446790814399719,0.24559730291366577,0.9626337885856628,-0.12619063258171082,0.7609834603003383,"[148.0, 120.0]"
pseudopapilledema_0237_PPE.jpg,ok,pseudopapilledema,"[105.0, 125.0]",35.918785545899944,0.8436085224151612,0.19646674394607544,0.888495147228241,-0.12597587704658508,0.6988580303593626,"[96.0, 131.0]"
pseudopapilledema_0238_PPE.jpg,ok,pseudopapilledema,"[101.0, 113.0]",45.254833995939045,0.963643330335617,0.25613415241241455,0.9739484786987305,-0.12872621417045593,0.6685436963188058,"[92.0, 101.0]"
pseudopapilledema_0239_PPE.jpg,ok,pseudopapilledema,"[111.0, 119.0]",35.918785545899944,0.7747517108917236,0.2422555685043335,0.7247509956359863,-0.12585222721099854,0.4866449788224937,"[97.0, 107.0]"
pseudopapilledema_0240_PPE.jpg,ok,pseudopapilledema,"[128.0, 120.0]",35.918785545899944,0.7503278911113738,0.26544028520584106,0.6564287543296814,-0.1269373893737793,0.5467881124405694,"[144.0, 123.0]"
pseudopapilledema_0241_PPE.jpg,ok,pseudopapilledema,"[99.0, 121.0]",45.254833995939045,0.9099229753017425,0.19607990980148315,0.977799117565155,-0.1469184160232544,0.7231242945832914,"[88.0, 127.0]"
pseudopapilledema_0242_PPE.jpg,ok,pseudopapilledema,"[148.0, 123.0]",45.254833995939045,0.9284079194068908,0.2240559458732605,0.964214563369751,-0.14700889587402344,0.7204915028125263,"[160.0, 119.0]"
pseudopapilledema_0243_PPE.jpg,ok,pseudopapilledema,"[112.0, 122.0]",45.254833995939045,0.9291792690753936,0.2145053744316101,0.9787566661834717,-0.14772114157676697,0.7127378701429651,"[100.0, 117.0]"
pseudopapilledema_0244_PPE.jpg,ok,pseudopapilledema,"[109.0, 130.0]",35.918785545899944,0.6681360304355621,0.1203264594078064,0.7482407093048096,-0.12020537257194519,0.6132262330613347,"[97.0, 123.0]"
pseudopapilledema_0245_PPE.jpg,ok,pseudopapilledema,"[134.0, 116.0]",35.918785545899944,0.6288485288619995,0.12272405624389648,0.6824922561645508,-0.1418994665145874,0.46810637152169543,"[147.0, 130.0]"
pseudopapilledema_0246_PPE.jpg,ok,pseudopapilledema,"[137.0, 121.0]",35.918785545899944,0.797350537776947,0.13833487033843994,0.9066157341003418,-0.12192326784133911,0.6988580303593626,"[146.0, 115.0]"
pseudopapilledema_0247_PPE.jpg,ok,pseudopapilledema,"[133.0, 123.0]",35.918785545899944,0.8550606966018676,0.18295377492904663,0.9454454183578491,-0.0514756441116333,0.8306523330939135,"[139.0, 124.0]"
pseudopapilledema_0248_PPE.jpg,ok,pseudopapilledema,"[106.0, 122.0]",35.918785545899944,0.8719019591808318,0.16021233797073364,0.9879760146141052,-0.10053205490112305,0.7001477235218377,"[102.0, 132.0]"
pseudopapilledema_0249_PPE.jpg,ok,pseudopapilledema,"[134.0, 118.0]",35.918785545899944,0.7978239059448241,0.20243501663208008,0.814028799533844,-0.12784364819526672,0.6062746719078522,"[148.0, 120.0]"
pseudopapilledema_0250_PPE.jpg,ok,pseudopapilledema,"[135.0, 110.0]",35.918785545899944,0.8454380035400391,0.13759958744049072,0.9735891819000244,-0.13162994384765625,0.5510840566702379,"[143.0, 124.0]"
pseudopapilledema_0251_PPE.jpg,ok,pseudopapilledema,"[95.0, 118.0]",45.254833995939045,0.9219545722007751,0.20906919240951538,0.9784268140792847,-0.1399330496788025,0.8232233047033631,"[95.0, 110.0]"
pseudopapilledema_0252_PPE.jpg,ok,pseudopapilledema,"[112.0, 121.0]",35.918785545899944,0.8511693000793457,0.16708248853683472,0.9371445775032043,-0.14042803645133972,0.16571098738153123,"[85.0, 134.0]"
pseudopapilledema_0253_PPE.jpg,ok,pseudopapilledema,"[135.0, 111.0]",35.918785545899944,0.8311482429504394,0.13499605655670166,0.960049033164978,-0.12058931589126587,0.5467881124405694,"[146.0, 123.0]"
pseudopapilledema_0254_PPE.jpg,ok,pseudopapilledema,"[108.0, 120.0]",35.918785545899944,0.8132624864578247,0.1406404972076416,0.9223321080207825,-0.13494756817817688,0.5408413104225007,"[92.0, 116.0]"
pseudopapilledema_0255_PPE.jpg,ok,pseudopapilledema,"[107.0, 112.0]",35.918785545899944,0.7254361152648926,0.13994717597961426,0.8000280261039734,-0.12734660506248474,0.7258020377885429,"[98.0, 116.0]"
pseudopapilledema_0256_PPE.jpg,ok,pseudopapilledema,"[135.0, 113.0]",35.918785545899944,0.7288404524326324,0.14690876007080078,0.8012365102767944,-0.10533067584037781,0.5750319146239581,"[148.0, 121.0]"
pseudopapilledema_0257_PPE.jpg,ok,pseudopapilledema,"[142.0, 124.0]",45.254833995939045,0.9527649343013763,0.2357843518257141,0.9861262440681458,-0.13346105813980103,0.6994471240363853,"[146.0, 111.0]"
pseudopapilledema_0258_PPE.jpg,ok,pseudopapilledema,"[97.0, 123.0]",45.254833995939045,0.9296385645866394,0.21205991506576538,0.9891113638877869,-0.1260034739971161,0.8873265226417504,"[98.0, 128.0]"
pseudopapilledema_0259_PPE.jpg,ok,pseudopapilledema,"[133.0, 135.0]",45.254833995939045,0.8378198444843291,0.1255015730857849,0.9849838614463806,-0.1141478419303894,0.37774038275812893,"[161.0, 138.0]"
pseudopapilledema_0260_PPE.jpg,ok,pseudopapilledema,"[94.0, 130.0]",57.01751796098172,0.9130351483821869,0.2033742070198059,0.9883661866188049,-0.08902305364608765,0.5668317570863324,"[73.0, 117.0]"
pseudopapilledema_0261_PPE.jpg,ok,pseudopapilledema,"[134.0, 120.0]",35.918785545899944,0.8779431760311126,0.2561343312263489,0.8511651754379272,-0.1299661099910736,0.8306523330939135,"[140.0, 121.0]"
pseudopapilledema_0262_PPE.jpg,ok,pseudopapilledema,"[133.0, 119.0]",35.918785545899944,0.8630333125591277,0.17623859643936157,0.9465290904045105,-0.12112176418304443,0.5510840566702379,"[149.0, 121.0]"
pseudopapilledema_0263_PPE.jpg,ok,pseudopapilledema,"[104.0, 120.0]",35.918785545899944,0.8157172560691833,0.16434979438781738,0.8872131109237671,-0.15159142017364502,0.6264793572195206,"[110.0, 108.0]"
pseudopapilledema_0264_PPE.jpg,ok,pseudopapilledema,"[140.0, 116.0]",45.254833995939045,0.8916013956069946,0.27439671754837036,0.8430663347244263,-0.1352912187576294,0.9116116523516815,"[144.0, 116.0]"
pseudopapilledema_0265_PPE.jpg,ok,pseudopapilledema,"[113.0, 124.0]",35.918785545899944,0.8818041086196898,0.2070675492286682,0.9267770648002625,-0.12996307015419006,0.5741209423344636,"[98.0, 121.0]"
pseudopapilledema_0266_PPE.jpg,ok,pseudopapilledema,"[140.0, 127.0]",57.01751796098172,0.8958894968032836,0.19734567403793335,0.9727392792701721,-0.08813163638114929,0.6626408032206081,"[149.0, 144.0]"
pseudopapilledema_0267_PPE.jpg,ok,pseudopapilledema,"[106.0, 125.0]",57.01751796098172,0.9202835321426391,0.21547245979309082,0.9804179668426514,-0.09259247779846191,0.7640440249208971,"[96.0, 116.0]"
pseudopapilledema_0268_PPE.jpg,ok,pseudopapilledema,"[143.0, 124.0]",45.254833995939045,0.9224654555320739,0.2035508155822754,0.9936901926994324,-0.11665752530097961,0.7339158380324,"[155.0, 125.0]"
pseudopapilledema_0269_PPE.jpg,ok,pseudopapilledema,"[106.0, 120.0]",45.254833995939045,0.8932757496833801,0.17526012659072876,0.9946833252906799,-0.10868647694587708,0.730270679661999,"[96.0, 113.0]"
pseudopapilledema_0270_PPE.jpg,ok,pseudopapilledema,"[119.0, 121.0]",35.918785545899944,0.8729592323303222,0.1930638551712036,0.929621696472168,-0.14580094814300537,0.2199666267546737,"[96.0, 137.0]"
pseudopapilledema_0271_PPE.jpg,ok,pseudopapilledema,"[129.0, 121.0]",35.918785545899944,0.8322267115116119,0.14073556661605835,0.9504140019416809,-0.13100671768188477,0.2529587144390413,"[141.0, 145.0]"
pseudopapilledema_0272_PPE.jpg,ok,pseudopapilledema,"[143.0, 119.0]",35.918785545899944,0.8315138280391692,0.1781548261642456,0.8890233635902405,-0.15521323680877686,0.7621299379846986,"[146.0, 111.0]"
pseudopapilledema_0273_PPE.jpg,ok,pseudopapilledema,"[112.0, 119.0]",35.918785545899944,0.8906545221805573,0.24695754051208496,0.8831095695495605,-0.12760141491889954,0.7215941505811441,"[102.0, 119.0]"
pseudopapilledema_0274_PPE.jpg,ok,pseudopapilledema,"[132.0, 125.0]",35.918785545899944,0.8702782094478606,0.18630415201187134,0.9393836259841919,-0.13202759623527527,0.40810104511186296,"[148.0, 111.0]"
pseudopapilledema_0275_PPE.jpg,ok,pseudopapilledema,"[103.0, 120.0]",35.918785545899944,0.8421555161476135,0.16669631004333496,0.931265652179718,-0.11786624789237976,0.8051159054068008,"[96.0, 120.0]"
pseudopapilledema_0276_PPE.jpg,ok,pseudopapilledema,"[116.0, 122.0]",35.918785545899944,0.7328754603862762,0.16476762294769287,0.7680159211158752,-0.15248346328735352,0.2842207810308437,"[141.0, 116.0]"
pseudopapilledema_0277_PPE.jpg,ok,pseudopapilledema,"[118.0, 118.0]",35.918785545899944,0.8342885553836822,0.1813945770263672,0.8901854157447815,-0.1488209366798401,0.3868747172032634,"[101.0, 132.0]"
pseudopapilledema_0278_PPE.jpg,ok,pseudopapilledema,"[114.0, 121.0]",35.918785545899944,0.8738700211048126,0.2603861689567566,0.8321079611778259,-0.1550413966178894,0.5823912258717161,"[99.0, 121.0]"
pseudopapilledema_0279_PPE.jpg,ok,pseudopapilledema,"[112.0, 124.0]",35.918785545899944,0.8201711893081665,0.17837321758270264,0.8731416463851929,-0.1529940962791443,0.5677978957161018,"[97.0, 120.0]"
pseudopapilledema_0280_PPE.jpg,ok,pseudopapilledema,"[105.0, 115.0]",45.254833995939045,0.8825801908969878,0.19448018074035645,0.9403343200683594,-0.14932993054389954,0.5749540466020174,"[96.0, 98.0]"
pseudopapilledema_0281_PPE.jpg,ok,pseudopapilledema,"[110.0, 116.0]",35.918785545899944,0.8325380682945251,0.15016299486160278,0.9371465444564819,-0.13186246156692505,0.3023169410819939,"[98.0, 94.0]"
pseudopapilledema_0282_PPE.jpg,ok,pseudopapilledema,"[156.0, 142.0]",114.03503592196344,0.5952556759119033,0.2561504393815994,0.4779238700866699,-0.02279263734817505,0.46220920675804233,"[100.0, 117.0]"
pseudopapilledema_0283_PPE.jpg,ok,pseudopapilledema,"[116.0, 125.0]",35.918785545899944,0.5920570850372313,0.1606842279434204,0.58204185962677,-0.11971777677536011,0.443188301162288,"[132.0, 113.0]"
pseudopapilledema_0284_PPE.jpg,ok,pseudopapilledema,"[141.0, 123.0]",45.254833995939045,0.7951132297515869,0.14993852376937866,0.9109199047088623,-0.03765386343002319,0.875,"[145.0, 119.0]"
pseudopapilledema_0285_PPE.jpg,ok,pseudopapilledema,"[111.0, 124.0]",35.918785545899944,0.8507870852947235,0.17954188585281372,0.9231138229370117,-0.12532761693000793,0.6556309828168756,"[99.0, 127.0]"
pseudopapilledema_0286_PPE.jpg,ok,pseudopapilledema,"[143.0, 134.0]",45.254833995939045,0.9416399776935577,0.24375808238983154,0.9574626684188843,-0.138290137052536,0.8317135997770467,"[140.0, 141.0]"
pseudopapilledema_0287_PPE.jpg,ok,pseudopapilledema,"[121.0, 123.0]",45.254833995939045,0.7655440092086792,0.1109740138053894,0.8985841870307922,-0.12780532240867615,0.4898491338339217,"[98.0, 121.0]"
pseudopapilledema_0288_PPE.jpg,ok,pseudopapilledema,"[108.0, 128.0]",35.918785545899944,0.7571811974048613,0.13722795248031616,0.8448886275291443,-0.14265602827072144,0.7755420283351189,"[101.0, 124.0]"
pseudopapilledema_0289_PPE.jpg,ok,pseudopapilledema,"[132.0, 121.0]",35.918785545899944,0.8625399172306061,0.16639918088912964,0.954571545124054,-0.13970327377319336,0.609238769231708,"[146.0, 122.0]"
pseudopapilledema_0290_PPE.jpg,ok,pseudopapilledema,"[98.0, 133.0]",45.254833995939045,0.8346907317638397,0.1245308518409729,0.9808741807937622,-0.11773976683616638,0.9203278201001127,"[95.0, 135.0]"
pseudopapilledema_0291_PPE.jpg,ok,pseudopapilledema,"[84.0, 116.0]",45.254833995939045,0.580346941947937,0.12274247407913208,0.6458437442779541,-0.027569234371185303,0.8711529491994481,"[79.0, 119.0]"
pseudopapilledema_0292_PPE.jpg,ok,pseudopapilledema,"[74.0, 112.0]",114.03503592196344,0.7359200537204743,0.22671842575073242,0.7221720814704895,-0.01840585470199585,0.3771990946110627,"[144.0, 124.0]"
pseudopapilledema_0293_PPE.jpg,ok,pseudopapilledema,"[136.0, 121.0]",35.918785545899944,0.8325248181819915,0.17894726991653442,0.8891965746879578,-0.1556997299194336,0.6924906883872062,"[147.0, 120.0]"
pseudopapilledema_0294_PPE.jpg,ok,pseudopapilledema,"[111.0, 120.0]",35.918785545899944,0.8630170285701751,0.19674813747406006,0.9060497879981995,-0.16017019748687744,0.6887327976829338,"[100.0, 118.0]"
pseudopapilledema_0295_PPE.jpg,ok,pseudopapilledema,"[113.0, 120.0]",35.918785545899944,0.8375044047832488,0.19349026679992676,0.8740163445472717,-0.16101348400115967,0.6887327976829338,"[102.0, 118.0]"
pseudopapilledema_0296_WHC.jpg,ok,pseudopapilledema,"[458.0, 229.0]",35.918785545899944,0.7629291892051697,0.06600475311279297,0.9640401601791382,-0.1104816198348999,0.2628814090634064,"[453.0, 255.0]"
pseudopapilledema_0297_WHC.jpg,negative_score,pseudopapilledema,"[314.0, 296.0]",35.918785545899944,0.760990422964096,0.06492751836776733,0.9662163257598877,-0.09855738282203674,-1.3386091351183902,"[398.0, 296.0]"
pseudopapilledema_0298_WHC.jpg,ok,pseudopapilledema,"[350.0, 234.0]",71.83757109179989,0.8930709898471831,0.1973060965538025,0.9492931962013245,-0.15629827976226807,0.6285602683565882,"[324.0, 240.0]"
pseudopapilledema_0299_WHC.jpg,ok,pseudopapilledema,"[340.0, 190.0]",71.83757109179989,0.899444043636322,0.20867645740509033,0.941562831401825,-0.15836802124977112,0.5953526369878139,"[362.0, 209.0]"
pseudopapilledema_0300_WHC.jpg,negative_score,pseudopapilledema,"[173.0, 437.0]",45.254833995939045,0.8665347218513488,0.16309654712677002,0.9691835641860962,-0.12504839897155762,-2.0014644862966473,"[242.0, 320.0]"
pseudopapilledema_0301_WHC.jpg,negative_score,pseudopapilledema,"[371.0, 241.0]",35.918785545899944,0.7631740391254425,0.05617040395736694,0.9785905480384827,-0.10995125770568848,-2.4364801347735305,"[291.0, 335.0]"
pseudopapilledema_0302_WHC.jpg,negative_score,pseudopapilledema,"[514.0, 325.0]",45.254833995939045,0.8170733869075775,0.1045113205909729,0.9790297150611877,-0.13620632886886597,-1.1038701317453032,"[423.0, 297.0]"
pseudopapilledema_0303_WHC.jpg,negative_score,pseudopapilledema,"[213.0, 440.0]",57.01751796098172,0.770469307899475,0.06048005819320679,0.983001708984375,-0.10944026708602905,-1.8787141856394838,"[159.0, 285.0]"
pseudopapilledema_0304_WHC.jpg,negative_score,pseudopapilledema,"[444.0, 230.0]",71.83757109179989,0.8413036823272705,0.1426483392715454,0.964177131652832,-0.11865675449371338,-1.650600608649596,"[260.0, 279.0]"
pseudopapilledema_0305_WHC.jpg,negative_score,pseudopapilledema,"[362.0, 142.0]",71.83757109179989,0.9026876509189605,0.2146521806716919,0.9499381184577942,-0.11539393663406372,-1.2850065748333486,"[235.0, 246.0]"
pseudopapilledema_0306_WHC.jpg,ok,pseudopapilledema,"[436.0, 184.0]",143.67514218359977,0.9297676384449004,0.2681431770324707,0.923004686832428,-0.07760590314865112,0.7146340043456727,"[436.0, 225.0]"
pseudopapilledema_0307_WHC.jpg,negative_score,pseudopapilledema,"[232.0, 98.0]",71.83757109179989,0.8486344516277313,0.14679354429244995,0.9743211269378662,-0.09908059239387512,-2.102757937597096,"[261.0, 319.0]"
pseudopapilledema_0308_WHC.jpg,negative_score,pseudopapilledema,"[368.0, 133.0]",35.918785545899944,0.7466065168380737,0.042117536067962646,0.980306088924408,-0.09137359261512756,-3.8241395659161928,"[248.0, 258.0]"
pseudopapilledema_0309_WHC.jpg,ok,pseudopapilledema,"[260.0, 302.0]",71.83757109179989,0.861270636320114,0.15512508153915405,0.9646723866462708,-0.15437442064285278,0.6077539206997604,"[285.0, 289.0]"
pseudopapilledema_0310_WHC.jpg,ok,pseudopapilledema,"[359.0, 264.0]",57.01751796098172,0.7787264585494994,0.10184568166732788,0.9366872310638428,-0.10599857568740845,0.5076716998722006,"[387.0, 262.0]"
pseudopapilledema_0311_WHC.jpg,negative_score,pseudopapilledema,"[157.0, 222.0]",45.254833995939045,0.7965535879135132,0.08955544233322144,0.9794261455535889,-0.1069992184638977,-0.5639056177563913,"[222.0, 250.0]"
pseudopapilledema_0312_WHC.jpg,negative_score,pseudopapilledema,"[466.0, 225.0]",57.01751796098172,0.7835539400577545,0.09812694787979126,0.9535192847251892,-0.08981746435165405,-2.4573924394636086,"[272.0, 260.0]"
pseudopapilledema_0313_WHC.jpg,ok,pseudopapilledema,"[260.0, 277.0]",35.918785545899944,0.7757597386837005,0.06759178638458252,0.9775688052177429,-0.11934894323348999,0.16292847044273584,"[290.0, 275.0]"
pseudopapilledema_0314_WHC.jpg,ok,pseudopapilledema,"[520.0, 170.0]",90.50966799187809,0.8133567810058594,0.11628532409667969,0.9574687480926514,-0.13421666622161865,0.4366326132087517,"[470.0, 160.0]"
pseudopapilledema_0315_WHC.jpg,negative_score,pseudopapilledema,"[236.0, 83.0]",45.254833995939045,0.8284327387809753,0.1330413818359375,0.9592214822769165,-0.11968159675598145,-1.9583700115097162,"[204.0, 213.0]"
pseudopapilledema_0316_WHC.jpg,negative_score,pseudopapilledema,"[311.0, 240.0]",35.918785545899944,0.7732313871383667,0.07773607969284058,0.9600702524185181,-0.11723065376281738,-0.35763892402851116,"[264.0, 253.0]"
pseudopapilledema_0317_WHC.jpg,negative_score,pseudopapilledema,"[228.0, 432.0]",35.918785545899944,0.7783825397491454,0.06716763973236084,0.9808237552642822,-0.12319135665893555,-4.670874982700142,"[195.0, 231.0]"
pseudopapilledema_0318_WHC.jpg,negative_score,pseudopapilledema,"[411.0, 131.0]",45.254833995939045,0.8144417345523833,0.10526955127716064,0.9841219782829285,-0.10143399238586426,-4.080071742234552,"[253.0, 298.0]"
pseudopapilledema_0319_WHC.jpg,negative_score,pseudopapilledema,"[599.0, 367.0]",35.918785545899944,0.7291509807109833,0.032570600509643555,0.9655738472938538,-0.10339343547821045,-4.665405123715499,"[472.0, 208.0]"
pseudopapilledema_0320_WHC.jpg,negative_score,pseudopapilledema,"[226.0, 252.0]",45.254833995939045,0.7597440540790558,0.06773626804351807,0.9517686367034912,-0.12884870171546936,-0.1050752943804325,"[276.0, 251.0]"
pseudopapilledema_0321_WHC.jpg,negative_score,pseudopapilledema,"[329.0, 210.0]",35.918785545899944,0.7338845908641815,0.018942415714263916,0.9948796629905701,-0.09263205528259277,-0.7993290570928964,"[265.0, 219.0]"
pseudopapilledema_0322_WHC.jpg,negative_score,pseudopapilledema,"[300.0, 191.0]",35.918785545899944,0.7633578062057494,0.04830652475357056,0.9816393852233887,-0.13951855897903442,-0.5152032138504061,"[249.0, 210.0]"
pseudopapilledema_0323_WHC.jpg,ok,pseudopapilledema,"[268.0, 262.0]",71.83757109179989,0.8011809051036834,0.12651336193084717,0.9297193884849548,-0.1193198561668396,0.6018699009797828,"[245.0, 245.0]"
pseudopapilledema_0324_WHC.jpg,ok,pseudopapilledema,"[257.0, 235.0]",57.01751796098172,0.7639254927635192,0.08049499988555908,0.9433572888374329,-0.11540195345878601,0.8263780099409782,"[264.0, 228.0]"
pseudopapilledema_0325_WHC.jpg,negative_score,pseudopapilledema,"[304.0, 452.0]",45.254833995939045,0.7461498975753783,0.054087936878204346,0.9641720056533813,-0.08570778369903564,-3.491745902207737,"[386.0, 266.0]"
pseudopapilledema_0326_WHC.jpg,negative_score,pseudopapilledema,"[343.0, 197.0]",35.918785545899944,0.7488381564617157,0.046890854835510254,0.9728063941001892,-0.10491412878036499,-1.69723403188173,"[362.0, 292.0]"
pseudopapilledema_0327_WHC.jpg,negative_score,pseudopapilledema,"[150.0, 182.0]",35.918785545899944,0.7482695519924163,0.06008279323577881,0.9524361491203308,-0.10740727186203003,-1.5322691720342863,"[173.0, 270.0]"
pseudopapilledema_0328_WHC.jpg,negative_score,pseudopapilledema,"[327.0, 276.0]",45.254833995939045,0.8030526399612427,0.09969311952590942,0.9677772521972656,-0.12957721948623657,-0.1252169929618021,"[344.0, 324.0]"
pseudopapilledema_0329_WHC.jpg,negative_score,pseudopapilledema,"[393.0, 185.0]",57.01751796098172,0.8015241742134094,0.09598797559738159,0.9741640090942383,-0.11810696125030518,-0.4708283785400693,"[321.0, 228.0]"
pseudopapilledema_0330_WHC.jpg,negative_score,pseudopapilledema,"[551.0, 472.0]",35.918785545899944,0.72994185090065,0.01966911554336548,0.9936160445213318,-0.07370752096176147,-7.675592647695938,"[432.0, 184.0]"
pseudopapilledema_0331_WHC.jpg,ok,pseudopapilledema,"[398.0, 240.0]",114.03503592196344,0.8280502021312713,0.18962639570236206,0.8864867091178894,-0.0894155502319336,0.868169494955388,"[397.0, 255.0]"
pseudopapilledema_0332_WHC.jpg,negative_score,pseudopapilledema,"[321.0, 239.0]",35.918785545899944,0.7857336163520813,0.08787661790847778,0.9635148048400879,-0.11698317527770996,-1.1393818484078477,"[394.0, 263.0]"
pseudopapilledema_0333_WHC.jpg,negative_score,pseudopapilledema,"[362.0, 84.0]",35.918785545899944,0.756991559267044,0.06097525358200073,0.97431880235672,-0.06996572017669678,-5.020071854248175,"[393.0, 298.0]"
pseudopapilledema_0334_WHC.jpg,negative_score,pseudopapilledema,"[251.0, 456.0]",57.01751796098172,0.7780974268913268,0.07295304536819458,0.9793932437896729,-0.09784555435180664,-2.4753617991587262,"[166.0, 277.0]"
pseudopapilledema_0335_WHC.jpg,negative_score,pseudopapilledema,"[151.0, 103.0]",35.918785545899944,0.7711870491504669,0.08804816007614136,0.9526915550231934,-0.08127400279045105,-4.271216102077654,"[249.0, 265.0]"
pseudopapilledema_0336_WHC.jpg,negative_score,pseudopapilledema,"[216.0, 65.0]",35.918785545899944,0.7516493260860443,0.1044350266456604,0.9131913781166077,-0.039901673793792725,-3.1860983535080365,"[288.0, 197.0]"
pseudopapilledema_0337_WHC.jpg,negative_score,pseudopapilledema,"[506.0, 226.0]",57.01751796098172,0.785858553647995,0.10687255859375,0.9442651271820068,-0.09000203013420105,-0.49817955133482394,"[430.0, 187.0]"
pseudopapilledema_0338_WHC.jpg,ok,pseudopapilledema,"[385.0, 223.0]",57.01751796098172,0.7838127136230468,0.08263802528381348,0.975128173828125,-0.09292483329772949,0.1839427221583283,"[431.0, 230.0]"
pseudopapilledema_0339_WHC.jpg,negative_score,pseudopapilledema,"[421.0, 176.0]",45.254833995939045,0.8324459791183471,0.12418973445892334,0.9716434478759766,-0.14052915573120117,-0.42264745501125467,"[357.0, 169.0]"
pseudopapilledema_0340_WHC.jpg,ok,pseudopapilledema,"[272.0, 243.0]",45.254833995939045,0.7992724537849426,0.09748929738998413,0.9653064012527466,-0.13034337759017944,0.22660195807721373,"[307.0, 243.0]"
pseudopapilledema_0341_WHC.jpg,negative_score,pseudopapilledema,"[380.0, 352.0]",71.83757109179989,0.8796844780445099,0.18554753065109253,0.961456298828125,-0.10558769106864929,-1.7663582569920044,"[237.0, 214.0]"
pseudopapilledema_0342_WHC.jpg,ok,pseudopapilledema,"[416.0, 274.0]",114.03503592196344,0.9083851099014282,0.24427926540374756,0.9125080704689026,-0.12675097584724426,0.6307537749041505,"[458.0, 271.0]"
pseudopapilledema_0343_WHC.jpg,ok,pseudopapilledema,"[354.0, 196.0]",71.83757109179989,0.8834079265594481,0.22373640537261963,0.9002200961112976,-0.14758726954460144,0.8754931190731735,"[346.0, 200.0]"
pseudopapilledema_0344_WHC.jpg,ok,pseudopapilledema,"[290.0, 241.0]",57.01751796098172,0.9397888898849487,0.26718682050704956,0.9180773496627808,-0.14973962306976318,0.9055524512515665,"[285.0, 243.0]"
pseudopapilledema_0345_WHC.jpg,ok,pseudopapilledema,"[289.0, 243.0]",57.01751796098172,0.938359123468399,0.26602762937545776,0.9177713990211487,-0.14945757389068604,0.8511811513779813,"[283.0, 249.0]"
pseudopapilledema_0346_WHC.jpg,negative_score,pseudopapilledema,"[479.0, 318.0]",57.01751796098172,0.7218734085559845,0.06767255067825317,0.903679609298706,-0.10812565684318542,-0.676094190527486,"[386.0, 296.0]"
pseudopapilledema_0347_WHC.jpg,negative_score,pseudopapilledema,"[286.0, 238.0]",57.01751796098172,0.7736959397792816,0.07894551753997803,0.9626194834709167,-0.10458391904830933,-1.0556702369091218,"[403.0, 245.0]"
pseudopapilledema_0348_WHC.jpg,negative_score,pseudopapilledema,"[267.0, 107.0]",57.01751796098172,0.7509243607521057,0.059252023696899414,0.9606522917747498,-0.09607866406440735,-1.828102000051783,"[276.0, 268.0]"
pseudopapilledema_0349_WHC.jpg,negative_score,pseudopapilledema,"[255.0, 84.0]",57.01751796098172,0.7812974601984023,0.09477853775024414,0.9647559523582458,-0.05594877898693085,-1.7724653716974483,"[250.0, 242.0]"
pseudopapilledema_0350_WHC.jpg,negative_score,pseudopapilledema,"[269.0, 107.0]",57.01751796098172,0.7530946671962738,0.06190735101699829,0.9614509344100952,-0.09085831046104431,-1.8438832457144483,"[276.0, 269.0]"
pseudopapilledema_0351_WHC.jpg,negative_score,pseudopapilledema,"[463.0, 160.0]",45.254833995939045,0.7213077247142791,0.045335471630096436,0.9417073130607605,-0.08388566970825195,-3.0664043737987985,"[314.0, 268.0]"
pseudopapilledema_0352_WHC.jpg,ok,pseudopapilledema,"[236.0, 266.0]",114.03503592196344,0.8760827720165253,0.2047366499900818,0.9357243776321411,-0.08169528841972351,0.7996464934406069,"[215.0, 257.0]"
pseudopapilledema_0353_WHC.jpg,ok,pseudopapilledema,"[422.0, 212.0]",114.03503592196344,0.9196243166923522,0.2362900972366333,0.9461539387702942,-0.10513231158256531,0.5723705353649631,"[375.0, 199.0]"
pseudopapilledema_0354_WHC.jpg,ok,pseudopapilledema,"[340.0, 220.0]",71.83757109179989,0.9290306270122528,0.2097826600074768,0.984022319316864,-0.15216171741485596,0.901568667976963,"[345.0, 215.0]"
pseudopapilledema_0355_WHC.jpg,negative_score,pseudopapilledema,"[404.0, 124.0]",71.83757109179989,0.922115969657898,0.24447667598724365,0.933525562286377,-0.12085700035095215,-0.2613044809770466,"[387.0, 213.0]"
pseudopapilledema_0356_WHC.jpg,ok,pseudopapilledema,"[352.0, 280.0]",114.03503592196344,1.015345174074173,0.3971068263053894,0.8442355990409851,-0.13636714220046997,0.8117165450074757,"[362.0, 261.0]"
pseudopapilledema_0357_WHC.jpg,ok,pseudopapilledema,"[286.0, 228.0]",71.83757109179989,0.8304646313190459,0.1623435616493225,0.9152249693870544,-0.137317955493927,0.9164782451743432,"[286.0, 234.0]"
pseudopapilledema_0358_WHC.jpg,ok,pseudopapilledema,"[224.0, 252.0]",90.50966799187809,0.8222908318042755,0.13819056749343872,0.9415334463119507,-0.12513425946235657,0.6436951796565195,"[256.0, 256.0]"
pseudopapilledema_0359_WHC.jpg,ok,pseudopapilledema,"[250.0, 206.0]",71.83757109179989,0.7766725540161132,0.07399064302444458,0.9654995799064636,-0.13416102528572083,0.6947041517949544,"[234.0, 191.0]"
pseudopapilledema_0360_WHC.jpg,ok,pseudopapilledema,"[394.0, 256.0]",114.03503592196344,1.0852709233760833,0.4413486123085022,0.887801468372345,-0.11230641603469849,0.9210768872282472,"[403.0, 256.0]"
pseudopapilledema_0361_WHC.jpg,ok,pseudopapilledema,"[361.0, 263.0]",57.01751796098172,1.0973222374916078,0.40090399980545044,0.9503387212753296,-0.15590566396713257,0.1012496907293734,"[366.0, 212.0]"
pseudopapilledema_0362_WHC.jpg,ok,pseudopapilledema,"[234.0, 252.0]",57.01751796098172,1.0848676443099976,0.3881450891494751,0.9488568305969238,-0.1626138687133789,0.9105710017562997,"[229.0, 253.0]"
pseudopapilledema_0363_WHC.jpg,ok,pseudopapilledema,"[252.0, 280.0]",57.01751796098172,1.0748843193054198,0.4116031527519226,0.9017999172210693,-0.1601061224937439,0.8596922439613284,"[252.0, 288.0]"
pseudopapilledema_0364_WHC.jpg,ok,pseudopapilledema,"[114.0, 287.0]",57.01751796098172,1.0208701133728026,0.32186973094940186,0.9538125991821289,-0.15665781497955322,0.5894349551052224,"[106.0, 265.0]"
