filename,class,num_candidates,candidates
normal/normal_0001_EDD.jpg,normal,0,[]
normal/normal_0002_EDD.jpg,normal,0,[]
normal/normal_0003_EDD.jpg,normal,0,[]
normal/normal_0004_EDD.jpg,normal,1,"[{'vessel_blob_score': -7.120340301270794, 'centre': [225.0, 272.0], 'radius': 35.918785545899944, 'blob_score': 0.7390765726566314, 'blob_contrast': 0.03220987319946289, 'blob_brightness': 0.9804289937019348, 'blob_response': -0.10283201932907104, 'vessel_centre': [512.0, 220.0]}]"
normal/normal_0005_EDD.jpg,normal,1,"[{'vessel_blob_score': -2.8678378685465096, 'centre': [247.0, 149.0], 'radius': 35.918785545899944, 'blob_score': 0.49926390945911403, 'blob_contrast': 0.03132838010787964, 'blob_brightness': 0.6654320359230042, 'blob_response': -0.010665521025657654, 'vessel_centre': [117.0, 198.0]}]"
normal/normal_0006_EDD.jpg,normal,2,"[{'vessel_blob_score': -3.5098310365625167, 'centre': [224.0, 289.0], 'radius': 35.918785545899944, 'blob_score': 0.6252746194601059, 'blob_contrast': 0.035278260707855225, 'blob_brightness': 0.8396366238594055, 'blob_response': -0.011253610253334045, 'vessel_centre': [360.0, 201.0]}, {'vessel_blob_score': -1.1655145173838015, 'centre': [262.0, 201.0], 'radius': 45.254833995939045, 'blob_score': 0.7288967072963713, 'blob_contrast': 0.0716826319694519, 'blob_brightness': 0.916622519493103, 'blob_response': -0.07789155840873718, 'vessel_centre': [360.0, 201.0]}]"
normal/normal_0007_EDD.jpg,normal,0,[]
normal/normal_0008_EDD.jpg,normal,2,"[{'vessel_blob_score': -2.323757404091038, 'centre': [229.0, 272.0], 'radius': 45.254833995939045, 'blob_score': 0.7199611961841583, 'blob_contrast': 0.05040907859802246, 'blob_brightness': 0.9394323825836182, 'blob_response': -0.05974724888801575, 'vessel_centre': [101.0, 193.0]}, {'vessel_blob_score': -1.4152835054973978, 'centre': [219.0, 264.0], 'radius': 57.01751796098172, 'blob_score': 0.7234248518943787, 'blob_contrast': 0.05765378475189209, 'blob_brightness': 0.9340846538543701, 'blob_response': -0.05955904722213745, 'vessel_centre': [101.0, 193.0]}]"
normal/normal_0009_EDD.jpg,normal,3,"[{'vessel_blob_score': -1.859324307624469, 'centre': [203.0, 213.0], 'radius': 35.918785545899944, 'blob_score': 0.7323434710502624, 'blob_contrast': 0.028471171855926514, 'blob_brightness': 0.9868613481521606, 'blob_response': -0.06534677743911743, 'vessel_centre': [101.0, 201.0]}, {'vessel_blob_score': -1.4934868371053502, 'centre': [223.0, 274.0], 'radius': 57.01751796098172, 'blob_score': 0.7687788903713226, 'blob_contrast': 0.06450945138931274, 'blob_brightness': 0.9774062037467957, 'blob_response': -0.10042548179626465, 'vessel_centre': [101.0, 201.0]}, {'vessel_blob_score': 0.06549959035589514, 'centre': [178.0, 236.0], 'radius': 90.50966799187809, 'blob_score': 0.7977239489555359, 'blob_contrast': 0.09698271751403809, 'blob_brightness': 0.9700055718421936, 'blob_response': -0.1086866557598114, 'vessel_centre': [101.0, 201.0]}]"
normal/normal_0010_EDD.jpg,normal,3,"[{'vessel_blob_score': 0.6782615580941562, 'centre': [297.0, 196.0], 'radius': 45.254833995939045, 'blob_score': 0.7964749991893768, 'blob_contrast': 0.089638352394104, 'blob_brightness': 0.9719565510749817, 'blob_response': -0.13233530521392822, 'vessel_centre': [283.0, 200.0]}, {'vessel_blob_score': -0.7998947789268693, 'centre': [227.0, 286.0], 'radius': 57.01751796098172, 'blob_score': 0.7519944667816162, 'blob_contrast': 0.0688663125038147, 'blob_brightness': 0.9507735371589661, 'blob_response': -0.08793339133262634, 'vessel_centre': [283.0, 200.0]}, {'vessel_blob_score': 0.6387616243219721, 'centre': [270.0, 230.0], 'radius': 90.50966799187809, 'blob_score': 0.797446471452713, 'blob_contrast': 0.12567251920700073, 'blob_brightness': 0.9331653714179993, 'blob_response': -0.09279096126556396, 'vessel_centre': [283.0, 200.0]}]"
normal/normal_0011_EDD.jpg,normal,1,"[{'vessel_blob_score': -2.6986088737087517, 'centre': [255.0, 193.0], 'radius': 35.918785545899944, 'blob_score': 0.648344075679779, 'blob_contrast': 0.03991669416427612, 'blob_brightness': 0.8588418960571289, 'blob_response': -0.03619027137756348, 'vessel_centre': [123.0, 178.0]}]"
normal/normal_0012_EDD.jpg,normal,0,[]
normal/normal_0013_EDD.jpg,normal,3,"[{'vessel_blob_score': -2.9963605681820407, 'centre': [375.0, 272.0], 'radius': 35.918785545899944, 'blob_score': 0.536263033747673, 'blob_contrast': 0.02506089210510254, 'blob_brightness': 0.7272347807884216, 'blob_response': -0.01068897545337677, 'vessel_centre': [498.0, 198.0]}, {'vessel_blob_score': -2.1710169596195854, 'centre': [420.0, 281.0], 'radius': 35.918785545899944, 'blob_score': 0.5509942978620529, 'blob_contrast': 0.03294175863265991, 'blob_brightness': 0.736629843711853, 'blob_response': -0.012058243155479431, 'vessel_centre': [498.0, 198.0]}, {'vessel_blob_score': -1.8957302889340362, 'centre': [400.0, 285.0], 'radius': 45.254833995939045, 'blob_score': 0.5589782923460006, 'blob_contrast': 0.04411041736602783, 'blob_brightness': 0.7317403554916382, 'blob_response': -0.013248130679130554, 'vessel_centre': [498.0, 198.0]}]"
normal/normal_0014_EDD.jpg,normal,0,[]
normal/normal_0015_EDD.jpg,normal,0,[]
normal/normal_0016_EDD.jpg,normal,0,[]
normal/normal_0017_EDD.jpg,normal,1,"[{'vessel_blob_score': -1.7740177776701818, 'centre': [220.0, 223.0], 'radius': 35.918785545899944, 'blob_score': 0.6781491756439209, 'blob_contrast': 0.03078526258468628, 'blob_brightness': 0.9150182008743286, 'blob_response': -0.03425586223602295, 'vessel_centre': [122.0, 205.0]}]"
normal/normal_0018_EDD.jpg,normal,1,"[{'vessel_blob_score': -1.516837828754566, 'centre': [400.0, 257.0], 'radius': 45.254833995939045, 'blob_score': 0.6866068482398987, 'blob_contrast': 0.04361140727996826, 'blob_brightness': 0.905434787273407, 'blob_response': -0.04595544934272766, 'vessel_centre': [483.0, 179.0]}]"
normal/normal_0019_EDD.jpg,normal,0,[]
normal/normal_0020_EDD.jpg,normal,0,[]
normal/normal_0021_EDD.jpg,normal,0,[]
normal/normal_0022_EDD.jpg,normal,2,"[{'vessel_blob_score': -2.5597865076151503, 'centre': [406.0, 174.0], 'radius': 35.918785545899944, 'blob_score': 0.7153635323047638, 'blob_contrast': 0.04545074701309204, 'blob_brightness': 0.9375684261322021, 'blob_response': -0.06807443499565125, 'vessel_centre': [513.0, 244.0]}, {'vessel_blob_score': -2.546698210929442, 'centre': [386.0, 254.0], 'radius': 35.918785545899944, 'blob_score': 0.6744564116001128, 'blob_contrast': 0.02537935972213745, 'blob_brightness': 0.9186195731163025, 'blob_response': -0.030216753482818604, 'vessel_centre': [513.0, 244.0]}]"
normal/normal_0023_EDD.jpg,normal,2,"[{'vessel_blob_score': -1.8903300979733455, 'centre': [243.0, 172.0], 'radius': 35.918785545899944, 'blob_score': 0.7304203450679778, 'blob_contrast': 0.03943932056427002, 'blob_brightness': 0.9659153819084167, 'blob_response': -0.07420128583908081, 'vessel_centre': [140.0, 185.0]}, {'vessel_blob_score': 0.8500738617609189, 'centre': [145.0, 183.0], 'radius': 35.918785545899944, 'blob_score': 0.8106234729290008, 'blob_contrast': 0.09529131650924683, 'blob_brightness': 0.9888564944267273, 'blob_response': -0.11566305160522461, 'vessel_centre': [140.0, 185.0]}]"
normal/normal_0024_EDD.jpg,normal,0,[]
normal/normal_0025_EDD.jpg,normal,3,"[{'vessel_blob_score': -2.4787365129810848, 'centre': [370.0, 273.0], 'radius': 35.918785545899944, 'blob_score': 0.7170088708400726, 'blob_contrast': 0.02576833963394165, 'blob_brightness': 0.9691586494445801, 'blob_response': -0.06414738297462463, 'vessel_centre': [493.0, 251.0]}, {'vessel_blob_score': -1.6833179670885072, 'centre': [388.0, 190.0], 'radius': 45.254833995939045, 'blob_score': 0.738372141122818, 'blob_contrast': 0.03981882333755493, 'blob_brightness': 0.9753664135932922, 'blob_response': -0.07898414134979248, 'vessel_centre': [493.0, 251.0]}, {'vessel_blob_score': -0.2703422890111151, 'centre': [480.0, 195.0], 'radius': 45.254833995939045, 'blob_score': 0.7870105624198913, 'blob_contrast': 0.07603633403778076, 'blob_brightness': 0.9809895753860474, 'blob_response': -0.12140762805938721, 'vessel_centre': [493.0, 251.0]}]"
normal/normal_0026_EDD.jpg,normal,3,"[{'vessel_blob_score': 0.860797075290572, 'centre': [142.0, 182.0], 'radius': 35.918785545899944, 'blob_score': 0.7764720261096953, 'blob_contrast': 0.06620079278945923, 'blob_brightness': 0.9861395955085754, 'blob_response': -0.09986758232116699, 'vessel_centre': [138.0, 185.0]}, {'vessel_blob_score': -1.1760226836956171, 'centre': [160.0, 260.0], 'radius': 35.918785545899944, 'blob_score': 0.7302148640155791, 'blob_contrast': 0.02681267261505127, 'blob_brightness': 0.98487788438797, 'blob_response': -0.06993836164474487, 'vessel_centre': [138.0, 185.0]}, {'vessel_blob_score': -1.5188740664233293, 'centre': [251.0, 170.0], 'radius': 45.254833995939045, 'blob_score': 0.7559288084506988, 'blob_contrast': 0.04628312587738037, 'blob_brightness': 0.9871934056282043, 'blob_response': -0.0930514931678772, 'vessel_centre': [138.0, 185.0]}]"
normal/normal_0027_EDD.jpg,normal,2,"[{'vessel_blob_score': -2.5111161177552144, 'centre': [382.0, 179.0], 'radius': 35.918785545899944, 'blob_score': 0.6655769854784012, 'blob_contrast': 0.025406837463378906, 'blob_brightness': 0.9062897562980652, 'blob_response': -0.02883659303188324, 'vessel_centre': [506.0, 202.0]}, {'vessel_blob_score': -2.5761798752299914, 'centre': [382.0, 306.0], 'radius': 45.254833995939045, 'blob_score': 0.6745702654123306, 'blob_contrast': 0.04618430137634277, 'blob_brightness': 0.8901343941688538, 'blob_response': -0.02645944058895111, 'vessel_centre': [506.0, 202.0]}]"
normal/normal_0028_EDD.jpg,normal,7,"[{'vessel_blob_score': -2.9885949828639875, 'centre': [271.0, 153.0], 'radius': 35.918785545899944, 'blob_score': 0.7349193990230559, 'blob_contrast': 0.02256321907043457, 'blob_brightness': 0.996670663356781, 'blob_response': -0.07343357801437378, 'vessel_centre': [129.0, 172.0]}, {'vessel_blob_score': -1.7645013936108955, 'centre': [113.0, 270.0], 'radius': 35.918785545899944, 'blob_score': 0.7263362646102905, 'blob_contrast': 0.02798604965209961, 'blob_brightness': 0.9892144799232483, 'blob_response': -0.02950039505958557, 'vessel_centre': [129.0, 172.0]}, {'vessel_blob_score': -0.26899628151543453, 'centre': [96.0, 219.0], 'radius': 45.254833995939045, 'blob_score': 0.7329825937747955, 'blob_contrast': 0.03460425138473511, 'blob_brightness': 0.9884263873100281, 'blob_response': -0.03239935636520386, 'vessel_centre': [129.0, 172.0]}, {'vessel_blob_score': 0.8194304047392502, 'centre': [134.0, 163.0], 'radius': 57.01751796098172, 'blob_score': 0.7433448255062103, 'blob_contrast': 0.041226983070373535, 'blob_brightness': 0.9922923445701599, 'blob_response': -0.03756600618362427, 'vessel_centre': [129.0, 172.0]}, {'vessel_blob_score': -1.9671130507149432, 'centre': [243.0, 297.0], 'radius': 57.01751796098172, 'blob_score': 0.7382301330566406, 'blob_contrast': 0.031659483909606934, 'blob_brightness': 0.9945752024650574, 'blob_response': -0.05184003710746765, 'vessel_centre': [129.0, 172.0]}, {'vessel_blob_score': 0.8877710141675594, 'centre': [128.0, 180.0], 'radius': 71.83757109179989, 'blob_score': 0.7517071545124054, 'blob_contrast': 0.05215322971343994, 'blob_brightness': 0.9885182976722717, 'blob_response': -0.03795558214187622, 'vessel_centre': [129.0, 172.0]}, {'vessel_blob_score': -1.2361467010481046, 'centre': [238.0, 290.0], 'radius': 71.83757109179989, 'blob_score': 0.7546851098537444, 'blob_contrast': 0.04918217658996582, 'blob_brightness': 0.9930245280265808, 'blob_response': -0.051928818225860596, 'vessel_centre': [129.0, 172.0]}]"
normal/normal_0029_EDD.jpg,normal,2,"[{'vessel_blob_score': -2.557905480229906, 'centre': [244.0, 162.0], 'radius': 45.254833995939045, 'blob_score': 0.6970876276493072, 'blob_contrast': 0.042619168758392334, 'blob_brightness': 0.9243502616882324, 'blob_response': -0.03711637854576111, 'vessel_centre': [90.0, 209.0]}, {'vessel_blob_score': -1.4903391562749988, 'centre': [229.0, 180.0], 'radius': 57.01751796098172, 'blob_score': 0.7013458758592606, 'blob_contrast': 0.04717963933944702, 'blob_brightness': 0.9233533143997192, 'blob_response': -0.039094582200050354, 'vessel_centre': [90.0, 209.0]}]"
normal/normal_0030_EDD.jpg,normal,1,"[{'vessel_blob_score': 0.00042733740237776985, 'centre': [408.0, 210.0], 'radius': 90.50966799187809, 'blob_score': 0.7654780685901642, 'blob_contrast': 0.11755597591400146, 'blob_brightness': 0.9035854339599609, 'blob_response': -0.07706144452095032, 'vessel_centre': [496.0, 189.0]}]"
normal/normal_0031_EDD.jpg,normal,0,[]
normal/normal_0032_EDD.jpg,normal,5,"[{'vessel_blob_score': -1.9508393451233332, 'centre': [381.0, 248.0], 'radius': 35.918785545899944, 'blob_score': 0.7296866357326507, 'blob_contrast': 0.0227205753326416, 'blob_brightness': 0.9942139387130737, 'blob_response': -0.05508151650428772, 'vessel_centre': [286.0, 201.0]}, {'vessel_blob_score': -0.4897108045691283, 'centre': [223.0, 177.0], 'radius': 45.254833995939045, 'blob_score': 0.7249405682086945, 'blob_contrast': 0.02049422264099121, 'blob_brightness': 0.9938288331031799, 'blob_response': -0.043830811977386475, 'vessel_centre': [286.0, 201.0]}, {'vessel_blob_score': -1.5742869158273711, 'centre': [220.0, 297.0], 'radius': 45.254833995939045, 'blob_score': 0.7271218478679656, 'blob_contrast': 0.023223042488098145, 'blob_brightness': 0.9928085207939148, 'blob_response': -0.044664204120635986, 'vessel_centre': [286.0, 201.0]}, {'vessel_blob_score': -0.9074244703005945, 'centre': [228.0, 293.0], 'radius': 57.01751796098172, 'blob_score': 0.7372133314609527, 'blob_contrast': 0.0335041880607605, 'blob_brightness': 0.9922600388526917, 'blob_response': -0.04563558101654053, 'vessel_centre': [286.0, 201.0]}, {'vessel_blob_score': -0.41090250366989434, 'centre': [234.0, 288.0], 'radius': 71.83757109179989, 'blob_score': 0.7502440989017486, 'blob_contrast': 0.047899067401885986, 'blob_brightness': 0.9901655912399292, 'blob_response': -0.04614558815956116, 'vessel_centre': [286.0, 201.0]}]"
normal/normal_0033_EDD.jpg,normal,6,"[{'vessel_blob_score': -2.108809913867723, 'centre': [187.0, 122.0], 'radius': 35.918785545899944, 'blob_score': 0.7227513015270233, 'blob_contrast': 0.01784735918045044, 'blob_brightness': 0.995081901550293, 'blob_response': -0.04173305630683899, 'vessel_centre': [100.0, 192.0]}, {'vessel_blob_score': -6.748390416377187, 'centre': [377.0, 165.0], 'radius': 35.918785545899944, 'blob_score': 0.7245980992913246, 'blob_contrast': 0.030997931957244873, 'blob_brightness': 0.985412061214447, 'blob_response': -0.019058622419834137, 'vessel_centre': [100.0, 192.0]}, {'vessel_blob_score': 0.6322311782518806, 'centre': [114.0, 201.0], 'radius': 45.254833995939045, 'blob_score': 0.716782784461975, 'blob_contrast': 0.016354084014892578, 'blob_brightness': 0.993147611618042, 'blob_response': -0.026126861572265625, 'vessel_centre': [100.0, 192.0]}, {'vessel_blob_score': -1.7096225890667576, 'centre': [250.0, 155.0], 'radius': 57.01751796098172, 'blob_score': 0.7327374219894409, 'blob_contrast': 0.025105297565460205, 'blob_brightness': 0.9948745965957642, 'blob_response': -0.056099534034729004, 'vessel_centre': [100.0, 192.0]}, {'vessel_blob_score': -2.2149024029247686, 'centre': [235.0, 316.0], 'radius': 57.01751796098172, 'blob_score': 0.7467544078826903, 'blob_contrast': 0.040520429611206055, 'blob_brightness': 0.99354487657547, 'blob_response': -0.05376282334327698, 'vessel_centre': [100.0, 192.0]}, {'vessel_blob_score': -0.9852894484114336, 'centre': [238.0, 156.0], 'radius': 71.83757109179989, 'blob_score': 0.7419003725051879, 'blob_contrast': 0.03576630353927612, 'blob_brightness': 0.9928219318389893, 'blob_response': -0.055793583393096924, 'vessel_centre': [100.0, 192.0]}]"
normal/normal_0034_EDD.jpg,normal,0,[]
normal/normal_0035_EDD.jpg,normal,2,"[{'vessel_blob_score': -1.8370456684727512, 'centre': [238.0, 190.0], 'radius': 45.254833995939045, 'blob_score': 0.7007285296916961, 'blob_contrast': 0.05322831869125366, 'blob_brightness': 0.9139955639839172, 'blob_response': -0.0385165810585022, 'vessel_centre': [116.0, 230.0]}, {'vessel_blob_score': -1.4150609787850077, 'centre': [208.0, 289.0], 'radius': 45.254833995939045, 'blob_score': 0.6976071476936341, 'blob_contrast': 0.04178738594055176, 'blob_brightness': 0.9234699606895447, 'blob_response': -0.046953946352005005, 'vessel_centre': [116.0, 230.0]}]"
normal/normal_0036_EDD.jpg,normal,4,"[{'vessel_blob_score': -3.492783829731972, 'centre': [359.0, 303.0], 'radius': 35.918785545899944, 'blob_score': 0.7109660029411315, 'blob_contrast': 0.0446811318397522, 'blob_brightness': 0.935716450214386, 'blob_response': -0.05641677975654602, 'vessel_centre': [478.0, 194.0]}, {'vessel_blob_score': -1.6157762053069447, 'centre': [361.0, 176.0], 'radius': 45.254833995939045, 'blob_score': 0.7420044004917145, 'blob_contrast': 0.05780386924743652, 'blob_brightness': 0.9520793557167053, 'blob_response': -0.08872491121292114, 'vessel_centre': [478.0, 194.0]}, {'vessel_blob_score': -2.3786149621553503, 'centre': [365.0, 297.0], 'radius': 45.254833995939045, 'blob_score': 0.7164753854274749, 'blob_contrast': 0.054319798946380615, 'blob_brightness': 0.9302304983139038, 'blob_response': -0.05497118830680847, 'vessel_centre': [478.0, 194.0]}, {'vessel_blob_score': 0.1690022179788212, 'centre': [384.0, 206.0], 'radius': 114.03503592196344, 'blob_score': 0.7339031815528869, 'blob_contrast': 0.0924532413482666, 'blob_brightness': 0.9023961424827576, 'blob_response': -0.04886320233345032, 'vessel_centre': [478.0, 194.0]}]"
normal/normal_0037_EDD.jpg,normal,0,[]
normal/normal_0038_EDD.jpg,normal,1,"[{'vessel_blob_score': -0.8317750892302733, 'centre': [374.0, 242.0], 'radius': 35.918785545899944, 'blob_score': 0.7233639121055602, 'blob_contrast': 0.017436563968658447, 'blob_brightness': 0.9911884069442749, 'blob_response': -0.06047731637954712, 'vessel_centre': [347.0, 182.0]}]"
normal/normal_0039_EDD.jpg,normal,2,"[{'vessel_blob_score': -3.3254271032118217, 'centre': [272.0, 181.0], 'radius': 35.918785545899944, 'blob_score': 0.6510374039411544, 'blob_contrast': 0.04662299156188965, 'blob_brightness': 0.8537873029708862, 'blob_response': -0.03381650149822235, 'vessel_centre': [119.0, 208.0]}, {'vessel_blob_score': -2.2769316822295824, 'centre': [265.0, 182.0], 'radius': 45.254833995939045, 'blob_score': 0.6541063904762268, 'blob_contrast': 0.05255049467086792, 'blob_brightness': 0.8495759963989258, 'blob_response': -0.0342634916305542, 'vessel_centre': [119.0, 208.0]}]"
normal/normal_0040_EDD.jpg,normal,0,[]
normal/normal_0041_EDD.jpg,normal,0,[]
normal/normal_0042_EDD.jpg,normal,0,[]
normal/normal_0043_EDD.jpg,normal,1,"[{'vessel_blob_score': -4.392887309338658, 'centre': [368.0, 163.0], 'radius': 35.918785545899944, 'blob_score': 0.6425529003143311, 'blob_contrast': 0.02748727798461914, 'blob_brightness': 0.8714348077774048, 'blob_response': -0.025306284427642822, 'vessel_centre': [459.0, 334.0]}]"
normal/normal_0044_EDD.jpg,normal,2,"[{'vessel_blob_score': -0.7335603842463485, 'centre': [266.0, 316.0], 'radius': 57.01751796098172, 'blob_score': 0.7822635412216187, 'blob_contrast': 0.07685840129852295, 'blob_brightness': 0.9820252656936646, 'blob_response': -0.08993726968765259, 'vessel_centre': [309.0, 227.0]}, {'vessel_blob_score': 0.6433527434214585, 'centre': [278.0, 218.0], 'radius': 90.50966799187809, 'blob_score': 0.7977421879768372, 'blob_contrast': 0.0835314393043518, 'blob_brightness': 0.9851924180984497, 'blob_response': -0.12288028001785278, 'vessel_centre': [309.0, 227.0]}]"
normal/normal_0045_EDD.jpg,normal,1,"[{'vessel_blob_score': 0.049568354640903145, 'centre': [473.0, 196.0], 'radius': 45.254833995939045, 'blob_score': 0.7790222346782684, 'blob_contrast': 0.06886821985244751, 'blob_brightness': 0.9869123101234436, 'blob_response': -0.096576988697052, 'vessel_centre': [486.0, 237.0]}]"
normal/normal_0046_EDD.jpg,normal,1,"[{'vessel_blob_score': -0.025363186959168837, 'centre': [376.0, 213.0], 'radius': 57.01751796098172, 'blob_score': 0.7406388938426971, 'blob_contrast': 0.03605133295059204, 'blob_brightness': 0.9909738302230835, 'blob_response': -0.054529398679733276, 'vessel_centre': [319.0, 200.0]}]"
normal/normal_0047_EDD.jpg,normal,0,[]
normal/normal_0048_EDD.jpg,normal,1,"[{'vessel_blob_score': -2.118269799339872, 'centre': [373.0, 170.0], 'radius': 35.918785545899944, 'blob_score': 0.6533525884151459, 'blob_contrast': 0.02960646152496338, 'blob_brightness': 0.8847070336341858, 'blob_response': -0.022256016731262207, 'vessel_centre': [476.0, 214.0]}]"
normal/normal_0049_EDD.jpg,normal,2,"[{'vessel_blob_score': -1.9516272511527162, 'centre': [228.0, 190.0], 'radius': 35.918785545899944, 'blob_score': 0.7354983389377593, 'blob_contrast': 0.03761887550354004, 'blob_brightness': 0.9759558439254761, 'blob_response': -0.07355186343193054, 'vessel_centre': [122.0, 188.0]}, {'vessel_blob_score': -1.6978362278870818, 'centre': [177.0, 297.0], 'radius': 45.254833995939045, 'blob_score': 0.727370822429657, 'blob_contrast': 0.02386075258255005, 'blob_brightness': 0.9810999035835266, 'blob_response': -0.08370068669319153, 'vessel_centre': [122.0, 188.0]}]"
normal/normal_0050_EDD.jpg,normal,0,[]
normal/normal_0051_EDD.jpg,normal,5,"[{'vessel_blob_score': -3.232593058757881, 'centre': [283.0, 168.0], 'radius': 35.918785545899944, 'blob_score': 0.6860725820064544, 'blob_contrast': 0.043434977531433105, 'blob_brightness': 0.9060546159744263, 'blob_response': -0.04199686646461487, 'vessel_centre': [131.0, 165.0]}, {'vessel_blob_score': -2.0255428251131993, 'centre': [238.0, 184.0], 'radius': 35.918785545899944, 'blob_score': 0.6778859257698059, 'blob_contrast': 0.02711409330368042, 'blob_brightness': 0.9187375903129578, 'blob_response': -0.03827759623527527, 'vessel_centre': [131.0, 165.0]}, {'vessel_blob_score': -4.05235668075065, 'centre': [244.0, 307.0], 'radius': 35.918785545899944, 'blob_score': 0.6530074685811996, 'blob_contrast': 0.02672290802001953, 'blob_brightness': 0.8883489966392517, 'blob_response': -0.022201314568519592, 'vessel_centre': [131.0, 165.0]}, {'vessel_blob_score': -2.0743552423638354, 'centre': [270.0, 171.0], 'radius': 45.254833995939045, 'blob_score': 0.6908598750829696, 'blob_contrast': 0.04853111505508423, 'blob_brightness': 0.9059422016143799, 'blob_response': -0.040846094489097595, 'vessel_centre': [131.0, 165.0]}, {'vessel_blob_score': 0.8357051496498977, 'centre': [104.0, 112.0], 'radius': 362.03867196751236, 'blob_score': 0.6901554979383946, 'blob_contrast': 0.17079627513885498, 'blob_brightness': 0.7391254305839539, 'blob_response': -0.00985710695385933, 'vessel_centre': [131.0, 165.0]}]"
normal/normal_0052_EDD.jpg,normal,0,[]
normal/normal_0053_EDD.jpg,normal,1,"[{'vessel_blob_score': -1.3499585792955893, 'centre': [373.0, 171.0], 'radius': 57.01751796098172, 'blob_score': 0.7120528161525725, 'blob_contrast': 0.05777251720428467, 'blob_brightness': 0.9189645051956177, 'blob_response': -0.055025726556777954, 'vessel_centre': [505.0, 194.0]}]"
normal/normal_0054_EDD.jpg,normal,7,"[{'vessel_blob_score': -3.1640060111393913, 'centre': [381.0, 128.0], 'radius': 35.918785545899944, 'blob_score': 0.7221296310424804, 'blob_contrast': 0.019865334033966064, 'blob_brightness': 0.9908304214477539, 'blob_response': -0.04341500997543335, 'vessel_centre': [508.0, 207.0]}, {'vessel_blob_score': -6.546596128854302, 'centre': [238.0, 183.0], 'radius': 35.918785545899944, 'blob_score': 0.7306296050548553, 'blob_contrast': 0.022695481777191162, 'blob_brightness': 0.994780957698822, 'blob_response': -0.05793726444244385, 'vessel_centre': [508.0, 207.0]}, {'vessel_blob_score': -2.480184478293727, 'centre': [393.0, 256.0], 'radius': 35.918785545899944, 'blob_score': 0.7110623896121978, 'blob_contrast': 0.010730087757110596, 'blob_brightness': 0.9924288392066956, 'blob_response': -0.028160572052001953, 'vessel_centre': [508.0, 207.0]}, {'vessel_blob_score': -3.2336916726521636, 'centre': [442.0, 344.0], 'radius': 35.918785545899944, 'blob_score': 0.7252430111169815, 'blob_contrast': 0.03795868158340454, 'blob_brightness': 0.9760497808456421, 'blob_response': -0.020247414708137512, 'vessel_centre': [508.0, 207.0]}, {'vessel_blob_score': 0.3471067995069944, 'centre': [496.0, 234.0], 'radius': 45.254833995939045, 'blob_score': 0.7707598984241486, 'blob_contrast': 0.07001274824142456, 'blob_brightness': 0.9891223907470703, 'blob_response': -0.0418073832988739, 'vessel_centre': [508.0, 207.0]}, {'vessel_blob_score': -1.5400118417538922, 'centre': [401.0, 249.0], 'radius': 45.254833995939045, 'blob_score': 0.711478579044342, 'blob_contrast': 0.010944604873657227, 'blob_brightness': 0.9930310845375061, 'blob_response': -0.02706107497215271, 'vessel_centre': [508.0, 207.0]}, {'vessel_blob_score': -2.0792378367108326, 'centre': [340.0, 156.0], 'radius': 57.01751796098172, 'blob_score': 0.7429919064044952, 'blob_contrast': 0.03550368547439575, 'blob_brightness': 0.9935874938964844, 'blob_response': -0.059884876012802124, 'vessel_centre': [508.0, 207.0]}]"
normal/normal_0055_EDD.jpg,normal,2,"[{'vessel_blob_score': -2.4154119901557993, 'centre': [272.0, 158.0], 'radius': 45.254833995939045, 'blob_score': 0.7365579783916473, 'blob_contrast': 0.02764970064163208, 'blob_brightness': 0.9947512149810791, 'blob_response': -0.06291213631629944, 'vessel_centre': [121.0, 191.0]}, {'vessel_blob_score': 0.45111974780467823, 'centre': [140.0, 175.0], 'radius': 45.254833995939045, 'blob_score': 0.7311920940876007, 'blob_contrast': 0.028781533241271973, 'blob_brightness': 0.9941038489341736, 'blob_response': -0.03268933296203613, 'vessel_centre': [121.0, 191.0]}]"
normal/normal_0056_EDD.jpg,normal,2,"[{'vessel_blob_score': -0.1258823196538672, 'centre': [383.0, 228.0], 'radius': 57.01751796098172, 'blob_score': 0.7334055423736572, 'blob_contrast': 0.030176639556884766, 'blob_brightness': 0.9926303029060364, 'blob_response': -0.041938453912734985, 'vessel_centre': [322.0, 208.0]}, {'vessel_blob_score': 0.19840385302051156, 'centre': [376.0, 228.0], 'radius': 71.83757109179989, 'blob_score': 0.7462360858917236, 'blob_contrast': 0.04429030418395996, 'blob_brightness': 0.990769624710083, 'blob_response': -0.04203522205352783, 'vessel_centre': [322.0, 208.0]}]"
normal/normal_0057_EDD.jpg,normal,0,[]
normal/normal_0058_EDD.jpg,normal,0,[]
normal/normal_0059_EDD.jpg,normal,2,"[{'vessel_blob_score': -2.723775806842371, 'centre': [268.0, 325.0], 'radius': 35.918785545899944, 'blob_score': 0.7319340050220489, 'blob_contrast': 0.038229286670684814, 'blob_brightness': 0.9677537679672241, 'blob_response': -0.08138540387153625, 'vessel_centre': [325.0, 204.0]}, {'vessel_blob_score': 0.788081866666605, 'centre': [314.0, 209.0], 'radius': 57.01751796098172, 'blob_score': 0.7514970481395722, 'blob_contrast': 0.04765135049819946, 'blob_brightness': 0.9716114401817322, 'blob_response': -0.11858844757080078, 'vessel_centre': [325.0, 204.0]}]"
normal/normal_0060_EDD.jpg,normal,3,"[{'vessel_blob_score': -2.216159989397325, 'centre': [300.0, 167.0], 'radius': 35.918785545899944, 'blob_score': 0.7130544424057007, 'blob_contrast': 0.02788364887237549, 'blob_brightness': 0.9627601504325867, 'blob_response': -0.05619344115257263, 'vessel_centre': [268.0, 278.0]}, {'vessel_blob_score': 0.5732706194288724, 'centre': [272.0, 254.0], 'radius': 57.01751796098172, 'blob_score': 0.7560120940208435, 'blob_contrast': 0.054873645305633545, 'blob_brightness': 0.9682379961013794, 'blob_response': -0.11685925722122192, 'vessel_centre': [268.0, 278.0]}, {'vessel_blob_score': 0.4710288861041737, 'centre': [268.0, 240.0], 'radius': 71.83757109179989, 'blob_score': 0.7591477632522583, 'blob_contrast': 0.06413167715072632, 'blob_brightness': 0.9603292346000671, 'blob_response': -0.11392810940742493, 'vessel_centre': [268.0, 278.0]}]"
normal/normal_0061_EDD.jpg,normal,1,"[{'vessel_blob_score': -1.881107642904027, 'centre': [354.0, 165.0], 'radius': 45.254833995939045, 'blob_score': 0.7280988752841949, 'blob_contrast': 0.05073201656341553, 'blob_brightness': 0.9503641724586487, 'blob_response': -0.06055968999862671, 'vessel_centre': [476.0, 211.0]}]"
normal/normal_0062_EDD.jpg,normal,4,"[{'vessel_blob_score': -2.037814808526841, 'centre': [240.0, 176.0], 'radius': 35.918785545899944, 'blob_score': 0.730024915933609, 'blob_contrast': 0.032759785652160645, 'blob_brightness': 0.9753560423851013, 'blob_response': -0.07257950305938721, 'vessel_centre': [131.0, 181.0]}, {'vessel_blob_score': 0.7494347355230296, 'centre': [140.0, 181.0], 'radius': 35.918785545899944, 'blob_score': 0.7760384738445282, 'blob_contrast': 0.060120344161987305, 'blob_brightness': 0.989752471446991, 'blob_response': -0.11545699834823608, 'vessel_centre': [131.0, 181.0]}, {'vessel_blob_score': -2.237178904097488, 'centre': [219.0, 257.0], 'radius': 35.918785545899944, 'blob_score': 0.7303506851196289, 'blob_contrast': 0.02584940195083618, 'blob_brightness': 0.9837942123413086, 'blob_response': -0.07922667264938354, 'vessel_centre': [131.0, 181.0]}, {'vessel_blob_score': -1.548072954459899, 'centre': [215.0, 260.0], 'radius': 45.254833995939045, 'blob_score': 0.7276049017906188, 'blob_contrast': 0.026628553867340088, 'blob_brightness': 0.9787560701370239, 'blob_response': -0.0792354941368103, 'vessel_centre': [131.0, 181.0]}]"
normal/normal_0063_EDD.jpg,normal,1,"[{'vessel_blob_score': -2.6987136546165647, 'centre': [363.0, 171.0], 'radius': 35.918785545899944, 'blob_score': 0.6469265282154083, 'blob_contrast': 0.028516530990600586, 'blob_brightness': 0.8773622512817383, 'blob_response': -0.021282106637954712, 'vessel_centre': [490.0, 210.0]}]"
normal/normal_0064_EDD.jpg,normal,1,"[{'vessel_blob_score': -2.451558904532929, 'centre': [306.0, 311.0], 'radius': 35.918785545899944, 'blob_score': 0.6960965454578399, 'blob_contrast': 0.050379931926727295, 'blob_brightness': 0.9080023169517517, 'blob_response': -0.05057495832443237, 'vessel_centre': [265.0, 194.0]}]"
normal/normal_0065_EDD.jpg,normal,1,"[{'vessel_blob_score': -2.918012156055058, 'centre': [261.0, 171.0], 'radius': 35.918785545899944, 'blob_score': 0.6710143417119979, 'blob_contrast': 0.039661407470703125, 'blob_brightness': 0.8948113322257996, 'blob_response': -0.024925008416175842, 'vessel_centre': [122.0, 193.0]}]"
normal/normal_0066_EDD.jpg,normal,1,"[{'vessel_blob_score': -2.7270007114155, 'centre': [401.0, 315.0], 'radius': 35.918785545899944, 'blob_score': 0.6608587801456451, 'blob_contrast': 0.024689674377441406, 'blob_brightness': 0.9039239883422852, 'blob_response': -0.01711156964302063, 'vessel_centre': [490.0, 215.0]}]"
normal/normal_0067_EDD.jpg,normal,2,"[{'vessel_blob_score': -2.8630253772408616, 'centre': [260.0, 172.0], 'radius': 35.918785545899944, 'blob_score': 0.7092005431652069, 'blob_contrast': 0.046233177185058594, 'blob_brightness': 0.9349095225334167, 'blob_response': -0.04265350103378296, 'vessel_centre': [123.0, 194.0]}, {'vessel_blob_score': -1.8429772301673464, 'centre': [251.0, 181.0], 'radius': 45.254833995939045, 'blob_score': 0.7156619071960448, 'blob_contrast': 0.054872870445251465, 'blob_brightness': 0.9318907260894775, 'blob_response': -0.0423276424407959, 'vessel_centre': [123.0, 194.0]}]"
normal/normal_0068_EDD.jpg,normal,2,"[{'vessel_blob_score': -2.459969831400778, 'centre': [306.0, 311.0], 'radius': 35.918785545899944, 'blob_score': 0.737243741750717, 'blob_contrast': 0.056617558002471924, 'blob_brightness': 0.9499117136001587, 'blob_response': -0.07843992114067078, 'vessel_centre': [267.0, 193.0]}, {'vessel_blob_score': 0.8412842461443847, 'centre': [276.0, 200.0], 'radius': 71.83757109179989, 'blob_score': 0.7832763671874999, 'blob_contrast': 0.08616262674331665, 'blob_brightness': 0.9608664512634277, 'blob_response': -0.12253612279891968, 'vessel_centre': [267.0, 193.0]}]"
normal/normal_0069_EDD.jpg,normal,0,[]
normal/normal_0070_EDD.jpg,normal,4,"[{'vessel_blob_score': -3.3861072236181746, 'centre': [358.0, 159.0], 'radius': 35.918785545899944, 'blob_score': 0.7083304822444916, 'blob_contrast': 0.03665071725845337, 'blob_brightness': 0.9454724788665771, 'blob_response': -0.04924514889717102, 'vessel_centre': [514.0, 181.0]}, {'vessel_blob_score': -3.1717237694875253, 'centre': [392.0, 268.0], 'radius': 35.918785545899944, 'blob_score': 0.7128289103507995, 'blob_contrast': 0.02996826171875, 'blob_brightness': 0.9572333097457886, 'blob_response': -0.06398665904998779, 'vessel_centre': [514.0, 181.0]}, {'vessel_blob_score': -2.2972082177578654, 'centre': [366.0, 162.0], 'radius': 45.254833995939045, 'blob_score': 0.7131550252437591, 'blob_contrast': 0.04345482587814331, 'blob_brightness': 0.9429075717926025, 'blob_response': -0.04832449555397034, 'vessel_centre': [514.0, 181.0]}, {'vessel_blob_score': -2.37094664004045, 'centre': [388.0, 267.0], 'radius': 45.254833995939045, 'blob_score': 0.7150909185409545, 'blob_contrast': 0.036325693130493164, 'blob_brightness': 0.9513795971870422, 'blob_response': -0.0639975368976593, 'vessel_centre': [514.0, 181.0]}]"
normal/normal_0071_EDD.jpg,normal,2,"[{'vessel_blob_score': -4.386991319957145, 'centre': [244.0, 204.0], 'radius': 35.918785545899944, 'blob_score': 0.7451708555221557, 'blob_contrast': 0.042737722396850586, 'blob_brightness': 0.9733153581619263, 'blob_response': -0.10556191205978394, 'vessel_centre': [268.0, 396.0]}, {'vessel_blob_score': -1.354869456307504, 'centre': [279.0, 290.0], 'radius': 45.254833995939045, 'blob_score': 0.7086213409900665, 'blob_contrast': 0.033455729484558105, 'blob_brightness': 0.9507575035095215, 'blob_response': -0.04817679524421692, 'vessel_centre': [268.0, 396.0]}]"
normal/normal_0072_EDD.jpg,normal,0,[]
normal/normal_0073_EDD.jpg,normal,2,"[{'vessel_blob_score': -1.1269522282482036, 'centre': [282.0, 305.0], 'radius': 45.254833995939045, 'blob_score': 0.7401448130607605, 'blob_contrast': 0.03221660852432251, 'blob_brightness': 0.9881860017776489, 'blob_response': -0.0809900164604187, 'vessel_centre': [329.0, 221.0]}, {'vessel_blob_score': -0.4197496684571733, 'centre': [292.0, 293.0], 'radius': 57.01751796098172, 'blob_score': 0.7527519702911376, 'blob_contrast': 0.04429811239242554, 'blob_brightness': 0.988677978515625, 'blob_response': -0.08189636468887329, 'vessel_centre': [329.0, 221.0]}]"
normal/normal_0074_EDD.jpg,normal,6,"[{'vessel_blob_score': -3.0361167273657603, 'centre': [221.0, 269.0], 'radius': 35.918785545899944, 'blob_score': 0.7109170138835907, 'blob_contrast': 0.024488449096679688, 'blob_brightness': 0.9666478633880615, 'blob_response': -0.04887530207633972, 'vessel_centre': [117.0, 168.0]}, {'vessel_blob_score': 0.6322311782518806, 'centre': [131.0, 177.0], 'radius': 45.254833995939045, 'blob_score': 0.7721029281616211, 'blob_contrast': 0.06133091449737549, 'blob_brightness': 0.9840055704116821, 'blob_response': -0.10984057188034058, 'vessel_centre': [117.0, 168.0]}, {'vessel_blob_score': -1.5269059947394164, 'centre': [231.0, 177.0], 'radius': 45.254833995939045, 'blob_score': 0.7319251537322997, 'blob_contrast': 0.03685122728347778, 'blob_brightness': 0.9725379347801208, 'blob_response': -0.07148686051368713, 'vessel_centre': [117.0, 168.0]}, {'vessel_blob_score': -2.078481895553391, 'centre': [217.0, 265.0], 'radius': 45.254833995939045, 'blob_score': 0.7149153470993042, 'blob_contrast': 0.02923452854156494, 'blob_brightness': 0.965509831905365, 'blob_response': -0.04911968111991882, 'vessel_centre': [117.0, 168.0]}, {'vessel_blob_score': 0.5528550087814985, 'centre': [134.0, 187.0], 'radius': 57.01751796098172, 'blob_score': 0.7637658357620238, 'blob_contrast': 0.06276488304138184, 'blob_brightness': 0.9700807332992554, 'blob_response': -0.10972219705581665, 'vessel_centre': [117.0, 168.0]}, {'vessel_blob_score': 0.47747887090615104, 'centre': [142.0, 196.0], 'radius': 71.83757109179989, 'blob_score': 0.779037606716156, 'blob_contrast': 0.08096593618392944, 'blob_brightness': 0.9660086035728455, 'blob_response': -0.1093282401561737, 'vessel_centre': [117.0, 168.0]}]"
normal/normal_0075_EDD.jpg,normal,0,[]
normal/normal_0076_EDD.jpg,normal,1,"[{'vessel_blob_score': -2.117647600756057, 'centre': [382.0, 187.0], 'radius': 45.254833995939045, 'blob_score': 0.6510667473077774, 'blob_contrast': 0.04367721080780029, 'blob_brightness': 0.8580127954483032, 'blob_response': -0.03390289843082428, 'vessel_centre': [517.0, 228.0]}]"
normal/normal_0077_EDD.jpg,normal,0,[]
normal/normal_0078_EDD.jpg,normal,0,[]
normal/normal_0079_EDD.jpg,normal,1,"[{'vessel_blob_score': -2.44188907852194, 'centre': [214.0, 177.0], 'radius': 35.918785545899944, 'blob_score': 0.6451813101768493, 'blob_contrast': 0.02920466661453247, 'blob_brightness': 0.8738335371017456, 'blob_response': -0.021465837955474854, 'vessel_centre': [92.0, 197.0]}]"
normal/normal_0080_EDD.jpg,normal,0,[]
normal/normal_0081_EDD.jpg,normal,1,"[{'vessel_blob_score': -1.5834698384633792, 'centre': [407.0, 221.0], 'radius': 45.254833995939045, 'blob_score': 0.7271188914775848, 'blob_contrast': 0.04368525743484497, 'blob_brightness': 0.9546840190887451, 'blob_response': -0.07577410340309143, 'vessel_centre': [520.0, 251.0]}]"
normal/normal_0082_EDD.jpg,normal,1,"[{'vessel_blob_score': -2.587980700056024, 'centre': [361.0, 162.0], 'radius': 35.918785545899944, 'blob_score': 0.6688432216644287, 'blob_contrast': 0.03236269950866699, 'blob_brightness': 0.9006333351135254, 'blob_response': -0.030185937881469727, 'vessel_centre': [481.0, 209.0]}]"
normal/normal_0083_EDD.jpg,normal,0,[]
normal/normal_0084_EDD.jpg,normal,0,[]
normal/normal_0085_EDD.jpg,normal,2,"[{'vessel_blob_score': -0.5613083437794923, 'centre': [369.0, 254.0], 'radius': 35.918785545899944, 'blob_score': 0.7381439685821533, 'blob_contrast': 0.031106531620025635, 'blob_brightness': 0.9887374639511108, 'blob_response': -0.07460606098175049, 'vessel_centre': [348.0, 202.0]}, {'vessel_blob_score': -1.0628351734411177, 'centre': [309.0, 265.0], 'radius': 35.918785545899944, 'blob_score': 0.7244228959083556, 'blob_contrast': 0.020293235778808594, 'blob_brightness': 0.9872270822525024, 'blob_response': -0.06535351276397705, 'vessel_centre': [348.0, 202.0]}]"
normal/normal_0086_EDD.jpg,normal,1,"[{'vessel_blob_score': 0.7894788541926696, 'centre': [48.0, 160.0], 'radius': 362.03867196751236, 'blob_score': 0.7064884841442108, 'blob_contrast': 0.13315808773040771, 'blob_brightness': 0.8138230443000793, 'blob_response': -0.018271327018737793, 'vessel_centre': [120.0, 185.0]}]"
normal/normal_0087_EDD.jpg,normal,3,"[{'vessel_blob_score': -2.562072015185389, 'centre': [289.0, 328.0], 'radius': 35.918785545899944, 'blob_score': 0.7316438913345336, 'blob_contrast': 0.031334519386291504, 'blob_brightness': 0.990996778011322, 'blob_response': -0.03305813670158386, 'vessel_centre': [336.0, 209.0]}, {'vessel_blob_score': -1.9142195835677858, 'centre': [223.0, 277.0], 'radius': 45.254833995939045, 'blob_score': 0.7318132817745208, 'blob_contrast': 0.02226167917251587, 'blob_brightness': 0.9956758618354797, 'blob_response': -0.06289249658584595, 'vessel_centre': [336.0, 209.0]}, {'vessel_blob_score': 0.07946967771283386, 'centre': [398.0, 186.0], 'radius': 71.83757109179989, 'blob_score': 0.7580515265464782, 'blob_contrast': 0.05330449342727661, 'blob_brightness': 0.9911514520645142, 'blob_response': -0.05470508337020874, 'vessel_centre': [336.0, 209.0]}]"
normal/normal_0088_EDD.jpg,normal,3,"[{'vessel_blob_score': -1.2719596323153657, 'centre': [375.0, 176.0], 'radius': 57.01751796098172, 'blob_score': 0.7561629235744476, 'blob_contrast': 0.05014359951019287, 'blob_brightness': 0.9805904030799866, 'blob_response': -0.0980302095413208, 'vessel_centre': [500.0, 210.0]}, {'vessel_blob_score': -1.3015524439825934, 'centre': [386.0, 275.0], 'radius': 57.01751796098172, 'blob_score': 0.7567799985408783, 'blob_contrast': 0.05184429883956909, 'blob_brightness': 0.9783411622047424, 'blob_response': -0.10048443078994751, 'vessel_centre': [500.0, 210.0]}, {'vessel_blob_score': 0.12027484517542175, 'centre': [400.0, 218.0], 'radius': 114.03503592196344, 'blob_score': 0.8186222076416014, 'blob_contrast': 0.1274716854095459, 'blob_brightness': 0.9575374126434326, 'blob_response': -0.10437166690826416, 'vessel_centre': [500.0, 210.0]}]"
normal/normal_0089_EDD.jpg,normal,1,"[{'vessel_blob_score': 0.4185048782477674, 'centre': [456.0, 218.0], 'radius': 71.83757109179989, 'blob_score': 0.789741724729538, 'blob_contrast': 0.08277261257171631, 'blob_brightness': 0.9748914837837219, 'blob_response': -0.12272536754608154, 'vessel_centre': [497.0, 226.0]}]"
normal/normal_0090_EDD.jpg,normal,2,"[{'vessel_blob_score': -1.1658472070469816, 'centre': [353.0, 196.0], 'radius': 35.918785545899944, 'blob_score': 0.7305473983287811, 'blob_contrast': 0.02275604009628296, 'blob_brightness': 0.9909436106681824, 'blob_response': -0.07065415382385254, 'vessel_centre': [279.0, 220.0]}, {'vessel_blob_score': -0.08435415051906747, 'centre': [298.0, 254.0], 'radius': 35.918785545899944, 'blob_score': 0.7375115036964416, 'blob_contrast': 0.028797924518585205, 'blob_brightness': 0.9891148805618286, 'blob_response': -0.08166581392288208, 'vessel_centre': [279.0, 220.0]}]"
normal/normal_0091_EDD.jpg,normal,1,"[{'vessel_blob_score': -2.0205190210045023, 'centre': [211.0, 302.0], 'radius': 45.254833995939045, 'blob_score': 0.7362227439880371, 'blob_contrast': 0.03534269332885742, 'blob_brightness': 0.9782110452651978, 'blob_response': -0.0806615948677063, 'vessel_centre': [120.0, 200.0]}]"
normal/normal_0092_EDD.jpg,normal,0,[]
normal/normal_0093_EDD.jpg,normal,0,[]
normal/normal_0094_EDD.jpg,normal,0,[]
normal/normal_0095_EDD.jpg,normal,1,"[{'vessel_blob_score': -3.429453688079305, 'centre': [338.0, 162.0], 'radius': 35.918785545899944, 'blob_score': 0.6067490071058274, 'blob_contrast': 0.03511631488800049, 'blob_brightness': 0.8102117776870728, 'blob_response': -0.022422239184379578, 'vessel_centre': [490.0, 209.0]}]"
normal/normal_0096_EDD.jpg,normal,1,"[{'vessel_blob_score': -1.2350632440820117, 'centre': [335.0, 295.0], 'radius': 35.918785545899944, 'blob_score': 0.7313984751701355, 'blob_contrast': 0.023749172687530518, 'blob_brightness': 0.9932541847229004, 'blob_response': -0.061856865882873535, 'vessel_centre': [354.0, 217.0]}]"
normal/normal_0097_EDD.jpg,normal,1,"[{'vessel_blob_score': -3.651960974017861, 'centre': [310.0, 177.0], 'radius': 35.918785545899944, 'blob_score': 0.6107805386185645, 'blob_contrast': 0.040300726890563965, 'blob_brightness': 0.809572160243988, 'blob_response': -0.018896497786045074, 'vessel_centre': [474.0, 209.0]}]"
normal/normal_0098_EDD.jpg,normal,0,[]
normal/normal_0099_EDD.jpg,normal,1,"[{'vessel_blob_score': -1.8702819457214588, 'centre': [216.0, 172.0], 'radius': 35.918785545899944, 'blob_score': 0.6504713833332061, 'blob_contrast': 0.02806168794631958, 'blob_brightness': 0.8815392255783081, 'blob_response': -0.026661187410354614, 'vessel_centre': [114.0, 187.0]}]"
normal/normal_0100_EDD.jpg,normal,1,"[{'vessel_blob_score': -1.5095164136719785, 'centre': [265.0, 296.0], 'radius': 35.918785545899944, 'blob_score': 0.7113238930702209, 'blob_contrast': 0.031221747398376465, 'blob_brightness': 0.9540616869926453, 'blob_response': -0.06129482388496399, 'vessel_centre': [315.0, 221.0]}]"
normal/normal_0101_EDD.jpg,normal,1,"[{'vessel_blob_score': -1.923393990105915, 'centre': [195.0, 183.0], 'radius': 35.918785545899944, 'blob_score': 0.6929196298122405, 'blob_contrast': 0.03388559818267822, 'blob_brightness': 0.9295888543128967, 'blob_response': -0.04160916805267334, 'vessel_centre': [90.0, 184.0]}]"
normal/normal_0102_EDD.jpg,normal,4,"[{'vessel_blob_score': -1.569943872105378, 'centre': [388.0, 199.0], 'radius': 35.918785545899944, 'blob_score': 0.7463079214096069, 'blob_contrast': 0.03561127185821533, 'blob_brightness': 0.9924259185791016, 'blob_response': -0.07999253273010254, 'vessel_centre': [303.0, 235.0]}, {'vessel_blob_score': -0.8599657674941221, 'centre': [380.0, 201.0], 'radius': 45.254833995939045, 'blob_score': 0.7528856456279754, 'blob_contrast': 0.04334491491317749, 'blob_brightness': 0.9917067885398865, 'blob_response': -0.07672989368438721, 'vessel_centre': [303.0, 235.0]}, {'vessel_blob_score': -0.2318199960698919, 'centre': [365.0, 202.0], 'radius': 57.01751796098172, 'blob_score': 0.760131973028183, 'blob_contrast': 0.05046564340591431, 'blob_brightness': 0.9922507405281067, 'blob_response': -0.07545405626296997, 'vessel_centre': [303.0, 235.0]}, {'vessel_blob_score': -0.2721134454290002, 'centre': [284.0, 305.0], 'radius': 57.01751796098172, 'blob_score': 0.7614935994148254, 'blob_contrast': 0.049744606018066406, 'blob_brightness': 0.9932688474655151, 'blob_response': -0.08230400085449219, 'vessel_centre': [303.0, 235.0]}]"
normal/normal_0103_EDD.jpg,normal,1,"[{'vessel_blob_score': -2.4263153505480974, 'centre': [385.0, 146.0], 'radius': 35.918785545899944, 'blob_score': 0.7238166093826294, 'blob_contrast': 0.04247868061065674, 'blob_brightness': 0.9559532403945923, 'blob_response': -0.06085330247879028, 'vessel_centre': [470.0, 235.0]}]"
normal/normal_0104_EDD.jpg,normal,0,[]
normal/normal_0105_EDD.jpg,normal,1,"[{'vessel_blob_score': -1.0420646792146786, 'centre': [321.0, 148.0], 'radius': 35.918785545899944, 'blob_score': 0.7323002457618712, 'blob_contrast': 0.038197457790374756, 'blob_brightness': 0.9704513549804688, 'blob_response': -0.07393419742584229, 'vessel_centre': [307.0, 220.0]}]"
normal/normal_0106_EDD.jpg,normal,2,"[{'vessel_blob_score': -1.9543832675053134, 'centre': [209.0, 203.0], 'radius': 35.918785545899944, 'blob_score': 0.7090911269187927, 'blob_contrast': 0.03028649091720581, 'blob_brightness': 0.9544785618782043, 'blob_response': -0.05334821343421936, 'vessel_centre': [103.0, 198.0]}, {'vessel_blob_score': 0.49405391066586946, 'centre': [142.0, 222.0], 'radius': 90.50966799187809, 'blob_score': 0.7781878769397735, 'blob_contrast': 0.10185247659683228, 'blob_brightness': 0.9374517798423767, 'blob_response': -0.10059577226638794, 'vessel_centre': [103.0, 198.0]}]"
normal/normal_0107_EDD.jpg,normal,1,"[{'vessel_blob_score': -0.23632260800137295, 'centre': [221.0, 218.0], 'radius': 35.918785545899944, 'blob_score': 0.7173051834106445, 'blob_contrast': 0.02030026912689209, 'blob_brightness': 0.9811846017837524, 'blob_response': -0.05087846517562866, 'vessel_centre': [265.0, 212.0]}]"
normal/normal_0108_EDD.jpg,normal,1,"[{'vessel_blob_score': -3.356139735551098, 'centre': [355.0, 177.0], 'radius': 35.918785545899944, 'blob_score': 0.732245934009552, 'blob_contrast': 0.04820871353149414, 'blob_brightness': 0.95533686876297, 'blob_response': -0.07650706171989441, 'vessel_centre': [506.0, 218.0]}]"
normal/normal_0109_EDD.jpg,normal,0,[]
normal/normal_0110_EDD.jpg,normal,0,[]
normal/normal_0111_EDD.jpg,normal,1,"[{'vessel_blob_score': -2.8961901464912883, 'centre': [343.0, 182.0], 'radius': 35.918785545899944, 'blob_score': 0.6559906661510467, 'blob_contrast': 0.044140398502349854, 'blob_brightness': 0.864693820476532, 'blob_response': -0.03282296657562256, 'vessel_centre': [479.0, 215.0]}]"
normal/normal_0112_EDD.jpg,normal,0,[]
normal/normal_0113_EDD.jpg,normal,0,[]
normal/normal_0114_EDD.jpg,normal,3,"[{'vessel_blob_score': -2.1538603035657986, 'centre': [191.0, 172.0], 'radius': 35.918785545899944, 'blob_score': 0.7331662774085997, 'blob_contrast': 0.034315645694732666, 'blob_brightness': 0.9801019430160522, 'blob_response': -0.06389635801315308, 'vessel_centre': [79.0, 189.0]}, {'vessel_blob_score': 0.5354353516462967, 'centre': [100.0, 188.0], 'radius': 45.254833995939045, 'blob_score': 0.7488831758499145, 'blob_contrast': 0.037620365619659424, 'blob_brightness': 0.9813834428787231, 'blob_response': -0.12147200107574463, 'vessel_centre': [79.0, 189.0]}, {'vessel_blob_score': -1.3452416239483216, 'centre': [199.0, 130.0], 'radius': 57.01751796098172, 'blob_score': 0.7456320643424987, 'blob_contrast': 0.04417705535888672, 'blob_brightness': 0.9766576886177063, 'blob_response': -0.08897313475608826, 'vessel_centre': [79.0, 189.0]}]"
normal/normal_0115_EDD.jpg,normal,1,"[{'vessel_blob_score': -1.9767301319349322, 'centre': [365.0, 183.0], 'radius': 35.918785545899944, 'blob_score': 0.6792280673980713, 'blob_contrast': 0.027128517627716064, 'blob_brightness': 0.922940731048584, 'blob_response': -0.030205190181732178, 'vessel_centre': [471.0, 197.0]}]"
normal/normal_0116_EDD.jpg,normal,1,"[{'vessel_blob_score': -6.682437773748564, 'centre': [269.0, 176.0], 'radius': 35.918785545899944, 'blob_score': 0.6978440880775452, 'blob_contrast': 0.03558039665222168, 'blob_brightness': 0.9281859397888184, 'blob_response': -0.06266766786575317, 'vessel_centre': [540.0, 228.0]}]"
normal/normal_0117_EDD.jpg,normal,2,"[{'vessel_blob_score': -2.1817537926663655, 'centre': [256.0, 267.0], 'radius': 35.918785545899944, 'blob_score': 0.7299053490161895, 'blob_contrast': 0.020262181758880615, 'blob_brightness': 0.9905101656913757, 'blob_response': -0.08143025636672974, 'vessel_centre': [350.0, 202.0]}, {'vessel_blob_score': -1.4455995238897965, 'centre': [257.0, 262.0], 'radius': 45.254833995939045, 'blob_score': 0.7378982424736023, 'blob_contrast': 0.02991950511932373, 'blob_brightness': 0.9883592128753662, 'blob_response': -0.08063644170761108, 'vessel_centre': [350.0, 202.0]}]"
normal/normal_0118_EDD.jpg,normal,0,[]
normal/normal_0119_EDD.jpg,normal,0,[]
normal/normal_0120_EDD.jpg,normal,2,"[{'vessel_blob_score': -1.8567479116897818, 'centre': [218.0, 159.0], 'radius': 35.918785545899944, 'blob_score': 0.6616120368242263, 'blob_contrast': 0.01865684986114502, 'blob_brightness': 0.9124482870101929, 'blob_response': -0.02120693027973175, 'vessel_centre': [118.0, 182.0]}, {'vessel_blob_score': -0.9352809055732856, 'centre': [194.0, 262.0], 'radius': 57.01751796098172, 'blob_score': 0.7024314105510712, 'blob_contrast': 0.044940948486328125, 'blob_brightness': 0.9242920875549316, 'blob_response': -0.05243000388145447, 'vessel_centre': [118.0, 182.0]}]"
normal/normal_0121_EDD.jpg,normal,0,[]
normal/normal_0122_EDD.jpg,normal,0,[]
normal/normal_0123_EDD.jpg,normal,0,[]
normal/normal_0124_EDD.jpg,normal,0,[]
normal/normal_0125_EDD.jpg,normal,1,"[{'vessel_blob_score': -2.153386696275926, 'centre': [354.0, 199.0], 'radius': 45.254833995939045, 'blob_score': 0.7102560639381408, 'blob_contrast': 0.054396212100982666, 'blob_brightness': 0.9192327260971069, 'blob_response': -0.06198471784591675, 'vessel_centre': [495.0, 221.0]}]"
normal/normal_0126_EDD.jpg,normal,0,[]
normal/normal_0127_EDD.jpg,normal,2,"[{'vessel_blob_score': -2.8898189385550843, 'centre': [376.0, 161.0], 'radius': 35.918785545899944, 'blob_score': 0.6613305628299713, 'blob_contrast': 0.035694897174835205, 'blob_brightness': 0.8844554424285889, 'blob_response': -0.03258427977561951, 'vessel_centre': [511.0, 197.0]}, {'vessel_blob_score': -2.7740169541483297, 'centre': [385.0, 247.0], 'radius': 35.918785545899944, 'blob_score': 0.6590442419052124, 'blob_contrast': 0.028549253940582275, 'blob_brightness': 0.8913484215736389, 'blob_response': -0.03275546431541443, 'vessel_centre': [511.0, 197.0]}]"
normal/normal_0128_EDD.jpg,normal,0,[]
normal/normal_0129_EDD.jpg,normal,0,[]
normal/normal_0130_EDD.jpg,normal,0,[]
normal/normal_0131_EDD.jpg,normal,2,"[{'vessel_blob_score': -2.0357729230274235, 'centre': [261.0, 310.0], 'radius': 35.918785545899944, 'blob_score': 0.7134085416793823, 'blob_contrast': 0.035413146018981934, 'blob_brightness': 0.9531482458114624, 'blob_response': -0.053958117961883545, 'vessel_centre': [342.0, 237.0]}, {'vessel_blob_score': -1.1732796716598624, 'centre': [270.0, 304.0], 'radius': 45.254833995939045, 'blob_score': 0.7248688399791717, 'blob_contrast': 0.04662644863128662, 'blob_brightness': 0.9533924460411072, 'blob_response': -0.05433839559555054, 'vessel_centre': [342.0, 237.0]}]"
normal/normal_0132_EDD.jpg,normal,1,"[{'vessel_blob_score': -2.144392951151303, 'centre': [373.0, 297.0], 'radius': 45.254833995939045, 'blob_score': 0.7014845550060271, 'blob_contrast': 0.046605050563812256, 'blob_brightness': 0.9227172136306763, 'blob_response': -0.044887274503707886, 'vessel_centre': [498.0, 229.0]}]"
normal/normal_0133_EDD.jpg,normal,3,"[{'vessel_blob_score': -2.033826224835562, 'centre': [231.0, 297.0], 'radius': 45.254833995939045, 'blob_score': 0.7364062428474426, 'blob_contrast': 0.05499845743179321, 'blob_brightness': 0.9543079733848572, 'blob_response': -0.06696102023124695, 'vessel_centre': [130.0, 204.0]}, {'vessel_blob_score': 0.7096866726367435, 'centre': [145.0, 197.0], 'radius': 57.01751796098172, 'blob_score': 0.7976747870445251, 'blob_contrast': 0.09236222505569458, 'blob_brightness': 0.9728473424911499, 'blob_response': -0.12159711122512817, 'vessel_centre': [130.0, 204.0]}, {'vessel_blob_score': -1.1483730304913804, 'centre': [221.0, 286.0], 'radius': 57.01751796098172, 'blob_score': 0.7509573876857757, 'blob_contrast': 0.07157522439956665, 'blob_brightness': 0.951299250125885, 'blob_response': -0.067363440990448, 'vessel_centre': [130.0, 204.0]}]"
normal/normal_0134_EDD.jpg,normal,2,"[{'vessel_blob_score': -0.3438670826691861, 'centre': [245.0, 192.0], 'radius': 35.918785545899944, 'blob_score': 0.7343821465969086, 'blob_contrast': 0.030295193195343018, 'blob_brightness': 0.9857990145683289, 'blob_response': -0.07013821601867676, 'vessel_centre': [276.0, 229.0]}, {'vessel_blob_score': -0.2735634232310953, 'centre': [304.0, 296.0], 'radius': 57.01751796098172, 'blob_score': 0.7783234357833861, 'blob_contrast': 0.0700216293334961, 'blob_brightness': 0.983655571937561, 'blob_response': -0.09871453046798706, 'vessel_centre': [276.0, 229.0]}]"
normal/normal_0135_EDD.jpg,normal,1,"[{'vessel_blob_score': -2.6106995468779672, 'centre': [358.0, 183.0], 'radius': 35.918785545899944, 'blob_score': 0.6370783418416976, 'blob_contrast': 0.0435481071472168, 'blob_brightness': 0.8404542207717896, 'blob_response': -0.026061400771141052, 'vessel_centre': [482.0, 221.0]}]"
normal/normal_0136_EDD.jpg,normal,1,"[{'vessel_blob_score': -2.056130387822398, 'centre': [267.0, 312.0], 'radius': 35.918785545899944, 'blob_score': 0.6516794323921202, 'blob_contrast': 0.04919016361236572, 'blob_brightness': 0.8532474637031555, 'blob_response': -0.026080220937728882, 'vessel_centre': [322.0, 217.0]}]"
normal/normal_0137_EDD.jpg,normal,1,"[{'vessel_blob_score': -1.1964086617697318, 'centre': [274.0, 300.0], 'radius': 35.918785545899944, 'blob_score': 0.7048995971679687, 'blob_contrast': 0.050284624099731445, 'blob_brightness': 0.9220833778381348, 'blob_response': -0.045783042907714844, 'vessel_centre': [314.0, 232.0]}]"
normal/normal_0138_EDD.jpg,normal,0,[]
normal/normal_0139_EDD.jpg,normal,4,"[{'vessel_blob_score': -2.2332803099174683, 'centre': [335.0, 170.0], 'radius': 45.254833995939045, 'blob_score': 0.7513967335224151, 'blob_contrast': 0.05256044864654541, 'blob_brightness': 0.9735391736030579, 'blob_response': -0.08679431676864624, 'vessel_centre': [468.0, 231.0]}, {'vessel_blob_score': -1.4634527024346946, 'centre': [341.0, 171.0], 'radius': 57.01751796098172, 'blob_score': 0.7535683214664459, 'blob_contrast': 0.060507893562316895, 'blob_brightness': 0.9652231931686401, 'blob_response': -0.08702096343040466, 'vessel_centre': [468.0, 231.0]}, {'vessel_blob_score': 0.5184101059207318, 'centre': [445.0, 216.0], 'radius': 57.01751796098172, 'blob_score': 0.7918465673923493, 'blob_contrast': 0.08880668878555298, 'blob_brightness': 0.9706142544746399, 'blob_response': -0.1180495023727417, 'vessel_centre': [468.0, 231.0]}, {'vessel_blob_score': 0.4205077376600056, 'centre': [430.0, 214.0], 'radius': 71.83757109179989, 'blob_score': 0.8066597521305083, 'blob_contrast': 0.10801845788955688, 'blob_brightness': 0.9648783206939697, 'blob_response': -0.11613234877586365, 'vessel_centre': [468.0, 231.0]}]"
normal/normal_0140_EDD.jpg,normal,0,[]
normal/normal_0141_EDD.jpg,normal,3,"[{'vessel_blob_score': -1.650125377698461, 'centre': [357.0, 264.0], 'radius': 35.918785545899944, 'blob_score': 0.7264852583408355, 'blob_contrast': 0.02071964740753174, 'blob_brightness': 0.9913190007209778, 'blob_response': -0.059211552143096924, 'vessel_centre': [267.0, 233.0]}, {'vessel_blob_score': -0.5768687101529923, 'centre': [225.0, 271.0], 'radius': 35.918785545899944, 'blob_score': 0.7343711614608764, 'blob_contrast': 0.0262678861618042, 'blob_brightness': 0.9913179874420166, 'blob_response': -0.07090342044830322, 'vessel_centre': [267.0, 233.0]}, {'vessel_blob_score': -0.08478468485686119, 'centre': [226.0, 260.0], 'radius': 45.254833995939045, 'blob_score': 0.7369496405124664, 'blob_contrast': 0.029335737228393555, 'blob_brightness': 0.9908227324485779, 'blob_response': -0.0701899528503418, 'vessel_centre': [267.0, 233.0]}]"
normal/normal_0142_EDD.jpg,normal,1,"[{'vessel_blob_score': -2.7880591890143696, 'centre': [359.0, 179.0], 'radius': 35.918785545899944, 'blob_score': 0.6561766237020492, 'blob_contrast': 0.03253906965255737, 'blob_brightness': 0.8824854493141174, 'blob_response': -0.0294886976480484, 'vessel_centre': [491.0, 212.0]}]"
normal/normal_0143_EDD.jpg,normal,2,"[{'vessel_blob_score': -2.4694775656639676, 'centre': [363.0, 299.0], 'radius': 35.918785545899944, 'blob_score': 0.656242847442627, 'blob_contrast': 0.038142263889312744, 'blob_brightness': 0.8719090223312378, 'blob_response': -0.03882133960723877, 'vessel_centre': [436.0, 198.0]}, {'vessel_blob_score': -1.868368711044659, 'centre': [357.0, 301.0], 'radius': 45.254833995939045, 'blob_score': 0.663735219836235, 'blob_contrast': 0.050230979919433594, 'blob_brightness': 0.8651716113090515, 'blob_response': -0.039420560002326965, 'vessel_centre': [436.0, 198.0]}]"
normal/normal_0144_EDD.jpg,normal,0,[]
normal/normal_0145_EDD.jpg,normal,6,"[{'vessel_blob_score': -2.249247939492207, 'centre': [244.0, 115.0], 'radius': 35.918785545899944, 'blob_score': 0.7324395775794982, 'blob_contrast': 0.024584829807281494, 'blob_brightness': 0.9956120848655701, 'blob_response': -0.054631441831588745, 'vessel_centre': [283.0, 225.0]}, {'vessel_blob_score': -1.1673176105499627, 'centre': [185.0, 229.0], 'radius': 45.254833995939045, 'blob_score': 0.7337375998497009, 'blob_contrast': 0.02549600601196289, 'blob_brightness': 0.9933362603187561, 'blob_response': -0.06453105807304382, 'vessel_centre': [283.0, 225.0]}, {'vessel_blob_score': -1.2431536463760122, 'centre': [340.0, 309.0], 'radius': 45.254833995939045, 'blob_score': 0.7495690643787384, 'blob_contrast': 0.043695151805877686, 'blob_brightness': 0.9930286407470703, 'blob_response': -0.053769320249557495, 'vessel_centre': [283.0, 225.0]}, {'vessel_blob_score': -0.6344686814643274, 'centre': [190.0, 219.0], 'radius': 57.01751796098172, 'blob_score': 0.7386315703392028, 'blob_contrast': 0.03054744005203247, 'blob_brightness': 0.9928045272827148, 'blob_response': -0.0656048059463501, 'vessel_centre': [283.0, 225.0]}, {'vessel_blob_score': -0.3606329331679834, 'centre': [348.0, 152.0], 'radius': 71.83757109179989, 'blob_score': 0.753878140449524, 'blob_contrast': 0.049093008041381836, 'blob_brightness': 0.9927195310592651, 'blob_response': -0.04940730333328247, 'vessel_centre': [283.0, 225.0]}, {'vessel_blob_score': -0.19309169347247002, 'centre': [198.0, 214.0], 'radius': 71.83757109179989, 'blob_score': 0.7447733283042908, 'blob_contrast': 0.03836524486541748, 'blob_brightness': 0.9904637932777405, 'blob_response': -0.06541714072227478, 'vessel_centre': [283.0, 225.0]}]"
normal/normal_0146_EDD.jpg,normal,1,"[{'vessel_blob_score': -1.48328029826979, 'centre': [181.0, 127.0], 'radius': 35.918785545899944, 'blob_score': 0.7105380475521088, 'blob_contrast': 0.008697748184204102, 'blob_brightness': 0.9946396946907043, 'blob_response': -0.027962565422058105, 'vessel_centre': [121.0, 193.0]}]"
normal/normal_0147_EDD.jpg,normal,0,[]
normal/normal_0148_EDD.jpg,normal,1,"[{'vessel_blob_score': -1.168708301038135, 'centre': [324.0, 297.0], 'radius': 35.918785545899944, 'blob_score': 0.7368113696575164, 'blob_contrast': 0.03049081563949585, 'blob_brightness': 0.987510621547699, 'blob_response': -0.07531559467315674, 'vessel_centre': [286.0, 229.0]}]"
normal/normal_0149_EDD.jpg,normal,1,"[{'vessel_blob_score': -3.0926606812287973, 'centre': [233.0, 288.0], 'radius': 35.918785545899944, 'blob_score': 0.6875301063060759, 'blob_contrast': 0.03663027286529541, 'blob_brightness': 0.9190810918807983, 'blob_response': -0.03771534562110901, 'vessel_centre': [116.0, 199.0]}]"
normal/normal_0150_EDD.jpg,normal,1,"[{'vessel_blob_score': -1.7867747094535646, 'centre': [243.0, 180.0], 'radius': 45.254833995939045, 'blob_score': 0.7409515082836151, 'blob_contrast': 0.04630774259567261, 'blob_brightness': 0.9693838953971863, 'blob_response': -0.08037519454956055, 'vessel_centre': [119.0, 203.0]}]"
normal/normal_0151_EDD.jpg,normal,0,[]
normal/normal_0152_EDD.jpg,normal,1,"[{'vessel_blob_score': -2.4717751448286505, 'centre': [352.0, 323.0], 'radius': 45.254833995939045, 'blob_score': 0.6767282962799072, 'blob_contrast': 0.047867774963378906, 'blob_brightness': 0.8848947882652283, 'blob_response': -0.04717084765434265, 'vessel_centre': [451.0, 201.0]}]"
normal/normal_0153_EDD.jpg,normal,0,[]
normal/normal_0154_EDD.jpg,normal,0,[]
normal/normal_0155_EDD.jpg,normal,0,[]
normal/normal_0156_EDD.jpg,normal,2,"[{'vessel_blob_score': -5.087609851128953, 'centre': [341.0, 172.0], 'radius': 35.918785545899944, 'blob_score': 0.7293774545192717, 'blob_contrast': 0.022765815258026123, 'blob_brightness': 0.9928245544433594, 'blob_response': -0.058172255754470825, 'vessel_centre': [125.0, 206.0]}, {'vessel_blob_score': -2.654783078848687, 'centre': [305.0, 311.0], 'radius': 57.01751796098172, 'blob_score': 0.7434547185897827, 'blob_contrast': 0.03881227970123291, 'blob_brightness': 0.9925668239593506, 'blob_response': -0.04922831058502197, 'vessel_centre': [125.0, 206.0]}]"
normal/normal_0157_EDD.jpg,normal,5,"[{'vessel_blob_score': -2.2392134733639, 'centre': [402.0, 184.0], 'radius': 35.918785545899944, 'blob_score': 0.7311273157596588, 'blob_contrast': 0.026553332805633545, 'blob_brightness': 0.9928767681121826, 'blob_response': -0.04780122637748718, 'vessel_centre': [286.0, 193.0]}, {'vessel_blob_score': -2.5489921472128025, 'centre': [381.0, 278.0], 'radius': 35.918785545899944, 'blob_score': 0.7268557488918305, 'blob_contrast': 0.02036571502685547, 'blob_brightness': 0.9934659600257874, 'blob_response': -0.05531930923461914, 'vessel_centre': [286.0, 193.0]}, {'vessel_blob_score': -2.201788312050212, 'centre': [285.0, 308.0], 'radius': 35.918785545899944, 'blob_score': 0.7176282346248626, 'blob_contrast': 0.014522194862365723, 'blob_brightness': 0.9937660098075867, 'blob_response': -0.037349164485931396, 'vessel_centre': [286.0, 193.0]}, {'vessel_blob_score': -1.608953933092725, 'centre': [378.0, 267.0], 'radius': 45.254833995939045, 'blob_score': 0.7307980358600616, 'blob_contrast': 0.025146126747131348, 'blob_brightness': 0.9927567839622498, 'blob_response': -0.053610801696777344, 'vessel_centre': [286.0, 193.0]}, {'vessel_blob_score': -1.4283683114902481, 'centre': [272.0, 302.0], 'radius': 45.254833995939045, 'blob_score': 0.7235840618610381, 'blob_contrast': 0.020696640014648438, 'blob_brightness': 0.993695080280304, 'blob_response': -0.03650432825088501, 'vessel_centre': [286.0, 193.0]}]"
normal/normal_0158_EDD.jpg,normal,2,"[{'vessel_blob_score': -2.1626953509058393, 'centre': [252.0, 185.0], 'radius': 35.918785545899944, 'blob_score': 0.7350126147270202, 'blob_contrast': 0.060722172260284424, 'blob_brightness': 0.9395355582237244, 'blob_response': -0.08307775855064392, 'vessel_centre': [143.0, 217.0]}, {'vessel_blob_score': -1.7504468979214898, 'centre': [227.0, 269.0], 'radius': 35.918785545899944, 'blob_score': 0.6695098340511322, 'blob_contrast': 0.023414969444274902, 'blob_brightness': 0.9149359464645386, 'blob_response': -0.02819851040840149, 'vessel_centre': [143.0, 217.0]}]"
normal/normal_0159_EDD.jpg,normal,1,"[{'vessel_blob_score': -0.9392721109698854, 'centre': [316.0, 292.0], 'radius': 71.83757109179989, 'blob_score': 0.7081923574209213, 'blob_contrast': 0.07202309370040894, 'blob_brightness': 0.8962734341621399, 'blob_response': -0.04388929903507233, 'vessel_centre': [424.0, 204.0]}]"
normal/normal_0160_EDD.jpg,normal,0,[]
normal/normal_0161_EDD.jpg,normal,0,[]
normal/normal_0162_EDD.jpg,normal,0,[]
normal/normal_0163_EDD.jpg,normal,3,"[{'vessel_blob_score': -2.4870818874082627, 'centre': [260.0, 175.0], 'radius': 35.918785545899944, 'blob_score': 0.6666729390621184, 'blob_contrast': 0.03846573829650879, 'blob_brightness': 0.8888153433799744, 'blob_response': -0.030182301998138428, 'vessel_centre': [142.0, 217.0]}, {'vessel_blob_score': -2.0426587947650994, 'centre': [232.0, 279.0], 'radius': 35.918785545899944, 'blob_score': 0.6804440617561339, 'blob_contrast': 0.03633373975753784, 'blob_brightness': 0.9074498414993286, 'blob_response': -0.04447716474533081, 'vessel_centre': [142.0, 217.0]}, {'vessel_blob_score': 0.5287403126969408, 'centre': [161.0, 198.0], 'radius': 57.01751796098172, 'blob_score': 0.7914681136608123, 'blob_contrast': 0.10645413398742676, 'blob_brightness': 0.9413897395133972, 'blob_response': -0.13020581007003784, 'vessel_centre': [142.0, 217.0]}]"
normal/normal_0164_EDD.jpg,normal,0,[]
normal/normal_0165_EDD.jpg,normal,0,[]
normal/normal_0166_EDD.jpg,normal,1,"[{'vessel_blob_score': -1.5678739166488995, 'centre': [199.0, 287.0], 'radius': 57.01751796098172, 'blob_score': 0.7429548025131225, 'blob_contrast': 0.05354273319244385, 'blob_brightness': 0.9654656648635864, 'blob_response': -0.06793051958084106, 'vessel_centre': [98.0, 181.0]}]"
normal/normal_0167_EDD.jpg,normal,1,"[{'vessel_blob_score': -2.3122788841294746, 'centre': [332.0, 182.0], 'radius': 45.254833995939045, 'blob_score': 0.6756697833538056, 'blob_contrast': 0.034049808979034424, 'blob_brightness': 0.9061579704284668, 'blob_response': -0.0365469753742218, 'vessel_centre': [477.0, 220.0]}]"
normal/normal_0168_EDD.jpg,normal,2,"[{'vessel_blob_score': -0.5866877843482627, 'centre': [351.0, 181.0], 'radius': 45.254833995939045, 'blob_score': 0.7399861514568329, 'blob_contrast': 0.030872046947479248, 'blob_brightness': 0.9930779337882996, 'blob_response': -0.06979775428771973, 'vessel_centre': [281.0, 165.0]}, {'vessel_blob_score': -1.5575409332012655, 'centre': [317.0, 275.0], 'radius': 45.254833995939045, 'blob_score': 0.7360018849372864, 'blob_contrast': 0.02882683277130127, 'blob_brightness': 0.9930077791213989, 'blob_response': -0.0603480339050293, 'vessel_centre': [281.0, 165.0]}]"
normal/normal_0169_EDD.jpg,normal,0,[]
normal/normal_0170_EDD.jpg,normal,0,[]
normal/normal_0171_EDD.jpg,normal,1,"[{'vessel_blob_score': -0.35048361478014045, 'centre': [371.0, 205.0], 'radius': 35.918785545899944, 'blob_score': 0.728626823425293, 'blob_contrast': 0.028583049774169922, 'blob_brightness': 0.9786719083786011, 'blob_response': -0.07486718893051147, 'vessel_centre': [323.0, 198.0]}]"
normal/normal_0172_EDD.jpg,normal,0,[]
normal/normal_0173_EDD.jpg,normal,1,"[{'vessel_blob_score': -2.934299232777007, 'centre': [310.0, 310.0], 'radius': 35.918785545899944, 'blob_score': 0.6016742050647735, 'blob_contrast': 0.03689563274383545, 'blob_brightness': 0.8003008961677551, 'blob_response': -0.022839725017547607, 'vessel_centre': [257.0, 179.0]}]"
normal/normal_0174_EDD.jpg,normal,4,"[{'vessel_blob_score': -1.056814481509901, 'centre': [251.0, 185.0], 'radius': 35.918785545899944, 'blob_score': 0.7289980113506317, 'blob_contrast': 0.02224642038345337, 'blob_brightness': 0.9933093190193176, 'blob_response': -0.05717533826828003, 'vessel_centre': [308.0, 232.0]}, {'vessel_blob_score': -0.8769180009324722, 'centre': [245.0, 256.0], 'radius': 35.918785545899944, 'blob_score': 0.7274354100227355, 'blob_contrast': 0.022201240062713623, 'blob_brightness': 0.9909822940826416, 'blob_response': -0.05773282051086426, 'vessel_centre': [308.0, 232.0]}, {'vessel_blob_score': -0.46725322669606006, 'centre': [255.0, 192.0], 'radius': 45.254833995939045, 'blob_score': 0.7345003485679625, 'blob_contrast': 0.028595387935638428, 'blob_brightness': 0.9921599626541138, 'blob_response': -0.0569649338722229, 'vessel_centre': [308.0, 232.0]}, {'vessel_blob_score': -0.2655285457072867, 'centre': [252.0, 244.0], 'radius': 45.254833995939045, 'blob_score': 0.7263962805271149, 'blob_contrast': 0.022584855556488037, 'blob_brightness': 0.990009605884552, 'blob_response': -0.05402350425720215, 'vessel_centre': [308.0, 232.0]}]"
normal/normal_0175_EDD.jpg,normal,2,"[{'vessel_blob_score': -1.3886183514074872, 'centre': [267.0, 291.0], 'radius': 35.918785545899944, 'blob_score': 0.7271592199802398, 'blob_contrast': 0.024454832077026367, 'blob_brightness': 0.9895928502082825, 'blob_response': -0.04994696378707886, 'vessel_centre': [298.0, 211.0]}, {'vessel_blob_score': -0.3613513224903566, 'centre': [223.0, 191.0], 'radius': 57.01751796098172, 'blob_score': 0.7625483274459838, 'blob_contrast': 0.053045034408569336, 'blob_brightness': 0.9892710447311401, 'blob_response': -0.08506780862808228, 'vessel_centre': [298.0, 211.0]}]"
normal/normal_0176_EDD.jpg,normal,2,"[{'vessel_blob_score': -2.0357729230274235, 'centre': [382.0, 263.0], 'radius': 35.918785545899944, 'blob_score': 0.6930808424949646, 'blob_contrast': 0.029369115829467773, 'blob_brightness': 0.9351339936256409, 'blob_response': -0.04558965563774109, 'vessel_centre': [471.0, 200.0]}, {'vessel_blob_score': 0.5894349551052224, 'centre': [449.0, 208.0], 'radius': 57.01751796098172, 'blob_score': 0.8055066764354706, 'blob_contrast': 0.11578565835952759, 'blob_brightness': 0.9467592835426331, 'blob_response': -0.13494759798049927, 'vessel_centre': [471.0, 200.0]}]"
normal/normal_0177_EDD.jpg,normal,1,"[{'vessel_blob_score': -1.8230399070554597, 'centre': [247.0, 296.0], 'radius': 57.01751796098172, 'blob_score': 0.7203070282936096, 'blob_contrast': 0.0603298544883728, 'blob_brightness': 0.9278929829597473, 'blob_response': -0.05226042866706848, 'vessel_centre': [125.0, 191.0]}]"
normal/normal_0178_EDD.jpg,normal,0,[]
normal/normal_0179_EDD.jpg,normal,3,"[{'vessel_blob_score': -3.433913619084678, 'centre': [227.0, 285.0], 'radius': 35.918785545899944, 'blob_score': 0.7303285121917724, 'blob_contrast': 0.02255326509475708, 'blob_brightness': 0.994318425655365, 'blob_response': -0.05876174569129944, 'vessel_centre': [357.0, 193.0]}, {'vessel_blob_score': -2.3857612004171234, 'centre': [236.0, 287.0], 'radius': 45.254833995939045, 'blob_score': 0.7359700441360473, 'blob_contrast': 0.028388142585754395, 'blob_brightness': 0.9941075444221497, 'blob_response': -0.05853310227394104, 'vessel_centre': [357.0, 193.0]}, {'vessel_blob_score': -1.5420497531150672, 'centre': [245.0, 285.0], 'radius': 57.01751796098172, 'blob_score': 0.7492602407932282, 'blob_contrast': 0.042063355445861816, 'blob_brightness': 0.9933215379714966, 'blob_response': -0.05935904383659363, 'vessel_centre': [357.0, 193.0]}]"
normal/normal_0180_EDD.jpg,normal,0,[]
normal/normal_0181_EDD.jpg,normal,3,"[{'vessel_blob_score': -3.566195437175322, 'centre': [268.0, 169.0], 'radius': 35.918785545899944, 'blob_score': 0.7476427495479583, 'blob_contrast': 0.03596055507659912, 'blob_brightness': 0.9903997778892517, 'blob_response': -0.09201174974441528, 'vessel_centre': [104.0, 171.0]}, {'vessel_blob_score': -3.8980443602463675, 'centre': [238.0, 285.0], 'radius': 35.918785545899944, 'blob_score': 0.7384843230247498, 'blob_contrast': 0.029120981693267822, 'blob_brightness': 0.9888981580734253, 'blob_response': -0.08567315340042114, 'vessel_centre': [104.0, 171.0]}, {'vessel_blob_score': 0.3888247745122517, 'centre': [122.0, 192.0], 'radius': 45.254833995939045, 'blob_score': 0.7695692777633667, 'blob_contrast': 0.06213134527206421, 'blob_brightness': 0.9813390970230103, 'blob_response': -0.10250282287597656, 'vessel_centre': [104.0, 171.0]}]"
normal/normal_0182_EDD.jpg,normal,2,"[{'vessel_blob_score': -2.2584190539857123, 'centre': [383.0, 169.0], 'radius': 35.918785545899944, 'blob_score': 0.7218004703521728, 'blob_contrast': 0.025660991668701172, 'blob_brightness': 0.9734875559806824, 'blob_response': -0.07349094748497009, 'vessel_centre': [500.0, 166.0]}, {'vessel_blob_score': -2.5781591155578867, 'centre': [385.0, 280.0], 'radius': 45.254833995939045, 'blob_score': 0.7372678279876709, 'blob_contrast': 0.03900551795959473, 'blob_brightness': 0.9751408696174622, 'blob_response': -0.0783185064792633, 'vessel_centre': [500.0, 166.0]}]"
normal/normal_0183_EDD.jpg,normal,3,"[{'vessel_blob_score': -1.65625, 'centre': [237.0, 209.0], 'radius': 45.254833995939045, 'blob_score': 0.7307573080062866, 'blob_contrast': 0.024558842182159424, 'blob_brightness': 0.9955088496208191, 'blob_response': -0.046711355447769165, 'vessel_centre': [356.0, 192.0]}, {'vessel_blob_score': -2.621563565126256, 'centre': [231.0, 298.0], 'radius': 45.254833995939045, 'blob_score': 0.7372000634670257, 'blob_contrast': 0.029152333736419678, 'blob_brightness': 0.9950044751167297, 'blob_response': -0.05772298574447632, 'vessel_centre': [356.0, 192.0]}, {'vessel_blob_score': -1.6993864026696666, 'centre': [239.0, 292.0], 'radius': 57.01751796098172, 'blob_score': 0.752587616443634, 'blob_contrast': 0.04520547389984131, 'blob_brightness': 0.9940779209136963, 'blob_response': -0.05763798952102661, 'vessel_centre': [356.0, 192.0]}]"
normal/normal_0184_EDD.jpg,normal,1,"[{'vessel_blob_score': -0.15297255089832906, 'centre': [408.0, 232.0], 'radius': 90.50966799187809, 'blob_score': 0.7897614955902099, 'blob_contrast': 0.07854264974594116, 'blob_brightness': 0.9856634140014648, 'blob_response': -0.10627228021621704, 'vessel_centre': [507.0, 199.0]}]"
normal/normal_0185_EDD.jpg,normal,6,"[{'vessel_blob_score': -3.734209404009494, 'centre': [274.0, 164.0], 'radius': 35.918785545899944, 'blob_score': 0.7427451133728027, 'blob_contrast': 0.03068763017654419, 'blob_brightness': 0.9943948984146118, 'blob_response': -0.07990527153015137, 'vessel_centre': [104.0, 168.0]}, {'vessel_blob_score': -5.9935305546812625, 'centre': [355.0, 178.0], 'radius': 35.918785545899944, 'blob_score': 0.7542044878005981, 'blob_contrast': 0.041321754455566406, 'blob_brightness': 0.9911835193634033, 'blob_response': -0.09527134895324707, 'vessel_centre': [104.0, 168.0]}, {'vessel_blob_score': 0.31238827551962756, 'centre': [117.0, 189.0], 'radius': 35.918785545899944, 'blob_score': 0.7709879755973815, 'blob_contrast': 0.06026101112365723, 'blob_brightness': 0.990543007850647, 'blob_response': -0.08673429489135742, 'vessel_centre': [104.0, 168.0]}, {'vessel_blob_score': -4.088814189629157, 'centre': [241.0, 289.0], 'radius': 35.918785545899944, 'blob_score': 0.7378220379352569, 'blob_contrast': 0.0273016095161438, 'blob_brightness': 0.9934089779853821, 'blob_response': -0.07567071914672852, 'vessel_centre': [104.0, 168.0]}, {'vessel_blob_score': 0.3319513022990016, 'centre': [121.0, 193.0], 'radius': 45.254833995939045, 'blob_score': 0.7646607935428619, 'blob_contrast': 0.05897843837738037, 'blob_brightness': 0.9833397269248962, 'blob_response': -0.086722731590271, 'vessel_centre': [104.0, 168.0]}, {'vessel_blob_score': -2.802304502699646, 'centre': [232.0, 283.0], 'radius': 45.254833995939045, 'blob_score': 0.7440574884414672, 'blob_contrast': 0.03486514091491699, 'blob_brightness': 0.9921834468841553, 'blob_response': -0.07331967353820801, 'vessel_centre': [104.0, 168.0]}]"
normal/normal_0186_EDD.jpg,normal,0,[]
normal/normal_0187_EDD.jpg,normal,1,"[{'vessel_blob_score': -2.790922733086706, 'centre': [238.0, 161.0], 'radius': 35.918785545899944, 'blob_score': 0.6525020539760589, 'blob_contrast': 0.027736663818359375, 'blob_brightness': 0.8848685622215271, 'blob_response': -0.026786983013153076, 'vessel_centre': [113.0, 215.0]}]"
normal/normal_0188_EDD.jpg,normal,1,"[{'vessel_blob_score': -2.681384454361223, 'centre': [309.0, 319.0], 'radius': 35.918785545899944, 'blob_score': 0.6382304668426514, 'blob_contrast': 0.05351501703262329, 'blob_brightness': 0.8246179223060608, 'blob_response': -0.03741452097892761, 'vessel_centre': [258.0, 197.0]}]"
normal/normal_0189_EDD.jpg,normal,1,"[{'vessel_blob_score': -2.285306989604759, 'centre': [350.0, 305.0], 'radius': 35.918785545899944, 'blob_score': 0.6476375699043274, 'blob_contrast': 0.0544818639755249, 'blob_brightness': 0.8344959020614624, 'blob_response': -0.04504287242889404, 'vessel_centre': [420.0, 210.0]}]"
normal/normal_0190_EDD.jpg,normal,2,"[{'vessel_blob_score': -2.4703710700737496, 'centre': [216.0, 294.0], 'radius': 35.918785545899944, 'blob_score': 0.6313829332590103, 'blob_contrast': 0.04247081279754639, 'blob_brightness': 0.8337838053703308, 'blob_response': -0.026317283511161804, 'vessel_centre': [133.0, 201.0]}, {'vessel_blob_score': -1.7950849718747368, 'centre': [205.0, 305.0], 'radius': 45.254833995939045, 'blob_score': 0.6447398006916045, 'blob_contrast': 0.05580711364746094, 'blob_brightness': 0.8335407972335815, 'blob_response': -0.027270644903182983, 'vessel_centre': [133.0, 201.0]}]"
normal/normal_0191_EDD.jpg,normal,1,"[{'vessel_blob_score': -2.0427861639509466, 'centre': [232.0, 303.0], 'radius': 35.918785545899944, 'blob_score': 0.6490527272224426, 'blob_contrast': 0.0574454665184021, 'blob_brightness': 0.8342636227607727, 'blob_response': -0.03811362385749817, 'vessel_centre': [291.0, 211.0]}]"
normal/normal_0192_EDD.jpg,normal,0,[]
normal/normal_0193_EDD.jpg,normal,2,"[{'vessel_blob_score': 0.4216638898961954, 'centre': [123.0, 186.0], 'radius': 45.254833995939045, 'blob_score': 0.7678585410118103, 'blob_contrast': 0.05895185470581055, 'blob_brightness': 0.9789791107177734, 'blob_response': -0.11810654401779175, 'vessel_centre': [104.0, 204.0]}, {'vessel_blob_score': -1.3996318307914786, 'centre': [212.0, 288.0], 'radius': 57.01751796098172, 'blob_score': 0.7650991201400756, 'blob_contrast': 0.05931574106216431, 'blob_brightness': 0.9802005887031555, 'blob_response': -0.09821483492851257, 'vessel_centre': [104.0, 204.0]}]"
normal/normal_0194_EDD.jpg,normal,1,"[{'vessel_blob_score': -2.5663126433325005, 'centre': [223.0, 185.0], 'radius': 35.918785545899944, 'blob_score': 0.710509169101715, 'blob_contrast': 0.029220521450042725, 'blob_brightness': 0.958691418170929, 'blob_response': -0.051023274660110474, 'vessel_centre': [95.0, 190.0]}]"
normal/normal_0195_EDD.jpg,normal,0,[]
normal/normal_0196_EDD.jpg,normal,0,[]
normal/normal_0197_EDD.jpg,normal,2,"[{'vessel_blob_score': -2.6692581281879373, 'centre': [402.0, 285.0], 'radius': 35.918785545899944, 'blob_score': 0.6248103618621825, 'blob_contrast': 0.03221273422241211, 'blob_brightness': 0.8408538103103638, 'blob_response': -0.019999802112579346, 'vessel_centre': [501.0, 198.0]}, {'vessel_blob_score': -1.830239195942633, 'centre': [380.0, 156.0], 'radius': 45.254833995939045, 'blob_score': 0.6473909497261047, 'blob_contrast': 0.04108065366744995, 'blob_brightness': 0.8556214570999146, 'blob_response': -0.036876380443573, 'vessel_centre': [501.0, 198.0]}]"
normal/normal_0198_EDD.jpg,normal,0,[]
normal/normal_0199_EDD.jpg,normal,0,[]
normal/normal_0200_EDD.jpg,normal,0,[]
normal/normal_0201_EDD.jpg,normal,0,[]
normal/normal_0202_EDD.jpg,normal,1,"[{'vessel_blob_score': -2.2629355589458986, 'centre': [251.0, 308.0], 'radius': 35.918785545899944, 'blob_score': 0.6649198651313781, 'blob_contrast': 0.042349040508270264, 'blob_brightness': 0.8804720044136047, 'blob_response': -0.031202107667922974, 'vessel_centre': [321.0, 214.0]}]"
normal/normal_0203_EDD.jpg,normal,1,"[{'vessel_blob_score': -2.0059348847322025, 'centre': [204.0, 286.0], 'radius': 45.254833995939045, 'blob_score': 0.6526539087295532, 'blob_contrast': 0.04756587743759155, 'blob_brightness': 0.8570221066474915, 'blob_response': -0.025862783193588257, 'vessel_centre': [120.0, 179.0]}]"
normal/normal_0204_EDD.jpg,normal,3,"[{'vessel_blob_score': -1.40543298355013, 'centre': [264.0, 166.0], 'radius': 35.918785545899944, 'blob_score': 0.731692498922348, 'blob_contrast': 0.0267297625541687, 'blob_brightness': 0.9843253493309021, 'blob_response': -0.07967495918273926, 'vessel_centre': [333.0, 218.0]}, {'vessel_blob_score': -1.359426737843326, 'centre': [258.0, 294.0], 'radius': 45.254833995939045, 'blob_score': 0.7537680268287658, 'blob_contrast': 0.04609262943267822, 'blob_brightness': 0.980860710144043, 'blob_response': -0.10536450147628784, 'vessel_centre': [333.0, 218.0]}, {'vessel_blob_score': 0.42858937350356463, 'centre': [310.0, 184.0], 'radius': 71.83757109179989, 'blob_score': 0.7554651618003845, 'blob_contrast': 0.05116283893585205, 'blob_brightness': 0.9753512740135193, 'blob_response': -0.10778215527534485, 'vessel_centre': [333.0, 218.0]}]"
normal/normal_0205_EDD.jpg,normal,1,"[{'vessel_blob_score': -1.1547775769786544, 'centre': [222.0, 208.0], 'radius': 45.254833995939045, 'blob_score': 0.7300500571727753, 'blob_contrast': 0.02431797981262207, 'blob_brightness': 0.9937666654586792, 'blob_response': -0.050477057695388794, 'vessel_centre': [319.0, 198.0]}]"
normal/normal_0206_EDD.jpg,normal,1,"[{'vessel_blob_score': -2.3387082316743397, 'centre': [227.0, 300.0], 'radius': 45.254833995939045, 'blob_score': 0.6599171787500381, 'blob_contrast': 0.03659087419509888, 'blob_brightness': 0.8841161727905273, 'blob_response': -0.022224918007850647, 'vessel_centre': [112.0, 202.0]}]"
normal/normal_0207_EDD.jpg,normal,3,"[{'vessel_blob_score': -2.386953338121731, 'centre': [219.0, 212.0], 'radius': 35.918785545899944, 'blob_score': 0.7935636520385743, 'blob_contrast': 0.0837896466255188, 'blob_brightness': 0.9773075580596924, 'blob_response': -0.12829357385635376, 'vessel_centre': [99.0, 192.0]}, {'vessel_blob_score': -5.202892321663424, 'centre': [233.0, 370.0], 'radius': 35.918785545899944, 'blob_score': 0.7201769053936005, 'blob_contrast': 0.037862300872802734, 'blob_brightness': 0.9585453867912292, 'blob_response': -0.05666416883468628, 'vessel_centre': [99.0, 192.0]}, {'vessel_blob_score': -1.5650949132658813, 'centre': [198.0, 402.0], 'radius': 90.50966799187809, 'blob_score': 0.727302724123001, 'blob_contrast': 0.0684846043586731, 'blob_brightness': 0.9255019426345825, 'blob_response': -0.054833799600601196, 'vessel_centre': [99.0, 192.0]}]"
normal/normal_0208_EDD.jpg,normal,1,"[{'vessel_blob_score': -0.35048361478014045, 'centre': [271.0, 158.0], 'radius': 35.918785545899944, 'blob_score': 0.7466675043106078, 'blob_contrast': 0.04126197099685669, 'blob_brightness': 0.9851236343383789, 'blob_response': -0.07909494638442993, 'vessel_centre': [278.0, 206.0]}]"
normal/normal_0209_EDD.jpg,normal,3,"[{'vessel_blob_score': -0.7137231298477444, 'centre': [329.0, 176.0], 'radius': 35.918785545899944, 'blob_score': 0.7419967174530029, 'blob_contrast': 0.03336334228515625, 'blob_brightness': 0.988278865814209, 'blob_response': -0.08419084548950195, 'vessel_centre': [287.0, 221.0]}, {'vessel_blob_score': -0.2287252032085938, 'centre': [321.0, 177.0], 'radius': 45.254833995939045, 'blob_score': 0.7455496966838836, 'blob_contrast': 0.038142383098602295, 'blob_brightness': 0.9860695004463196, 'blob_response': -0.08579331636428833, 'vessel_centre': [287.0, 221.0]}, {'vessel_blob_score': -0.1562095519575466, 'centre': [276.0, 286.0], 'radius': 57.01751796098172, 'blob_score': 0.7669213950634002, 'blob_contrast': 0.05758458375930786, 'blob_brightness': 0.984093964099884, 'blob_response': -0.10235518217086792, 'vessel_centre': [287.0, 221.0]}]"
normal/normal_0210_EDD.jpg,normal,2,"[{'vessel_blob_score': -2.080130127065038, 'centre': [371.0, 192.0], 'radius': 35.918785545899944, 'blob_score': 0.7453056454658508, 'blob_contrast': 0.03214716911315918, 'blob_brightness': 0.9916160106658936, 'blob_response': -0.09513634443283081, 'vessel_centre': [479.0, 216.0]}, {'vessel_blob_score': -1.057196068453977, 'centre': [316.0, 306.0], 'radius': 90.50966799187809, 'blob_score': 0.7838411450386047, 'blob_contrast': 0.07947325706481934, 'blob_brightness': 0.976041853427887, 'blob_response': -0.10569295287132263, 'vessel_centre': [479.0, 216.0]}]"
normal/normal_0211_EDD.jpg,normal,0,[]
normal/normal_0212_EDD.jpg,normal,1,"[{'vessel_blob_score': 0.46993105487016995, 'centre': [380.0, 208.0], 'radius': 71.83757109179989, 'blob_score': 0.777155190706253, 'blob_contrast': 0.1295362114906311, 'blob_brightness': 0.8953976631164551, 'blob_response': -0.10420307517051697, 'vessel_centre': [413.0, 189.0]}]"
normal/normal_0213_EDD.jpg,normal,1,"[{'vessel_blob_score': 0.7440785367401039, 'centre': [268.0, 238.0], 'radius': 71.83757109179989, 'blob_score': 0.766294503211975, 'blob_contrast': 0.10895389318466187, 'blob_brightness': 0.9097609519958496, 'blob_response': -0.10253971815109253, 'vessel_centre': [285.0, 231.0]}]"
normal/normal_0214_EDD.jpg,normal,0,[]
normal/normal_0215_EDD.jpg,normal,4,"[{'vessel_blob_score': -1.9644667396343247, 'centre': [382.0, 186.0], 'radius': 35.918785545899944, 'blob_score': 0.7334851264953612, 'blob_contrast': 0.027673959732055664, 'blob_brightness': 0.9866765737533569, 'blob_response': -0.07568782567977905, 'vessel_centre': [485.0, 213.0]}, {'vessel_blob_score': 0.7433224894112469, 'centre': [476.0, 215.0], 'radius': 35.918785545899944, 'blob_score': 0.7934500634670257, 'blob_contrast': 0.07963418960571289, 'blob_brightness': 0.9849900603294373, 'blob_response': -0.12161415815353394, 'vessel_centre': [485.0, 213.0]}, {'vessel_blob_score': -1.4177888917355874, 'centre': [381.0, 179.0], 'radius': 45.254833995939045, 'blob_score': 0.734793221950531, 'blob_contrast': 0.032337307929992676, 'blob_brightness': 0.9818915128707886, 'blob_response': -0.07565927505493164, 'vessel_centre': [485.0, 213.0]}, {'vessel_blob_score': -1.0675319081003205, 'centre': [386.0, 277.0], 'radius': 57.01751796098172, 'blob_score': 0.7554899454116821, 'blob_contrast': 0.05211001634597778, 'blob_brightness': 0.9796844720840454, 'blob_response': -0.08800399303436279, 'vessel_centre': [485.0, 213.0]}]"
normal/normal_0216_EDD.jpg,normal,0,[]
normal/normal_0217_EDD.jpg,normal,0,[]
normal/normal_0218_EDD.jpg,normal,2,"[{'vessel_blob_score': -0.4097346231258825, 'centre': [378.0, 223.0], 'radius': 35.918785545899944, 'blob_score': 0.7386887848377228, 'blob_contrast': 0.03191012144088745, 'blob_brightness': 0.9910616278648376, 'blob_response': -0.06517761945724487, 'vessel_centre': [328.0, 215.0]}, {'vessel_blob_score': -1.1930536118090873, 'centre': [355.0, 289.0], 'radius': 35.918785545899944, 'blob_score': 0.7399321019649505, 'blob_contrast': 0.034598469734191895, 'blob_brightness': 0.9910992980003357, 'blob_response': -0.05782061815261841, 'vessel_centre': [328.0, 215.0]}]"
normal/normal_0219_EDD.jpg,normal,1,"[{'vessel_blob_score': -3.2918769795771565, 'centre': [221.0, 260.0], 'radius': 35.918785545899944, 'blob_score': 0.6811727404594421, 'blob_contrast': 0.02884364128112793, 'blob_brightness': 0.9220157265663147, 'blob_response': -0.034590452909469604, 'vessel_centre': [102.0, 162.0]}]"
normal/normal_0220_EDD.jpg,normal,0,[]
normal/normal_0221_EDD.jpg,normal,2,"[{'vessel_blob_score': -3.430940830537886, 'centre': [340.0, 291.0], 'radius': 35.918785545899944, 'blob_score': 0.7452990770339964, 'blob_contrast': 0.050764262676239014, 'blob_brightness': 0.9714401960372925, 'blob_response': -0.07263338565826416, 'vessel_centre': [487.0, 230.0]}, {'vessel_blob_score': 0.3260388491815719, 'centre': [426.0, 230.0], 'radius': 90.50966799187809, 'blob_score': 0.8660752475261688, 'blob_contrast': 0.15787559747695923, 'blob_brightness': 0.9756353497505188, 'blob_response': -0.12627452611923218, 'vessel_centre': [487.0, 230.0]}]"
normal/normal_0222_EDD.jpg,normal,0,[]
normal/normal_0223_EDD.jpg,normal,1,"[{'vessel_blob_score': -2.1538603035657986, 'centre': [363.0, 197.0], 'radius': 35.918785545899944, 'blob_score': 0.6894657969474791, 'blob_contrast': 0.05470699071884155, 'blob_brightness': 0.8927930593490601, 'blob_response': -0.04901832342147827, 'vessel_centre': [475.0, 214.0]}]"
normal/normal_0224_EDD.jpg,normal,3,"[{'vessel_blob_score': -2.048258004309558, 'centre': [211.0, 202.0], 'radius': 35.918785545899944, 'blob_score': 0.7366340994834899, 'blob_contrast': 0.054667770862579346, 'blob_brightness': 0.954221248626709, 'blob_response': -0.07005727291107178, 'vessel_centre': [103.0, 220.0]}, {'vessel_blob_score': -1.923393990105915, 'centre': [202.0, 255.0], 'radius': 35.918785545899944, 'blob_score': 0.7312113940715789, 'blob_contrast': 0.04782205820083618, 'blob_brightness': 0.9572584629058838, 'blob_response': -0.06654205918312073, 'vessel_centre': [103.0, 220.0]}, {'vessel_blob_score': 0.4950199184002403, 'centre': [148.0, 228.0], 'radius': 90.50966799187809, 'blob_score': 0.7472456455230713, 'blob_contrast': 0.08792072534561157, 'blob_brightness': 0.9207271337509155, 'blob_response': -0.07407963275909424, 'vessel_centre': [103.0, 220.0]}]"
normal/normal_0225_EDD.jpg,normal,0,[]
normal/normal_0226_EDD.jpg,normal,4,"[{'vessel_blob_score': -1.7178457570670722, 'centre': [379.0, 192.0], 'radius': 35.918785545899944, 'blob_score': 0.7416428685188292, 'blob_contrast': 0.042217373847961426, 'blob_brightness': 0.9757245779037476, 'blob_response': -0.08209145069122314, 'vessel_centre': [476.0, 203.0]}, {'vessel_blob_score': -1.1668669779199643, 'centre': [380.0, 183.0], 'radius': 45.254833995939045, 'blob_score': 0.7392977774143219, 'blob_contrast': 0.04434400796890259, 'blob_brightness': 0.9698099493980408, 'blob_response': -0.08043402433395386, 'vessel_centre': [476.0, 203.0]}, {'vessel_blob_score': 0.7790291308792039, 'centre': [466.0, 203.0], 'radius': 45.254833995939045, 'blob_score': 0.7540005803108214, 'blob_contrast': 0.054084718227386475, 'blob_brightness': 0.9671003818511963, 'blob_response': -0.11472797393798828, 'vessel_centre': [476.0, 203.0]}, {'vessel_blob_score': 0.5372680371568996, 'centre': [444.0, 194.0], 'radius': 71.83757109179989, 'blob_score': 0.7687808632850647, 'blob_contrast': 0.07870715856552124, 'blob_brightness': 0.9562011361122131, 'blob_response': -0.10366454720497131, 'vessel_centre': [476.0, 203.0]}]"
normal/normal_0227_EDD.jpg,normal,1,"[{'vessel_blob_score': -2.9076123076829203, 'centre': [347.0, 174.0], 'radius': 35.918785545899944, 'blob_score': 0.6792413651943207, 'blob_contrast': 0.02962350845336914, 'blob_brightness': 0.9160408973693848, 'blob_response': -0.04194614291191101, 'vessel_centre': [487.0, 184.0]}]"
normal/normal_0228_EDD.jpg,normal,0,[]
normal/normal_0229_EDD.jpg,normal,0,[]
normal/normal_0230_EDD.jpg,normal,1,"[{'vessel_blob_score': -2.8819400586973516, 'centre': [349.0, 175.0], 'radius': 35.918785545899944, 'blob_score': 0.6897572338581085, 'blob_contrast': 0.03271359205245972, 'blob_brightness': 0.9252724647521973, 'blob_response': -0.04676458239555359, 'vessel_centre': [488.0, 186.0]}]"
normal/normal_0231_EDD.jpg,normal,0,[]
normal/normal_0232_EDD.jpg,normal,0,[]
normal/normal_0233_EDD.jpg,normal,1,"[{'vessel_blob_score': -0.8589123028894452, 'centre': [246.0, 298.0], 'radius': 57.01751796098172, 'blob_score': 0.7762890934944152, 'blob_contrast': 0.06292635202407837, 'blob_brightness': 0.9900000095367432, 'blob_response': -0.1018136739730835, 'vessel_centre': [293.0, 203.0]}]"
normal/normal_0234_EDD.jpg,normal,3,"[{'vessel_blob_score': -2.1743150771123068, 'centre': [366.0, 169.0], 'radius': 35.918785545899944, 'blob_score': 0.7070878624916076, 'blob_contrast': 0.022835910320281982, 'blob_brightness': 0.9633280634880066, 'blob_response': -0.04961153864860535, 'vessel_centre': [476.0, 199.0]}, {'vessel_blob_score': 0.7093357598193548, 'centre': [466.0, 202.0], 'radius': 35.918785545899944, 'blob_score': 0.7803753614425659, 'blob_contrast': 0.06644010543823242, 'blob_brightness': 0.9860882759094238, 'blob_response': -0.11836731433868408, 'vessel_centre': [476.0, 199.0]}, {'vessel_blob_score': -1.809003269782115, 'centre': [378.0, 223.0], 'radius': 35.918785545899944, 'blob_score': 0.7195392072200775, 'blob_contrast': 0.019250571727752686, 'blob_brightness': 0.9830607771873474, 'blob_response': -0.0607304573059082, 'vessel_centre': [476.0, 199.0]}]"
normal/normal_0235_EDD.jpg,normal,3,"[{'vessel_blob_score': 0.47470489390566417, 'centre': [116.0, 174.0], 'radius': 35.918785545899944, 'blob_score': 0.7841044843196869, 'blob_contrast': 0.06811165809631348, 'blob_brightness': 0.9882286190986633, 'blob_response': -0.12116396427154541, 'vessel_centre': [100.0, 164.0]}, {'vessel_blob_score': -2.3017806952813764, 'centre': [139.0, 276.0], 'radius': 35.918785545899944, 'blob_score': 0.7400328278541565, 'blob_contrast': 0.040523409843444824, 'blob_brightness': 0.9752476215362549, 'blob_response': -0.08418041467666626, 'vessel_centre': [100.0, 164.0]}, {'vessel_blob_score': -1.6923103751703663, 'centre': [214.0, 207.0], 'radius': 45.254833995939045, 'blob_score': 0.7308442890644073, 'blob_contrast': 0.03564298152923584, 'blob_brightness': 0.9709227681159973, 'blob_response': -0.07777684926986694, 'vessel_centre': [100.0, 164.0]}]"
normal/normal_0236_EDD.jpg,normal,1,"[{'vessel_blob_score': -2.677698066027954, 'centre': [322.0, 151.0], 'radius': 35.918785545899944, 'blob_score': 0.6878517150878906, 'blob_contrast': 0.03850358724594116, 'blob_brightness': 0.9113665223121643, 'blob_response': -0.05695781111717224, 'vessel_centre': [437.0, 216.0]}]"
normal/normal_0237_EDD.jpg,normal,0,[]
normal/normal_0238_EDD.jpg,normal,0,[]
normal/normal_0239_EDD.jpg,normal,0,[]
normal/normal_0240_EDD.jpg,normal,0,[]
normal/normal_0241_EDD.jpg,normal,1,"[{'vessel_blob_score': -1.544483250726504, 'centre': [173.0, 278.0], 'radius': 35.918785545899944, 'blob_score': 0.734618079662323, 'blob_contrast': 0.052414119243621826, 'blob_brightness': 0.9513320922851562, 'blob_response': -0.08135747909545898, 'vessel_centre': [145.0, 191.0]}]"
normal/normal_0242_EDD.jpg,normal,3,"[{'vessel_blob_score': -1.0062613978052957, 'centre': [197.0, 225.0], 'radius': 35.918785545899944, 'blob_score': 0.6620579242706299, 'blob_contrast': 0.0312349796295166, 'blob_brightness': 0.8902251720428467, 'blob_response': -0.03832662105560303, 'vessel_centre': [269.0, 222.0]}, {'vessel_blob_score': -1.7876754207549048, 'centre': [284.0, 321.0], 'radius': 35.918785545899944, 'blob_score': 0.7114503622055053, 'blob_contrast': 0.06857144832611084, 'blob_brightness': 0.8992090225219727, 'blob_response': -0.06716299057006836, 'vessel_centre': [269.0, 222.0]}, {'vessel_blob_score': -0.7237144213152014, 'centre': [191.0, 221.0], 'radius': 45.254833995939045, 'blob_score': 0.6639966487884521, 'blob_contrast': 0.03854089975357056, 'blob_brightness': 0.8823468685150146, 'blob_response': -0.03906470537185669, 'vessel_centre': [269.0, 222.0]}]"
normal/normal_0243_EDD.jpg,normal,0,[]
normal/normal_0244_EDD.jpg,normal,0,[]
normal/normal_0245_EDD.jpg,normal,2,"[{'vessel_blob_score': -2.4085108872829255, 'centre': [303.0, 316.0], 'radius': 35.918785545899944, 'blob_score': 0.7373854994773864, 'blob_contrast': 0.042049527168273926, 'blob_brightness': 0.97212815284729, 'blob_response': -0.07423132658004761, 'vessel_centre': [261.0, 201.0]}, {'vessel_blob_score': -1.552667875233674, 'centre': [302.0, 309.0], 'radius': 45.254833995939045, 'blob_score': 0.739871460199356, 'blob_contrast': 0.04793161153793335, 'blob_brightness': 0.9673224091529846, 'blob_response': -0.07407081127166748, 'vessel_centre': [261.0, 201.0]}]"
normal/normal_0246_EDD.jpg,normal,3,"[{'vessel_blob_score': -1.5062712480737273, 'centre': [350.0, 210.0], 'radius': 35.918785545899944, 'blob_score': 0.7299270689487457, 'blob_contrast': 0.0351446270942688, 'blob_brightness': 0.9748848080635071, 'blob_response': -0.06181538105010986, 'vessel_centre': [440.0, 208.0]}, {'vessel_blob_score': -0.9898423696991678, 'centre': [350.0, 205.0], 'radius': 45.254833995939045, 'blob_score': 0.7265055358409881, 'blob_contrast': 0.03728264570236206, 'blob_brightness': 0.9668685793876648, 'blob_response': -0.06207442283630371, 'vessel_centre': [440.0, 208.0]}, {'vessel_blob_score': -0.6762251835330801, 'centre': [376.0, 310.0], 'radius': 71.83757109179989, 'blob_score': 0.7579576849937438, 'blob_contrast': 0.06521522998809814, 'blob_brightness': 0.9620398879051208, 'blob_response': -0.09657266736030579, 'vessel_centre': [440.0, 208.0]}]"
normal/normal_0247_EDD.jpg,normal,1,"[{'vessel_blob_score': -0.9865268844141022, 'centre': [240.0, 176.0], 'radius': 45.254833995939045, 'blob_score': 0.7335667490959167, 'blob_contrast': 0.040138304233551025, 'blob_brightness': 0.9687785506248474, 'blob_response': -0.07641729712486267, 'vessel_centre': [159.0, 215.0]}]"
normal/normal_0248_EDD.jpg,normal,4,"[{'vessel_blob_score': -1.6797918844907165, 'centre': [381.0, 248.0], 'radius': 35.918785545899944, 'blob_score': 0.7240613162517547, 'blob_contrast': 0.02105402946472168, 'blob_brightness': 0.9937166571617126, 'blob_response': -0.03702813386917114, 'vessel_centre': [297.0, 201.0]}, {'vessel_blob_score': -2.4671310210428357, 'centre': [322.0, 323.0], 'radius': 35.918785545899944, 'blob_score': 0.73021959066391, 'blob_contrast': 0.0308493971824646, 'blob_brightness': 0.9909358620643616, 'blob_response': -0.02857545018196106, 'vessel_centre': [297.0, 201.0]}, {'vessel_blob_score': -0.49355283199894706, 'centre': [381.0, 187.0], 'radius': 57.01751796098172, 'blob_score': 0.7391316771507264, 'blob_contrast': 0.037292659282684326, 'blob_brightness': 0.9910804033279419, 'blob_response': -0.04041367769241333, 'vessel_centre': [297.0, 201.0]}, {'vessel_blob_score': -0.055191224883180734, 'centre': [372.0, 190.0], 'radius': 71.83757109179989, 'blob_score': 0.7478994250297546, 'blob_contrast': 0.04771101474761963, 'blob_brightness': 0.9888737797737122, 'blob_response': -0.039883822202682495, 'vessel_centre': [297.0, 201.0]}]"
normal/normal_0249_EDD.jpg,normal,2,"[{'vessel_blob_score': -2.224944533446019, 'centre': [373.0, 254.0], 'radius': 35.918785545899944, 'blob_score': 0.6610980451107025, 'blob_contrast': 0.015891313552856445, 'blob_brightness': 0.9138029217720032, 'blob_response': -0.02772343158721924, 'vessel_centre': [476.0, 201.0]}, {'vessel_blob_score': -1.2766257546724797, 'centre': [373.0, 280.0], 'radius': 57.01751796098172, 'blob_score': 0.6799942135810851, 'blob_contrast': 0.04152923822402954, 'blob_brightness': 0.9035496711730957, 'blob_response': -0.02990102767944336, 'vessel_centre': [476.0, 201.0]}]"
normal/normal_0250_EDD.jpg,normal,1,"[{'vessel_blob_score': 0.6994471240363853, 'centre': [138.0, 199.0], 'radius': 45.254833995939045, 'blob_score': 0.7849232673645019, 'blob_contrast': 0.08494478464126587, 'blob_brightness': 0.9674795866012573, 'blob_response': -0.11371386051177979, 'vessel_centre': [125.0, 203.0]}]"
normal/normal_0251_EDD.jpg,normal,2,"[{'vessel_blob_score': -1.9317338907362451, 'centre': [261.0, 314.0], 'radius': 35.918785545899944, 'blob_score': 0.734134829044342, 'blob_contrast': 0.04923504590988159, 'blob_brightness': 0.9553446173667908, 'blob_response': -0.08079275488853455, 'vessel_centre': [294.0, 214.0]}, {'vessel_blob_score': 0.9164782451743432, 'centre': [294.0, 208.0], 'radius': 71.83757109179989, 'blob_score': 0.7806706964969635, 'blob_contrast': 0.08562648296356201, 'blob_brightness': 0.9608623385429382, 'blob_response': -0.11220288276672363, 'vessel_centre': [294.0, 214.0]}]"
normal/normal_0252_EDD.jpg,normal,2,"[{'vessel_blob_score': -1.4513947277588546, 'centre': [344.0, 212.0], 'radius': 35.918785545899944, 'blob_score': 0.697364354133606, 'blob_contrast': 0.03313887119293213, 'blob_brightness': 0.9354561567306519, 'blob_response': -0.047030866146087646, 'vessel_centre': [432.0, 209.0]}, {'vessel_blob_score': -0.9686259881577302, 'centre': [343.0, 205.0], 'radius': 45.254833995939045, 'blob_score': 0.6925651550292968, 'blob_contrast': 0.03392130136489868, 'blob_brightness': 0.9275850653648376, 'blob_response': -0.046671539545059204, 'vessel_centre': [432.0, 209.0]}]"
normal/normal_0253_EDD.jpg,normal,0,[]
normal/normal_0254_EDD.jpg,normal,0,[]
normal/normal_0255_EDD.jpg,normal,1,"[{'vessel_blob_score': -1.8508667815683704, 'centre': [225.0, 197.0], 'radius': 45.254833995939045, 'blob_score': 0.6872412323951721, 'blob_contrast': 0.04856663942337036, 'blob_brightness': 0.8998492956161499, 'blob_response': -0.04390043020248413, 'vessel_centre': [96.0, 195.0]}]"
normal/normal_0256_EDD.jpg,normal,0,[]
normal/normal_0257_EDD.jpg,normal,1,"[{'vessel_blob_score': -1.8429772301673464, 'centre': [370.0, 203.0], 'radius': 45.254833995939045, 'blob_score': 0.6884540319442749, 'blob_contrast': 0.04021662473678589, 'blob_brightness': 0.9108211398124695, 'blob_response': -0.05331304669380188, 'vessel_centre': [498.0, 190.0]}]"
normal/normal_0258_EDD.jpg,normal,0,[]
normal/normal_0259_EDD.jpg,normal,2,"[{'vessel_blob_score': -2.152878326321683, 'centre': [301.0, 323.0], 'radius': 57.01751796098172, 'blob_score': 0.6851551622152328, 'blob_contrast': 0.06716901063919067, 'blob_brightness': 0.8680387735366821, 'blob_response': -0.051795050501823425, 'vessel_centre': [415.0, 184.0]}, {'vessel_blob_score': 0.7440250762374996, 'centre': [448.0, 72.0], 'radius': 456.14014368785377, 'blob_score': 0.49779343977570534, 'blob_contrast': -0.025650620460510254, 'blob_brightness': 0.7471062541007996, 'blob_response': -0.0023484118282794952, 'vessel_centre': [415.0, 184.0]}]"
normal/normal_0260_EDD.jpg,normal,1,"[{'vessel_blob_score': 0.629585325277197, 'centre': [495.0, 239.0], 'radius': 45.254833995939045, 'blob_score': 0.7920288562774658, 'blob_contrast': 0.08335435390472412, 'blob_brightness': 0.9771283864974976, 'blob_response': -0.12342315912246704, 'vessel_centre': [511.0, 244.0]}]"
normal/normal_0261_EDD.jpg,normal,4,"[{'vessel_blob_score': -2.045332428968871, 'centre': [258.0, 191.0], 'radius': 35.918785545899944, 'blob_score': 0.6589542299509048, 'blob_contrast': 0.034870028495788574, 'blob_brightness': 0.8829131126403809, 'blob_response': -0.030225113034248352, 'vessel_centre': [152.0, 218.0]}, {'vessel_blob_score': -3.6875641882191896, 'centre': [282.0, 325.0], 'radius': 35.918785545899944, 'blob_score': 0.6453404307365417, 'blob_contrast': 0.031046032905578613, 'blob_brightness': 0.8697377443313599, 'blob_response': -0.027389883995056152, 'vessel_centre': [152.0, 218.0]}, {'vessel_blob_score': -1.8450374832768022, 'centre': [273.0, 174.0], 'radius': 45.254833995939045, 'blob_score': 0.6603228360414505, 'blob_contrast': 0.03998887538909912, 'blob_brightness': 0.8770442605018616, 'blob_response': -0.032014891505241394, 'vessel_centre': [152.0, 218.0]}, {'vessel_blob_score': -1.9851520585223126, 'centre': [237.0, 323.0], 'radius': 45.254833995939045, 'blob_score': 0.6545087426900864, 'blob_contrast': 0.039077043533325195, 'blob_brightness': 0.8710172772407532, 'blob_response': -0.02859802544116974, 'vessel_centre': [152.0, 218.0]}]"
normal/normal_0262_EDD.jpg,normal,0,[]
normal/normal_0263_EDD.jpg,normal,0,[]
normal/normal_0264_EDD.jpg,normal,1,"[{'vessel_blob_score': -2.041461537032813, 'centre': [366.0, 264.0], 'radius': 45.254833995939045, 'blob_score': 0.6518839657306671, 'blob_contrast': 0.03872722387313843, 'blob_brightness': 0.8658461570739746, 'blob_response': -0.0353221595287323, 'vessel_centre': [495.0, 216.0]}]"
normal/normal_0265_EDD.jpg,normal,0,[]
normal/normal_0266_EDD.jpg,normal,1,"[{'vessel_blob_score': -2.029558161885987, 'centre': [350.0, 186.0], 'radius': 45.254833995939045, 'blob_score': 0.699878829717636, 'blob_contrast': 0.03694814443588257, 'blob_brightness': 0.931800127029419, 'blob_response': -0.05335298180580139, 'vessel_centre': [484.0, 215.0]}]"
normal/normal_0267_EDD.jpg,normal,3,"[{'vessel_blob_score': -1.7486680012780735, 'centre': [223.0, 242.0], 'radius': 45.254833995939045, 'blob_score': 0.73099427819252, 'blob_contrast': 0.02906811237335205, 'blob_brightness': 0.9791714549064636, 'blob_response': -0.08253073692321777, 'vessel_centre': [110.0, 190.0]}, {'vessel_blob_score': 0.6649280105876104, 'centre': [129.0, 188.0], 'radius': 57.01751796098172, 'blob_score': 0.7783861279487609, 'blob_contrast': 0.07867741584777832, 'blob_brightness': 0.9663978815078735, 'blob_response': -0.11615097522735596, 'vessel_centre': [110.0, 190.0]}, {'vessel_blob_score': 0.4841383118994007, 'centre': [156.0, 198.0], 'radius': 90.50966799187809, 'blob_score': 0.7993079781532287, 'blob_contrast': 0.10825353860855103, 'blob_brightness': 0.9564799070358276, 'blob_response': -0.10759252309799194, 'vessel_centre': [110.0, 190.0]}]"
normal/normal_0268_EDD.jpg,normal,1,"[{'vessel_blob_score': -2.410329608622125, 'centre': [243.0, 296.0], 'radius': 35.918785545899944, 'blob_score': 0.6710831433534622, 'blob_contrast': 0.025951802730560303, 'blob_brightness': 0.915374219417572, 'blob_response': -0.021846935153007507, 'vessel_centre': [325.0, 205.0]}]"
normal/normal_0269_EDD.jpg,normal,1,"[{'vessel_blob_score': -1.714278560678662, 'centre': [214.0, 278.0], 'radius': 35.918785545899944, 'blob_score': 0.7085055708885193, 'blob_contrast': 0.03886526823043823, 'blob_brightness': 0.9379670023918152, 'blob_response': -0.06531700491905212, 'vessel_centre': [197.0, 374.0]}]"
normal/normal_0270_EDD.jpg,normal,2,"[{'vessel_blob_score': -2.4513343325619354, 'centre': [359.0, 178.0], 'radius': 35.918785545899944, 'blob_score': 0.6784489095211029, 'blob_contrast': 0.044485270977020264, 'blob_brightness': 0.892619788646698, 'blob_response': -0.045648932456970215, 'vessel_centre': [481.0, 200.0]}, {'vessel_blob_score': -1.9312599946524704, 'centre': [380.0, 286.0], 'radius': 45.254833995939045, 'blob_score': 0.6702011883258819, 'blob_contrast': 0.04367023706436157, 'blob_brightness': 0.8850778937339783, 'blob_response': -0.03488212823867798, 'vessel_centre': [481.0, 200.0]}]"
normal/normal_0271_EDD.jpg,normal,1,"[{'vessel_blob_score': -2.538493441659477, 'centre': [347.0, 181.0], 'radius': 35.918785545899944, 'blob_score': 0.7221536874771117, 'blob_contrast': 0.01845782995223999, 'blob_brightness': 0.9879151582717896, 'blob_response': -0.0607762336730957, 'vessel_centre': [472.0, 204.0]}]"
normal/normal_0272_EDD.jpg,normal,5,"[{'vessel_blob_score': -1.8023730403875762, 'centre': [209.0, 132.0], 'radius': 35.918785545899944, 'blob_score': 0.7263165056705474, 'blob_contrast': 0.02116227149963379, 'blob_brightness': 0.9946900010108948, 'blob_response': -0.04435616731643677, 'vessel_centre': [275.0, 208.0]}, {'vessel_blob_score': -1.6606336812411189, 'centre': [182.0, 230.0], 'radius': 35.918785545899944, 'blob_score': 0.7238370537757872, 'blob_contrast': 0.012534022331237793, 'blob_brightness': 0.9975908398628235, 'blob_response': -0.0649472177028656, 'vessel_centre': [275.0, 208.0]}, {'vessel_blob_score': -1.1930732574403438, 'centre': [374.0, 201.0], 'radius': 45.254833995939045, 'blob_score': 0.7346467733383178, 'blob_contrast': 0.025789260864257812, 'blob_brightness': 0.9953670501708984, 'blob_response': -0.06050288677215576, 'vessel_centre': [275.0, 208.0]}, {'vessel_blob_score': -0.6143968264409079, 'centre': [367.0, 205.0], 'radius': 57.01751796098172, 'blob_score': 0.7457895398139953, 'blob_contrast': 0.03811371326446533, 'blob_brightness': 0.9937941431999207, 'blob_response': -0.060099631547927856, 'vessel_centre': [275.0, 208.0]}, {'vessel_blob_score': -0.1361039685858616, 'centre': [194.0, 218.0], 'radius': 71.83757109179989, 'blob_score': 0.7437347829341888, 'blob_contrast': 0.037280499935150146, 'blob_brightness': 0.9925453662872314, 'blob_response': -0.05836263298988342, 'vessel_centre': [275.0, 208.0]}]"
normal/normal_0273_EDD.jpg,normal,0,[]
normal/normal_0274_EDD.jpg,normal,1,"[{'vessel_blob_score': -2.5767296926528087, 'centre': [241.0, 290.0], 'radius': 35.918785545899944, 'blob_score': 0.6539139807224273, 'blob_contrast': 0.03636980056762695, 'blob_brightness': 0.8742746710777283, 'blob_response': -0.027759552001953125, 'vessel_centre': [252.0, 418.0]}]"
normal/normal_0275_EDD.jpg,normal,0,[]
normal/normal_0276_EDD.jpg,normal,1,"[{'vessel_blob_score': -2.305417341728555, 'centre': [396.0, 277.0], 'radius': 35.918785545899944, 'blob_score': 0.5858502238988875, 'blob_contrast': 0.03261226415634155, 'blob_brightness': 0.7834718823432922, 'blob_response': -0.02403821051120758, 'vessel_centre': [496.0, 213.0]}]"
normal/normal_0277_EDD.jpg,normal,1,"[{'vessel_blob_score': -2.1417856410702454, 'centre': [404.0, 323.0], 'radius': 57.01751796098172, 'blob_score': 0.7552714347839354, 'blob_contrast': 0.047125399112701416, 'blob_brightness': 0.9831879734992981, 'blob_response': -0.09957227110862732, 'vessel_centre': [517.0, 184.0]}]"
normal/normal_0278_EDD.jpg,normal,0,[]
normal/normal_0279_EDD.jpg,normal,1,"[{'vessel_blob_score': -2.349327665824077, 'centre': [371.0, 227.0], 'radius': 35.918785545899944, 'blob_score': 0.6794402718544006, 'blob_contrast': 0.04246640205383301, 'blob_brightness': 0.8975070118904114, 'blob_response': -0.043594807386398315, 'vessel_centre': [488.0, 199.0]}]"
normal/normal_0280_EDD.jpg,normal,1,"[{'vessel_blob_score': -2.8056154961714266, 'centre': [373.0, 254.0], 'radius': 35.918785545899944, 'blob_score': 0.6720367968082427, 'blob_contrast': 0.026734471321105957, 'blob_brightness': 0.912733793258667, 'blob_response': -0.03194335103034973, 'vessel_centre': [491.0, 185.0]}]"
normal/normal_0281_EDD.jpg,normal,0,[]
normal/normal_0282_EDD.jpg,normal,0,[]
normal/normal_0283_EDD.jpg,normal,1,"[{'vessel_blob_score': -2.6224869932843724, 'centre': [273.0, 311.0], 'radius': 35.918785545899944, 'blob_score': 0.6219159245491028, 'blob_contrast': 0.039534926414489746, 'blob_brightness': 0.8226653933525085, 'blob_response': -0.03257611393928528, 'vessel_centre': [290.0, 182.0]}]"
normal/normal_0284_EDD.jpg,normal,1,"[{'vessel_blob_score': 0.8345424096062464, 'centre': [309.0, 217.0], 'radius': 57.01751796098172, 'blob_score': 0.7494887948036194, 'blob_contrast': 0.051390647888183594, 'blob_brightness': 0.964391827583313, 'blob_response': -0.1151193380355835, 'vessel_centre': [317.0, 212.0]}]"
normal/normal_0285_EDD.jpg,normal,0,[]
normal/normal_0286_EDD.jpg,normal,2,"[{'vessel_blob_score': -1.788526296496054, 'centre': [240.0, 191.0], 'radius': 45.254833995939045, 'blob_score': 0.7539860248565674, 'blob_contrast': 0.04396253824234009, 'blob_brightness': 0.984626293182373, 'blob_response': -0.10392540693283081, 'vessel_centre': [114.0, 184.0]}, {'vessel_blob_score': 0.5709521806954381, 'centre': [125.0, 200.0], 'radius': 45.254833995939045, 'blob_score': 0.7823433816432952, 'blob_contrast': 0.07285046577453613, 'blob_brightness': 0.978125274181366, 'blob_response': -0.12402611970901489, 'vessel_centre': [114.0, 184.0]}]"
normal/normal_0287_EDD.jpg,normal,0,[]
normal/normal_0288_EDD.jpg,normal,0,[]
normal/normal_0289_EDD.jpg,normal,0,[]
normal/normal_0290_EDD.jpg,normal,4,"[{'vessel_blob_score': -0.7956637733190486, 'centre': [361.0, 276.0], 'radius': 35.918785545899944, 'blob_score': 0.7372205793857574, 'blob_contrast': 0.0298537015914917, 'blob_brightness': 0.9916741251945496, 'blob_response': -0.06597495079040527, 'vessel_centre': [329.0, 220.0]}, {'vessel_blob_score': -0.7925899994839867, 'centre': [259.0, 179.0], 'radius': 45.254833995939045, 'blob_score': 0.7414003312587737, 'blob_contrast': 0.029820799827575684, 'blob_brightness': 0.9937893748283386, 'blob_response': -0.07963484525680542, 'vessel_centre': [329.0, 220.0]}, {'vessel_blob_score': -1.3473930020876348, 'centre': [271.0, 309.0], 'radius': 45.254833995939045, 'blob_score': 0.7532701671123504, 'blob_contrast': 0.04161536693572998, 'blob_brightness': 0.9914911389350891, 'blob_response': -0.08805501461029053, 'vessel_centre': [329.0, 220.0]}, {'vessel_blob_score': -0.6977021060243609, 'centre': [276.0, 301.0], 'radius': 57.01751796098172, 'blob_score': 0.7668733537197112, 'blob_contrast': 0.05684161186218262, 'blob_brightness': 0.9892194867134094, 'blob_response': -0.08789050579071045, 'vessel_centre': [329.0, 220.0]}]"
normal/normal_0291_EDD.jpg,normal,0,[]
normal/normal_0292_EDD.jpg,normal,2,"[{'vessel_blob_score': -1.9496570914597422, 'centre': [398.0, 171.0], 'radius': 35.918785545899944, 'blob_score': 0.5796802222728729, 'blob_contrast': 0.027092576026916504, 'blob_brightness': 0.7841424942016602, 'blob_response': -0.018439501523971558, 'vessel_centre': [498.0, 206.0]}, {'vessel_blob_score': -6.663446563761895, 'centre': [223.0, 194.0], 'radius': 35.918785545899944, 'blob_score': 0.5344673298299313, 'blob_contrast': 0.03088933229446411, 'blob_brightness': 0.7170975208282471, 'blob_response': -0.008048664778470993, 'vessel_centre': [498.0, 206.0]}]"
normal/normal_0293_EDD.jpg,normal,2,"[{'vessel_blob_score': -1.1175322696261838, 'centre': [417.0, 152.0], 'radius': 35.918785545899944, 'blob_score': 0.6496545791625976, 'blob_contrast': 0.03802257776260376, 'blob_brightness': 0.8650091886520386, 'blob_response': -0.030627846717834473, 'vessel_centre': [476.0, 200.0]}, {'vessel_blob_score': -2.7478432511302846, 'centre': [387.0, 301.0], 'radius': 35.918785545899944, 'blob_score': 0.6542952150106429, 'blob_contrast': 0.0551643967628479, 'blob_brightness': 0.846478283405304, 'blob_response': -0.03298009932041168, 'vessel_centre': [476.0, 200.0]}]"
normal/normal_0294_EDD.jpg,normal,0,[]
normal/normal_0295_EDD.jpg,normal,0,[]
normal/normal_0296_EDD.jpg,normal,1,"[{'vessel_blob_score': -1.8316190432771848, 'centre': [172.0, 275.0], 'radius': 45.254833995939045, 'blob_score': 0.73289954662323, 'blob_contrast': 0.042775869369506836, 'blob_brightness': 0.9626388549804688, 'blob_response': -0.0813823938369751, 'vessel_centre': [86.0, 180.0]}]"
normal/normal_0297_EDD.jpg,normal,1,"[{'vessel_blob_score': -2.750530840755797, 'centre': [339.0, 178.0], 'radius': 35.918785545899944, 'blob_score': 0.6484523087739944, 'blob_contrast': 0.05139458179473877, 'blob_brightness': 0.8423051834106445, 'blob_response': -0.03722049295902252, 'vessel_centre': [467.0, 220.0]}]"
normal/normal_0298_EDD.jpg,normal,0,[]
normal/normal_0299_EDD.jpg,normal,3,"[{'vessel_blob_score': -3.363517680008804, 'centre': [329.0, 183.0], 'radius': 35.918785545899944, 'blob_score': 0.7175565302371978, 'blob_contrast': 0.03153759241104126, 'blob_brightness': 0.9626855850219727, 'blob_response': -0.060695141553878784, 'vessel_centre': [482.0, 217.0]}, {'vessel_blob_score': 0.5338614409319906, 'centre': [461.0, 215.0], 'radius': 45.254833995939045, 'blob_score': 0.7732773780822754, 'blob_contrast': 0.06392884254455566, 'blob_brightness': 0.9795007705688477, 'blob_response': -0.11848998069763184, 'vessel_centre': [482.0, 217.0]}, {'vessel_blob_score': 0.28084476371925793, 'centre': [432.0, 204.0], 'radius': 71.83757109179989, 'blob_score': 0.7824495971202851, 'blob_contrast': 0.08186304569244385, 'blob_brightness': 0.9681694507598877, 'blob_response': -0.114339679479599, 'vessel_centre': [482.0, 217.0]}]"
normal/normal_0300_EDD.jpg,normal,1,"[{'vessel_blob_score': -0.6750687672632956, 'centre': [259.0, 170.0], 'radius': 35.918785545899944, 'blob_score': 0.7293819129467011, 'blob_contrast': 0.027573704719543457, 'blob_brightness': 0.9840592741966248, 'blob_response': -0.06483358144760132, 'vessel_centre': [281.0, 226.0]}]"
normal/normal_0301_EDD.jpg,normal,1,"[{'vessel_blob_score': 0.4980967172656042, 'centre': [460.0, 220.0], 'radius': 71.83757109179989, 'blob_score': 0.7951533377170562, 'blob_contrast': 0.10175579786300659, 'blob_brightness': 0.9552364945411682, 'blob_response': -0.12365996837615967, 'vessel_centre': [496.0, 218.0]}]"
normal/normal_0302_EDD.jpg,normal,1,"[{'vessel_blob_score': -3.038420556727524, 'centre': [250.0, 184.0], 'radius': 35.918785545899944, 'blob_score': 0.6924263834953308, 'blob_contrast': 0.052810072898864746, 'blob_brightness': 0.8985133767127991, 'blob_response': -0.05328473448753357, 'vessel_centre': [105.0, 180.0]}]"
normal/normal_0303_EDD.jpg,normal,1,"[{'vessel_blob_score': -2.814464948781408, 'centre': [329.0, 285.0], 'radius': 35.918785545899944, 'blob_score': 0.6666893005371093, 'blob_contrast': 0.03414183855056763, 'blob_brightness': 0.8942221999168396, 'blob_response': -0.03295961022377014, 'vessel_centre': [253.0, 171.0]}]"
normal/normal_0304_EDD.jpg,normal,0,[]
normal/normal_0305_EDD.jpg,normal,2,"[{'vessel_blob_score': -3.1744169719656057, 'centre': [362.0, 182.0], 'radius': 35.918785545899944, 'blob_score': 0.6419605880975723, 'blob_contrast': 0.038524329662323, 'blob_brightness': 0.8542063236236572, 'blob_response': -0.02745915949344635, 'vessel_centre': [503.0, 233.0]}, {'vessel_blob_score': -2.033182373761921, 'centre': [372.0, 192.0], 'radius': 45.254833995939045, 'blob_score': 0.651503112912178, 'blob_contrast': 0.04729658365249634, 'blob_brightness': 0.8556084632873535, 'blob_response': -0.026403024792671204, 'vessel_centre': [503.0, 233.0]}]"
normal/normal_0306_EDD.jpg,normal,0,[]
normal/normal_0307_EDD.jpg,normal,0,[]
normal/normal_0308_EDD.jpg,normal,0,[]
normal/normal_0309_EDD.jpg,normal,1,"[{'vessel_blob_score': 0.6663078599201646, 'centre': [142.0, 193.0], 'radius': 57.01751796098172, 'blob_score': 0.7928328335285186, 'blob_contrast': 0.10429775714874268, 'blob_brightness': 0.9485970139503479, 'blob_response': -0.12258583307266235, 'vessel_centre': [123.0, 192.0]}]"
normal/normal_0310_EDD.jpg,normal,0,[]
normal/normal_0311_EDD.jpg,normal,1,"[{'vessel_blob_score': -1.8261964972175777, 'centre': [374.0, 196.0], 'radius': 35.918785545899944, 'blob_score': 0.7487572729587554, 'blob_contrast': 0.039321720600128174, 'blob_brightness': 0.9889368414878845, 'blob_response': -0.08589881658554077, 'vessel_centre': [278.0, 229.0]}]"
normal/normal_0312_EDD.jpg,normal,0,[]
normal/normal_0313_EDD.jpg,normal,0,[]
normal/normal_0314_EDD.jpg,normal,0,[]
normal/normal_0315_EDD.jpg,normal,2,"[{'vessel_blob_score': -2.4773993944769876, 'centre': [379.0, 218.0], 'radius': 35.918785545899944, 'blob_score': 0.7357398271560668, 'blob_contrast': 0.040451884269714355, 'blob_brightness': 0.9712119102478027, 'blob_response': -0.07719802856445312, 'vessel_centre': [503.0, 203.0]}, {'vessel_blob_score': 0.5186586937265825, 'centre': [460.0, 210.0], 'radius': 90.50966799187809, 'blob_score': 0.8042556583881378, 'blob_contrast': 0.11173784732818604, 'blob_brightness': 0.953291654586792, 'blob_response': -0.12606826424598694, 'vessel_centre': [503.0, 203.0]}]"
normal/normal_0316_EDD.jpg,normal,1,"[{'vessel_blob_score': -2.7315732101042216, 'centre': [226.0, 257.0], 'radius': 35.918785545899944, 'blob_score': 0.6508497416973114, 'blob_contrast': 0.03517669439315796, 'blob_brightness': 0.8717396259307861, 'blob_response': -0.027276545763015747, 'vessel_centre': [117.0, 179.0]}]"
normal/normal_0317_EDD.jpg,normal,0,[]
normal/normal_0318_EDD.jpg,normal,0,[]
normal/normal_0319_EDD.jpg,normal,3,"[{'vessel_blob_score': -1.3401001197359785, 'centre': [272.0, 150.0], 'radius': 35.918785545899944, 'blob_score': 0.7473035871982574, 'blob_contrast': 0.03583735227584839, 'blob_brightness': 0.991442859172821, 'blob_response': -0.08728116750717163, 'vessel_centre': [320.0, 219.0]}, {'vessel_blob_score': -0.7059180079945224, 'centre': [274.0, 157.0], 'radius': 45.254833995939045, 'blob_score': 0.7498655498027801, 'blob_contrast': 0.04023212194442749, 'blob_brightness': 0.9882729649543762, 'blob_response': -0.08921176195144653, 'vessel_centre': [320.0, 219.0]}, {'vessel_blob_score': -0.2827734844858618, 'centre': [377.0, 208.0], 'radius': 45.254833995939045, 'blob_score': 0.7388523399829865, 'blob_contrast': 0.03284329175949097, 'blob_brightness': 0.9873881936073303, 'blob_response': -0.07418656349182129, 'vessel_centre': [320.0, 219.0]}]"
normal/normal_0320_EDD.jpg,normal,3,"[{'vessel_blob_score': -1.681526752098733, 'centre': [382.0, 258.0], 'radius': 35.918785545899944, 'blob_score': 0.7162116706371306, 'blob_contrast': 0.023502349853515625, 'blob_brightness': 0.9718465209007263, 'blob_response': -0.06208378076553345, 'vessel_centre': [476.0, 237.0]}, {'vessel_blob_score': -2.1437717444576023, 'centre': [347.0, 177.0], 'radius': 45.254833995939045, 'blob_score': 0.7405299305915832, 'blob_contrast': 0.041536569595336914, 'blob_brightness': 0.9730582237243652, 'blob_response': -0.08926302194595337, 'vessel_centre': [476.0, 237.0]}, {'vessel_blob_score': 0.4017440712788548, 'centre': [474.0, 210.0], 'radius': 45.254833995939045, 'blob_score': 0.8075874269008636, 'blob_contrast': 0.10214006900787354, 'blob_brightness': 0.9702685475349426, 'blob_response': -0.13129687309265137, 'vessel_centre': [476.0, 237.0]}]"
normal/normal_0321_EDD.jpg,normal,1,"[{'vessel_blob_score': -0.5069962301962128, 'centre': [305.0, 307.0], 'radius': 35.918785545899944, 'blob_score': 0.7330915689468384, 'blob_contrast': 0.028257131576538086, 'blob_brightness': 0.9919469356536865, 'blob_response': -0.05235791206359863, 'vessel_centre': [316.0, 254.0]}]"
normal/normal_0322_EDD.jpg,normal,1,"[{'vessel_blob_score': -1.4439530472777724, 'centre': [293.0, 158.0], 'radius': 35.918785545899944, 'blob_score': 0.7307255327701568, 'blob_contrast': 0.02176964282989502, 'blob_brightness': 0.9931332468986511, 'blob_response': -0.06881308555603027, 'vessel_centre': [352.0, 223.0]}]"
normal/normal_0323_EDD.jpg,normal,1,"[{'vessel_blob_score': 0.7204915028125263, 'centre': [492.0, 196.0], 'radius': 45.254833995939045, 'blob_score': 0.7815479695796966, 'blob_contrast': 0.07011622190475464, 'blob_brightness': 0.9824568629264832, 'blob_response': -0.11855971813201904, 'vessel_centre': [504.0, 200.0]}]"
normal/normal_0324_EDD.jpg,normal,3,"[{'vessel_blob_score': -3.0109771396227307, 'centre': [365.0, 166.0], 'radius': 35.918785545899944, 'blob_score': 0.737188321352005, 'blob_contrast': 0.02626490592956543, 'blob_brightness': 0.9915279746055603, 'blob_response': -0.08426916599273682, 'vessel_centre': [505.0, 200.0]}, {'vessel_blob_score': 0.7204915028125263, 'centre': [493.0, 196.0], 'radius': 45.254833995939045, 'blob_score': 0.7766399681568145, 'blob_contrast': 0.06773024797439575, 'blob_brightness': 0.9829395413398743, 'blob_response': -0.10426020622253418, 'vessel_centre': [505.0, 200.0]}, {'vessel_blob_score': -1.2348304871804952, 'centre': [379.0, 181.0], 'radius': 57.01751796098172, 'blob_score': 0.7452831983566284, 'blob_contrast': 0.0385250449180603, 'blob_brightness': 0.98883455991745, 'blob_response': -0.07286980748176575, 'vessel_centre': [505.0, 200.0]}]"
normal/normal_0325_EDD.jpg,normal,2,"[{'vessel_blob_score': -1.5785251795273676, 'centre': [293.0, 151.0], 'radius': 35.918785545899944, 'blob_score': 0.7290628254413604, 'blob_contrast': 0.02258479595184326, 'blob_brightness': 0.9931467175483704, 'blob_response': -0.056376636028289795, 'vessel_centre': [350.0, 224.0]}, {'vessel_blob_score': -1.3228232417685164, 'centre': [283.0, 305.0], 'radius': 45.254833995939045, 'blob_score': 0.7330241739749908, 'blob_contrast': 0.030634284019470215, 'blob_brightness': 0.9914442300796509, 'blob_response': -0.04189464449882507, 'vessel_centre': [350.0, 224.0]}]"
normal/normal_0326_EDD.jpg,normal,0,[]
normal/normal_0327_EDD.jpg,normal,0,[]
normal/normal_0328_EDD.jpg,normal,0,[]
normal/normal_0329_EDD.jpg,normal,1,"[{'vessel_blob_score': 0.412003355680564, 'centre': [144.0, 190.0], 'radius': 57.01751796098172, 'blob_score': 0.7802461087703705, 'blob_contrast': 0.07989698648452759, 'blob_brightness': 0.9651407599449158, 'blob_response': -0.12375295162200928, 'vessel_centre': [112.0, 180.0]}]"
normal/normal_0330_EDD.jpg,normal,3,"[{'vessel_blob_score': -2.2098633391859535, 'centre': [369.0, 183.0], 'radius': 45.254833995939045, 'blob_score': 0.7447439432144164, 'blob_contrast': 0.05950367450714111, 'blob_brightness': 0.9537031650543213, 'blob_response': -0.08824026584625244, 'vessel_centre': [494.0, 257.0]}, {'vessel_blob_score': -1.4969708210649957, 'centre': [382.0, 272.0], 'radius': 45.254833995939045, 'blob_score': 0.7172276079654694, 'blob_contrast': 0.040386080741882324, 'blob_brightness': 0.9484154582023621, 'blob_response': -0.06475353240966797, 'vessel_centre': [494.0, 257.0]}, {'vessel_blob_score': 0.1857823380257695, 'centre': [408.0, 222.0], 'radius': 114.03503592196344, 'blob_score': 0.8036577939987182, 'blob_contrast': 0.1503220796585083, 'blob_brightness': 0.913722574710846, 'blob_response': -0.06864956021308899, 'vessel_centre': [494.0, 257.0]}]"
normal/normal_0331_EDD.jpg,normal,0,[]
normal/normal_0332_EDD.jpg,normal,2,"[{'vessel_blob_score': -2.2717129651616217, 'centre': [194.0, 203.0], 'radius': 35.918785545899944, 'blob_score': 0.7179637670516967, 'blob_contrast': 0.02779179811477661, 'blob_brightness': 0.9647842645645142, 'blob_response': -0.07411491870880127, 'vessel_centre': [77.0, 192.0]}, {'vessel_blob_score': 0.19604719430062623, 'centre': [166.0, 214.0], 'radius': 114.03503592196344, 'blob_score': 0.7680542171001433, 'blob_contrast': 0.1044389009475708, 'blob_brightness': 0.9294961094856262, 'blob_response': -0.06484019756317139, 'vessel_centre': [77.0, 192.0]}]"
normal/normal_0333_EDD.jpg,normal,1,"[{'vessel_blob_score': 0.622209805006266, 'centre': [282.0, 215.0], 'radius': 57.01751796098172, 'blob_score': 0.7414914786815643, 'blob_contrast': 0.03992074728012085, 'blob_brightness': 0.9696339964866638, 'blob_response': -0.11413466930389404, 'vessel_centre': [262.0, 207.0]}]"
normal/normal_0334_EDD.jpg,normal,4,"[{'vessel_blob_score': -3.261064964308357, 'centre': [225.0, 156.0], 'radius': 35.918785545899944, 'blob_score': 0.7122169375419617, 'blob_contrast': 0.024995148181915283, 'blob_brightness': 0.9641050100326538, 'blob_response': -0.061741411685943604, 'vessel_centre': [77.0, 195.0]}, {'vessel_blob_score': -2.235382633412193, 'centre': [193.0, 202.0], 'radius': 35.918785545899944, 'blob_score': 0.7298771917819976, 'blob_contrast': 0.028216242790222168, 'blob_brightness': 0.9792136549949646, 'blob_response': -0.08105695247650146, 'vessel_centre': [77.0, 195.0]}, {'vessel_blob_score': -3.607511668521843, 'centre': [219.0, 280.0], 'radius': 35.918785545899944, 'blob_score': 0.7333724498748779, 'blob_contrast': 0.03649914264678955, 'blob_brightness': 0.9697479009628296, 'blob_response': -0.09024888277053833, 'vessel_centre': [77.0, 195.0]}, {'vessel_blob_score': -0.2091973383716157, 'centre': [184.0, 218.0], 'radius': 90.50966799187809, 'blob_score': 0.7499840438365936, 'blob_contrast': 0.06808799505233765, 'blob_brightness': 0.9521427154541016, 'blob_response': -0.07698073983192444, 'vessel_centre': [77.0, 195.0]}]"
normal/normal_0335_EDD.jpg,normal,1,"[{'vessel_blob_score': 0.8317135997770467, 'centre': [121.0, 183.0], 'radius': 45.254833995939045, 'blob_score': 0.7637914121150969, 'blob_contrast': 0.057179272174835205, 'blob_brightness': 0.981646716594696, 'blob_response': -0.09729719161987305, 'vessel_centre': [114.0, 180.0]}]"
normal/normal_0336_EDD.jpg,normal,1,"[{'vessel_blob_score': -0.8096380212225638, 'centre': [254.0, 150.0], 'radius': 35.918785545899944, 'blob_score': 0.7324418365955352, 'blob_contrast': 0.026263654232025146, 'blob_brightness': 0.9881530404090881, 'blob_response': -0.07235527038574219, 'vessel_centre': [270.0, 213.0]}]"
normal/normal_0337_EDD.jpg,normal,1,"[{'vessel_blob_score': -1.5862553255388248, 'centre': [358.0, 179.0], 'radius': 57.01751796098172, 'blob_score': 0.7617255508899687, 'blob_contrast': 0.04514575004577637, 'blob_brightness': 0.9887699484825134, 'blob_response': -0.12220418453216553, 'vessel_centre': [501.0, 215.0]}]"
normal/normal_0338_EDD.jpg,normal,0,[]
normal/normal_0339_EDD.jpg,normal,0,[]
normal/normal_0340_EDD.jpg,normal,0,[]
normal/normal_0341_EDD.jpg,normal,0,[]
normal/normal_0342_EDD.jpg,normal,2,"[{'vessel_blob_score': -2.2574674128865646, 'centre': [235.0, 190.0], 'radius': 35.918785545899944, 'blob_score': 0.6527733623981475, 'blob_contrast': 0.030809402465820312, 'blob_brightness': 0.8815082311630249, 'blob_response': -0.024540990591049194, 'vessel_centre': [118.0, 191.0]}, {'vessel_blob_score': -1.6811334473502058, 'centre': [239.0, 182.0], 'radius': 45.254833995939045, 'blob_score': 0.6597972869873047, 'blob_contrast': 0.04271918535232544, 'blob_brightness': 0.8745535612106323, 'blob_response': -0.024453043937683105, 'vessel_centre': [118.0, 191.0]}]"
normal/normal_0343_EDD.jpg,normal,0,[]
normal/normal_0344_EDD.jpg,normal,1,"[{'vessel_blob_score': -3.288263527469841, 'centre': [227.0, 264.0], 'radius': 35.918785545899944, 'blob_score': 0.6519667267799377, 'blob_contrast': 0.026171207427978516, 'blob_brightness': 0.8852469325065613, 'blob_response': -0.030613332986831665, 'vessel_centre': [109.0, 165.0]}]"
normal/normal_0345_EDD.jpg,normal,1,"[{'vessel_blob_score': -1.8298078556679425, 'centre': [370.0, 180.0], 'radius': 45.254833995939045, 'blob_score': 0.6773914575576783, 'blob_contrast': 0.039005279541015625, 'blob_brightness': 0.9013018012046814, 'blob_response': -0.0373745858669281, 'vessel_centre': [494.0, 212.0]}]"
normal/normal_0346_EDD.jpg,normal,1,"[{'vessel_blob_score': -1.185973517102307, 'centre': [387.0, 187.0], 'radius': 35.918785545899944, 'blob_score': 0.6237105160951615, 'blob_contrast': 0.020357251167297363, 'blob_brightness': 0.859115719795227, 'blob_response': -0.009861305356025696, 'vessel_centre': [309.0, 196.0]}]"
normal/normal_0347_EDD.jpg,normal,0,[]
normal/normal_0348_EDD.jpg,normal,0,[]
normal/normal_0349_EDD.jpg,normal,3,"[{'vessel_blob_score': 0.8317135997770467, 'centre': [130.0, 185.0], 'radius': 45.254833995939045, 'blob_score': 0.7722704470157623, 'blob_contrast': 0.060980260372161865, 'blob_brightness': 0.982839047908783, 'blob_response': -0.11651426553726196, 'vessel_centre': [123.0, 188.0]}, {'vessel_blob_score': -2.549661625598981, 'centre': [241.0, 297.0], 'radius': 45.254833995939045, 'blob_score': 0.7275552988052367, 'blob_contrast': 0.034907758235931396, 'blob_brightness': 0.9709874391555786, 'blob_response': -0.06478166580200195, 'vessel_centre': [123.0, 188.0]}, {'vessel_blob_score': 0.5934416588821125, 'centre': [146.0, 206.0], 'radius': 71.83757109179989, 'blob_score': 0.7613374829292298, 'blob_contrast': 0.06306743621826172, 'blob_brightness': 0.9672759771347046, 'blob_response': -0.10588431358337402, 'vessel_centre': [123.0, 188.0]}]"
normal/normal_0350_EDD.jpg,normal,3,"[{'vessel_blob_score': -1.6855704181753564, 'centre': [182.0, 184.0], 'radius': 35.918785545899944, 'blob_score': 0.7348748385906219, 'blob_contrast': 0.031172215938568115, 'blob_brightness': 0.9834468960762024, 'blob_response': -0.07644897699356079, 'vessel_centre': [274.0, 213.0]}, {'vessel_blob_score': -1.1283291935811994, 'centre': [180.0, 192.0], 'radius': 45.254833995939045, 'blob_score': 0.7368623673915863, 'blob_contrast': 0.03407067060470581, 'blob_brightness': 0.9814698100090027, 'blob_response': -0.07881414890289307, 'vessel_centre': [274.0, 213.0]}, {'vessel_blob_score': 0.897734028008102, 'centre': [277.0, 208.0], 'radius': 57.01751796098172, 'blob_score': 0.7481717109680176, 'blob_contrast': 0.040962398052215576, 'blob_brightness': 0.9796404838562012, 'blob_response': -0.10730487108230591, 'vessel_centre': [274.0, 213.0]}]"
normal/normal_0351_EDD.jpg,normal,1,"[{'vessel_blob_score': -2.3820816906899216, 'centre': [370.0, 156.0], 'radius': 45.254833995939045, 'blob_score': 0.6801038801670074, 'blob_contrast': 0.042792558670043945, 'blob_brightness': 0.8975743651390076, 'blob_response': -0.045046329498291016, 'vessel_centre': [515.0, 205.0]}]"
normal/normal_0352_EDD.jpg,normal,0,[]
normal/normal_0353_EDD.jpg,normal,4,"[{'vessel_blob_score': -2.0072986959175267, 'centre': [224.0, 173.0], 'radius': 35.918785545899944, 'blob_score': 0.6715214431285857, 'blob_contrast': 0.01715463399887085, 'blob_brightness': 0.9283310770988464, 'blob_response': -0.022675275802612305, 'vessel_centre': [116.0, 175.0]}, {'vessel_blob_score': -2.6414631545918454, 'centre': [235.0, 289.0], 'radius': 45.254833995939045, 'blob_score': 0.7164027929306029, 'blob_contrast': 0.04571598768234253, 'blob_brightness': 0.9402670860290527, 'blob_response': -0.06249922513961792, 'vessel_centre': [116.0, 175.0]}, {'vessel_blob_score': -1.7789482170476645, 'centre': [231.0, 284.0], 'radius': 57.01751796098172, 'blob_score': 0.728649914264679, 'blob_contrast': 0.06329852342605591, 'blob_brightness': 0.9325339198112488, 'blob_response': -0.0628882348537445, 'vessel_centre': [116.0, 175.0]}, {'vessel_blob_score': 0.7860280472070433, 'centre': [40.0, 160.0], 'radius': 362.03867196751236, 'blob_score': 0.6839341029524804, 'blob_contrast': 0.1474853754043579, 'blob_brightness': 0.763484537601471, 'blob_response': -0.010047756135463715, 'vessel_centre': [116.0, 175.0]}]"
normal/normal_0354_EDD.jpg,normal,0,[]
normal/normal_0355_EDD.jpg,normal,1,"[{'vessel_blob_score': -1.389915984724122, 'centre': [299.0, 301.0], 'radius': 35.918785545899944, 'blob_score': 0.7105461478233337, 'blob_contrast': 0.039780616760253906, 'blob_brightness': 0.9412722587585449, 'blob_response': -0.05937474966049194, 'vessel_centre': [287.0, 216.0]}]"
normal/normal_0356_EDD.jpg,normal,1,"[{'vessel_blob_score': -2.5118886769870414, 'centre': [249.0, 185.0], 'radius': 35.918785545899944, 'blob_score': 0.6215398430824279, 'blob_contrast': 0.02627277374267578, 'blob_brightness': 0.8440410494804382, 'blob_response': -0.022191673517227173, 'vessel_centre': [123.0, 179.0]}]"
normal/normal_0357_EDD.jpg,normal,2,"[{'vessel_blob_score': -1.4566062669648177, 'centre': [204.0, 126.0], 'radius': 35.918785545899944, 'blob_score': 0.7488910138607024, 'blob_contrast': 0.0418391227722168, 'blob_brightness': 0.9872174859046936, 'blob_response': -0.07999825477600098, 'vessel_centre': [135.0, 181.0]}, {'vessel_blob_score': 0.8202700457761354, 'centre': [88.0, 136.0], 'radius': 362.03867196751236, 'blob_score': 0.7357667058706283, 'blob_contrast': 0.15373468399047852, 'blob_brightness': 0.8256126642227173, 'blob_response': -0.02051578462123871, 'vessel_centre': [135.0, 181.0]}]"
normal/normal_0358_EDD.jpg,normal,1,"[{'vessel_blob_score': -1.0865585111287799, 'centre': [348.0, 152.0], 'radius': 35.918785545899944, 'blob_score': 0.7596721053123473, 'blob_contrast': 0.05489706993103027, 'blob_brightness': 0.9825828075408936, 'blob_response': -0.08483535051345825, 'vessel_centre': [284.0, 191.0]}]"
normal/normal_0359_EDD.jpg,normal,4,"[{'vessel_blob_score': 0.7621299379846986, 'centre': [104.0, 186.0], 'radius': 35.918785545899944, 'blob_score': 0.7483557701110839, 'blob_contrast': 0.03911638259887695, 'blob_brightness': 0.9897369742393494, 'blob_response': -0.08211752772331238, 'vessel_centre': [96.0, 189.0]}, {'vessel_blob_score': -2.182287404525242, 'centre': [210.0, 277.0], 'radius': 45.254833995939045, 'blob_score': 0.7294880032539367, 'blob_contrast': 0.018901407718658447, 'blob_brightness': 0.993401050567627, 'blob_response': -0.07602930068969727, 'vessel_centre': [96.0, 189.0]}, {'vessel_blob_score': -1.1654861295238064, 'centre': [218.0, 170.0], 'radius': 57.01751796098172, 'blob_score': 0.740135395526886, 'blob_contrast': 0.029780328273773193, 'blob_brightness': 0.9929459095001221, 'blob_response': -0.07646465301513672, 'vessel_centre': [96.0, 189.0]}, {'vessel_blob_score': -1.3803909652594122, 'centre': [201.0, 275.0], 'radius': 57.01751796098172, 'blob_score': 0.7378521680831909, 'blob_contrast': 0.02812981605529785, 'blob_brightness': 0.9920468926429749, 'blob_response': -0.07644763588905334, 'vessel_centre': [96.0, 189.0]}]"
normal/normal_0360_EDD.jpg,normal,2,"[{'vessel_blob_score': -2.538493441659477, 'centre': [348.0, 180.0], 'radius': 35.918785545899944, 'blob_score': 0.649165865778923, 'blob_contrast': 0.043653249740600586, 'blob_brightness': 0.856775164604187, 'blob_response': -0.028850004076957703, 'vessel_centre': [473.0, 203.0]}, {'vessel_blob_score': -1.5102329635414318, 'centre': [361.0, 184.0], 'radius': 45.254833995939045, 'blob_score': 0.6535866379737854, 'blob_contrast': 0.04547923803329468, 'blob_brightness': 0.8607987761497498, 'blob_response': -0.027741283178329468, 'vessel_centre': [473.0, 203.0]}]"
normal/normal_0361_EDD.jpg,normal,0,[]
normal/normal_0362_EDD.jpg,normal,0,[]
normal/normal_0363_EDD.jpg,normal,1,"[{'vessel_blob_score': -2.0676773838280322, 'centre': [355.0, 162.0], 'radius': 45.254833995939045, 'blob_score': 0.6390807926654815, 'blob_contrast': 0.03667968511581421, 'blob_brightness': 0.8531622290611267, 'blob_response': -0.02593773603439331, 'vessel_centre': [487.0, 205.0]}]"
normal/normal_0364_EDD.jpg,normal,1,"[{'vessel_blob_score': -2.6475416497200475, 'centre': [391.0, 298.0], 'radius': 35.918785545899944, 'blob_score': 0.5979891538619995, 'blob_contrast': 0.022144019603729248, 'blob_brightness': 0.8185444474220276, 'blob_response': -0.01432010531425476, 'vessel_centre': [468.0, 192.0]}]"
normal/normal_0365_EDD.jpg,normal,0,[]
normal/normal_0366_EDD.jpg,normal,1,"[{'vessel_blob_score': -1.2449926052199065, 'centre': [395.0, 279.0], 'radius': 57.01751796098172, 'blob_score': 0.7171874463558197, 'blob_contrast': 0.05464601516723633, 'blob_brightness': 0.9311819076538086, 'blob_response': -0.05357047915458679, 'vessel_centre': [498.0, 203.0]}]"
normal/normal_0367_EDD.jpg,normal,0,[]
normal/normal_0368_EDD.jpg,normal,2,"[{'vessel_blob_score': -1.2240688011098442, 'centre': [190.0, 279.0], 'radius': 57.01751796098172, 'blob_score': 0.7467691361904144, 'blob_contrast': 0.05719524621963501, 'blob_brightness': 0.9609001278877258, 'blob_response': -0.08471900224685669, 'vessel_centre': [106.0, 184.0]}, {'vessel_blob_score': 0.4199777752102942, 'centre': [146.0, 218.0], 'radius': 90.50966799187809, 'blob_score': 0.7853644728660584, 'blob_contrast': 0.1086154580116272, 'blob_brightness': 0.9396374225616455, 'blob_response': -0.09501409530639648, 'vessel_centre': [106.0, 184.0]}]"
normal/normal_0369_EDD.jpg,normal,0,[]
normal/normal_0370_EDD.jpg,normal,1,"[{'vessel_blob_score': 0.40078031807264936, 'centre': [322.0, 216.0], 'radius': 71.83757109179989, 'blob_score': 0.8491050839424134, 'blob_contrast': 0.14966583251953125, 'blob_brightness': 0.9601031541824341, 'blob_response': -0.1368352174758911, 'vessel_centre': [344.0, 179.0]}]"
normal/normal_0371_EDD.jpg,normal,20,"[{'vessel_blob_score': -3.530579403946021, 'centre': [391.0, 53.0], 'radius': 35.918785545899944, 'blob_score': 0.6554611086845398, 'blob_contrast': 0.006510913372039795, 'blob_brightness': 0.9258637428283691, 'blob_response': -0.004227876663208008, 'vessel_centre': [502.0, 172.0]}, {'vessel_blob_score': -3.4722934020962093, 'centre': [393.0, 54.0], 'radius': 35.918785545899944, 'blob_score': 0.6579965889453887, 'blob_contrast': 0.008009552955627441, 'blob_brightness': 0.9273449778556824, 'blob_response': -0.004227757453918457, 'vessel_centre': [502.0, 172.0]}, {'vessel_blob_score': -4.964191505268085, 'centre': [320.0, 59.0], 'radius': 35.918785545899944, 'blob_score': 0.6728643596172332, 'blob_contrast': 0.0165899395942688, 'blob_brightness': 0.9359932541847229, 'blob_response': -0.005395710468292236, 'vessel_centre': [502.0, 172.0]}, {'vessel_blob_score': -5.247839149083742, 'centre': [281.0, 211.0], 'radius': 35.918785545899944, 'blob_score': 0.649526298046112, 'blob_contrast': -0.030271828174591064, 'blob_brightness': 0.9665007591247559, 'blob_response': -0.016237974166870117, 'vessel_centre': [502.0, 172.0]}, {'vessel_blob_score': -9.575611827445552, 'centre': [132.0, 258.0], 'radius': 35.918785545899944, 'blob_score': 0.6760751962661743, 'blob_contrast': 0.000981450080871582, 'blob_brightness': 0.9628307819366455, 'blob_response': -0.0055609941482543945, 'vessel_centre': [502.0, 172.0]}, {'vessel_blob_score': -3.0990002475066873, 'centre': [521.0, 318.0], 'radius': 35.918785545899944, 'blob_score': 0.6427134454250335, 'blob_contrast': 0.00269240140914917, 'blob_brightness': 0.9129514098167419, 'blob_response': -0.004775285720825195, 'vessel_centre': [502.0, 172.0]}, {'vessel_blob_score': -7.6062989209212635, 'centre': [268.0, 374.0], 'radius': 35.918785545899944, 'blob_score': 0.6599844753742218, 'blob_contrast': 0.0014455914497375488, 'blob_brightness': 0.9389578700065613, 'blob_response': -0.006341874599456787, 'vessel_centre': [502.0, 172.0]}, {'vessel_blob_score': -5.950395200232364, 'centre': [367.0, 382.0], 'radius': 35.918785545899944, 'blob_score': 0.659010100364685, 'blob_contrast': 0.0027898550033569336, 'blob_brightness': 0.935840368270874, 'blob_response': -0.005659937858581543, 'vessel_centre': [502.0, 172.0]}, {'vessel_blob_score': -3.9234868392481763, 'centre': [313.0, 54.0], 'radius': 45.254833995939045, 'blob_score': 0.6381293833255768, 'blob_contrast': -0.005024075508117676, 'blob_brightness': 0.9172833561897278, 'blob_response': -0.005275547504425049, 'vessel_centre': [502.0, 172.0]}, {'vessel_blob_score': -2.190868318342203, 'centre': [416.0, 56.0], 'radius': 45.254833995939045, 'blob_score': 0.6374982416629791, 'blob_contrast': -0.0054184794425964355, 'blob_brightness': 0.917159378528595, 'blob_response': -0.00452578067779541, 'vessel_centre': [502.0, 172.0]}, {'vessel_blob_score': -1.2322433013114855, 'centre': [443.0, 254.0], 'radius': 45.254833995939045, 'blob_score': 0.697148984670639, 'blob_contrast': -0.00033533573150634766, 'blob_brightness': 0.9955174326896667, 'blob_response': -0.0031105875968933105, 'vessel_centre': [502.0, 172.0]}, {'vessel_blob_score': -1.4711222779336515, 'centre': [561.0, 267.0], 'radius': 45.254833995939045, 'blob_score': 0.6055285632610321, 'blob_contrast': -0.02544403076171875, 'blob_brightness': 0.9003658890724182, 'blob_response': -0.0035823583602905273, 'vessel_centre': [502.0, 172.0]}, {'vessel_blob_score': -2.3325601316780467, 'centre': [390.0, 273.0], 'radius': 45.254833995939045, 'blob_score': 0.6972767591476441, 'blob_contrast': -0.000685274600982666, 'blob_brightness': 0.9962707757949829, 'blob_response': -0.0028624534606933594, 'vessel_centre': [502.0, 172.0]}, {'vessel_blob_score': -2.3967039400351036, 'centre': [387.0, 274.0], 'radius': 45.254833995939045, 'blob_score': 0.6972735762596131, 'blob_contrast': -0.0006987452507019043, 'blob_brightness': 0.9962856769561768, 'blob_response': -0.0028617382049560547, 'vessel_centre': [502.0, 172.0]}, {'vessel_blob_score': -6.039404993055165, 'centre': [259.0, 378.0], 'radius': 45.254833995939045, 'blob_score': 0.6612598061561584, 'blob_contrast': 0.009766697883605957, 'blob_brightness': 0.9289155006408691, 'blob_response': -0.006261289119720459, 'vessel_centre': [502.0, 172.0]}, {'vessel_blob_score': -4.593662708816112, 'centre': [370.0, 388.0], 'radius': 45.254833995939045, 'blob_score': 0.6506766617298126, 'blob_contrast': 0.0035220980644226074, 'blob_brightness': 0.9228940606117249, 'blob_response': -0.005643606185913086, 'vessel_centre': [502.0, 172.0]}, {'vessel_blob_score': -3.047094469941781, 'centre': [310.0, 44.0], 'radius': 57.01751796098172, 'blob_score': 0.5976082623004912, 'blob_contrast': -0.032674431800842285, 'blob_brightness': 0.8989458680152893, 'blob_response': -0.005102932453155518, 'vessel_centre': [502.0, 172.0]}, {'vessel_blob_score': -4.802556980343242, 'centre': [248.0, 384.0], 'radius': 57.01751796098172, 'blob_score': 0.6588071882724762, 'blob_contrast': 0.0174863338470459, 'blob_brightness': 0.9144814610481262, 'blob_response': -0.005919158458709717, 'vessel_centre': [502.0, 172.0]}, {'vessel_blob_score': -3.5487230281769753, 'centre': [373.0, 397.0], 'radius': 57.01751796098172, 'blob_score': 0.6501995801925659, 'blob_contrast': 0.012179315090179443, 'blob_brightness': 0.9099297523498535, 'blob_response': -0.005347192287445068, 'vessel_centre': [502.0, 172.0]}, {'vessel_blob_score': -4.147121083421191, 'centre': [134.0, 136.0], 'radius': 71.83757109179989, 'blob_score': 0.6685809791088104, 'blob_contrast': 0.0217474102973938, 'blob_brightness': 0.923073947429657, 'blob_response': -0.0034090280532836914, 'vessel_centre': [502.0, 172.0]}]"
normal/normal_0372_EDD.jpg,normal,1,"[{'vessel_blob_score': 0.4188438178905385, 'centre': [112.0, 183.0], 'radius': 57.01751796098172, 'blob_score': 0.7339277684688568, 'blob_contrast': 0.02901703119277954, 'blob_brightness': 0.9898106455802917, 'blob_response': -0.060216426849365234, 'vessel_centre': [79.0, 186.0]}]"
normal/normal_0373_EDD.jpg,normal,0,[]
normal/normal_0374_EDD.jpg,normal,1,"[{'vessel_blob_score': -2.0072986959175267, 'centre': [215.0, 188.0], 'radius': 35.918785545899944, 'blob_score': 0.6215419143438339, 'blob_contrast': 0.016096174716949463, 'blob_brightness': 0.8603920340538025, 'blob_response': -0.015856578946113586, 'vessel_centre': [107.0, 186.0]}]"
normal/normal_0375_EDD.jpg,normal,0,[]
normal/normal_0376_EDD.jpg,normal,0,[]
normal/normal_0377_EDD.jpg,normal,0,[]
normal/normal_0378_EDD.jpg,normal,0,[]
normal/normal_0379_EDD.jpg,normal,0,[]
normal/normal_0380_EDD.jpg,normal,0,[]
normal/normal_0381_EDD.jpg,normal,1,"[{'vessel_blob_score': -2.7650724334887875, 'centre': [369.0, 202.0], 'radius': 35.918785545899944, 'blob_score': 0.7171466767787933, 'blob_contrast': 0.0374874472618103, 'blob_brightness': 0.9507505893707275, 'blob_response': -0.07066908478736877, 'vessel_centre': [504.0, 194.0]}]"
normal/normal_0382_EDD.jpg,normal,0,[]
normal/normal_0383_EDD.jpg,normal,2,"[{'vessel_blob_score': -1.628245591683807, 'centre': [157.0, 282.0], 'radius': 35.918785545899944, 'blob_score': 0.7253737568855285, 'blob_contrast': 0.03336524963378906, 'blob_brightness': 0.9706894159317017, 'blob_response': -0.0626295804977417, 'vessel_centre': [101.0, 206.0]}, {'vessel_blob_score': 0.7329998829588271, 'centre': [112.0, 201.0], 'radius': 45.254833995939045, 'blob_score': 0.7792870044708252, 'blob_contrast': 0.07637333869934082, 'blob_brightness': 0.9703265428543091, 'blob_response': -0.11842542886734009, 'vessel_centre': [101.0, 206.0]}]"
normal/normal_0384_EDD.jpg,normal,2,"[{'vessel_blob_score': -2.022338818257526, 'centre': [275.0, 290.0], 'radius': 35.918785545899944, 'blob_score': 0.716956740617752, 'blob_contrast': 0.026572346687316895, 'blob_brightness': 0.9679946899414062, 'blob_response': -0.06394055485725403, 'vessel_centre': [331.0, 197.0]}, {'vessel_blob_score': -1.2063916385129816, 'centre': [282.0, 284.0], 'radius': 45.254833995939045, 'blob_score': 0.7141254425048827, 'blob_contrast': 0.0267145037651062, 'blob_brightness': 0.9641714096069336, 'blob_response': -0.06245476007461548, 'vessel_centre': [331.0, 197.0]}]"
normal/normal_0385_EDD.jpg,normal,1,"[{'vessel_blob_score': -1.8879155645884618, 'centre': [325.0, 293.0], 'radius': 35.918785545899944, 'blob_score': 0.7347572386264801, 'blob_contrast': 0.03386133909225464, 'blob_brightness': 0.9768518805503845, 'blob_response': -0.0854979157447815, 'vessel_centre': [267.0, 207.0]}]"
normal/normal_0386_EDD.jpg,normal,0,[]
normal/normal_0387_EDD.jpg,normal,6,"[{'vessel_blob_score': -2.609626052117545, 'centre': [396.0, 154.0], 'radius': 35.918785545899944, 'blob_score': 0.7403542339801789, 'blob_contrast': 0.033755481243133545, 'blob_brightness': 0.9920030832290649, 'blob_response': -0.060982972383499146, 'vessel_centre': [273.0, 195.0]}, {'vessel_blob_score': -1.8230408043414923, 'centre': [354.0, 256.0], 'radius': 35.918785545899944, 'blob_score': 0.7228636741638184, 'blob_contrast': 0.015855848789215088, 'blob_brightness': 0.9966861009597778, 'blob_response': -0.046637773513793945, 'vessel_centre': [273.0, 195.0]}, {'vessel_blob_score': -3.1734884777767665, 'centre': [307.0, 341.0], 'radius': 35.918785545899944, 'blob_score': 0.7378352165222167, 'blob_contrast': 0.03534430265426636, 'blob_brightness': 0.9904733896255493, 'blob_response': -0.04579770565032959, 'vessel_centre': [273.0, 195.0]}, {'vessel_blob_score': -1.5951615135189563, 'centre': [386.0, 163.0], 'radius': 45.254833995939045, 'blob_score': 0.7473215878009796, 'blob_contrast': 0.04071009159088135, 'blob_brightness': 0.9922770857810974, 'blob_response': -0.06008768081665039, 'vessel_centre': [273.0, 195.0]}, {'vessel_blob_score': -0.8766981906927098, 'centre': [376.0, 166.0], 'radius': 57.01751796098172, 'blob_score': 0.7594084501266479, 'blob_contrast': 0.05443274974822998, 'blob_brightness': 0.9905750155448914, 'blob_response': -0.05786594748497009, 'vessel_centre': [273.0, 195.0]}, {'vessel_blob_score': -0.31444949500422803, 'centre': [202.0, 171.0], 'radius': 57.01751796098172, 'blob_score': 0.7374693393707275, 'blob_contrast': 0.031778156757354736, 'blob_brightness': 0.9930043816566467, 'blob_response': -0.052940577268600464, 'vessel_centre': [273.0, 195.0]}]"
normal/normal_0388_EDD.jpg,normal,0,[]
normal/normal_0389_EDD.jpg,normal,3,"[{'vessel_blob_score': -2.1674707119826313, 'centre': [223.0, 190.0], 'radius': 35.918785545899944, 'blob_score': 0.6638990759849548, 'blob_contrast': 0.02943629026412964, 'blob_brightness': 0.8996115326881409, 'blob_response': -0.023673564195632935, 'vessel_centre': [111.0, 210.0]}, {'vessel_blob_score': -2.848249684496923, 'centre': [196.0, 319.0], 'radius': 35.918785545899944, 'blob_score': 0.6781010866165161, 'blob_contrast': 0.030424892902374268, 'blob_brightness': 0.9130879044532776, 'blob_response': -0.04257330298423767, 'vessel_centre': [111.0, 210.0]}, {'vessel_blob_score': -1.8859336931485449, 'centre': [190.0, 314.0], 'radius': 45.254833995939045, 'blob_score': 0.687126326560974, 'blob_contrast': 0.04087686538696289, 'blob_brightness': 0.9109919667243958, 'blob_response': -0.04277542233467102, 'vessel_centre': [111.0, 210.0]}]"
normal/normal_0390_EDD.jpg,normal,0,[]
normal/normal_0391_EDD.jpg,normal,0,[]
normal/normal_0392_EDD.jpg,normal,0,[]
normal/normal_0393_EDD.jpg,normal,0,[]
normal/normal_0394_EDD.jpg,normal,1,"[{'vessel_blob_score': -1.9322626074025342, 'centre': [231.0, 294.0], 'radius': 35.918785545899944, 'blob_score': 0.7277491629123687, 'blob_contrast': 0.022692859172821045, 'blob_brightness': 0.9903853535652161, 'blob_response': -0.05893278121948242, 'vessel_centre': [253.0, 191.0]}]"
normal/normal_0395_EDD.jpg,normal,0,[]
normal/normal_0396_EDD.jpg,normal,0,[]
normal/normal_0397_EDD.jpg,normal,1,"[{'vessel_blob_score': -1.40543298355013, 'centre': [264.0, 297.0], 'radius': 35.918785545899944, 'blob_score': 0.6672458946704865, 'blob_contrast': 0.03332453966140747, 'blob_brightness': 0.8970687389373779, 'blob_response': -0.029866188764572144, 'vessel_centre': [316.0, 228.0]}]"
normal/normal_0398_EDD.jpg,normal,0,[]
normal/normal_0399_EDD.jpg,normal,0,[]
normal/normal_0400_EDD.jpg,normal,1,"[{'vessel_blob_score': 0.06081859188257843, 'centre': [304.0, 300.0], 'radius': 35.918785545899944, 'blob_score': 0.6886584281921386, 'blob_contrast': 0.03141659498214722, 'blob_brightness': 0.9262807369232178, 'blob_response': -0.04422658681869507, 'vessel_centre': [271.0, 307.0]}]"
normal/normal_0401_EDD.jpg,normal,1,"[{'vessel_blob_score': -1.9438926451638818, 'centre': [242.0, 285.0], 'radius': 45.254833995939045, 'blob_score': 0.6533641755580901, 'blob_contrast': 0.043146491050720215, 'blob_brightness': 0.8641753792762756, 'blob_response': -0.026474595069885254, 'vessel_centre': [324.0, 180.0]}]"
normal/normal_0402_EDD.jpg,normal,3,"[{'vessel_blob_score': -0.1536219301526811, 'centre': [270.0, 151.0], 'radius': 35.918785545899944, 'blob_score': 0.7307013630867004, 'blob_contrast': 0.02326977252960205, 'blob_brightness': 0.9919934272766113, 'blob_response': -0.0651809573173523, 'vessel_centre': [264.0, 192.0]}, {'vessel_blob_score': -1.4784376119861884, 'centre': [353.0, 194.0], 'radius': 35.918785545899944, 'blob_score': 0.7354876995086669, 'blob_contrast': 0.02640819549560547, 'blob_brightness': 0.9917147159576416, 'blob_response': -0.07439601421356201, 'vessel_centre': [264.0, 192.0]}, {'vessel_blob_score': -1.9019720219244811, 'centre': [313.0, 284.0], 'radius': 35.918785545899944, 'blob_score': 0.7297741711139678, 'blob_contrast': 0.020951390266418457, 'blob_brightness': 0.9932435154914856, 'blob_response': -0.06776160001754761, 'vessel_centre': [264.0, 192.0]}]"
normal/normal_0403_EDD.jpg,normal,4,"[{'vessel_blob_score': -2.3924606206262733, 'centre': [338.0, 169.0], 'radius': 45.254833995939045, 'blob_score': 0.7455304563045502, 'blob_contrast': 0.03209388256072998, 'blob_brightness': 0.9915453791618347, 'blob_response': -0.09677404165267944, 'vessel_centre': [487.0, 206.0]}, {'vessel_blob_score': 0.5925498496748345, 'centre': [469.0, 210.0], 'radius': 45.254833995939045, 'blob_score': 0.784626030921936, 'blob_contrast': 0.0703660249710083, 'blob_brightness': 0.9885164499282837, 'blob_response': -0.11149245500564575, 'vessel_centre': [487.0, 206.0]}, {'vessel_blob_score': -2.3588298976354842, 'centre': [366.0, 298.0], 'radius': 45.254833995939045, 'blob_score': 0.7476539969444274, 'blob_contrast': 0.033610999584198, 'blob_brightness': 0.9914023876190186, 'blob_response': -0.10030663013458252, 'vessel_centre': [487.0, 206.0]}, {'vessel_blob_score': -1.4180836875676914, 'centre': [352.0, 178.0], 'radius': 57.01751796098172, 'blob_score': 0.7421401619911194, 'blob_contrast': 0.03147900104522705, 'blob_brightness': 0.9880894422531128, 'blob_response': -0.0949927568435669, 'vessel_centre': [487.0, 206.0]}]"
normal/normal_0404_EDD.jpg,normal,0,[]
normal/normal_0405_EDD.jpg,normal,1,"[{'vessel_blob_score': -2.2479356663002705, 'centre': [371.0, 179.0], 'radius': 35.918785545899944, 'blob_score': 0.7020717203617095, 'blob_contrast': 0.032262444496154785, 'blob_brightness': 0.939825713634491, 'blob_response': -0.059656381607055664, 'vessel_centre': [484.0, 208.0]}]"
normal/normal_0406_EDD.jpg,normal,2,"[{'vessel_blob_score': -1.495268241864527, 'centre': [196.0, 181.0], 'radius': 35.918785545899944, 'blob_score': 0.7026235878467559, 'blob_contrast': 0.025744497776031494, 'blob_brightness': 0.9543421864509583, 'blob_response': -0.044197797775268555, 'vessel_centre': [108.0, 198.0]}, {'vessel_blob_score': -2.621631018084974, 'centre': [217.0, 269.0], 'radius': 35.918785545899944, 'blob_score': 0.7112928807735442, 'blob_contrast': 0.035330116748809814, 'blob_brightness': 0.9491734504699707, 'blob_response': -0.057706743478775024, 'vessel_centre': [108.0, 198.0]}]"
normal/normal_0407_EDD.jpg,normal,0,[]
normal/normal_0408_EDD.jpg,normal,2,"[{'vessel_blob_score': -2.9105865151217696, 'centre': [406.0, 256.0], 'radius': 35.918785545899944, 'blob_score': 0.6880118370056152, 'blob_contrast': 0.02749699354171753, 'blob_brightness': 0.930440366268158, 'blob_response': -0.04603293538093567, 'vessel_centre': [513.0, 165.0]}, {'vessel_blob_score': -2.2665593758953775, 'centre': [406.0, 267.0], 'radius': 45.254833995939045, 'blob_score': 0.7029440701007843, 'blob_contrast': 0.045671701431274414, 'blob_brightness': 0.9262121319770813, 'blob_response': -0.04461938142776489, 'vessel_centre': [513.0, 165.0]}]"
normal/normal_0409_EDD.jpg,normal,0,[]
normal/normal_0410_EDD.jpg,normal,2,"[{'vessel_blob_score': -3.298644015334058, 'centre': [344.0, 303.0], 'radius': 35.918785545899944, 'blob_score': 0.6852701842784881, 'blob_contrast': 0.041687846183776855, 'blob_brightness': 0.9038659334182739, 'blob_response': -0.05438092350959778, 'vessel_centre': [468.0, 211.0]}, {'vessel_blob_score': -2.582182470226775, 'centre': [342.0, 313.0], 'radius': 45.254833995939045, 'blob_score': 0.6895731210708618, 'blob_contrast': 0.049954891204833984, 'blob_brightness': 0.8982216715812683, 'blob_response': -0.05431529879570007, 'vessel_centre': [468.0, 211.0]}]"
normal/normal_0411_EDD.jpg,normal,1,"[{'vessel_blob_score': 0.8501512508635615, 'centre': [301.0, 200.0], 'radius': 57.01751796098172, 'blob_score': 0.7783652424812316, 'blob_contrast': 0.10835891962051392, 'blob_brightness': 0.9221086502075195, 'blob_response': -0.12265133857727051, 'vessel_centre': [309.0, 197.0]}]"
normal/normal_0412_EDD.jpg,normal,2,"[{'vessel_blob_score': -1.1407960698067434, 'centre': [405.0, 308.0], 'radius': 45.254833995939045, 'blob_score': 0.7045545935630798, 'blob_contrast': 0.04744529724121094, 'blob_brightness': 0.9280956387519836, 'blob_response': -0.03721174597740173, 'vessel_centre': [424.0, 213.0]}, {'vessel_blob_score': 0.3949875119154379, 'centre': [384.0, 196.0], 'radius': 71.83757109179989, 'blob_score': 0.7362772941589355, 'blob_contrast': 0.06576597690582275, 'blob_brightness': 0.9318085312843323, 'blob_response': -0.091226726770401, 'vessel_centre': [424.0, 213.0]}]"
normal/normal_0413_EDD.jpg,normal,1,"[{'vessel_blob_score': -1.1379321570007144, 'centre': [330.0, 317.0], 'radius': 35.918785545899944, 'blob_score': 0.7301290690898895, 'blob_contrast': 0.0531269907951355, 'blob_brightness': 0.9450613260269165, 'blob_response': -0.07729575037956238, 'vessel_centre': [319.0, 241.0]}]"
normal/normal_0414_EDD.jpg,normal,2,"[{'vessel_blob_score': -1.950436937980542, 'centre': [179.0, 325.0], 'radius': 45.254833995939045, 'blob_score': 0.6917428970336914, 'blob_contrast': 0.03131347894668579, 'blob_brightness': 0.9320521950721741, 'blob_response': -0.03996440768241882, 'vessel_centre': [141.0, 197.0]}, {'vessel_blob_score': 0.5339912809014993, 'centre': [166.0, 206.0], 'radius': 57.01751796098172, 'blob_score': 0.7610655426979065, 'blob_contrast': 0.06736177206039429, 'blob_brightness': 0.9547144174575806, 'blob_response': -0.12701839208602905, 'vessel_centre': [141.0, 197.0]}]"
normal/normal_0415_EDD.jpg,normal,1,"[{'vessel_blob_score': -2.620956796897748, 'centre': [358.0, 192.0], 'radius': 45.254833995939045, 'blob_score': 0.713521260023117, 'blob_contrast': 0.047859251499176025, 'blob_brightness': 0.9316422939300537, 'blob_response': -0.06756201386451721, 'vessel_centre': [512.0, 248.0]}]"
normal/normal_0416_EDD.jpg,normal,2,"[{'vessel_blob_score': -2.964816008829492, 'centre': [278.0, 348.0], 'radius': 35.918785545899944, 'blob_score': 0.7099202215671538, 'blob_contrast': 0.04443025588989258, 'blob_brightness': 0.9337561726570129, 'blob_response': -0.059303224086761475, 'vessel_centre': [258.0, 207.0]}, {'vessel_blob_score': 0.6799529645716542, 'centre': [276.0, 210.0], 'radius': 57.01751796098172, 'blob_score': 0.7563128113746643, 'blob_contrast': 0.06321370601654053, 'blob_brightness': 0.9582267999649048, 'blob_response': -0.11170172691345215, 'vessel_centre': [258.0, 207.0]}]"
normal/normal_0417_EDD.jpg,normal,2,"[{'vessel_blob_score': -2.2679202231648263, 'centre': [260.0, 125.0], 'radius': 35.918785545899944, 'blob_score': 0.6881068110466003, 'blob_contrast': 0.05381119251251221, 'blob_brightness': 0.8939792513847351, 'blob_response': -0.0425507128238678, 'vessel_centre': [343.0, 208.0]}, {'vessel_blob_score': 0.7557173869491196, 'centre': [330.0, 213.0], 'radius': 57.01751796098172, 'blob_score': 0.7738472759723664, 'blob_contrast': 0.08082425594329834, 'blob_brightness': 0.9501084685325623, 'blob_response': -0.13973546028137207, 'vessel_centre': [343.0, 208.0]}]"
normal/normal_0418_EDD.jpg,normal,0,[]
normal/normal_0419_EDD.jpg,normal,2,"[{'vessel_blob_score': -2.5918670685440386, 'centre': [422.0, 308.0], 'radius': 35.918785545899944, 'blob_score': 0.606795272231102, 'blob_contrast': 0.05071932077407837, 'blob_brightness': 0.7864269018173218, 'blob_response': -0.027885600924491882, 'vessel_centre': [501.0, 206.0]}, {'vessel_blob_score': -2.2499999999999996, 'centre': [397.0, 310.0], 'radius': 45.254833995939045, 'blob_score': 0.6091564774513244, 'blob_contrast': 0.059622228145599365, 'blob_brightness': 0.7766826748847961, 'blob_response': -0.02928188443183899, 'vessel_centre': [501.0, 206.0]}]"
normal/normal_0420_EDD.jpg,normal,0,[]
normal/normal_0421_EDD.jpg,normal,0,[]
normal/normal_0422_EDD.jpg,normal,3,"[{'vessel_blob_score': -1.965904437143438, 'centre': [335.0, 266.0], 'radius': 35.918785545899944, 'blob_score': 0.6708042621612549, 'blob_contrast': 0.02886795997619629, 'blob_brightness': 0.907002866268158, 'blob_response': -0.03517147898674011, 'vessel_centre': [425.0, 209.0]}, {'vessel_blob_score': -1.4583443679130879, 'centre': [334.0, 273.0], 'radius': 45.254833995939045, 'blob_score': 0.6711203038692474, 'blob_contrast': 0.032433271408081055, 'blob_brightness': 0.9026117920875549, 'blob_response': -0.03429388999938965, 'vessel_centre': [425.0, 209.0]}, {'vessel_blob_score': -0.9071308718296007, 'centre': [316.0, 292.0], 'radius': 71.83757109179989, 'blob_score': 0.6759910434484481, 'blob_contrast': 0.05131983757019043, 'blob_brightness': 0.8838876485824585, 'blob_response': -0.02974925935268402, 'vessel_centre': [425.0, 209.0]}]"
normal/normal_0423_EDD.jpg,normal,3,"[{'vessel_blob_score': -1.407365575975065, 'centre': [341.0, 198.0], 'radius': 35.918785545899944, 'blob_score': 0.7457995891571044, 'blob_contrast': 0.056588828563690186, 'blob_brightness': 0.9606256484985352, 'blob_response': -0.08386403322219849, 'vessel_centre': [427.0, 189.0]}, {'vessel_blob_score': -2.216159989397325, 'centre': [351.0, 276.0], 'radius': 35.918785545899944, 'blob_score': 0.6839547216892242, 'blob_contrast': 0.03102022409439087, 'blob_brightness': 0.921742856502533, 'blob_response': -0.038572490215301514, 'vessel_centre': [427.0, 189.0]}, {'vessel_blob_score': 0.39610953895517087, 'centre': [388.0, 208.0], 'radius': 71.83757109179989, 'blob_score': 0.7993309617042541, 'blob_contrast': 0.12191832065582275, 'blob_brightness': 0.9347560405731201, 'blob_response': -0.11541706323623657, 'vessel_centre': [427.0, 189.0]}]"
normal/normal_0424_EDD.jpg,normal,1,"[{'vessel_blob_score': -2.1504177604963397, 'centre': [233.0, 278.0], 'radius': 35.918785545899944, 'blob_score': 0.624365684390068, 'blob_contrast': 0.024913311004638672, 'blob_brightness': 0.8504927754402161, 'blob_response': -0.020537152886390686, 'vessel_centre': [139.0, 215.0]}]"
normal/normal_0425_EDD.jpg,normal,1,"[{'vessel_blob_score': -2.5314769649246083, 'centre': [370.0, 273.0], 'radius': 35.918785545899944, 'blob_score': 0.6931875944137573, 'blob_contrast': 0.02976447343826294, 'blob_brightness': 0.9341432452201843, 'blob_response': -0.04761424660682678, 'vessel_centre': [487.0, 224.0]}]"
normal/normal_0426_EDD.jpg,normal,0,[]
normal/normal_0427_EDD.jpg,normal,2,"[{'vessel_blob_score': -2.708967824004119, 'centre': [360.0, 196.0], 'radius': 35.918785545899944, 'blob_score': 0.6149664908647536, 'blob_contrast': 0.03927934169769287, 'blob_brightness': 0.8156321048736572, 'blob_response': -0.023723378777503967, 'vessel_centre': [492.0, 214.0]}, {'vessel_blob_score': -1.6891346772707387, 'centre': [371.0, 201.0], 'radius': 45.254833995939045, 'blob_score': 0.6194248229265212, 'blob_contrast': 0.043010830879211426, 'blob_brightness': 0.816733717918396, 'blob_response': -0.02350194752216339, 'vessel_centre': [492.0, 214.0]}]"
normal/normal_0428_EDD.jpg,normal,0,[]
normal/normal_0429_EDD.jpg,normal,3,"[{'vessel_blob_score': -2.147464012434935, 'centre': [229.0, 180.0], 'radius': 35.918785545899944, 'blob_score': 0.7121422708034515, 'blob_contrast': 0.03773123025894165, 'blob_brightness': 0.9478324055671692, 'blob_response': -0.054641783237457275, 'vessel_centre': [338.0, 210.0]}, {'vessel_blob_score': -2.34376899634216, 'centre': [262.0, 303.0], 'radius': 35.918785545899944, 'blob_score': 0.7142850816249847, 'blob_contrast': 0.04158991575241089, 'blob_brightness': 0.9425949454307556, 'blob_response': -0.06439352035522461, 'vessel_centre': [338.0, 210.0]}, {'vessel_blob_score': -1.5019523626560116, 'centre': [230.0, 176.0], 'radius': 45.254833995939045, 'blob_score': 0.7126750230789184, 'blob_contrast': 0.042659878730773926, 'blob_brightness': 0.9415753483772278, 'blob_response': -0.054562002420425415, 'vessel_centre': [338.0, 210.0]}]"
normal/normal_0430_EDD.jpg,normal,2,"[{'vessel_blob_score': -2.01502095128071, 'centre': [268.0, 174.0], 'radius': 35.918785545899944, 'blob_score': 0.6778830766677856, 'blob_contrast': 0.03401917219161987, 'blob_brightness': 0.9075175523757935, 'blob_response': -0.04300808906555176, 'vessel_centre': [160.0, 182.0]}, {'vessel_blob_score': -2.3524503670661603, 'centre': [224.0, 284.0], 'radius': 35.918785545899944, 'blob_score': 0.6619848012924194, 'blob_contrast': 0.029224634170532227, 'blob_brightness': 0.8966565132141113, 'blob_response': -0.025503039360046387, 'vessel_centre': [160.0, 182.0]}]"
normal/normal_0431_EDD.jpg,normal,2,"[{'vessel_blob_score': -1.7121359907665457, 'centre': [329.0, 177.0], 'radius': 35.918785545899944, 'blob_score': 0.6827404141426087, 'blob_contrast': 0.040326833724975586, 'blob_brightness': 0.9061087965965271, 'blob_response': -0.040687114000320435, 'vessel_centre': [422.0, 206.0]}, {'vessel_blob_score': -1.1719312043087369, 'centre': [353.0, 276.0], 'radius': 45.254833995939045, 'blob_score': 0.7032700598239898, 'blob_contrast': 0.04464238882064819, 'blob_brightness': 0.9248003363609314, 'blob_response': -0.056337177753448486, 'vessel_centre': [422.0, 206.0]}]"
normal/normal_0432_EDD.jpg,normal,0,[]
normal/normal_0433_EDD.jpg,normal,0,[]
normal/normal_0434_EDD.jpg,normal,3,"[{'vessel_blob_score': -4.814484669768684, 'centre': [371.0, 208.0], 'radius': 35.918785545899944, 'blob_score': 0.6929876565933227, 'blob_contrast': 0.033023297786712646, 'blob_brightness': 0.9268003106117249, 'blob_response': -0.05602070689201355, 'vessel_centre': [278.0, 395.0]}, {'vessel_blob_score': -1.807623263179651, 'centre': [317.0, 302.0], 'radius': 35.918785545899944, 'blob_score': 0.6600652426481247, 'blob_contrast': 0.016662120819091797, 'blob_brightness': 0.9105934500694275, 'blob_response': -0.029938533902168274, 'vessel_centre': [278.0, 395.0]}, {'vessel_blob_score': -1.1383998471403798, 'centre': [316.0, 306.0], 'radius': 45.254833995939045, 'blob_score': 0.6716686993837356, 'blob_contrast': 0.030601024627685547, 'blob_brightness': 0.9072350263595581, 'blob_response': -0.03001578152179718, 'vessel_centre': [278.0, 395.0]}]"
normal/normal_0435_EDD.jpg,normal,0,[]
normal/normal_0436_EDD.jpg,normal,1,"[{'vessel_blob_score': -1.921248261659731, 'centre': [201.0, 286.0], 'radius': 45.254833995939045, 'blob_score': 0.6403793901205063, 'blob_contrast': 0.03977501392364502, 'blob_brightness': 0.8514427542686462, 'blob_response': -0.022972241044044495, 'vessel_centre': [122.0, 180.0]}]"
normal/normal_0437_EDD.jpg,normal,0,[]
normal/normal_0438_EDD.jpg,normal,2,"[{'vessel_blob_score': -2.3122178596512355, 'centre': [268.0, 305.0], 'radius': 57.01751796098172, 'blob_score': 0.7565658271312713, 'blob_contrast': 0.04603999853134155, 'blob_brightness': 0.9930737018585205, 'blob_response': -0.07687118649482727, 'vessel_centre': [123.0, 184.0]}, {'vessel_blob_score': -1.4632625212448147, 'centre': [260.0, 296.0], 'radius': 71.83757109179989, 'blob_score': 0.7715424656867981, 'blob_contrast': 0.06283199787139893, 'blob_brightness': 0.9908402562141418, 'blob_response': -0.07561144232749939, 'vessel_centre': [123.0, 184.0]}]"
normal/normal_0439_EDD.jpg,normal,1,"[{'vessel_blob_score': -0.41438618532916927, 'centre': [395.0, 221.0], 'radius': 45.254833995939045, 'blob_score': 0.7432781994342803, 'blob_contrast': 0.036100149154663086, 'blob_brightness': 0.9889727234840393, 'blob_response': -0.07448571920394897, 'vessel_centre': [331.0, 222.0]}]"
normal/normal_0440_EDD.jpg,normal,0,[]
normal/normal_0441_EDD.jpg,normal,5,"[{'vessel_blob_score': -4.0969564801704, 'centre': [345.0, 136.0], 'radius': 35.918785545899944, 'blob_score': 0.7309730112552643, 'blob_contrast': 0.018570423126220703, 'blob_brightness': 0.9945332407951355, 'blob_response': -0.08114659786224365, 'vessel_centre': [499.0, 235.0]}, {'vessel_blob_score': -6.5404825077590285, 'centre': [233.0, 184.0], 'radius': 35.918785545899944, 'blob_score': 0.7479228556156159, 'blob_contrast': 0.031127512454986572, 'blob_brightness': 0.9926736354827881, 'blob_response': -0.10961899161338806, 'vessel_centre': [499.0, 235.0]}, {'vessel_blob_score': -0.08720959759706837, 'centre': [460.0, 237.0], 'radius': 35.918785545899944, 'blob_score': 0.7427944839000702, 'blob_contrast': 0.03512376546859741, 'blob_brightness': 0.9935811161994934, 'blob_response': -0.06081968545913696, 'vessel_centre': [499.0, 235.0]}, {'vessel_blob_score': -2.8695147668990746, 'centre': [350.0, 143.0], 'radius': 45.254833995939045, 'blob_score': 0.7354604184627532, 'blob_contrast': 0.023297488689422607, 'blob_brightness': 0.9940976500511169, 'blob_response': -0.08147287368774414, 'vessel_centre': [499.0, 235.0]}, {'vessel_blob_score': -1.8215685660972794, 'centre': [360.0, 154.0], 'radius': 57.01751796098172, 'blob_score': 0.7402539789676665, 'blob_contrast': 0.028279900550842285, 'blob_brightness': 0.9939897656440735, 'blob_response': -0.0809062123298645, 'vessel_centre': [499.0, 235.0]}]"
normal/normal_0442_EDD.jpg,normal,3,"[{'vessel_blob_score': -2.128196668220787, 'centre': [364.0, 248.0], 'radius': 35.918785545899944, 'blob_score': 0.7487338662147521, 'blob_contrast': 0.03539586067199707, 'blob_brightness': 0.9914611577987671, 'blob_response': -0.09657597541809082, 'vessel_centre': [259.0, 208.0]}, {'vessel_blob_score': -1.23715954113693, 'centre': [356.0, 237.0], 'radius': 45.254833995939045, 'blob_score': 0.7474725782871247, 'blob_contrast': 0.035894691944122314, 'blob_brightness': 0.9908363223075867, 'blob_response': -0.08996230363845825, 'vessel_centre': [259.0, 208.0]}, {'vessel_blob_score': -0.5275594144815183, 'centre': [344.0, 227.0], 'radius': 57.01751796098172, 'blob_score': 0.7510259091854095, 'blob_contrast': 0.04062932729721069, 'blob_brightness': 0.9898537993431091, 'blob_response': -0.0874946117401123, 'vessel_centre': [259.0, 208.0]}]"
normal/normal_0443_EDD.jpg,normal,0,[]
normal/normal_0444_EDD.jpg,normal,0,[]
normal/normal_0445_EDD.jpg,normal,1,"[{'vessel_blob_score': -5.513582563574365, 'centre': [218.0, 265.0], 'radius': 45.254833995939045, 'blob_score': 0.6217589020729064, 'blob_contrast': 0.03244650363922119, 'blob_brightness': 0.8336721062660217, 'blob_response': -0.028709620237350464, 'vessel_centre': [509.0, 218.0]}]"
normal/normal_0446_EDD.jpg,normal,0,[]
normal/normal_0447_EDD.jpg,normal,1,"[{'vessel_blob_score': -1.6298318624961556, 'centre': [148.0, 317.0], 'radius': 45.254833995939045, 'blob_score': 0.7057623267173766, 'blob_contrast': 0.04858195781707764, 'blob_brightness': 0.9195606112480164, 'blob_response': -0.06743970513343811, 'vessel_centre': [98.0, 209.0]}]"
normal/normal_0448_EDD.jpg,normal,0,[]
normal/normal_0449_EDD.jpg,normal,0,[]
normal/normal_0450_EDD.jpg,normal,0,[]
normal/normal_0451_EDD.jpg,normal,2,"[{'vessel_blob_score': -1.8023730403875762, 'centre': [415.0, 281.0], 'radius': 35.918785545899944, 'blob_score': 0.690048897266388, 'blob_contrast': 0.0372195839881897, 'blob_brightness': 0.9178724884986877, 'blob_response': -0.051592856645584106, 'vessel_centre': [481.0, 205.0]}, {'vessel_blob_score': -1.2031804071046928, 'centre': [411.0, 276.0], 'radius': 45.254833995939045, 'blob_score': 0.6878063261508942, 'blob_contrast': 0.039016664028167725, 'blob_brightness': 0.9124314785003662, 'blob_response': -0.050438135862350464, 'vessel_centre': [481.0, 205.0]}]"
normal/normal_0452_EDD.jpg,normal,1,"[{'vessel_blob_score': -2.5953180915641036, 'centre': [266.0, 302.0], 'radius': 35.918785545899944, 'blob_score': 0.7411664545536041, 'blob_contrast': 0.0418323278427124, 'blob_brightness': 0.9736617207527161, 'blob_response': -0.08885461091995239, 'vessel_centre': [332.0, 191.0]}]"
normal/normal_0453_EDD.jpg,normal,1,"[{'vessel_blob_score': -8.427234809925006, 'centre': [189.0, 244.0], 'radius': 35.918785545899944, 'blob_score': 0.6474328011274337, 'blob_contrast': 0.028480708599090576, 'blob_brightness': 0.8756505846977234, 'blob_response': -0.029983416199684143, 'vessel_centre': [525.0, 202.0]}]"
normal/normal_0454_EDD.jpg,normal,2,"[{'vessel_blob_score': -0.041380168934477046, 'centre': [368.0, 198.0], 'radius': 45.254833995939045, 'blob_score': 0.7307791292667388, 'blob_contrast': 0.024713337421417236, 'blob_brightness': 0.9941820502281189, 'blob_response': -0.05069178342819214, 'vessel_centre': [323.0, 212.0]}, {'vessel_blob_score': 0.2997778405107756, 'centre': [360.0, 197.0], 'radius': 57.01751796098172, 'blob_score': 0.7387743830680846, 'blob_contrast': 0.033762216567993164, 'blob_brightness': 0.9928438663482666, 'blob_response': -0.05010730028152466, 'vessel_centre': [323.0, 212.0]}]"
normal/normal_0455_EDD.jpg,normal,2,"[{'vessel_blob_score': 0.7339158380324, 'centre': [60.0, 199.0], 'radius': 45.254833995939045, 'blob_score': 0.7616018831729888, 'blob_contrast': 0.04584062099456787, 'blob_brightness': 0.9912925362586975, 'blob_response': -0.10928243398666382, 'vessel_centre': [48.0, 200.0]}, {'vessel_blob_score': 0.5831153389687087, 'centre': [71.0, 194.0], 'radius': 57.01751796098172, 'blob_score': 0.7568733453750609, 'blob_contrast': 0.043936073780059814, 'blob_brightness': 0.9862543344497681, 'blob_response': -0.11279618740081787, 'vessel_centre': [48.0, 200.0]}]"
normal/normal_0456_EDD.jpg,normal,3,"[{'vessel_blob_score': -4.557666962923195, 'centre': [282.0, 127.0], 'radius': 35.918785545899944, 'blob_score': 0.6544266164302825, 'blob_contrast': 0.028193116188049316, 'blob_brightness': 0.8887707591056824, 'blob_response': -0.020469844341278076, 'vessel_centre': [475.0, 178.0]}, {'vessel_blob_score': -6.1836262400005735, 'centre': [218.0, 155.0], 'radius': 35.918785545899944, 'blob_score': 0.6701063811779022, 'blob_contrast': 0.04523426294326782, 'blob_brightness': 0.8864312171936035, 'blob_response': -0.021851330995559692, 'vessel_centre': [475.0, 178.0]}, {'vessel_blob_score': -2.8764778888676057, 'centre': [258.0, 136.0], 'radius': 57.01751796098172, 'blob_score': 0.6854526117444039, 'blob_contrast': 0.06685644388198853, 'blob_brightness': 0.8786230087280273, 'blob_response': -0.017800308763980865, 'vessel_centre': [475.0, 178.0]}]"
normal/normal_0457_EDD.jpg,normal,2,"[{'vessel_blob_score': -2.0917765170286806, 'centre': [353.0, 171.0], 'radius': 45.254833995939045, 'blob_score': 0.7236119568347931, 'blob_contrast': 0.0419696569442749, 'blob_brightness': 0.9532340168952942, 'blob_response': -0.07189244031906128, 'vessel_centre': [492.0, 187.0]}, {'vessel_blob_score': -2.1692184071944296, 'centre': [371.0, 264.0], 'radius': 45.254833995939045, 'blob_score': 0.6990218460559844, 'blob_contrast': 0.02544844150543213, 'blob_brightness': 0.9497742056846619, 'blob_response': -0.04365730285644531, 'vessel_centre': [492.0, 187.0]}]"
normal/normal_0458_EDD.jpg,normal,0,[]
normal/normal_0459_EDD.jpg,normal,2,"[{'vessel_blob_score': -2.122655370433951, 'centre': [378.0, 271.0], 'radius': 45.254833995939045, 'blob_score': 0.7461603045463561, 'blob_contrast': 0.057049453258514404, 'blob_brightness': 0.9601278305053711, 'blob_response': -0.08510684967041016, 'vessel_centre': [499.0, 198.0]}, {'vessel_blob_score': 0.06608759360821215, 'centre': [416.0, 214.0], 'radius': 90.50966799187809, 'blob_score': 0.8071187019348144, 'blob_contrast': 0.12229514122009277, 'blob_brightness': 0.9502096176147461, 'blob_response': -0.09838414192199707, 'vessel_centre': [499.0, 198.0]}]"
normal/normal_0460_EDD.jpg,normal,5,"[{'vessel_blob_score': 0.6436951796565195, 'centre': [115.0, 197.0], 'radius': 45.254833995939045, 'blob_score': 0.7623306393623352, 'blob_contrast': 0.049721479415893555, 'blob_brightness': 0.9887969493865967, 'blob_response': -0.10225647687911987, 'vessel_centre': [99.0, 199.0]}, {'vessel_blob_score': -2.6657861750584955, 'centre': [235.0, 294.0], 'radius': 45.254833995939045, 'blob_score': 0.7619179427623748, 'blob_contrast': 0.04459965229034424, 'blob_brightness': 0.9921852946281433, 'blob_response': -0.11394292116165161, 'vessel_centre': [99.0, 199.0]}, {'vessel_blob_score': 0.6000613615347536, 'centre': [121.0, 193.0], 'radius': 57.01751796098172, 'blob_score': 0.7601162910461425, 'blob_contrast': 0.05324447154998779, 'blob_brightness': 0.9808706045150757, 'blob_response': -0.10131198167800903, 'vessel_centre': [99.0, 199.0]}, {'vessel_blob_score': -1.7730755154340394, 'centre': [229.0, 289.0], 'radius': 57.01751796098172, 'blob_score': 0.7684053003787994, 'blob_contrast': 0.05556386709213257, 'blob_brightness': 0.9854599833488464, 'blob_response': -0.11509722471237183, 'vessel_centre': [99.0, 199.0]}, {'vessel_blob_score': 0.21547561183542552, 'centre': [170.0, 198.0], 'radius': 90.50966799187809, 'blob_score': 0.8051122844219207, 'blob_contrast': 0.09332144260406494, 'blob_brightness': 0.9839925169944763, 'blob_response': -0.11498039960861206, 'vessel_centre': [99.0, 199.0]}]"
normal/normal_0461_EDD.jpg,normal,2,"[{'vessel_blob_score': 0.625, 'centre': [470.0, 220.0], 'radius': 45.254833995939045, 'blob_score': 0.7963205635547638, 'blob_contrast': 0.08836644887924194, 'blob_brightness': 0.974769651889801, 'blob_response': -0.12807679176330566, 'vessel_centre': [482.0, 232.0]}, {'vessel_blob_score': -1.049676142688948, 'centre': [375.0, 279.0], 'radius': 57.01751796098172, 'blob_score': 0.7355388283729553, 'blob_contrast': 0.03932523727416992, 'blob_brightness': 0.9698637127876282, 'blob_response': -0.0865449607372284, 'vessel_centre': [482.0, 232.0]}]"
normal/normal_0462_EDD.jpg,normal,1,"[{'vessel_blob_score': -0.4102936228638667, 'centre': [339.0, 178.0], 'radius': 57.01751796098172, 'blob_score': 0.7523069262504578, 'blob_contrast': 0.04038369655609131, 'blob_brightness': 0.9932076930999756, 'blob_response': -0.08338922262191772, 'vessel_centre': [264.0, 207.0]}]"
normal/normal_0463_EDD.jpg,normal,3,"[{'vessel_blob_score': 0.7529470577993453, 'centre': [493.0, 211.0], 'radius': 45.254833995939045, 'blob_score': 0.7492062211036682, 'blob_contrast': 0.049519479274749756, 'blob_brightness': 0.9879443645477295, 'blob_response': -0.04062843322753906, 'vessel_centre': [504.0, 213.0]}, {'vessel_blob_score': -1.1506948368492447, 'centre': [496.0, 310.0], 'radius': 45.254833995939045, 'blob_score': 0.7448774456977844, 'blob_contrast': 0.04268836975097656, 'blob_brightness': 0.9884684085845947, 'blob_response': -0.051305949687957764, 'vessel_centre': [504.0, 213.0]}, {'vessel_blob_score': -0.7302746842808465, 'centre': [486.0, 310.0], 'radius': 57.01751796098172, 'blob_score': 0.7507676064968108, 'blob_contrast': 0.05054116249084473, 'blob_brightness': 0.9858090281486511, 'blob_response': -0.050800621509552, 'vessel_centre': [504.0, 213.0]}]"
normal/normal_0464_EDD.jpg,normal,7,"[{'vessel_blob_score': -2.285306989604759, 'centre': [301.0, 103.0], 'radius': 35.918785545899944, 'blob_score': 0.7264893352985382, 'blob_contrast': 0.021124839782714844, 'blob_brightness': 0.9934195876121521, 'blob_response': -0.04985392093658447, 'vessel_centre': [335.0, 216.0]}, {'vessel_blob_score': -3.4782686440360884, 'centre': [292.0, 371.0], 'radius': 35.918785545899944, 'blob_score': 0.7201073586940765, 'blob_contrast': 0.016715288162231445, 'blob_brightness': 0.9940940141677856, 'blob_response': -0.03763130307197571, 'vessel_centre': [335.0, 216.0]}, {'vessel_blob_score': -1.401374931679766, 'centre': [316.0, 109.0], 'radius': 45.254833995939045, 'blob_score': 0.7321883797645568, 'blob_contrast': 0.02623128890991211, 'blob_brightness': 0.993721604347229, 'blob_response': -0.05175983905792236, 'vessel_centre': [335.0, 216.0]}, {'vessel_blob_score': -1.4256522962906284, 'centre': [234.0, 173.0], 'radius': 45.254833995939045, 'blob_score': 0.7283662676811218, 'blob_contrast': 0.02141261100769043, 'blob_brightness': 0.9948695302009583, 'blob_response': -0.0527249276638031, 'vessel_centre': [335.0, 216.0]}, {'vessel_blob_score': -0.5103807466993213, 'centre': [399.0, 240.0], 'radius': 45.254833995939045, 'blob_score': 0.7296372473239898, 'blob_contrast': 0.02377372980117798, 'blob_brightness': 0.994976818561554, 'blob_response': -0.046898722648620605, 'vessel_centre': [335.0, 216.0]}, {'vessel_blob_score': -1.9122921063141995, 'centre': [362.0, 345.0], 'radius': 45.254833995939045, 'blob_score': 0.7332939207553864, 'blob_contrast': 0.028058648109436035, 'blob_brightness': 0.994904637336731, 'blob_response': -0.04401013255119324, 'vessel_centre': [335.0, 216.0]}, {'vessel_blob_score': -0.7975006185412532, 'centre': [325.0, 114.0], 'radius': 57.01751796098172, 'blob_score': 0.7373709201812744, 'blob_contrast': 0.03338158130645752, 'blob_brightness': 0.9909144639968872, 'blob_response': -0.05174607038497925, 'vessel_centre': [335.0, 216.0]}]"
normal/normal_0465_EDD.jpg,normal,1,"[{'vessel_blob_score': 0.6422840070251988, 'centre': [458.0, 211.0], 'radius': 57.01751796098172, 'blob_score': 0.7994065105915069, 'blob_contrast': 0.1109803318977356, 'blob_brightness': 0.9443360567092896, 'blob_response': -0.13695469498634338, 'vessel_centre': [478.0, 215.0]}]"
normal/normal_0466_EDD.jpg,normal,0,[]
normal/normal_0467_EDD.jpg,normal,5,"[{'vessel_blob_score': -2.1038345739584767, 'centre': [347.0, 171.0], 'radius': 45.254833995939045, 'blob_score': 0.7336167812347412, 'blob_contrast': 0.022799134254455566, 'blob_brightness': 0.9949472546577454, 'blob_response': -0.07177284359931946, 'vessel_centre': [484.0, 202.0]}, {'vessel_blob_score': 0.6875, 'centre': [470.0, 204.0], 'radius': 45.254833995939045, 'blob_score': 0.7770468354225158, 'blob_contrast': 0.07399606704711914, 'blob_brightness': 0.9833982586860657, 'blob_response': -0.07335993647575378, 'vessel_centre': [484.0, 202.0]}, {'vessel_blob_score': -1.3630118296190021, 'centre': [352.0, 175.0], 'radius': 57.01751796098172, 'blob_score': 0.7402500987052917, 'blob_contrast': 0.031068623065948486, 'blob_brightness': 0.9927765727043152, 'blob_response': -0.07118937373161316, 'vessel_centre': [484.0, 202.0]}, {'vessel_blob_score': -0.7001838135919303, 'centre': [348.0, 274.0], 'radius': 90.50966799187809, 'blob_score': 0.7564144253730773, 'blob_contrast': 0.04959273338317871, 'blob_brightness': 0.986934244632721, 'blob_response': -0.07983860373497009, 'vessel_centre': [484.0, 202.0]}, {'vessel_blob_score': 0.7835490654706677, 'centre': [496.0, 104.0], 'radius': 456.14014368785377, 'blob_score': 0.6277632966637611, 'blob_contrast': 0.030651092529296875, 'blob_brightness': 0.8514853119850159, 'blob_response': -0.005362428724765778, 'vessel_centre': [484.0, 202.0]}]"
normal/normal_0468_EDD.jpg,normal,1,"[{'vessel_blob_score': -1.8805991672740587, 'centre': [381.0, 260.0], 'radius': 45.254833995939045, 'blob_score': 0.6941470086574554, 'blob_contrast': 0.03587532043457031, 'blob_brightness': 0.9258064031600952, 'blob_response': -0.05103603005409241, 'vessel_centre': [494.0, 195.0]}]"
normal/normal_0469_EDD.jpg,normal,1,"[{'vessel_blob_score': -1.0887720775424765, 'centre': [265.0, 258.0], 'radius': 57.01751796098172, 'blob_score': 0.7186247527599334, 'blob_contrast': 0.0378415584564209, 'blob_brightness': 0.9556292295455933, 'blob_response': -0.05921366810798645, 'vessel_centre': [355.0, 180.0]}]"
normal/normal_0470_EDD.jpg,normal,0,[]
normal/normal_0471_EDD.jpg,normal,3,"[{'vessel_blob_score': -2.3358783588952137, 'centre': [241.0, 185.0], 'radius': 35.918785545899944, 'blob_score': 0.7373409271240233, 'blob_contrast': 0.0328676700592041, 'blob_brightness': 0.9844405651092529, 'blob_response': -0.07682430744171143, 'vessel_centre': [122.0, 171.0]}, {'vessel_blob_score': -2.1722213480855967, 'centre': [222.0, 274.0], 'radius': 45.254833995939045, 'blob_score': 0.7290826201438902, 'blob_contrast': 0.02757704257965088, 'blob_brightness': 0.9803466200828552, 'blob_response': -0.07631471753120422, 'vessel_centre': [122.0, 171.0]}, {'vessel_blob_score': 0.7824215243494747, 'centre': [48.0, 144.0], 'radius': 362.03867196751236, 'blob_score': 0.7179959595203399, 'blob_contrast': 0.1475629210472107, 'blob_brightness': 0.8101035356521606, 'blob_response': -0.016802817583084106, 'vessel_centre': [122.0, 171.0]}]"
normal/normal_0472_EDD.jpg,normal,1,"[{'vessel_blob_score': -1.8298078556679425, 'centre': [371.0, 213.0], 'radius': 45.254833995939045, 'blob_score': 0.6856161177158355, 'blob_contrast': 0.03758484125137329, 'blob_brightness': 0.9142662286758423, 'blob_response': -0.0402245819568634, 'vessel_centre': [499.0, 217.0]}]"
normal/normal_0473_EDD.jpg,normal,0,[]
normal/normal_0474_EDD.jpg,normal,2,"[{'vessel_blob_score': -2.2663781637711313, 'centre': [221.0, 300.0], 'radius': 35.918785545899944, 'blob_score': 0.6686607897281647, 'blob_contrast': 0.046852827072143555, 'blob_brightness': 0.8748010396957397, 'blob_response': -0.04723617434501648, 'vessel_centre': [155.0, 203.0]}, {'vessel_blob_score': 0.5661222263193721, 'centre': [179.0, 197.0], 'radius': 57.01751796098172, 'blob_score': 0.8101099073886872, 'blob_contrast': 0.13695764541625977, 'blob_brightness': 0.9214982390403748, 'blob_response': -0.1405174732208252, 'vessel_centre': [155.0, 203.0]}]"
normal/normal_0475_EDD.jpg,normal,0,[]
normal/normal_0476_EDD.jpg,normal,0,[]
normal/normal_0477_EDD.jpg,normal,0,[]
normal/normal_0478_EDD.jpg,normal,2,"[{'vessel_blob_score': -1.8157099737455202, 'centre': [358.0, 185.0], 'radius': 45.254833995939045, 'blob_score': 0.743858504295349, 'blob_contrast': 0.04252809286117554, 'blob_brightness': 0.9762356281280518, 'blob_response': -0.08982735872268677, 'vessel_centre': [484.0, 204.0]}, {'vessel_blob_score': 0.5510840566702379, 'centre': [456.0, 220.0], 'radius': 71.83757109179989, 'blob_score': 0.8132374227046966, 'blob_contrast': 0.10453206300735474, 'blob_brightness': 0.9769938588142395, 'blob_response': -0.12404829263687134, 'vessel_centre': [484.0, 204.0]}]"
normal/normal_0479_EDD.jpg,normal,0,[]
normal/normal_0480_EDD.jpg,normal,2,"[{'vessel_blob_score': -2.620239626730035, 'centre': [239.0, 190.0], 'radius': 35.918785545899944, 'blob_score': 0.7375414550304412, 'blob_contrast': 0.027228057384490967, 'blob_brightness': 0.9919595122337341, 'blob_response': -0.07970869541168213, 'vessel_centre': [109.0, 187.0]}, {'vessel_blob_score': -2.205981957606748, 'centre': [222.0, 278.0], 'radius': 45.254833995939045, 'blob_score': 0.7317908585071563, 'blob_contrast': 0.023088276386260986, 'blob_brightness': 0.991901695728302, 'blob_response': -0.07185697555541992, 'vessel_centre': [109.0, 187.0]}]"
normal/normal_0481_EDD.jpg,normal,3,"[{'vessel_blob_score': -3.123133294056343, 'centre': [135.0, 225.0], 'radius': 35.918785545899944, 'blob_score': 0.7371859610080719, 'blob_contrast': 0.026243150234222412, 'blob_brightness': 0.9955269694328308, 'blob_response': -0.0703696608543396, 'vessel_centre': [282.0, 207.0]}, {'vessel_blob_score': -1.0687641615829482, 'centre': [368.0, 170.0], 'radius': 45.254833995939045, 'blob_score': 0.735907483100891, 'blob_contrast': 0.02614271640777588, 'blob_brightness': 0.9961487054824829, 'blob_response': -0.062303364276885986, 'vessel_centre': [282.0, 207.0]}, {'vessel_blob_score': -0.5385946623961877, 'centre': [362.0, 171.0], 'radius': 57.01751796098172, 'blob_score': 0.7468978226184844, 'blob_contrast': 0.03853940963745117, 'blob_brightness': 0.9941921830177307, 'blob_response': -0.06211942434310913, 'vessel_centre': [282.0, 207.0]}]"
normal/normal_0482_EDD.jpg,normal,0,[]
normal/normal_0483_EDD.jpg,normal,3,"[{'vessel_blob_score': -4.056343850487312, 'centre': [328.0, 162.0], 'radius': 35.918785545899944, 'blob_score': 0.7450208127498626, 'blob_contrast': 0.03692185878753662, 'blob_brightness': 0.9839654564857483, 'blob_response': -0.09661567211151123, 'vessel_centre': [496.0, 231.0]}, {'vessel_blob_score': -2.690808896773172, 'centre': [339.0, 174.0], 'radius': 45.254833995939045, 'blob_score': 0.7466520011425017, 'blob_contrast': 0.04154425859451294, 'blob_brightness': 0.9804945588111877, 'blob_response': -0.09380775690078735, 'vessel_centre': [496.0, 231.0]}, {'vessel_blob_score': 0.34078052782096924, 'centre': [473.0, 212.0], 'radius': 45.254833995939045, 'blob_score': 0.7828112602233886, 'blob_contrast': 0.06528335809707642, 'blob_brightness': 0.9901564121246338, 'blob_response': -0.12209206819534302, 'vessel_centre': [496.0, 231.0]}]"
normal/normal_0484_EDD.jpg,normal,0,[]
normal/normal_0485_EDD.jpg,normal,2,"[{'vessel_blob_score': -2.947182325822749, 'centre': [377.0, 187.0], 'radius': 35.918785545899944, 'blob_score': 0.6607750415802002, 'blob_contrast': 0.03200232982635498, 'blob_brightness': 0.8890900611877441, 'blob_response': -0.03204834461212158, 'vessel_centre': [503.0, 252.0]}, {'vessel_blob_score': -2.528842189403682, 'centre': [378.0, 273.0], 'radius': 35.918785545899944, 'blob_score': 0.6540124595165253, 'blob_contrast': 0.03015655279159546, 'blob_brightness': 0.8833494782447815, 'blob_response': -0.02755635976791382, 'vessel_centre': [503.0, 252.0]}]"
normal/normal_0486_EDD.jpg,normal,2,"[{'vessel_blob_score': -0.8454759165506573, 'centre': [222.0, 226.0], 'radius': 35.918785545899944, 'blob_score': 0.7148728609085082, 'blob_contrast': 0.031076908111572266, 'blob_brightness': 0.9592207670211792, 'blob_response': -0.06170707941055298, 'vessel_centre': [287.0, 213.0]}, {'vessel_blob_score': 0.8802531163525855, 'centre': [294.0, 218.0], 'radius': 71.83757109179989, 'blob_score': 0.7818550050258636, 'blob_contrast': 0.0779944658279419, 'blob_brightness': 0.9686713814735413, 'blob_response': -0.12895286083221436, 'vessel_centre': [287.0, 213.0]}]"
normal/normal_0487_EDD.jpg,normal,1,"[{'vessel_blob_score': -1.7148961639536116, 'centre': [392.0, 312.0], 'radius': 57.01751796098172, 'blob_score': 0.7447497606277466, 'blob_contrast': 0.06783396005630493, 'blob_brightness': 0.9479892253875732, 'blob_response': -0.0666167140007019, 'vessel_centre': [511.0, 213.0]}]"
normal/normal_0488_EDD.jpg,normal,1,"[{'vessel_blob_score': -1.6590977381905314, 'centre': [368.0, 184.0], 'radius': 45.254833995939045, 'blob_score': 0.7034453272819519, 'blob_contrast': 0.0344814658164978, 'blob_brightness': 0.9404335021972656, 'blob_response': -0.05330204963684082, 'vessel_centre': [488.0, 193.0]}]"
normal/normal_0489_EDD.jpg,normal,0,[]
normal/normal_0490_EDD.jpg,normal,1,"[{'vessel_blob_score': -0.7697942548758452, 'centre': [223.0, 164.0], 'radius': 35.918785545899944, 'blob_score': 0.722383439540863, 'blob_contrast': 0.016271114349365234, 'blob_brightness': 0.9894148111343384, 'blob_response': -0.06760978698730469, 'vessel_centre': [244.0, 224.0]}]"
normal/normal_0491_EDD.jpg,normal,0,[]
normal/normal_0492_EDD.jpg,normal,1,"[{'vessel_blob_score': -2.144507489813829, 'centre': [257.0, 313.0], 'radius': 35.918785545899944, 'blob_score': 0.6836820542812347, 'blob_contrast': 0.034789085388183594, 'blob_brightness': 0.917343258857727, 'blob_response': -0.03376343846321106, 'vessel_centre': [296.0, 207.0]}]"
normal/normal_0493_EDD.jpg,normal,2,"[{'vessel_blob_score': -3.244662172596664, 'centre': [379.0, 287.0], 'radius': 35.918785545899944, 'blob_score': 0.6389833480119704, 'blob_contrast': 0.02471369504928589, 'blob_brightness': 0.8697406649589539, 'blob_response': -0.027255937457084656, 'vessel_centre': [520.0, 229.0]}, {'vessel_blob_score': -2.2788681831540587, 'centre': [383.0, 286.0], 'radius': 45.254833995939045, 'blob_score': 0.6395646393299103, 'blob_contrast': 0.02976006269454956, 'blob_brightness': 0.8634343147277832, 'blob_response': -0.027002781629562378, 'vessel_centre': [520.0, 229.0]}]"
normal/normal_0494_EDD.jpg,normal,4,"[{'vessel_blob_score': -1.9845314822537454, 'centre': [318.0, 184.0], 'radius': 35.918785545899944, 'blob_score': 0.6927945613861083, 'blob_contrast': 0.03425323963165283, 'blob_brightness': 0.9258308410644531, 'blob_response': -0.052298665046691895, 'vessel_centre': [424.0, 200.0]}, {'vessel_blob_score': -5.311897173844504, 'centre': [198.0, 218.0], 'radius': 35.918785545899944, 'blob_score': 0.6631433308124542, 'blob_contrast': 0.03407174348831177, 'blob_brightness': 0.8911897540092468, 'blob_response': -0.02619379758834839, 'vessel_centre': [424.0, 200.0]}, {'vessel_blob_score': -2.8157855183029783, 'centre': [356.0, 319.0], 'radius': 35.918785545899944, 'blob_score': 0.7074869036674499, 'blob_contrast': 0.0482177734375, 'blob_brightness': 0.9252783060073853, 'blob_response': -0.05787158012390137, 'vessel_centre': [424.0, 200.0]}, {'vessel_blob_score': -1.9560583975963666, 'centre': [354.0, 314.0], 'radius': 45.254833995939045, 'blob_score': 0.7087703168392181, 'blob_contrast': 0.05437052249908447, 'blob_brightness': 0.9183233380317688, 'blob_response': -0.05786728858947754, 'vessel_centre': [424.0, 200.0]}]"
normal/normal_0495_EDD.jpg,normal,0,[]
normal/normal_0496_EDD.jpg,normal,3,"[{'vessel_blob_score': -2.2890796824313764, 'centre': [314.0, 305.0], 'radius': 35.918785545899944, 'blob_score': 0.728314995765686, 'blob_contrast': 0.04102170467376709, 'blob_brightness': 0.9617596864700317, 'blob_response': -0.07030755281448364, 'vessel_centre': [283.0, 191.0]}, {'vessel_blob_score': 0.6058719169497622, 'centre': [302.0, 203.0], 'radius': 57.01751796098172, 'blob_score': 0.7692269504070282, 'blob_contrast': 0.06347590684890747, 'blob_brightness': 0.9733045697212219, 'blob_response': -0.1221892237663269, 'vessel_centre': [283.0, 191.0]}, {'vessel_blob_score': 0.6077539206997604, 'centre': [296.0, 216.0], 'radius': 71.83757109179989, 'blob_score': 0.7672881782054901, 'blob_contrast': 0.07013261318206787, 'blob_brightness': 0.9607869982719421, 'blob_response': -0.12302333116531372, 'vessel_centre': [283.0, 191.0]}]"
normal/normal_0497_EDD.jpg,normal,2,"[{'vessel_blob_score': -2.3494433733419746, 'centre': [258.0, 304.0], 'radius': 35.918785545899944, 'blob_score': 0.7374032258987426, 'blob_contrast': 0.04324096441268921, 'blob_brightness': 0.9674866199493408, 'blob_response': -0.08460813760757446, 'vessel_centre': [313.0, 197.0]}, {'vessel_blob_score': -1.5913957689341856, 'centre': [265.0, 304.0], 'radius': 45.254833995939045, 'blob_score': 0.7429907441139221, 'blob_contrast': 0.05322617292404175, 'blob_brightness': 0.9609588384628296, 'blob_response': -0.08546692132949829, 'vessel_centre': [313.0, 197.0]}]"
normal/normal_0498_EDD.jpg,normal,0,[]
normal/normal_0499_EDD.jpg,normal,0,[]
normal/normal_0500_EDD.jpg,normal,0,[]
normal/normal_0501_EDD.jpg,normal,1,"[{'vessel_blob_score': -2.626763838921789, 'centre': [262.0, 169.0], 'radius': 35.918785545899944, 'blob_score': 0.6703853845596314, 'blob_contrast': 0.03914046287536621, 'blob_brightness': 0.8919705748558044, 'blob_response': -0.03432759642601013, 'vessel_centre': [135.0, 198.0]}]"
normal/normal_0502_EDD.jpg,normal,1,"[{'vessel_blob_score': -3.6806142516130187, 'centre': [241.0, 168.0], 'radius': 35.918785545899944, 'blob_score': 0.6029025256633758, 'blob_contrast': 0.03713482618331909, 'blob_brightness': 0.8025369644165039, 'blob_response': -0.01995912194252014, 'vessel_centre': [113.0, 277.0]}]"
normal/normal_0503_EDD.jpg,normal,0,[]
normal/normal_0504_EDD.jpg,normal,3,"[{'vessel_blob_score': -1.8828866013511525, 'centre': [358.0, 183.0], 'radius': 45.254833995939045, 'blob_score': 0.7121555149555207, 'blob_contrast': 0.060442209243774414, 'blob_brightness': 0.9130141139030457, 'blob_response': -0.06301712989807129, 'vessel_centre': [488.0, 194.0]}, {'vessel_blob_score': -1.902887840151596, 'centre': [375.0, 261.0], 'radius': 45.254833995939045, 'blob_score': 0.6603981256484984, 'blob_contrast': 0.03208523988723755, 'blob_brightness': 0.8910881876945496, 'blob_response': -0.02275577187538147, 'vessel_centre': [488.0, 194.0]}, {'vessel_blob_score': -1.9068379781559894, 'centre': [376.0, 263.0], 'radius': 45.254833995939045, 'blob_score': 0.6612768948078155, 'blob_contrast': 0.03313028812408447, 'blob_brightness': 0.8908502459526062, 'blob_response': -0.02275717258453369, 'vessel_centre': [488.0, 194.0]}]"
normal/normal_0505_EDD.jpg,normal,1,"[{'vessel_blob_score': -5.620465724271217, 'centre': [240.0, 191.0], 'radius': 45.254833995939045, 'blob_score': 0.6366905182600021, 'blob_contrast': 0.02749013900756836, 'blob_brightness': 0.8660544753074646, 'blob_response': -0.014811232686042786, 'vessel_centre': [538.0, 222.0]}]"
normal/normal_0506_EDD.jpg,normal,0,[]
normal/normal_0507_EDD.jpg,normal,0,[]
normal/normal_0508_EDD.jpg,normal,1,"[{'vessel_blob_score': -2.125717906604738, 'centre': [357.0, 175.0], 'radius': 35.918785545899944, 'blob_score': 0.6250443100929259, 'blob_contrast': 0.028698980808258057, 'blob_brightness': 0.8454052209854126, 'blob_response': -0.022808372974395752, 'vessel_centre': [464.0, 209.0]}]"
normal/normal_0509_EDD.jpg,normal,0,[]
normal/normal_0510_EDD.jpg,normal,0,[]
normal/normal_0511_EDD.jpg,normal,1,"[{'vessel_blob_score': 0.08111139412325186, 'centre': [319.0, 190.0], 'radius': 57.01751796098172, 'blob_score': 0.7363254070281982, 'blob_contrast': 0.032052695751190186, 'blob_brightness': 0.993434727191925, 'blob_response': -0.04434201121330261, 'vessel_centre': [271.0, 211.0]}]"
normal/normal_0512_EDD.jpg,normal,1,"[{'vessel_blob_score': 0.6947041517949544, 'centre': [98.0, 200.0], 'radius': 71.83757109179989, 'blob_score': 0.7608732879161834, 'blob_contrast': 0.04996812343597412, 'blob_brightness': 0.9801726937294006, 'blob_response': -0.12392139434814453, 'vessel_centre': [82.0, 185.0]}]"
normal/normal_0513_EDD.jpg,normal,0,[]
normal/normal_0514_EDD.jpg,normal,5,"[{'vessel_blob_score': -2.2521092429947838, 'centre': [295.0, 121.0], 'radius': 35.918785545899944, 'blob_score': 0.7208005011081695, 'blob_contrast': 0.02027761936187744, 'blob_brightness': 0.99326092004776, 'blob_response': -0.026201188564300537, 'vessel_centre': [253.0, 230.0]}, {'vessel_blob_score': -2.1151611655301985, 'centre': [299.0, 332.0], 'radius': 35.918785545899944, 'blob_score': 0.7343949258327483, 'blob_contrast': 0.027706801891326904, 'blob_brightness': 0.9945845007896423, 'blob_response': -0.052394866943359375, 'vessel_centre': [253.0, 230.0]}, {'vessel_blob_score': -0.49259033725041834, 'centre': [354.0, 194.0], 'radius': 71.83757109179989, 'blob_score': 0.762697398662567, 'blob_contrast': 0.05348926782608032, 'blob_brightness': 0.9950515031814575, 'blob_response': -0.06336039304733276, 'vessel_centre': [253.0, 230.0]}, {'vessel_blob_score': 0.0034587162628398893, 'centre': [190.0, 196.0], 'radius': 71.83757109179989, 'blob_score': 0.7461937189102172, 'blob_contrast': 0.04075419902801514, 'blob_brightness': 0.9937087893486023, 'blob_response': -0.04921683669090271, 'vessel_centre': [253.0, 230.0]}, {'vessel_blob_score': -0.08663983582993118, 'centre': [346.0, 198.0], 'radius': 90.50966799187809, 'blob_score': 0.7812697052955627, 'blob_contrast': 0.07514280080795288, 'blob_brightness': 0.9906027317047119, 'blob_response': -0.06352496147155762, 'vessel_centre': [253.0, 230.0]}]"
normal/normal_0515_EDD.jpg,normal,0,[]
normal/normal_0516_EDD.jpg,normal,0,[]
normal/normal_0517_EDD.jpg,normal,0,[]
normal/normal_0518_EDD.jpg,normal,1,"[{'vessel_blob_score': -1.6797918844907165, 'centre': [267.0, 290.0], 'radius': 35.918785545899944, 'blob_score': 0.6870096564292908, 'blob_contrast': 0.03900498151779175, 'blob_brightness': 0.9143292903900146, 'blob_response': -0.03987085819244385, 'vessel_centre': [314.0, 206.0]}]"
normal/normal_0519_EDD.jpg,normal,0,[]
normal/normal_0520_EDD.jpg,normal,2,"[{'vessel_blob_score': -3.6316727052435356, 'centre': [229.0, 274.0], 'radius': 35.918785545899944, 'blob_score': 0.6791555225849151, 'blob_contrast': 0.034026265144348145, 'blob_brightness': 0.9104657769203186, 'blob_response': -0.03901606798171997, 'vessel_centre': [80.0, 200.0]}, {'vessel_blob_score': -2.478519463255883, 'centre': [221.0, 270.0], 'radius': 45.254833995939045, 'blob_score': 0.6816368818283081, 'blob_contrast': 0.03866243362426758, 'blob_brightness': 0.9073687195777893, 'blob_response': -0.039081722497940063, 'vessel_centre': [80.0, 200.0]}]"
normal/normal_0521_EDD.jpg,normal,0,[]
normal/normal_0522_EDD.jpg,normal,0,[]
normal/normal_0523_EDD.jpg,normal,6,"[{'vessel_blob_score': -2.06090519699647, 'centre': [346.0, 179.0], 'radius': 45.254833995939045, 'blob_score': 0.7529994189739228, 'blob_contrast': 0.04182398319244385, 'blob_brightness': 0.9882600903511047, 'blob_response': -0.09696686267852783, 'vessel_centre': [484.0, 191.0]}, {'vessel_blob_score': 0.46554276948477913, 'centre': [463.0, 203.0], 'radius': 45.254833995939045, 'blob_score': 0.7991695940494536, 'blob_contrast': 0.0866461992263794, 'blob_brightness': 0.9873444437980652, 'blob_response': -0.10691142082214355, 'vessel_centre': [484.0, 191.0]}, {'vessel_blob_score': -2.317802359996749, 'centre': [372.0, 291.0], 'radius': 45.254833995939045, 'blob_score': 0.7353261649608612, 'blob_contrast': 0.028862595558166504, 'blob_brightness': 0.9860566258430481, 'blob_response': -0.08111965656280518, 'vessel_centre': [484.0, 191.0]}, {'vessel_blob_score': -1.214296892107634, 'centre': [358.0, 183.0], 'radius': 57.01751796098172, 'blob_score': 0.7580370783805847, 'blob_contrast': 0.04880046844482422, 'blob_brightness': 0.985650897026062, 'blob_response': -0.09640491008758545, 'vessel_centre': [484.0, 191.0]}, {'vessel_blob_score': 0.44956022683366115, 'centre': [455.0, 203.0], 'radius': 57.01751796098172, 'blob_score': 0.7915317714214325, 'blob_contrast': 0.08621197938919067, 'blob_brightness': 0.9764948487281799, 'blob_response': -0.10886698961257935, 'vessel_centre': [484.0, 191.0]}, {'vessel_blob_score': 0.11301456378218944, 'centre': [406.0, 210.0], 'radius': 90.50966799187809, 'blob_score': 0.8355799973011017, 'blob_contrast': 0.12284606695175171, 'blob_brightness': 0.9828044772148132, 'blob_response': -0.12385398149490356, 'vessel_centre': [484.0, 191.0]}]"
normal/normal_0524_EDD.jpg,normal,2,"[{'vessel_blob_score': -1.9627406284131586, 'centre': [400.0, 169.0], 'radius': 45.254833995939045, 'blob_score': 0.6879878014326095, 'blob_contrast': 0.028662025928497314, 'blob_brightness': 0.9313229918479919, 'blob_response': -0.036998406052589417, 'vessel_centre': [524.0, 220.0]}, {'vessel_blob_score': -4.187148754991486, 'centre': [232.0, 173.0], 'radius': 57.01751796098172, 'blob_score': 0.7121785253286361, 'blob_contrast': 0.049137890338897705, 'blob_brightness': 0.9325197339057922, 'blob_response': -0.051384106278419495, 'vessel_centre': [524.0, 220.0]}]"
normal/normal_0525_EDD.jpg,normal,3,"[{'vessel_blob_score': -0.45332120090322614, 'centre': [337.0, 228.0], 'radius': 35.918785545899944, 'blob_score': 0.7305151164531708, 'blob_contrast': 0.023554205894470215, 'blob_brightness': 0.9896798729896545, 'blob_response': -0.07092499732971191, 'vessel_centre': [319.0, 179.0]}, {'vessel_blob_score': -2.748153455977028, 'centre': [236.0, 285.0], 'radius': 35.918785545899944, 'blob_score': 0.7462353706359863, 'blob_contrast': 0.03890115022659302, 'blob_brightness': 0.9845266342163086, 'blob_response': -0.09082788228988647, 'vessel_centre': [319.0, 179.0]}, {'vessel_blob_score': -1.7085837223999554, 'centre': [238.0, 271.0], 'radius': 45.254833995939045, 'blob_score': 0.7441040992736816, 'blob_contrast': 0.03795105218887329, 'blob_brightness': 0.9843747615814209, 'blob_response': -0.0854535698890686, 'vessel_centre': [319.0, 179.0]}]"
normal/normal_0526_EDD.jpg,normal,1,"[{'vessel_blob_score': -1.744490219057084, 'centre': [214.0, 252.0], 'radius': 45.254833995939045, 'blob_score': 0.6669123888015747, 'blob_contrast': 0.039118170738220215, 'blob_brightness': 0.8871111273765564, 'blob_response': -0.03408214449882507, 'vessel_centre': [115.0, 177.0]}]"
normal/normal_0527_EDD.jpg,normal,0,[]
normal/normal_0528_EDD.jpg,normal,1,"[{'vessel_blob_score': -1.5693505988868082, 'centre': [222.0, 312.0], 'radius': 45.254833995939045, 'blob_score': 0.7011509001255035, 'blob_contrast': 0.05902576446533203, 'blob_brightness': 0.8994411826133728, 'blob_response': -0.06258153915405273, 'vessel_centre': [146.0, 224.0]}]"
normal/normal_0529_EDD.jpg,normal,0,[]
normal/normal_0530_EDD.jpg,normal,4,"[{'vessel_blob_score': -4.0990850266992425, 'centre': [294.0, 335.0], 'radius': 35.918785545899944, 'blob_score': 0.6570526152849196, 'blob_contrast': 0.0357213020324707, 'blob_brightness': 0.8770632147789001, 'blob_response': -0.036935314536094666, 'vessel_centre': [425.0, 207.0]}, {'vessel_blob_score': -1.812586804216005, 'centre': [345.0, 306.0], 'radius': 45.254833995939045, 'blob_score': 0.6622003734111785, 'blob_contrast': 0.03681635856628418, 'blob_brightness': 0.8838189840316772, 'blob_response': -0.033553630113601685, 'vessel_centre': [425.0, 207.0]}, {'vessel_blob_score': -2.890907369271337, 'centre': [302.0, 333.0], 'radius': 45.254833995939045, 'blob_score': 0.6645957469940186, 'blob_contrast': 0.04549241065979004, 'blob_brightness': 0.8737540245056152, 'blob_response': -0.03737759590148926, 'vessel_centre': [425.0, 207.0]}, {'vessel_blob_score': -1.818459879468156, 'centre': [317.0, 326.0], 'radius': 57.01751796098172, 'blob_score': 0.6785726994276047, 'blob_contrast': 0.06199902296066284, 'blob_brightness': 0.8702005743980408, 'blob_response': -0.03716637194156647, 'vessel_centre': [425.0, 207.0]}]"
normal/normal_0531_EDD.jpg,normal,2,"[{'vessel_blob_score': -0.8224422235145608, 'centre': [319.0, 184.0], 'radius': 35.918785545899944, 'blob_score': 0.7298504948616028, 'blob_contrast': 0.022677063941955566, 'blob_brightness': 0.9932899475097656, 'blob_response': -0.059352338314056396, 'vessel_centre': [257.0, 163.0]}, {'vessel_blob_score': -3.359963602709678, 'centre': [302.0, 313.0], 'radius': 35.918785545899944, 'blob_score': 0.7167674005031586, 'blob_contrast': 0.017901301383972168, 'blob_brightness': 0.989536702632904, 'blob_response': -0.030952036380767822, 'vessel_centre': [257.0, 163.0]}]"
normal/normal_0532_EDD.jpg,normal,0,[]
normal/normal_0533_EDD.jpg,normal,2,"[{'vessel_blob_score': -2.5331227018519638, 'centre': [385.0, 242.0], 'radius': 35.918785545899944, 'blob_score': 0.6601190149784087, 'blob_contrast': 0.035447120666503906, 'blob_brightness': 0.8830486536026001, 'blob_response': -0.032689183950424194, 'vessel_centre': [509.0, 215.0]}, {'vessel_blob_score': -3.5571049215813275, 'centre': [362.0, 287.0], 'radius': 35.918785545899944, 'blob_score': 0.65208041369915, 'blob_contrast': 0.03500807285308838, 'blob_brightness': 0.872906506061554, 'blob_response': -0.03018893301486969, 'vessel_centre': [509.0, 215.0]}]"
normal/normal_0534_EDD.jpg,normal,0,[]
normal/normal_0535_EDD.jpg,normal,1,"[{'vessel_blob_score': -2.39084152569694, 'centre': [390.0, 275.0], 'radius': 35.918785545899944, 'blob_score': 0.6354435741901397, 'blob_contrast': 0.03010690212249756, 'blob_brightness': 0.8567578196525574, 'blob_response': -0.028030991554260254, 'vessel_centre': [493.0, 210.0]}]"
normal/normal_0536_EDD.jpg,normal,0,[]
normal/normal_0537_EDD.jpg,normal,1,"[{'vessel_blob_score': -2.8827386474856187, 'centre': [267.0, 148.0], 'radius': 35.918785545899944, 'blob_score': 0.6502691805362701, 'blob_contrast': 0.050847768783569336, 'blob_brightness': 0.8486998081207275, 'blob_response': -0.02665773034095764, 'vessel_centre': [138.0, 201.0]}]"
normal/normal_0538_EDD.jpg,normal,0,[]
normal/normal_0539_EDD.jpg,normal,1,"[{'vessel_blob_score': 0.5210124654103421, 'centre': [296.0, 218.0], 'radius': 71.83757109179989, 'blob_score': 0.78826145529747, 'blob_contrast': 0.11637097597122192, 'blob_brightness': 0.9235419034957886, 'blob_response': -0.12705573439598083, 'vessel_centre': [276.0, 190.0]}]"
normal/normal_0540_EDD.jpg,normal,2,"[{'vessel_blob_score': -1.4942268905952618, 'centre': [393.0, 265.0], 'radius': 57.01751796098172, 'blob_score': 0.6982705593109131, 'blob_contrast': 0.06755006313323975, 'blob_brightness': 0.8866724371910095, 'blob_response': -0.050248950719833374, 'vessel_centre': [497.0, 168.0]}, {'vessel_blob_score': -0.8831537116932366, 'centre': [396.0, 258.0], 'radius': 71.83757109179989, 'blob_score': 0.7078077733516692, 'blob_contrast': 0.08474332094192505, 'blob_brightness': 0.87566739320755, 'blob_response': -0.05048638582229614, 'vessel_centre': [497.0, 168.0]}]"
normal/normal_0541_EDD.jpg,normal,0,[]
normal/normal_0542_EDD.jpg,normal,1,"[{'vessel_blob_score': -4.104447940994503, 'centre': [229.0, 296.0], 'radius': 57.01751796098172, 'blob_score': 0.6389311462640762, 'blob_contrast': 0.04603511095046997, 'blob_brightness': 0.8376958966255188, 'blob_response': -0.032544538378715515, 'vessel_centre': [514.0, 237.0]}]"
normal/normal_0543_EDD.jpg,normal,2,"[{'vessel_blob_score': -1.1175322696261838, 'centre': [311.0, 288.0], 'radius': 35.918785545899944, 'blob_score': 0.7017840981483459, 'blob_contrast': 0.03565680980682373, 'blob_brightness': 0.9398093223571777, 'blob_response': -0.041303813457489014, 'vessel_centre': [308.0, 212.0]}, {'vessel_blob_score': -2.1193881491414754, 'centre': [235.0, 297.0], 'radius': 35.918785545899944, 'blob_score': 0.7208802223205566, 'blob_contrast': 0.04530817270278931, 'blob_brightness': 0.9445030093193054, 'blob_response': -0.0720997154712677, 'vessel_centre': [308.0, 212.0]}]"
normal/normal_0544_EDD.jpg,normal,3,"[{'vessel_blob_score': -2.5121093769826714, 'centre': [386.0, 189.0], 'radius': 35.918785545899944, 'blob_score': 0.7079098701477051, 'blob_contrast': 0.0451778769493103, 'blob_brightness': 0.9278374910354614, 'blob_response': -0.06622874736785889, 'vessel_centre': [481.0, 272.0]}, {'vessel_blob_score': -1.396795549530664, 'centre': [378.0, 306.0], 'radius': 45.254833995939045, 'blob_score': 0.7127949476242065, 'blob_contrast': 0.04774266481399536, 'blob_brightness': 0.9315245747566223, 'blob_response': -0.06492540240287781, 'vessel_centre': [481.0, 272.0]}, {'vessel_blob_score': 0.4267710142490797, 'centre': [424.0, 240.0], 'radius': 114.03503592196344, 'blob_score': 0.7509781807661057, 'blob_contrast': 0.12363725900650024, 'blob_brightness': 0.8826281428337097, 'blob_response': -0.04750610888004303, 'vessel_centre': [481.0, 272.0]}]"
normal/normal_0545_EDD.jpg,normal,1,"[{'vessel_blob_score': -2.7531132465871644, 'centre': [205.0, 249.0], 'radius': 35.918785545899944, 'blob_score': 0.694057548046112, 'blob_contrast': 0.030440986156463623, 'blob_brightness': 0.9339380860328674, 'blob_response': -0.04929950833320618, 'vessel_centre': [98.0, 167.0]}]"
normal/normal_0546_EDD.jpg,normal,0,[]
normal/normal_0547_EDD.jpg,normal,0,[]
normal/normal_0548_EDD.jpg,normal,0,[]
normal/normal_0549_EDD.jpg,normal,3,"[{'vessel_blob_score': -3.4667440033607564, 'centre': [356.0, 174.0], 'radius': 35.918785545899944, 'blob_score': 0.7139461517333984, 'blob_contrast': 0.03640478849411011, 'blob_brightness': 0.9521622061729431, 'blob_response': -0.05513909459114075, 'vessel_centre': [510.0, 219.0]}, {'vessel_blob_score': -2.946102156992202, 'centre': [377.0, 268.0], 'radius': 35.918785545899944, 'blob_score': 0.7077156364917755, 'blob_contrast': 0.02277618646621704, 'blob_brightness': 0.9606682658195496, 'blob_response': -0.062358319759368896, 'vessel_centre': [510.0, 219.0]}, {'vessel_blob_score': -2.258477525049083, 'centre': [367.0, 183.0], 'radius': 45.254833995939045, 'blob_score': 0.7242990255355835, 'blob_contrast': 0.04556697607040405, 'blob_brightness': 0.9530706405639648, 'blob_response': -0.057913005352020264, 'vessel_centre': [510.0, 219.0]}]"
normal/normal_0550_EDD.jpg,normal,1,"[{'vessel_blob_score': -2.279521642804095, 'centre': [250.0, 289.0], 'radius': 35.918785545899944, 'blob_score': 0.684415090084076, 'blob_contrast': 0.029154419898986816, 'blob_brightness': 0.9253731369972229, 'blob_response': -0.037497371435165405, 'vessel_centre': [340.0, 213.0]}]"
normal/normal_0551_EDD.jpg,normal,0,[]
normal/normal_0552_EDD.jpg,normal,5,"[{'vessel_blob_score': -1.803202676673691, 'centre': [157.0, 140.0], 'radius': 35.918785545899944, 'blob_score': 0.7270666778087616, 'blob_contrast': 0.025992631912231445, 'blob_brightness': 0.9862682223320007, 'blob_response': -0.05343145132064819, 'vessel_centre': [100.0, 223.0]}, {'vessel_blob_score': 0.31238827551962756, 'centre': [109.0, 200.0], 'radius': 35.918785545899944, 'blob_score': 0.7564071893692016, 'blob_contrast': 0.04494118690490723, 'blob_brightness': 0.9898414611816406, 'blob_response': -0.09288489818572998, 'vessel_centre': [100.0, 223.0]}, {'vessel_blob_score': -1.7381608056328788, 'centre': [193.0, 255.0], 'radius': 35.918785545899944, 'blob_score': 0.7219233334064483, 'blob_contrast': 0.017098844051361084, 'blob_brightness': 0.9909464716911316, 'blob_response': -0.05580979585647583, 'vessel_centre': [100.0, 223.0]}, {'vessel_blob_score': -1.7642563703915015, 'centre': [205.0, 155.0], 'radius': 45.254833995939045, 'blob_score': 0.7303760945796965, 'blob_contrast': 0.02268075942993164, 'blob_brightness': 0.9883419871330261, 'blob_response': -0.07927972078323364, 'vessel_centre': [100.0, 223.0]}, {'vessel_blob_score': 0.4912868563718842, 'centre': [113.0, 204.0], 'radius': 45.254833995939045, 'blob_score': 0.7486898899078369, 'blob_contrast': 0.04125368595123291, 'blob_brightness': 0.9839216470718384, 'blob_response': -0.0934552550315857, 'vessel_centre': [100.0, 223.0]}]"
normal/normal_0553_EDD.jpg,normal,1,"[{'vessel_blob_score': -1.4600320755022684, 'centre': [380.0, 305.0], 'radius': 45.254833995939045, 'blob_score': 0.734963434934616, 'blob_contrast': 0.049529314041137695, 'blob_brightness': 0.9583091139793396, 'blob_response': -0.07308870553970337, 'vessel_centre': [417.0, 200.0]}]"
normal/normal_0554_EDD.jpg,normal,1,"[{'vessel_blob_score': -0.8277912704804091, 'centre': [193.0, 316.0], 'radius': 57.01751796098172, 'blob_score': 0.7181065797805786, 'blob_contrast': 0.046032488346099854, 'blob_brightness': 0.9420136213302612, 'blob_response': -0.06332278251647949, 'vessel_centre': [148.0, 222.0]}]"
normal/normal_0555_EDD.jpg,normal,1,"[{'vessel_blob_score': -0.8107992014625527, 'centre': [273.0, 333.0], 'radius': 57.01751796098172, 'blob_score': 0.7457526504993438, 'blob_contrast': 0.06294840574264526, 'blob_brightness': 0.9533534049987793, 'blob_response': -0.0772843062877655, 'vessel_centre': [257.0, 231.0]}]"
normal/normal_0556_EDD.jpg,normal,3,"[{'vessel_blob_score': 0.6875, 'centre': [293.0, 229.0], 'radius': 45.254833995939045, 'blob_score': 0.7579290866851807, 'blob_contrast': 0.04811519384384155, 'blob_brightness': 0.9828274250030518, 'blob_response': -0.1091734766960144, 'vessel_centre': [303.0, 219.0]}, {'vessel_blob_score': -1.4630075619047536, 'centre': [285.0, 329.0], 'radius': 45.254833995939045, 'blob_score': 0.7461685955524444, 'blob_contrast': 0.052593231201171875, 'blob_brightness': 0.9677631258964539, 'blob_response': -0.08070588111877441, 'vessel_centre': [303.0, 219.0]}, {'vessel_blob_score': -0.8730067252638338, 'centre': [290.0, 325.0], 'radius': 57.01751796098172, 'blob_score': 0.7490031003952026, 'blob_contrast': 0.06173062324523926, 'blob_brightness': 0.958597719669342, 'blob_response': -0.08127036690711975, 'vessel_centre': [303.0, 219.0]}]"
normal/normal_0557_EDD.jpg,normal,1,"[{'vessel_blob_score': -2.1724832129160143, 'centre': [245.0, 285.0], 'radius': 35.918785545899944, 'blob_score': 0.716568112373352, 'blob_contrast': 0.036864399909973145, 'blob_brightness': 0.9507438540458679, 'blob_response': -0.07091507315635681, 'vessel_centre': [322.0, 201.0]}]"
normal/normal_0558_EDD.jpg,normal,1,"[{'vessel_blob_score': -2.302132803847006, 'centre': [370.0, 201.0], 'radius': 35.918785545899944, 'blob_score': 0.6984647750854491, 'blob_contrast': 0.03397953510284424, 'blob_brightness': 0.9362137913703918, 'blob_response': -0.04567793011665344, 'vessel_centre': [488.0, 189.0]}]"
normal/normal_0559_EDD.jpg,normal,0,[]
normal/normal_0560_EDD.jpg,normal,0,[]
normal/normal_0561_EDD.jpg,normal,1,"[{'vessel_blob_score': -2.118145513491187, 'centre': [215.0, 188.0], 'radius': 35.918785545899944, 'blob_score': 0.7004256784915923, 'blob_contrast': 0.030002474784851074, 'blob_brightness': 0.9431328773498535, 'blob_response': -0.05115094780921936, 'vessel_centre': [103.0, 188.0]}]"
normal/normal_0562_EDD.jpg,normal,1,"[{'vessel_blob_score': -2.4778451577648686, 'centre': [272.0, 302.0], 'radius': 35.918785545899944, 'blob_score': 0.7325198233127593, 'blob_contrast': 0.030556678771972656, 'blob_brightness': 0.9803486466407776, 'blob_response': -0.07859545946121216, 'vessel_centre': [231.0, 184.0]}]"
normal/normal_0563_EDD.jpg,normal,2,"[{'vessel_blob_score': -2.09381436097473, 'centre': [300.0, 185.0], 'radius': 35.918785545899944, 'blob_score': 0.738249272108078, 'blob_contrast': 0.04701948165893555, 'blob_brightness': 0.9622463583946228, 'blob_response': -0.08828669786453247, 'vessel_centre': [407.0, 215.0]}, {'vessel_blob_score': 0.38982424406979266, 'centre': [352.0, 220.0], 'radius': 90.50966799187809, 'blob_score': 0.7746221542358398, 'blob_contrast': 0.10804218053817749, 'blob_brightness': 0.9271455407142639, 'blob_response': -0.08789047598838806, 'vessel_centre': [407.0, 215.0]}]"
normal/normal_0564_EDD.jpg,normal,1,"[{'vessel_blob_score': 0.8177827532860844, 'centre': [250.0, 232.0], 'radius': 45.254833995939045, 'blob_score': 0.7342205345630646, 'blob_contrast': 0.03625911474227905, 'blob_brightness': 0.9685793519020081, 'blob_response': -0.09977936744689941, 'vessel_centre': [248.0, 224.0]}]"
normal/normal_0565_EDD.jpg,normal,2,"[{'vessel_blob_score': -1.6164294611168097, 'centre': [271.0, 177.0], 'radius': 45.254833995939045, 'blob_score': 0.7398357808589935, 'blob_contrast': 0.05235016345977783, 'blob_brightness': 0.955617368221283, 'blob_response': -0.09276729822158813, 'vessel_centre': [157.0, 209.0]}, {'vessel_blob_score': 0.3487916879945404, 'centre': [214.0, 224.0], 'radius': 90.50966799187809, 'blob_score': 0.7631375014781951, 'blob_contrast': 0.09234148263931274, 'blob_brightness': 0.9344862699508667, 'blob_response': -0.08327814936637878, 'vessel_centre': [157.0, 209.0]}]"
normal/normal_0566_EDD.jpg,normal,0,[]
normal/normal_0567_EDD.jpg,normal,0,[]
normal/normal_0568_EDD.jpg,normal,0,[]
normal/normal_0569_EDD.jpg,normal,5,"[{'vessel_blob_score': -2.5858197864053896, 'centre': [214.0, 228.0], 'radius': 35.918785545899944, 'blob_score': 0.7327089846134185, 'blob_contrast': 0.024210035800933838, 'blob_brightness': 0.993238627910614, 'blob_response': -0.06615954637527466, 'vessel_centre': [99.0, 170.0]}, {'vessel_blob_score': -4.435691514134144, 'centre': [233.0, 312.0], 'radius': 35.918785545899944, 'blob_score': 0.7375970542430876, 'blob_contrast': 0.028110265731811523, 'blob_brightness': 0.988368809223175, 'blob_response': -0.08814311027526855, 'vessel_centre': [99.0, 170.0]}, {'vessel_blob_score': 0.7823689331689981, 'centre': [108.0, 174.0], 'radius': 45.254833995939045, 'blob_score': 0.7729939699172974, 'blob_contrast': 0.0617179274559021, 'blob_brightness': 0.9874123334884644, 'blob_response': -0.10043704509735107, 'vessel_centre': [99.0, 170.0]}, {'vessel_blob_score': -3.156719898249099, 'centre': [230.0, 305.0], 'radius': 45.254833995939045, 'blob_score': 0.7479396939277648, 'blob_contrast': 0.03989267349243164, 'blob_brightness': 0.9871058464050293, 'blob_response': -0.08536463975906372, 'vessel_centre': [99.0, 170.0]}, {'vessel_blob_score': 0.7123477125384443, 'centre': [109.0, 183.0], 'radius': 57.01751796098172, 'blob_score': 0.764115959405899, 'blob_contrast': 0.06025421619415283, 'blob_brightness': 0.9769490361213684, 'blob_response': -0.09998708963394165, 'vessel_centre': [99.0, 170.0]}]"
normal/normal_0570_EDD.jpg,normal,1,"[{'vessel_blob_score': -2.217003382744499, 'centre': [390.0, 258.0], 'radius': 35.918785545899944, 'blob_score': 0.6770002245903015, 'blob_contrast': 0.03450745344161987, 'blob_brightness': 0.9079539775848389, 'blob_response': -0.03462493419647217, 'vessel_centre': [496.0, 212.0]}]"
normal/normal_0571_EDD.jpg,normal,0,[]
normal/normal_0572_EDD.jpg,normal,0,[]
normal/normal_0573_EDD.jpg,normal,3,"[{'vessel_blob_score': -0.9615267817226218, 'centre': [328.0, 183.0], 'radius': 35.918785545899944, 'blob_score': 0.7190415561199187, 'blob_contrast': 0.013942837715148926, 'blob_brightness': 0.9924142956733704, 'blob_response': -0.05204355716705322, 'vessel_centre': [270.0, 223.0]}, {'vessel_blob_score': -0.8950012720777012, 'centre': [203.0, 211.0], 'radius': 35.918785545899944, 'blob_score': 0.7247483015060424, 'blob_contrast': 0.016108810901641846, 'blob_brightness': 0.9941859245300293, 'blob_response': -0.06354671716690063, 'vessel_centre': [270.0, 223.0]}, {'vessel_blob_score': -0.3613513224903566, 'centre': [318.0, 284.0], 'radius': 57.01751796098172, 'blob_score': 0.7431299567222596, 'blob_contrast': 0.0329933762550354, 'blob_brightness': 0.9922081232070923, 'blob_response': -0.07795447111129761, 'vessel_centre': [270.0, 223.0]}]"
normal/normal_0574_EDD.jpg,normal,2,"[{'vessel_blob_score': -3.1656809560818857, 'centre': [190.0, 288.0], 'radius': 35.918785545899944, 'blob_score': 0.6573701083660125, 'blob_contrast': 0.022312641143798828, 'blob_brightness': 0.9022365212440491, 'blob_response': -0.017459511756896973, 'vessel_centre': [98.0, 170.0]}, {'vessel_blob_score': -2.28184518411518, 'centre': [201.0, 277.0], 'radius': 45.254833995939045, 'blob_score': 0.6669461160898208, 'blob_contrast': 0.030775249004364014, 'blob_brightness': 0.9037301540374756, 'blob_response': -0.01779879629611969, 'vessel_centre': [98.0, 170.0]}]"
normal/normal_0575_EDD.jpg,normal,0,[]
normal/normal_0576_EDD.jpg,normal,1,"[{'vessel_blob_score': -2.732403971668498, 'centre': [194.0, 269.0], 'radius': 35.918785545899944, 'blob_score': 0.7265465319156647, 'blob_contrast': 0.01786714792251587, 'blob_brightness': 0.9923233389854431, 'blob_response': -0.07026523351669312, 'vessel_centre': [92.0, 182.0]}]"
normal/normal_0577_EDD.jpg,normal,3,"[{'vessel_blob_score': -1.921139461323094, 'centre': [420.0, 205.0], 'radius': 35.918785545899944, 'blob_score': 0.6562155902385711, 'blob_contrast': 0.019731462001800537, 'blob_brightness': 0.9015582799911499, 'blob_response': -0.02696666121482849, 'vessel_centre': [523.0, 225.0]}, {'vessel_blob_score': -2.447499660079751, 'centre': [377.0, 170.0], 'radius': 45.254833995939045, 'blob_score': 0.6658398658037186, 'blob_contrast': 0.03565526008605957, 'blob_brightness': 0.8895382881164551, 'blob_response': -0.03753902018070221, 'vessel_centre': [523.0, 225.0]}, {'vessel_blob_score': -1.54597934234148, 'centre': [386.0, 177.0], 'radius': 57.01751796098172, 'blob_score': 0.6706126898527145, 'blob_contrast': 0.0431133508682251, 'blob_brightness': 0.8859311938285828, 'blob_response': -0.03673751652240753, 'vessel_centre': [523.0, 225.0]}]"
normal/normal_0578_EDD.jpg,normal,0,[]
normal/normal_0579_EDD.jpg,normal,1,"[{'vessel_blob_score': -0.8915213856279021, 'centre': [450.0, 163.0], 'radius': 35.918785545899944, 'blob_score': 0.7346565425395964, 'blob_contrast': 0.027797222137451172, 'blob_brightness': 0.9919982552528381, 'blob_response': -0.06230270862579346, 'vessel_centre': [496.0, 213.0]}]"
normal/normal_0580_EDD.jpg,normal,0,[]
normal/normal_0581_EDD.jpg,normal,4,"[{'vessel_blob_score': -2.127264804305833, 'centre': [263.0, 165.0], 'radius': 45.254833995939045, 'blob_score': 0.7562445044517516, 'blob_contrast': 0.04039102792739868, 'blob_brightness': 0.9932776689529419, 'blob_response': -0.1027955412864685, 'vessel_centre': [140.0, 235.0]}, {'vessel_blob_score': -0.07914354061450046, 'centre': [149.0, 187.0], 'radius': 45.254833995939045, 'blob_score': 0.7642353892326355, 'blob_contrast': 0.052783191204071045, 'blob_brightness': 0.985636830329895, 'blob_response': -0.1075320839881897, 'vessel_centre': [140.0, 235.0]}, {'vessel_blob_score': -1.275034340400162, 'centre': [230.0, 285.0], 'radius': 45.254833995939045, 'blob_score': 0.7365183055400848, 'blob_contrast': 0.023197531700134277, 'blob_brightness': 0.9919824004173279, 'blob_response': -0.09466546773910522, 'vessel_centre': [140.0, 235.0]}, {'vessel_blob_score': -0.6936205403613322, 'centre': [222.0, 286.0], 'radius': 57.01751796098172, 'blob_score': 0.745859670639038, 'blob_contrast': 0.03587687015533447, 'blob_brightness': 0.9876229763031006, 'blob_response': -0.09323358535766602, 'vessel_centre': [140.0, 235.0]}]"
normal/normal_0582_EDD.jpg,normal,2,"[{'vessel_blob_score': 0.607827899658842, 'centre': [463.0, 198.0], 'radius': 57.01751796098172, 'blob_score': 0.8024503707885742, 'blob_contrast': 0.09824448823928833, 'blob_brightness': 0.9706939458847046, 'blob_response': -0.12360060214996338, 'vessel_centre': [485.0, 194.0]}, {'vessel_blob_score': 0.4819481287264058, 'centre': [448.0, 198.0], 'radius': 71.83757109179989, 'blob_score': 0.8043498814105987, 'blob_contrast': 0.10781580209732056, 'blob_brightness': 0.960026204586029, 'blob_response': -0.1225786805152893, 'vessel_centre': [485.0, 194.0]}]"
normal/normal_0583_EDD.jpg,normal,0,[]
normal/normal_0584_EDD.jpg,normal,0,[]
normal/normal_0585_EDD.jpg,normal,1,"[{'vessel_blob_score': -2.7149402754283947, 'centre': [368.0, 300.0], 'radius': 45.254833995939045, 'blob_score': 0.6933779835700988, 'blob_contrast': 0.02160489559173584, 'blob_brightness': 0.9516102075576782, 'blob_response': -0.028229713439941406, 'vessel_centre': [510.0, 210.0]}]"
normal/normal_0586_EDD.jpg,normal,3,"[{'vessel_blob_score': -0.9096693141508458, 'centre': [98.0, 233.0], 'radius': 35.918785545899944, 'blob_score': 0.7344311714172364, 'blob_contrast': 0.03040933609008789, 'blob_brightness': 0.9868603944778442, 'blob_response': -0.06609779596328735, 'vessel_centre': [89.0, 165.0]}, {'vessel_blob_score': 0.661979567925251, 'centre': [104.0, 168.0], 'radius': 45.254833995939045, 'blob_score': 0.7681783139705657, 'blob_contrast': 0.055932581424713135, 'blob_brightness': 0.9862440228462219, 'blob_response': -0.10937458276748657, 'vessel_centre': [89.0, 165.0]}, {'vessel_blob_score': -1.8658141295275934, 'centre': [213.0, 203.0], 'radius': 45.254833995939045, 'blob_score': 0.7325575649738311, 'blob_contrast': 0.02893155813217163, 'blob_brightness': 0.9852212071418762, 'blob_response': -0.06985580921173096, 'vessel_centre': [89.0, 165.0]}]"
normal/normal_0587_EDD.jpg,normal,5,"[{'vessel_blob_score': -1.9575298557061305, 'centre': [207.0, 175.0], 'radius': 35.918785545899944, 'blob_score': 0.7492001295089721, 'blob_contrast': 0.04446375370025635, 'blob_brightness': 0.9793103933334351, 'blob_response': -0.0960955023765564, 'vessel_centre': [101.0, 182.0]}, {'vessel_blob_score': -2.3140822360908517, 'centre': [212.0, 225.0], 'radius': 35.918785545899944, 'blob_score': 0.7429483771324157, 'blob_contrast': 0.03787851333618164, 'blob_brightness': 0.9858241081237793, 'blob_response': -0.07496494054794312, 'vessel_centre': [101.0, 182.0]}, {'vessel_blob_score': 0.6994471240363853, 'centre': [109.0, 193.0], 'radius': 45.254833995939045, 'blob_score': 0.8082371950149536, 'blob_contrast': 0.09855139255523682, 'blob_brightness': 0.9755686521530151, 'blob_response': -0.133938729763031, 'vessel_centre': [101.0, 182.0]}, {'vessel_blob_score': -1.0327917055894371, 'centre': [216.0, 272.0], 'radius': 71.83757109179989, 'blob_score': 0.7761283338069915, 'blob_contrast': 0.08040416240692139, 'blob_brightness': 0.9643871784210205, 'blob_response': -0.10326573252677917, 'vessel_centre': [101.0, 182.0]}, {'vessel_blob_score': -0.3759318575287438, 'centre': [204.0, 252.0], 'radius': 90.50966799187809, 'blob_score': 0.78438241481781, 'blob_contrast': 0.0974111557006836, 'blob_brightness': 0.9526375532150269, 'blob_response': -0.10062485933303833, 'vessel_centre': [101.0, 182.0]}]"
normal/normal_0588_EDD.jpg,normal,2,"[{'vessel_blob_score': -2.504155420020115, 'centre': [387.0, 179.0], 'radius': 35.918785545899944, 'blob_score': 0.6775992035865783, 'blob_contrast': 0.029440104961395264, 'blob_brightness': 0.9154381155967712, 'blob_response': -0.036762088537216187, 'vessel_centre': [506.0, 220.0]}, {'vessel_blob_score': -1.8956459771525935, 'centre': [380.0, 256.0], 'radius': 45.254833995939045, 'blob_score': 0.6846174716949462, 'blob_contrast': 0.03395766019821167, 'blob_brightness': 0.9176409244537354, 'blob_response': -0.041555821895599365, 'vessel_centre': [506.0, 220.0]}]"
normal/normal_0589_EDD.jpg,normal,2,"[{'vessel_blob_score': -6.791634241795148, 'centre': [228.0, 268.0], 'radius': 35.918785545899944, 'blob_score': 0.6469743013381958, 'blob_contrast': 0.0193292498588562, 'blob_brightness': 0.8929429054260254, 'blob_response': -0.01292508840560913, 'vessel_centre': [502.0, 211.0]}, {'vessel_blob_score': -1.8675174367386154, 'centre': [384.0, 265.0], 'radius': 45.254833995939045, 'blob_score': 0.7145968496799469, 'blob_contrast': 0.04349231719970703, 'blob_brightness': 0.9396899938583374, 'blob_response': -0.06660768389701843, 'vessel_centre': [502.0, 211.0]}]"
normal/normal_0590_EDD.jpg,normal,0,[]
normal/normal_0591_EDD.jpg,normal,0,[]
normal/normal_0592_EDD.jpg,normal,0,[]
normal/normal_0593_EDD.jpg,normal,0,[]
normal/normal_0594_EDD.jpg,normal,0,[]
normal/normal_0595_EDD.jpg,normal,0,[]
normal/normal_0596_EDD.jpg,normal,0,[]
normal/normal_0597_EDD.jpg,normal,1,"[{'vessel_blob_score': -2.3507158923271065, 'centre': [296.0, 312.0], 'radius': 35.918785545899944, 'blob_score': 0.7395213365554809, 'blob_contrast': 0.03377950191497803, 'blob_brightness': 0.9849997758865356, 'blob_response': -0.08120995759963989, 'vessel_centre': [278.0, 193.0]}]"
normal/normal_0598_EDD.jpg,normal,0,[]
normal/normal_0599_EDD.jpg,normal,0,[]
normal/normal_0600_EDD.jpg,normal,2,"[{'vessel_blob_score': -3.6686760046009175, 'centre': [174.0, 319.0], 'radius': 35.918785545899944, 'blob_score': 0.6262890547513961, 'blob_contrast': 0.03551369905471802, 'blob_brightness': 0.8356328010559082, 'blob_response': -0.029161974787712097, 'vessel_centre': [110.0, 164.0]}, {'vessel_blob_score': -2.661721333608007, 'centre': [176.0, 316.0], 'radius': 45.254833995939045, 'blob_score': 0.6295129269361496, 'blob_contrast': 0.042174339294433594, 'blob_brightness': 0.8307375907897949, 'blob_response': -0.02911137044429779, 'vessel_centre': [110.0, 164.0]}]"
normal/normal_0601_EDD.jpg,normal,1,"[{'vessel_blob_score': -0.3229405382134647, 'centre': [255.0, 165.0], 'radius': 35.918785545899944, 'blob_score': 0.7227777421474456, 'blob_contrast': 0.017488181591033936, 'blob_brightness': 0.9894796013832092, 'blob_response': -0.06326919794082642, 'vessel_centre': [262.0, 212.0]}]"
normal/normal_0602_EDD.jpg,normal,1,"[{'vessel_blob_score': -3.4019829903872507, 'centre': [235.0, 294.0], 'radius': 35.918785545899944, 'blob_score': 0.6140714228153228, 'blob_contrast': 0.017539799213409424, 'blob_brightness': 0.8490326404571533, 'blob_response': -0.01104387640953064, 'vessel_centre': [145.0, 164.0]}]"
normal/normal_0603_EDD.jpg,normal,2,"[{'vessel_blob_score': -3.6690080347559926, 'centre': [231.0, 284.0], 'radius': 35.918785545899944, 'blob_score': 0.7198112487792968, 'blob_contrast': 0.032896339893341064, 'blob_brightness': 0.9635748267173767, 'blob_response': -0.06206265091896057, 'vessel_centre': [108.0, 170.0]}, {'vessel_blob_score': 0.45111974780467823, 'centre': [140.0, 208.0], 'radius': 90.50966799187809, 'blob_score': 0.8022804498672486, 'blob_contrast': 0.1067618727684021, 'blob_brightness': 0.9571456909179688, 'blob_response': -0.12758296728134155, 'vessel_centre': [108.0, 170.0]}]"
normal/normal_0604_EDD.jpg,normal,7,"[{'vessel_blob_score': -1.3283119637035306, 'centre': [206.0, 279.0], 'radius': 35.918785545899944, 'blob_score': 0.7195791959762572, 'blob_contrast': 0.020781874656677246, 'blob_brightness': 0.9897534251213074, 'blob_response': -0.029849618673324585, 'vessel_centre': [281.0, 242.0]}, {'vessel_blob_score': -1.3052273321470738, 'centre': [347.0, 292.0], 'radius': 35.918785545899944, 'blob_score': 0.7153364717960358, 'blob_contrast': 0.016297221183776855, 'blob_brightness': 0.9909899830818176, 'blob_response': -0.02673131227493286, 'vessel_centre': [281.0, 242.0]}, {'vessel_blob_score': -1.256284625773087, 'centre': [266.0, 141.0], 'radius': 45.254833995939045, 'blob_score': 0.7303447425365448, 'blob_contrast': 0.02970343828201294, 'blob_brightness': 0.9936100244522095, 'blob_response': -0.025571435689926147, 'vessel_centre': [281.0, 242.0]}, {'vessel_blob_score': -1.0958478296384015, 'centre': [367.0, 202.0], 'radius': 45.254833995939045, 'blob_score': 0.7241335272789001, 'blob_contrast': 0.022662580013275146, 'blob_brightness': 0.9926919937133789, 'blob_response': -0.03293275833129883, 'vessel_centre': [281.0, 242.0]}, {'vessel_blob_score': -0.764449276686638, 'centre': [207.0, 272.0], 'radius': 45.254833995939045, 'blob_score': 0.7260932147502899, 'blob_contrast': 0.027058184146881104, 'blob_brightness': 0.9901840686798096, 'blob_response': -0.02953091263771057, 'vessel_centre': [281.0, 242.0]}, {'vessel_blob_score': -0.5782023495895574, 'centre': [331.0, 293.0], 'radius': 45.254833995939045, 'blob_score': 0.7210760712623596, 'blob_contrast': 0.020102083683013916, 'blob_brightness': 0.9929503798484802, 'blob_response': -0.02954360842704773, 'vessel_centre': [281.0, 242.0]}, {'vessel_blob_score': -0.6603290313881098, 'centre': [362.0, 193.0], 'radius': 57.01751796098172, 'blob_score': 0.7338349759578704, 'blob_contrast': 0.03309577703475952, 'blob_brightness': 0.991553783416748, 'blob_response': -0.033257752656936646, 'vessel_centre': [281.0, 242.0]}]"
normal/normal_0605_EDD.jpg,normal,1,"[{'vessel_blob_score': -1.6590059232728307, 'centre': [374.0, 313.0], 'radius': 45.254833995939045, 'blob_score': 0.7328218162059784, 'blob_contrast': 0.07991558313369751, 'blob_brightness': 0.9115548729896545, 'blob_response': -0.07408910989761353, 'vessel_centre': [406.0, 197.0]}]"
normal/normal_0606_EDD.jpg,normal,2,"[{'vessel_blob_score': -1.7144213385415568, 'centre': [175.0, 308.0], 'radius': 35.918785545899944, 'blob_score': 0.6951742708683014, 'blob_contrast': 0.04473912715911865, 'blob_brightness': 0.9135745763778687, 'blob_response': -0.05466470122337341, 'vessel_centre': [140.0, 217.0]}, {'vessel_blob_score': -1.2242449561592803, 'centre': [176.0, 311.0], 'radius': 45.254833995939045, 'blob_score': 0.6935036540031433, 'blob_contrast': 0.049895405769348145, 'blob_brightness': 0.9037819504737854, 'blob_response': -0.05480441451072693, 'vessel_centre': [140.0, 217.0]}]"
normal/normal_0607_EDD.jpg,normal,2,"[{'vessel_blob_score': -2.103047896826602, 'centre': [252.0, 291.0], 'radius': 45.254833995939045, 'blob_score': 0.7303252816200256, 'blob_contrast': 0.04953467845916748, 'blob_brightness': 0.9494979977607727, 'blob_response': -0.0807100236415863, 'vessel_centre': [278.0, 153.0]}, {'vessel_blob_score': -1.3415006285891016, 'centre': [258.0, 285.0], 'radius': 57.01751796098172, 'blob_score': 0.7332837343215941, 'blob_contrast': 0.0581049919128418, 'blob_brightness': 0.9415240287780762, 'blob_response': -0.0805596113204956, 'vessel_centre': [278.0, 153.0]}]"
normal/normal_0608_EDD.jpg,normal,1,"[{'vessel_blob_score': -0.8516082145092816, 'centre': [370.0, 194.0], 'radius': 71.83757109179989, 'blob_score': 0.7728754639625549, 'blob_contrast': 0.06542283296585083, 'blob_brightness': 0.9753077030181885, 'blob_response': -0.12368619441986084, 'vessel_centre': [503.0, 196.0]}]"
normal/normal_0609_EDD.jpg,normal,3,"[{'vessel_blob_score': -2.0162321280034137, 'centre': [383.0, 295.0], 'radius': 45.254833995939045, 'blob_score': 0.7214702188968658, 'blob_contrast': 0.03308427333831787, 'blob_brightness': 0.9663680195808411, 'blob_response': -0.05964165925979614, 'vessel_centre': [489.0, 209.0]}, {'vessel_blob_score': -1.342354363999306, 'centre': [358.0, 183.0], 'radius': 57.01751796098172, 'blob_score': 0.7644783973693847, 'blob_contrast': 0.05720323324203491, 'blob_brightness': 0.976929783821106, 'blob_response': -0.11712157726287842, 'vessel_centre': [489.0, 209.0]}, {'vessel_blob_score': 0.13180147157596334, 'centre': [390.0, 208.0], 'radius': 114.03503592196344, 'blob_score': 0.802495777606964, 'blob_contrast': 0.12122392654418945, 'blob_brightness': 0.9484946131706238, 'blob_response': -0.08662810921669006, 'vessel_centre': [489.0, 209.0]}]"
normal/normal_0610_EDD.jpg,normal,2,"[{'vessel_blob_score': -2.3994026850512618, 'centre': [226.0, 167.0], 'radius': 35.918785545899944, 'blob_score': 0.7285514831542969, 'blob_contrast': 0.032036662101745605, 'blob_brightness': 0.9758340120315552, 'blob_response': -0.06715506315231323, 'vessel_centre': [104.0, 172.0]}, {'vessel_blob_score': 0.5759448438961359, 'centre': [118.0, 178.0], 'radius': 35.918785545899944, 'blob_score': 0.7793602883815764, 'blob_contrast': 0.0627710223197937, 'blob_brightness': 0.990726888179779, 'blob_response': -0.1154022216796875, 'vessel_centre': [104.0, 172.0]}]"
normal/normal_0611_EDD.jpg,normal,1,"[{'vessel_blob_score': -1.230930474320076, 'centre': [288.0, 301.0], 'radius': 45.254833995939045, 'blob_score': 0.7635193347930908, 'blob_contrast': 0.05441242456436157, 'blob_brightness': 0.984366774559021, 'blob_response': -0.10025084018707275, 'vessel_centre': [260.0, 204.0]}]"
normal/normal_0612_EDD.jpg,normal,1,"[{'vessel_blob_score': -2.4085108872829255, 'centre': [210.0, 243.0], 'radius': 35.918785545899944, 'blob_score': 0.6668159544467925, 'blob_contrast': 0.032812297344207764, 'blob_brightness': 0.8951733112335205, 'blob_response': -0.03691169619560242, 'vessel_centre': [95.0, 201.0]}]"
normal/normal_0613_EDD.jpg,normal,0,[]
normal/normal_0614_EDD.jpg,normal,1,"[{'vessel_blob_score': -2.866635307256624, 'centre': [366.0, 182.0], 'radius': 35.918785545899944, 'blob_score': 0.6489233881235121, 'blob_contrast': 0.039520859718322754, 'blob_brightness': 0.8600465655326843, 'blob_response': -0.03684966266155243, 'vessel_centre': [499.0, 222.0]}]"
normal/normal_0615_EDD.jpg,normal,4,"[{'vessel_blob_score': -2.6750626675769893, 'centre': [229.0, 266.0], 'radius': 35.918785545899944, 'blob_score': 0.731326812505722, 'blob_contrast': 0.024250686168670654, 'blob_brightness': 0.9937543869018555, 'blob_response': -0.05724027752876282, 'vessel_centre': [349.0, 211.0]}, {'vessel_blob_score': -1.0513429660643192, 'centre': [339.0, 284.0], 'radius': 35.918785545899944, 'blob_score': 0.7170779585838317, 'blob_contrast': 0.014632761478424072, 'blob_brightness': 0.9923117160797119, 'blob_response': -0.039134979248046875, 'vessel_centre': [349.0, 211.0]}, {'vessel_blob_score': -0.4169730060943293, 'centre': [345.0, 275.0], 'radius': 45.254833995939045, 'blob_score': 0.7223715782165527, 'blob_contrast': 0.020375967025756836, 'blob_brightness': 0.9914208054542542, 'blob_response': -0.040005236864089966, 'vessel_centre': [349.0, 211.0]}, {'vessel_blob_score': -2.1625864612686874, 'centre': [229.0, 289.0], 'radius': 45.254833995939045, 'blob_score': 0.7411494314670563, 'blob_contrast': 0.033556580543518066, 'blob_brightness': 0.9931309819221497, 'blob_response': -0.062005817890167236, 'vessel_centre': [349.0, 211.0]}]"
normal/normal_0616_EDD.jpg,normal,0,[]
normal/normal_0617_EDD.jpg,normal,1,"[{'vessel_blob_score': -0.9575574704207281, 'centre': [304.0, 293.0], 'radius': 45.254833995939045, 'blob_score': 0.7400879681110382, 'blob_contrast': 0.04481786489486694, 'blob_brightness': 0.970501720905304, 'blob_response': -0.07959449291229248, 'vessel_centre': [346.0, 215.0]}]"
normal/normal_0618_EDD.jpg,normal,3,"[{'vessel_blob_score': -1.921537445765276, 'centre': [398.0, 195.0], 'radius': 35.918785545899944, 'blob_score': 0.7407077968120575, 'blob_contrast': 0.02812892198562622, 'blob_brightness': 0.9924103617668152, 'blob_response': -0.08945810794830322, 'vessel_centre': [502.0, 209.0]}, {'vessel_blob_score': -1.240648971280419, 'centre': [401.0, 200.0], 'radius': 45.254833995939045, 'blob_score': 0.7399400055408478, 'blob_contrast': 0.030253231525421143, 'blob_brightness': 0.9884998202323914, 'blob_response': -0.08868449926376343, 'vessel_centre': [502.0, 209.0]}, {'vessel_blob_score': 0.6836178635731783, 'centre': [488.0, 206.0], 'radius': 45.254833995939045, 'blob_score': 0.7867595314979553, 'blob_contrast': 0.07956624031066895, 'blob_brightness': 0.9792590141296387, 'blob_response': -0.10855990648269653, 'vessel_centre': [502.0, 209.0]}]"
normal/normal_0619_EDD.jpg,normal,1,"[{'vessel_blob_score': -1.593381645340032, 'centre': [223.0, 299.0], 'radius': 57.01751796098172, 'blob_score': 0.7494527578353881, 'blob_contrast': 0.07734137773513794, 'blob_brightness': 0.938995361328125, 'blob_response': -0.07407313585281372, 'vessel_centre': [122.0, 191.0]}]"
normal/normal_0620_EDD.jpg,normal,0,[]
normal/normal_0621_EDD.jpg,normal,2,"[{'vessel_blob_score': -4.108032197815426, 'centre': [218.0, 211.0], 'radius': 57.01751796098172, 'blob_score': 0.7079440817236899, 'blob_contrast': 0.03632473945617676, 'blob_brightness': 0.9516580104827881, 'blob_response': -0.027293674647808075, 'vessel_centre': [509.0, 199.0]}, {'vessel_blob_score': -1.7105306015210364, 'centre': [378.0, 281.0], 'radius': 57.01751796098172, 'blob_score': 0.7431075036525726, 'blob_contrast': 0.03725588321685791, 'blob_brightness': 0.97972172498703, 'blob_response': -0.1002320647239685, 'vessel_centre': [509.0, 199.0]}]"
normal/normal_0622_EDD.jpg,normal,0,[]
normal/normal_0623_EDD.jpg,normal,2,"[{'vessel_blob_score': -1.6949341090316978, 'centre': [472.0, 298.0], 'radius': 35.918785545899944, 'blob_score': 0.6566387444734573, 'blob_contrast': 0.022766947746276855, 'blob_brightness': 0.8999173045158386, 'blob_response': -0.019648417830467224, 'vessel_centre': [525.0, 217.0]}, {'vessel_blob_score': 0.42123050634047965, 'centre': [492.0, 217.0], 'radius': 57.01751796098172, 'blob_score': 0.7856944441795349, 'blob_contrast': 0.0989035964012146, 'blob_brightness': 0.9438406229019165, 'blob_response': -0.1305120587348938, 'vessel_centre': [525.0, 217.0]}]"
normal/normal_0624_EDD.jpg,normal,0,[]
normal/normal_0625_EDD.jpg,normal,0,[]
normal/normal_0626_EDD.jpg,normal,4,"[{'vessel_blob_score': -1.8316762822895485, 'centre': [210.0, 181.0], 'radius': 35.918785545899944, 'blob_score': 0.7164343237876891, 'blob_contrast': 0.018996715545654297, 'blob_brightness': 0.980864405632019, 'blob_response': -0.05416262149810791, 'vessel_centre': [109.0, 193.0]}, {'vessel_blob_score': -2.236340768513796, 'centre': [217.0, 236.0], 'radius': 35.918785545899944, 'blob_score': 0.7307410061359405, 'blob_contrast': 0.026204407215118408, 'blob_brightness': 0.9873839020729065, 'blob_response': -0.06683933734893799, 'vessel_centre': [109.0, 193.0]}, {'vessel_blob_score': 0.5709521806954381, 'centre': [125.0, 204.0], 'radius': 45.254833995939045, 'blob_score': 0.7824505567550658, 'blob_contrast': 0.07046806812286377, 'blob_brightness': 0.9833606481552124, 'blob_response': -0.11815017461776733, 'vessel_centre': [109.0, 193.0]}, {'vessel_blob_score': 0.48026765329415755, 'centre': [144.0, 206.0], 'radius': 71.83757109179989, 'blob_score': 0.7532168984413147, 'blob_contrast': 0.05940896272659302, 'blob_brightness': 0.9625461101531982, 'blob_response': -0.10012829303741455, 'vessel_centre': [109.0, 193.0]}]"
normal/normal_0627_EDD.jpg,normal,0,[]
normal/normal_0628_EDD.jpg,normal,0,[]
normal/normal_0629_EDD.jpg,normal,0,[]
normal/normal_0630_EDD.jpg,normal,1,"[{'vessel_blob_score': -1.157420800466987, 'centre': [370.0, 228.0], 'radius': 35.918785545899944, 'blob_score': 0.6290643572807312, 'blob_contrast': 0.023922264575958252, 'blob_brightness': 0.8580127358436584, 'blob_response': -0.02266588807106018, 'vessel_centre': [296.0, 205.0]}]"
normal/normal_0631_EDD.jpg,normal,0,[]
normal/normal_0632_EDD.jpg,normal,0,[]
normal/normal_0633_EDD.jpg,normal,1,"[{'vessel_blob_score': -1.9644667396343247, 'centre': [251.0, 179.0], 'radius': 35.918785545899944, 'blob_score': 0.7061896979808806, 'blob_contrast': 0.04272949695587158, 'blob_brightness': 0.9320561289787292, 'blob_response': -0.05510455369949341, 'vessel_centre': [148.0, 206.0]}]"
normal/normal_0634_EDD.jpg,normal,0,[]
normal/normal_0635_EDD.jpg,normal,0,[]
normal/normal_0636_EDD.jpg,normal,0,[]
normal/normal_0637_EDD.jpg,normal,1,"[{'vessel_blob_score': -2.0855320144992824, 'centre': [375.0, 175.0], 'radius': 45.254833995939045, 'blob_score': 0.7083132565021514, 'blob_contrast': 0.05042153596878052, 'blob_brightness': 0.922155499458313, 'blob_response': -0.0619143545627594, 'vessel_centre': [512.0, 202.0]}]"
normal/normal_0638_EDD.jpg,normal,0,[]
normal/normal_0639_EDD.jpg,normal,2,"[{'vessel_blob_score': -1.9601025372865037, 'centre': [299.0, 311.0], 'radius': 45.254833995939045, 'blob_score': 0.7667100846767425, 'blob_contrast': 0.055362164974212646, 'blob_brightness': 0.9890947937965393, 'blob_response': -0.09490782022476196, 'vessel_centre': [366.0, 195.0]}, {'vessel_blob_score': -1.1180924330308346, 'centre': [310.0, 302.0], 'radius': 57.01751796098172, 'blob_score': 0.7750154972076415, 'blob_contrast': 0.06525743007659912, 'blob_brightness': 0.9867353439331055, 'blob_response': -0.09521663188934326, 'vessel_centre': [366.0, 195.0]}]"
normal/normal_0640_EDD.jpg,normal,0,[]
normal/normal_0641_EDD.jpg,normal,1,"[{'vessel_blob_score': -1.3104932170967305, 'centre': [218.0, 163.0], 'radius': 45.254833995939045, 'blob_score': 0.6857099115848542, 'blob_contrast': 0.03223532438278198, 'blob_brightness': 0.9223294258117676, 'blob_response': -0.039219945669174194, 'vessel_centre': [115.0, 181.0]}]"
normal/normal_0642_EDD.jpg,normal,0,[]
normal/normal_0643_EDD.jpg,normal,1,"[{'vessel_blob_score': 0.6234330900149515, 'centre': [389.0, 203.0], 'radius': 57.01751796098172, 'blob_score': 0.788739538192749, 'blob_contrast': 0.11984235048294067, 'blob_brightness': 0.9202157258987427, 'blob_response': -0.12373089790344238, 'vessel_centre': [408.0, 213.0]}]"
normal/normal_0644_EDD.jpg,normal,5,"[{'vessel_blob_score': -1.400110330535655, 'centre': [151.0, 289.0], 'radius': 35.918785545899944, 'blob_score': 0.7387280523777008, 'blob_contrast': 0.054463982582092285, 'blob_brightness': 0.9559136033058167, 'blob_response': -0.07562273740768433, 'vessel_centre': [145.0, 203.0]}, {'vessel_blob_score': 0.6140909676491104, 'centre': [162.0, 207.0], 'radius': 45.254833995939045, 'blob_score': 0.7758013486862182, 'blob_contrast': 0.07980000972747803, 'blob_brightness': 0.9628095626831055, 'blob_response': -0.11017322540283203, 'vessel_centre': [145.0, 203.0]}, {'vessel_blob_score': 0.5604872139570796, 'centre': [167.0, 215.0], 'radius': 57.01751796098172, 'blob_score': 0.7595781087875365, 'blob_contrast': 0.07466810941696167, 'blob_brightness': 0.9478445053100586, 'blob_response': -0.10709422826766968, 'vessel_centre': [145.0, 203.0]}, {'vessel_blob_score': 0.48777863133865795, 'centre': [172.0, 228.0], 'radius': 71.83757109179989, 'blob_score': 0.77178316116333, 'blob_contrast': 0.09205347299575806, 'blob_brightness': 0.9400283694267273, 'blob_response': -0.10854914784431458, 'vessel_centre': [145.0, 203.0]}, {'vessel_blob_score': 0.48060093316891683, 'centre': [174.0, 240.0], 'radius': 90.50966799187809, 'blob_score': 0.7564801216125487, 'blob_contrast': 0.09200906753540039, 'blob_brightness': 0.9184638261795044, 'blob_response': -0.1077318787574768, 'vessel_centre': [145.0, 203.0]}]"
normal/normal_0645_EDD.jpg,normal,0,[]
normal/normal_0646_EDD.jpg,normal,3,"[{'vessel_blob_score': -1.8944837395497158, 'centre': [177.0, 275.0], 'radius': 35.918785545899944, 'blob_score': 0.7083967983722687, 'blob_contrast': 0.03769636154174805, 'blob_brightness': 0.9415673613548279, 'blob_response': -0.058016419410705566, 'vessel_centre': [102.0, 203.0]}, {'vessel_blob_score': -1.62797450520358, 'centre': [190.0, 283.0], 'radius': 45.254833995939045, 'blob_score': 0.71445694565773, 'blob_contrast': 0.04894310235977173, 'blob_brightness': 0.9334800839424133, 'blob_response': -0.060388922691345215, 'vessel_centre': [102.0, 203.0]}, {'vessel_blob_score': -1.2372378580230197, 'centre': [198.0, 287.0], 'radius': 57.01751796098172, 'blob_score': 0.7235998332500457, 'blob_contrast': 0.06596475839614868, 'blob_brightness': 0.9221967458724976, 'blob_response': -0.06048676371574402, 'vessel_centre': [102.0, 203.0]}]"
normal/normal_0647_EDD.jpg,normal,0,[]
normal/normal_0648_EDD.jpg,normal,0,[]
normal/normal_0649_EDD.jpg,normal,2,"[{'vessel_blob_score': -3.122757301597596, 'centre': [277.0, 353.0], 'radius': 35.918785545899944, 'blob_score': 0.5740901917219162, 'blob_contrast': 0.024994075298309326, 'blob_brightness': 0.7836325764656067, 'blob_response': -0.0027665644884109497, 'vessel_centre': [272.0, 205.0]}, {'vessel_blob_score': -2.9114340600667163, 'centre': [270.0, 382.0], 'radius': 45.254833995939045, 'blob_score': 0.5503616377711296, 'blob_contrast': 0.02211594581604004, 'blob_brightness': 0.7536643147468567, 'blob_response': -0.0034033581614494324, 'vessel_centre': [272.0, 205.0]}]"
normal/normal_0650_EDD.jpg,normal,0,[]
normal/normal_0651_EDD.jpg,normal,1,"[{'vessel_blob_score': 0.614153670893653, 'centre': [152.0, 178.0], 'radius': 57.01751796098172, 'blob_score': 0.8211980700492859, 'blob_contrast': 0.12269836664199829, 'blob_brightness': 0.9613388776779175, 'blob_response': -0.1278124451637268, 'vessel_centre': [130.0, 178.0]}]"
normal/normal_0652_EDD.jpg,normal,0,[]
normal/normal_0653_EDD.jpg,normal,0,[]
normal/normal_0654_EDD.jpg,normal,0,[]
normal/normal_0655_EDD.jpg,normal,0,[]
normal/normal_0656_EDD.jpg,normal,2,"[{'vessel_blob_score': -0.2610836733738169, 'centre': [259.0, 317.0], 'radius': 45.254833995939045, 'blob_score': 0.6016663327813148, 'blob_contrast': 0.03456300497055054, 'blob_brightness': 0.8068351149559021, 'blob_response': -0.011593736708164215, 'vessel_centre': [203.0, 328.0]}, {'vessel_blob_score': -0.3021058690048253, 'centre': [277.0, 334.0], 'radius': 57.01751796098172, 'blob_score': 0.621850112080574, 'blob_contrast': 0.05684554576873779, 'blob_brightness': 0.8037229776382446, 'blob_response': -0.011992409825325012, 'vessel_centre': [203.0, 328.0]}]"
normal/normal_0657_EDD.jpg,normal,0,[]
normal/normal_0658_EDD.jpg,normal,0,[]
normal/normal_0659_EDD.jpg,normal,1,"[{'vessel_blob_score': -3.2017152468910677, 'centre': [359.0, 184.0], 'radius': 35.918785545899944, 'blob_score': 0.6672428131103515, 'blob_contrast': 0.038410484790802, 'blob_brightness': 0.8892245888710022, 'blob_response': -0.03187558054924011, 'vessel_centre': [508.0, 208.0]}]"
normal/normal_0660_EDD.jpg,normal,0,[]
normal/normal_0661_EDD.jpg,normal,0,[]
normal/normal_0662_EDD.jpg,normal,0,[]
normal/normal_0663_EDD.jpg,normal,0,[]
normal/normal_0664_EDD.jpg,normal,0,[]
normal/normal_0665_EDD.jpg,normal,0,[]
normal/normal_0666_EDD.jpg,normal,0,[]
normal/normal_0667_EDD.jpg,normal,1,"[{'vessel_blob_score': -3.5634630832844474, 'centre': [250.0, 322.0], 'radius': 45.254833995939045, 'blob_score': 0.6821401745080947, 'blob_contrast': 0.03375118970870972, 'blob_brightness': 0.9144048690795898, 'blob_response': -0.0415278822183609, 'vessel_centre': [147.0, 143.0]}]"
normal/normal_0668_EDD.jpg,normal,0,[]
normal/normal_0669_EDD.jpg,normal,1,"[{'vessel_blob_score': -2.6906368203555653, 'centre': [271.0, 178.0], 'radius': 35.918785545899944, 'blob_score': 0.6876235365867615, 'blob_contrast': 0.043437957763671875, 'blob_brightness': 0.9039143323898315, 'blob_response': -0.0572277307510376, 'vessel_centre': [144.0, 216.0]}]"
normal/normal_0670_EDD.jpg,normal,1,"[{'vessel_blob_score': -1.565642128444651, 'centre': [390.0, 194.0], 'radius': 45.254833995939045, 'blob_score': 0.7306918621063232, 'blob_contrast': 0.047724902629852295, 'blob_brightness': 0.9546951055526733, 'blob_response': -0.07340192794799805, 'vessel_centre': [499.0, 234.0]}]"
normal/normal_0671_EDD.jpg,normal,0,[]
normal/normal_0672_EDD.jpg,normal,1,"[{'vessel_blob_score': -2.081388093271075, 'centre': [305.0, 172.0], 'radius': 35.918785545899944, 'blob_score': 0.6480615139007568, 'blob_contrast': 0.03945034742355347, 'blob_brightness': 0.8608496189117432, 'blob_response': -0.03008216619491577, 'vessel_centre': [410.0, 207.0]}]"
normal/normal_0673_EDD.jpg,normal,0,[]
normal/normal_0674_EDD.jpg,normal,2,"[{'vessel_blob_score': -2.7110570304019816, 'centre': [201.0, 236.0], 'radius': 35.918785545899944, 'blob_score': 0.7115054905414581, 'blob_contrast': 0.016930997371673584, 'blob_brightness': 0.976224958896637, 'blob_response': -0.05608510971069336, 'vessel_centre': [83.0, 174.0]}, {'vessel_blob_score': 0.4388550708377973, 'centre': [118.0, 194.0], 'radius': 71.83757109179989, 'blob_score': 0.79146528840065, 'blob_contrast': 0.08253473043441772, 'blob_brightness': 0.9762257933616638, 'blob_response': -0.12786251306533813, 'vessel_centre': [83.0, 174.0]}]"
normal/normal_0675_EDD.jpg,normal,2,"[{'vessel_blob_score': -1.6272132009062417, 'centre': [227.0, 266.0], 'radius': 35.918785545899944, 'blob_score': 0.7401374220848084, 'blob_contrast': 0.037338852882385254, 'blob_brightness': 0.9793965816497803, 'blob_response': -0.08610481023788452, 'vessel_centre': [155.0, 205.0]}, {'vessel_blob_score': 0.453125, 'centre': [204.0, 212.0], 'radius': 90.50966799187809, 'blob_score': 0.7621398448944091, 'blob_contrast': 0.07503461837768555, 'blob_brightness': 0.9509099125862122, 'blob_response': -0.10734143853187561, 'vessel_centre': [155.0, 205.0]}]"
normal/normal_0676_EDD.jpg,normal,0,[]
normal/normal_0677_EDD.jpg,normal,1,"[{'vessel_blob_score': -2.046986360182504, 'centre': [317.0, 186.0], 'radius': 35.918785545899944, 'blob_score': 0.647590160369873, 'blob_contrast': 0.04048866033554077, 'blob_brightness': 0.8588332533836365, 'blob_response': -0.029591113328933716, 'vessel_centre': [424.0, 209.0]}]"
normal/normal_0678_EDD.jpg,normal,0,[]
normal/normal_0679_EDD.jpg,normal,0,[]
normal/normal_0680_EDD.jpg,normal,2,"[{'vessel_blob_score': -1.0000704124821849, 'centre': [306.0, 180.0], 'radius': 35.918785545899944, 'blob_score': 0.7203621566295624, 'blob_contrast': 0.015284419059753418, 'blob_brightness': 0.9937766194343567, 'blob_response': -0.04717051982879639, 'vessel_centre': [237.0, 200.0]}, {'vessel_blob_score': -1.6776217192937675, 'centre': [304.0, 269.0], 'radius': 35.918785545899944, 'blob_score': 0.7171036839485169, 'blob_contrast': 0.0128706693649292, 'blob_brightness': 0.9944413900375366, 'blob_response': -0.04062020778656006, 'vessel_centre': [237.0, 200.0]}]"
normal/normal_0681_EDD.jpg,normal,1,"[{'vessel_blob_score': 0.6355655065721688, 'centre': [485.0, 242.0], 'radius': 45.254833995939045, 'blob_score': 0.7896331548690796, 'blob_contrast': 0.07781100273132324, 'blob_brightness': 0.9793620109558105, 'blob_response': -0.13134372234344482, 'vessel_centre': [501.0, 238.0]}]"
normal/normal_0682_EDD.jpg,normal,0,[]
normal/normal_0683_EDD.jpg,normal,0,[]
normal/normal_0684_EDD.jpg,normal,3,"[{'vessel_blob_score': -4.463703028281277, 'centre': [157.0, 202.0], 'radius': 45.254833995939045, 'blob_score': 0.783030217885971, 'blob_contrast': 0.06726622581481934, 'blob_brightness': 0.9892889857292175, 'blob_response': -0.11630851030349731, 'vessel_centre': [301.0, 403.0]}, {'vessel_blob_score': -3.122473125394812, 'centre': [164.0, 212.0], 'radius': 57.01751796098172, 'blob_score': 0.7815957605838775, 'blob_contrast': 0.069416344165802, 'blob_brightness': 0.9834867119789124, 'blob_response': -0.11869359016418457, 'vessel_centre': [301.0, 403.0]}, {'vessel_blob_score': -0.8750651030364252, 'centre': [182.0, 282.0], 'radius': 90.50966799187809, 'blob_score': 0.7818917036056519, 'blob_contrast': 0.07549268007278442, 'blob_brightness': 0.974287748336792, 'blob_response': -0.12198799848556519, 'vessel_centre': [301.0, 403.0]}]"
normal/normal_0685_EDD.jpg,normal,3,"[{'vessel_blob_score': -4.544035364696008, 'centre': [281.0, 227.0], 'radius': 45.254833995939045, 'blob_score': 0.7854008555412292, 'blob_contrast': 0.0728185772895813, 'blob_brightness': 0.9820030927658081, 'blob_response': -0.12590056657791138, 'vessel_centre': [33.0, 265.0]}, {'vessel_blob_score': -3.405264158273244, 'centre': [282.0, 232.0], 'radius': 57.01751796098172, 'blob_score': 0.7741685628890991, 'blob_contrast': 0.07295441627502441, 'blob_brightness': 0.9655646085739136, 'blob_response': -0.12659460306167603, 'vessel_centre': [33.0, 265.0]}, {'vessel_blob_score': -3.4769842060368576, 'centre': [277.0, 340.0], 'radius': 57.01751796098172, 'blob_score': 0.7602077305316925, 'blob_contrast': 0.061753809452056885, 'blob_brightness': 0.9667715430259705, 'blob_response': -0.1085692048072815, 'vessel_centre': [33.0, 265.0]}]"
normal/normal_0686_EDD.jpg,normal,0,[]
normal/normal_0687_EDD.jpg,normal,0,[]
normal/normal_0688_EDD.jpg,normal,0,[]
normal/normal_0689_EDD.jpg,normal,0,[]
normal/normal_0690_EDD.jpg,normal,1,"[{'vessel_blob_score': -2.6529563497402586, 'centre': [234.0, 331.0], 'radius': 35.918785545899944, 'blob_score': 0.6108709752559661, 'blob_contrast': 0.031239032745361328, 'blob_brightness': 0.8209914565086365, 'blob_response': -0.02468961477279663, 'vessel_centre': [154.0, 227.0]}]"
normal/normal_0691_EDD.jpg,normal,0,[]
normal/normal_0692_EDD.jpg,normal,1,"[{'vessel_blob_score': -1.9374999999999996, 'centre': [210.0, 293.0], 'radius': 45.254833995939045, 'blob_score': 0.675411993265152, 'blob_contrast': 0.0499955415725708, 'blob_brightness': 0.8881049156188965, 'blob_response': -0.01871505379676819, 'vessel_centre': [116.0, 199.0]}]"
normal/normal_0693_EDD.jpg,normal,0,[]
normal/normal_0694_EDD.jpg,normal,0,[]
normal/normal_0695_EDD.jpg,normal,0,[]
normal/normal_0696_EDD.jpg,normal,3,"[{'vessel_blob_score': -2.3627231822978976, 'centre': [234.0, 208.0], 'radius': 35.918785545899944, 'blob_score': 0.6924014687538146, 'blob_contrast': 0.028103888034820557, 'blob_brightness': 0.9390642642974854, 'blob_response': -0.03476297855377197, 'vessel_centre': [117.0, 178.0]}, {'vessel_blob_score': -1.504878053418968, 'centre': [228.0, 201.0], 'radius': 45.254833995939045, 'blob_score': 0.6967381358146667, 'blob_contrast': 0.03227013349533081, 'blob_brightness': 0.9390507340431213, 'blob_response': -0.035662442445755005, 'vessel_centre': [117.0, 178.0]}, {'vessel_blob_score': 0.49405391066586946, 'centre': [156.0, 202.0], 'radius': 90.50966799187809, 'blob_score': 0.7865292072296142, 'blob_contrast': 0.10705268383026123, 'blob_brightness': 0.9389749765396118, 'blob_response': -0.11097019910812378, 'vessel_centre': [117.0, 178.0]}]"
normal/normal_0697_EDD.jpg,normal,1,"[{'vessel_blob_score': -2.8400836817012536, 'centre': [365.0, 188.0], 'radius': 35.918785545899944, 'blob_score': 0.6544912636280059, 'blob_contrast': 0.03957533836364746, 'blob_brightness': 0.8688263297080994, 'blob_response': -0.033687472343444824, 'vessel_centre': [502.0, 204.0]}]"
normal/normal_0698_EDD.jpg,normal,0,[]
normal/normal_0699_EDD.jpg,normal,0,[]
normal/normal_0700_EDD.jpg,normal,1,"[{'vessel_blob_score': -1.3702902508189592, 'centre': [288.0, 121.0], 'radius': 57.01751796098172, 'blob_score': 0.6027322635054587, 'blob_contrast': 0.03993779420852661, 'blob_brightness': 0.8001686334609985, 'blob_response': -0.01338212937116623, 'vessel_centre': [411.0, 177.0]}]"
normal/normal_0701_EDD.jpg,normal,0,[]
normal/normal_0702_EDD.jpg,normal,0,[]
normal/normal_0703_EDD.jpg,normal,1,"[{'vessel_blob_score': -3.294345846575471, 'centre': [267.0, 146.0], 'radius': 45.254833995939045, 'blob_score': 0.6222870387136936, 'blob_contrast': 0.03819131851196289, 'blob_brightness': 0.8308367729187012, 'blob_response': -0.01254989579319954, 'vessel_centre': [89.0, 224.0]}]"
normal/normal_0704_EDD.jpg,normal,0,[]
normal/normal_0705_EDD.jpg,normal,0,[]
normal/normal_0706_EDD.jpg,normal,1,"[{'vessel_blob_score': -2.3158358735199083, 'centre': [202.0, 278.0], 'radius': 35.918785545899944, 'blob_score': 0.5344327911734581, 'blob_contrast': 0.026262640953063965, 'blob_brightness': 0.7224695086479187, 'blob_response': -0.012207470834255219, 'vessel_centre': [154.0, 169.0]}]"
normal/normal_0707_EDD.jpg,normal,0,[]
normal/normal_0708_EDD.jpg,normal,0,[]
normal/normal_0709_EDD.jpg,normal,4,"[{'vessel_blob_score': 0.1329099096350157, 'centre': [117.0, 211.0], 'radius': 35.918785545899944, 'blob_score': 0.7127930164337157, 'blob_contrast': 0.011799871921539307, 'blob_brightness': 0.9961936473846436, 'blob_response': -0.018287956714630127, 'vessel_centre': [96.0, 188.0]}, {'vessel_blob_score': -1.6458810764269294, 'centre': [82.0, 282.0], 'radius': 35.918785545899944, 'blob_score': 0.7251988053321837, 'blob_contrast': 0.026704251766204834, 'blob_brightness': 0.9908767938613892, 'blob_response': -0.02440398931503296, 'vessel_centre': [96.0, 188.0]}, {'vessel_blob_score': -0.24706687120218218, 'centre': [124.0, 139.0], 'radius': 45.254833995939045, 'blob_score': 0.7337763130664825, 'blob_contrast': 0.03187298774719238, 'blob_brightness': 0.9921045303344727, 'blob_response': -0.03715077042579651, 'vessel_centre': [96.0, 188.0]}, {'vessel_blob_score': 0.036820211841463446, 'centre': [126.0, 142.0], 'radius': 57.01751796098172, 'blob_score': 0.7390419512987136, 'blob_contrast': 0.0396304726600647, 'blob_brightness': 0.9885244369506836, 'blob_response': -0.037221863865852356, 'vessel_centre': [96.0, 188.0]}]"
normal/normal_0710_EDD.jpg,normal,3,"[{'vessel_blob_score': -1.1930536118090873, 'centre': [359.0, 268.0], 'radius': 35.918785545899944, 'blob_score': 0.6916209161281585, 'blob_contrast': 0.03822070360183716, 'blob_brightness': 0.9219614863395691, 'blob_response': -0.040135860443115234, 'vessel_centre': [316.0, 202.0]}, {'vessel_blob_score': -2.487970882167743, 'centre': [280.0, 322.0], 'radius': 35.918785545899944, 'blob_score': 0.6912121057510375, 'blob_contrast': 0.045094311237335205, 'blob_brightness': 0.9101145267486572, 'blob_response': -0.04518812894821167, 'vessel_centre': [316.0, 202.0]}, {'vessel_blob_score': -1.5575409332012655, 'centre': [280.0, 312.0], 'radius': 45.254833995939045, 'blob_score': 0.699833458662033, 'blob_contrast': 0.052735865116119385, 'blob_brightness': 0.9118316769599915, 'blob_response': -0.04407709836959839, 'vessel_centre': [316.0, 202.0]}]"
normal/normal_0711_EDD.jpg,normal,1,"[{'vessel_blob_score': -2.733753564971255, 'centre': [382.0, 265.0], 'radius': 35.918785545899944, 'blob_score': 0.650310057401657, 'blob_contrast': 0.0347747802734375, 'blob_brightness': 0.8694300651550293, 'blob_response': -0.03467115759849548, 'vessel_centre': [497.0, 196.0]}]"
normal/normal_0712_EDD.jpg,normal,3,"[{'vessel_blob_score': -1.5070442875566772, 'centre': [246.0, 279.0], 'radius': 35.918785545899944, 'blob_score': 0.7262299180030822, 'blob_contrast': 0.02905106544494629, 'blob_brightness': 0.9770541191101074, 'blob_response': -0.06620484590530396, 'vessel_centre': [291.0, 201.0]}, {'vessel_blob_score': 0.6016391005005637, 'centre': [308.0, 195.0], 'radius': 45.254833995939045, 'blob_score': 0.752077066898346, 'blob_contrast': 0.039535343647003174, 'blob_brightness': 0.9884381294250488, 'blob_response': -0.10317516326904297, 'vessel_centre': [291.0, 201.0]}, {'vessel_blob_score': 0.7557173869491196, 'centre': [304.0, 196.0], 'radius': 57.01751796098172, 'blob_score': 0.7329746127128601, 'blob_contrast': 0.030306994915008545, 'blob_brightness': 0.974511981010437, 'blob_response': -0.10254615545272827, 'vessel_centre': [291.0, 201.0]}]"
normal/normal_0713_EDD.jpg,normal,6,"[{'vessel_blob_score': -1.5267535743555563, 'centre': [284.0, 322.0], 'radius': 35.918785545899944, 'blob_score': 0.7257318377494812, 'blob_contrast': 0.01949155330657959, 'blob_brightness': 0.9947499632835388, 'blob_response': -0.04957655072212219, 'vessel_centre': [255.0, 408.0]}, {'vessel_blob_score': -5.0577462032095735, 'centre': [132.0, 163.0], 'radius': 45.254833995939045, 'blob_score': 0.7403258383274078, 'blob_contrast': 0.041039347648620605, 'blob_brightness': 0.9884387850761414, 'blob_response': -0.036896705627441406, 'vessel_centre': [255.0, 408.0]}, {'vessel_blob_score': -0.8973923306079845, 'centre': [277.0, 325.0], 'radius': 45.254833995939045, 'blob_score': 0.7381841123104095, 'blob_contrast': 0.03322327136993408, 'blob_brightness': 0.9931266903877258, 'blob_response': -0.048860788345336914, 'vessel_centre': [255.0, 408.0]}, {'vessel_blob_score': -3.333741264291235, 'centre': [248.0, 161.0], 'radius': 57.01751796098172, 'blob_score': 0.7432147741317748, 'blob_contrast': 0.034481942653656006, 'blob_brightness': 0.9947563409805298, 'blob_response': -0.062016963958740234, 'vessel_centre': [255.0, 408.0]}, {'vessel_blob_score': -0.5750483055744999, 'centre': [267.0, 319.0], 'radius': 57.01751796098172, 'blob_score': 0.7452951192855835, 'blob_contrast': 0.04085773229598999, 'blob_brightness': 0.9928358197212219, 'blob_response': -0.047261565923690796, 'vessel_centre': [255.0, 408.0]}, {'vessel_blob_score': -2.2918180675476596, 'centre': [240.0, 172.0], 'radius': 71.83757109179989, 'blob_score': 0.741828042268753, 'blob_contrast': 0.035819172859191895, 'blob_brightness': 0.991234302520752, 'blob_response': -0.06072428822517395, 'vessel_centre': [255.0, 408.0]}]"
normal/normal_0714_EDD.jpg,normal,1,"[{'vessel_blob_score': 0.41043605842423747, 'centre': [423.0, 222.0], 'radius': 57.01751796098172, 'blob_score': 0.806804472208023, 'blob_contrast': 0.12380945682525635, 'blob_brightness': 0.9381555914878845, 'blob_response': -0.1314305067062378, 'vessel_centre': [452.0, 205.0]}]"
normal/normal_0715_EDD.jpg,normal,1,"[{'vessel_blob_score': -1.9726914126935986, 'centre': [249.0, 296.0], 'radius': 35.918785545899944, 'blob_score': 0.690859144926071, 'blob_contrast': 0.05033886432647705, 'blob_brightness': 0.9013299345970154, 'blob_response': -0.04794663190841675, 'vessel_centre': [324.0, 220.0]}]"
normal/normal_0716_EDD.jpg,normal,0,[]
normal/normal_0717_EDD.jpg,normal,2,"[{'vessel_blob_score': -2.7627042365178447, 'centre': [268.0, 309.0], 'radius': 35.918785545899944, 'blob_score': 0.7086354970932007, 'blob_contrast': 0.04007202386856079, 'blob_brightness': 0.9440046548843384, 'blob_response': -0.03880107402801514, 'vessel_centre': [339.0, 194.0]}, {'vessel_blob_score': -1.831274144488661, 'centre': [275.0, 305.0], 'radius': 45.254833995939045, 'blob_score': 0.7148641467094421, 'blob_contrast': 0.04766315221786499, 'blob_brightness': 0.9422065615653992, 'blob_response': -0.03828200697898865, 'vessel_centre': [339.0, 194.0]}]"
normal/normal_0718_EDD.jpg,normal,2,"[{'vessel_blob_score': -2.60307080804158, 'centre': [392.0, 283.0], 'radius': 35.918785545899944, 'blob_score': 0.6665446758270263, 'blob_contrast': 0.020777225494384766, 'blob_brightness': 0.9148072600364685, 'blob_response': -0.027011841535568237, 'vessel_centre': [485.0, 193.0]}, {'vessel_blob_score': -1.8576241224135828, 'centre': [385.0, 275.0], 'radius': 45.254833995939045, 'blob_score': 0.6736162066459654, 'blob_contrast': 0.027393579483032227, 'blob_brightness': 0.915194571018219, 'blob_response': -0.02793213725090027, 'vessel_centre': [485.0, 193.0]}]"
normal/normal_0719_EDD.jpg,normal,5,"[{'vessel_blob_score': -2.0529584820504554, 'centre': [402.0, 283.0], 'radius': 35.918785545899944, 'blob_score': 0.7433273553848265, 'blob_contrast': 0.033131301403045654, 'blob_brightness': 0.9913219213485718, 'blob_response': -0.08135354518890381, 'vessel_centre': [477.0, 203.0]}, {'vessel_blob_score': -3.3356489205769417, 'centre': [310.0, 306.0], 'radius': 45.254833995939045, 'blob_score': 0.7586031913757324, 'blob_contrast': 0.042682111263275146, 'blob_brightness': 0.9922765493392944, 'blob_response': -0.10663747787475586, 'vessel_centre': [477.0, 203.0]}, {'vessel_blob_score': -1.1311225162166156, 'centre': [359.0, 174.0], 'radius': 57.01751796098172, 'blob_score': 0.7538785398006439, 'blob_contrast': 0.03938990831375122, 'blob_brightness': 0.9891852736473083, 'blob_response': -0.11029469966888428, 'vessel_centre': [477.0, 203.0]}, {'vessel_blob_score': -2.2217839095354948, 'centre': [321.0, 300.0], 'radius': 57.01751796098172, 'blob_score': 0.7712692856788634, 'blob_contrast': 0.056727826595306396, 'blob_brightness': 0.9895554780960083, 'blob_response': -0.10926312208175659, 'vessel_centre': [477.0, 203.0]}, {'vessel_blob_score': 0.6249549920898686, 'centre': [472.0, 32.0], 'radius': 456.14014368785377, 'blob_score': 0.7177453726530074, 'blob_contrast': 0.1351519227027893, 'blob_brightness': 0.83036208152771, 'blob_response': -0.00669996440410614, 'vessel_centre': [477.0, 203.0]}]"
normal/normal_0720_EDD.jpg,normal,4,"[{'vessel_blob_score': -3.5868578268721043, 'centre': [214.0, 286.0], 'radius': 35.918785545899944, 'blob_score': 0.7346464037895202, 'blob_contrast': 0.024076998233795166, 'blob_brightness': 0.9958056211471558, 'blob_response': -0.06752735376358032, 'vessel_centre': [352.0, 196.0]}, {'vessel_blob_score': -2.4938562148434213, 'centre': [222.0, 286.0], 'radius': 45.254833995939045, 'blob_score': 0.7398273885250092, 'blob_contrast': 0.03011876344680786, 'blob_brightness': 0.9946587681770325, 'blob_response': -0.06723743677139282, 'vessel_centre': [352.0, 196.0]}, {'vessel_blob_score': -0.8338396816923699, 'centre': [250.0, 173.0], 'radius': 57.01751796098172, 'blob_score': 0.7376981556415558, 'blob_contrast': 0.029668748378753662, 'blob_brightness': 0.99434494972229, 'blob_response': -0.05993971228599548, 'vessel_centre': [352.0, 196.0]}, {'vessel_blob_score': -1.6307704257250926, 'centre': [232.0, 286.0], 'radius': 57.01751796098172, 'blob_score': 0.75314581990242, 'blob_contrast': 0.044624269008636475, 'blob_brightness': 0.9929556250572205, 'blob_response': -0.06726306676864624, 'vessel_centre': [352.0, 196.0]}]"
normal/normal_0721_EDD.jpg,normal,0,[]
normal/normal_0722_EDD.jpg,normal,0,[]
normal/normal_0723_EDD.jpg,normal,0,[]
normal/normal_0724_EDD.jpg,normal,0,[]
normal/normal_0725_EDD.jpg,normal,1,"[{'vessel_blob_score': -1.5490583173342127, 'centre': [263.0, 287.0], 'radius': 57.01751796098172, 'blob_score': 0.6265422821044921, 'blob_contrast': 0.01746922731399536, 'blob_brightness': 0.8666024804115295, 'blob_response': -0.012256592512130737, 'vessel_centre': [143.0, 205.0]}]"
normal/normal_0726_EDD.jpg,normal,1,"[{'vessel_blob_score': -2.775043701985197, 'centre': [271.0, 158.0], 'radius': 35.918785545899944, 'blob_score': 0.6389881253242492, 'blob_contrast': 0.02734750509262085, 'blob_brightness': 0.8707178831100464, 'blob_response': -0.010690510272979736, 'vessel_centre': [140.0, 193.0]}]"
normal/normal_0727_EDD.jpg,normal,0,[]
normal/normal_0728_EDD.jpg,normal,1,"[{'vessel_blob_score': -2.0042287903886415, 'centre': [371.0, 319.0], 'radius': 45.254833995939045, 'blob_score': 0.6575907975435257, 'blob_contrast': 0.03966259956359863, 'blob_brightness': 0.8718767166137695, 'blob_response': -0.038072481751441956, 'vessel_centre': [431.0, 197.0]}]"
normal/normal_0729_EDD.jpg,normal,1,"[{'vessel_blob_score': -2.192168762181912, 'centre': [223.0, 306.0], 'radius': 45.254833995939045, 'blob_score': 0.6584868431091309, 'blob_contrast': 0.027208447456359863, 'blob_brightness': 0.8928451538085938, 'blob_response': -0.031433939933776855, 'vessel_centre': [133.0, 193.0]}]"
normal/normal_0730_EDD.jpg,normal,0,[]
normal/normal_0731_EDD.jpg,normal,9,"[{'vessel_blob_score': 0.22445104613098388, 'centre': [460.0, 251.0], 'radius': 35.918785545899944, 'blob_score': 0.6417033553123473, 'blob_contrast': -0.005585670471191406, 'blob_brightness': 0.923259973526001, 'blob_response': -0.005035221576690674, 'vessel_centre': [434.0, 261.0]}, {'vessel_blob_score': -2.8734448847088503, 'centre': [295.0, 267.0], 'radius': 35.918785545899944, 'blob_score': 0.684416776895523, 'blob_contrast': 0.010697007179260254, 'blob_brightness': 0.9611713290214539, 'blob_response': -0.004499197006225586, 'vessel_centre': [434.0, 261.0]}, {'vessel_blob_score': -1.3427484160931242, 'centre': [494.0, 320.0], 'radius': 35.918785545899944, 'blob_score': 0.6572724997997283, 'blob_contrast': -0.0028073787689208984, 'blob_brightness': 0.9415102601051331, 'blob_response': -0.005113482475280762, 'vessel_centre': [434.0, 261.0]}, {'vessel_blob_score': -2.6583193930068485, 'centre': [306.0, 156.0], 'radius': 45.254833995939045, 'blob_score': 0.6972043752670287, 'blob_contrast': 0.027924954891204834, 'blob_brightness': 0.9555021524429321, 'blob_response': -0.002139568328857422, 'vessel_centre': [434.0, 261.0]}, {'vessel_blob_score': 0.22818193529822084, 'centre': [468.0, 253.0], 'radius': 45.254833995939045, 'blob_score': 0.6267602145671843, 'blob_contrast': -0.013152837753295898, 'blob_brightness': 0.9127650856971741, 'blob_response': -0.0048874616622924805, 'vessel_centre': [434.0, 261.0]}, {'vessel_blob_score': -2.182287404525242, 'centre': [290.0, 259.0], 'radius': 45.254833995939045, 'blob_score': 0.6627393245697021, 'blob_contrast': 0.001394510269165039, 'blob_brightness': 0.9434587955474854, 'blob_response': -0.004618287086486816, 'vessel_centre': [434.0, 261.0]}, {'vessel_blob_score': -1.957352100809, 'centre': [361.0, 109.0], 'radius': 57.01751796098172, 'blob_score': 0.6979833483695984, 'blob_contrast': 0.05210500955581665, 'blob_brightness': 0.9221863746643066, 'blob_response': -0.0017393827438354492, 'vessel_centre': [434.0, 261.0]}, {'vessel_blob_score': -1.619110736159882, 'centre': [285.0, 251.0], 'radius': 57.01751796098172, 'blob_score': 0.6498163640499115, 'blob_contrast': -0.003538072109222412, 'blob_brightness': 0.9320427775382996, 'blob_response': -0.004622459411621094, 'vessel_centre': [434.0, 261.0]}, {'vessel_blob_score': 0.15815346376797035, 'centre': [482.0, 261.0], 'radius': 57.01751796098172, 'blob_score': 0.6091426014900206, 'blob_contrast': -0.02472400665283203, 'blob_brightness': 0.9041311740875244, 'blob_response': -0.004873931407928467, 'vessel_centre': [434.0, 261.0]}]"
normal/normal_0732_EDD.jpg,normal,5,"[{'vessel_blob_score': -1.6934956599785727, 'centre': [249.0, 307.0], 'radius': 35.918785545899944, 'blob_score': 0.723067170381546, 'blob_contrast': 0.02111119031906128, 'blob_brightness': 0.9933692812919617, 'blob_response': -0.03298741579055786, 'vessel_centre': [261.0, 211.0]}, {'vessel_blob_score': -0.928659265526184, 'centre': [348.0, 204.0], 'radius': 45.254833995939045, 'blob_score': 0.7305022418498992, 'blob_contrast': 0.02291858196258545, 'blob_brightness': 0.9954219460487366, 'blob_response': -0.05394148826599121, 'vessel_centre': [261.0, 211.0]}, {'vessel_blob_score': -0.8650779139220965, 'centre': [179.0, 231.0], 'radius': 45.254833995939045, 'blob_score': 0.7319708228111267, 'blob_contrast': 0.023848295211791992, 'blob_brightness': 0.9957536458969116, 'blob_response': -0.05547487735748291, 'vessel_centre': [261.0, 211.0]}, {'vessel_blob_score': -0.42332001046817624, 'centre': [342.0, 206.0], 'radius': 57.01751796098172, 'blob_score': 0.7364079296588897, 'blob_contrast': 0.03029686212539673, 'blob_brightness': 0.9933615922927856, 'blob_response': -0.053789764642715454, 'vessel_centre': [261.0, 211.0]}, {'vessel_blob_score': -0.40011481558524165, 'centre': [183.0, 228.0], 'radius': 57.01751796098172, 'blob_score': 0.7432076930999755, 'blob_contrast': 0.036576032638549805, 'blob_brightness': 0.9935628771781921, 'blob_response': -0.05568823218345642, 'vessel_centre': [261.0, 211.0]}]"
normal/normal_0733_EDD.jpg,normal,5,"[{'vessel_blob_score': -1.8677153943001983, 'centre': [234.0, 152.0], 'radius': 35.918785545899944, 'blob_score': 0.7201818168163299, 'blob_contrast': 0.016886770725250244, 'blob_brightness': 0.9943445920944214, 'blob_response': -0.036269158124923706, 'vessel_centre': [317.0, 213.0]}, {'vessel_blob_score': -1.0694002485581584, 'centre': [390.0, 199.0], 'radius': 35.918785545899944, 'blob_score': 0.7296365320682525, 'blob_contrast': 0.022434711456298828, 'blob_brightness': 0.9958356618881226, 'blob_response': -0.05058428645133972, 'vessel_centre': [317.0, 213.0]}, {'vessel_blob_score': -0.5595284243161456, 'centre': [387.0, 204.0], 'radius': 45.254833995939045, 'blob_score': 0.7401895225048065, 'blob_contrast': 0.03403282165527344, 'blob_brightness': 0.9941913485527039, 'blob_response': -0.051113784313201904, 'vessel_centre': [317.0, 213.0]}, {'vessel_blob_score': -0.9667648721949451, 'centre': [238.0, 254.0], 'radius': 45.254833995939045, 'blob_score': 0.7254283547401428, 'blob_contrast': 0.01689678430557251, 'blob_brightness': 0.9961740374565125, 'blob_response': -0.05604872107505798, 'vessel_centre': [317.0, 213.0]}, {'vessel_blob_score': 0.6980020180901946, 'centre': [286.0, 228.0], 'radius': 114.03503592196344, 'blob_score': 0.8247226059436797, 'blob_contrast': 0.11579036712646484, 'blob_brightness': 0.9938563704490662, 'blob_response': -0.06616389751434326, 'vessel_centre': [317.0, 213.0]}]"
normal/normal_0734_EDD.jpg,normal,3,"[{'vessel_blob_score': -3.766516291411878, 'centre': [251.0, 294.0], 'radius': 35.918785545899944, 'blob_score': 0.7287342071533203, 'blob_contrast': 0.019607901573181152, 'blob_brightness': 0.990685224533081, 'blob_response': -0.07823324203491211, 'vessel_centre': [115.0, 190.0]}, {'vessel_blob_score': -1.2889425096537481, 'centre': [218.0, 179.0], 'radius': 45.254833995939045, 'blob_score': 0.734980434179306, 'blob_contrast': 0.02485179901123047, 'blob_brightness': 0.9932166934013367, 'blob_response': -0.07438474893569946, 'vessel_centre': [115.0, 190.0]}, {'vessel_blob_score': -2.4962312298387817, 'centre': [240.0, 287.0], 'radius': 45.254833995939045, 'blob_score': 0.7362466156482695, 'blob_contrast': 0.026584148406982422, 'blob_brightness': 0.9912895560264587, 'blob_response': -0.07879889011383057, 'vessel_centre': [115.0, 190.0]}]"
normal/normal_0735_EDD.jpg,normal,0,[]
normal/normal_0736_EDD.jpg,normal,3,"[{'vessel_blob_score': -1.3860209676283484, 'centre': [209.0, 282.0], 'radius': 35.918785545899944, 'blob_score': 0.7175311267375946, 'blob_contrast': 0.012167215347290039, 'blob_brightness': 0.9961287975311279, 'blob_response': -0.04036876559257507, 'vessel_centre': [266.0, 218.0]}, {'vessel_blob_score': -3.0602417385838123, 'centre': [316.0, 355.0], 'radius': 35.918785545899944, 'blob_score': 0.7438644826412201, 'blob_contrast': 0.04099768400192261, 'blob_brightness': 0.9921588897705078, 'blob_response': -0.04177787899971008, 'vessel_centre': [266.0, 218.0]}, {'vessel_blob_score': -0.5789493599846649, 'centre': [354.0, 199.0], 'radius': 57.01751796098172, 'blob_score': 0.7457797706127166, 'blob_contrast': 0.0409926176071167, 'blob_brightness': 0.9929974675178528, 'blob_response': -0.04844462871551514, 'vessel_centre': [266.0, 218.0]}]"
normal/normal_0737_EDD.jpg,normal,0,[]
normal/normal_0738_EDD.jpg,normal,0,[]
normal/normal_0739_EDD.jpg,normal,4,"[{'vessel_blob_score': -1.0323627007576484, 'centre': [155.0, 235.0], 'radius': 35.918785545899944, 'blob_score': 0.7116080582141876, 'blob_contrast': 0.00889742374420166, 'blob_brightness': 0.9963271021842957, 'blob_response': -0.02640831470489502, 'vessel_centre': [100.0, 187.0]}, {'vessel_blob_score': 0.6836178635731783, 'centre': [103.0, 173.0], 'radius': 45.254833995939045, 'blob_score': 0.7192404150962829, 'blob_contrast': 0.0230293869972229, 'blob_brightness': 0.984576404094696, 'blob_response': -0.035037726163864136, 'vessel_centre': [100.0, 187.0]}, {'vessel_blob_score': -3.277998308934915, 'centre': [255.0, 303.0], 'radius': 45.254833995939045, 'blob_score': 0.7265428781509399, 'blob_contrast': 0.022187650203704834, 'blob_brightness': 0.9919547438621521, 'blob_response': -0.04993453621864319, 'vessel_centre': [100.0, 187.0]}, {'vessel_blob_score': 0.6384351885994768, 'centre': [116.0, 174.0], 'radius': 57.01751796098172, 'blob_score': 0.7268965244293213, 'blob_contrast': 0.029164254665374756, 'blob_brightness': 0.9870891571044922, 'blob_response': -0.03384929895401001, 'vessel_centre': [100.0, 187.0]}]"
normal/normal_0740_EDD.jpg,normal,2,"[{'vessel_blob_score': -3.3475014517727617, 'centre': [372.0, 167.0], 'radius': 35.918785545899944, 'blob_score': 0.6252398937940596, 'blob_contrast': 0.02282428741455078, 'blob_brightness': 0.8552406430244446, 'blob_response': -0.01873578131198883, 'vessel_centre': [501.0, 255.0]}, {'vessel_blob_score': -1.5636430377492103, 'centre': [385.0, 257.0], 'radius': 45.254833995939045, 'blob_score': 0.6494811743497848, 'blob_contrast': 0.03851348161697388, 'blob_brightness': 0.863827645778656, 'blob_response': -0.03144170343875885, 'vessel_centre': [501.0, 255.0]}]"
normal/normal_0741_EDD.jpg,normal,0,[]
normal/normal_0742_EDD.jpg,normal,0,[]
normal/normal_0743_EDD.jpg,normal,0,[]
normal/normal_0744_EDD.jpg,normal,0,[]
normal/normal_0745_EDD.jpg,normal,0,[]
normal/normal_0746_EDD.jpg,normal,0,[]
normal/normal_0747_EDD.jpg,normal,2,"[{'vessel_blob_score': -1.6004884364086704, 'centre': [325.0, 341.0], 'radius': 57.01751796098172, 'blob_score': 0.6978631377220154, 'blob_contrast': 0.0291825532913208, 'blob_brightness': 0.9410325288772583, 'blob_response': -0.04978907108306885, 'vessel_centre': [421.0, 228.0]}, {'vessel_blob_score': 0.3698454740601318, 'centre': [364.0, 226.0], 'radius': 90.50966799187809, 'blob_score': 0.7555158495903014, 'blob_contrast': 0.09150952100753784, 'blob_brightness': 0.9275902509689331, 'blob_response': -0.07346576452255249, 'vessel_centre': [421.0, 228.0]}]"
normal/normal_0748_EDD.jpg,normal,1,"[{'vessel_blob_score': -2.532683913635933, 'centre': [233.0, 192.0], 'radius': 35.918785545899944, 'blob_score': 0.6253028899431228, 'blob_contrast': 0.03650480508804321, 'blob_brightness': 0.8342752456665039, 'blob_response': -0.024027064442634583, 'vessel_centre': [107.0, 177.0]}]"
normal/normal_0749_EDD.jpg,normal,0,[]
normal/normal_0750_EDD.jpg,normal,0,[]
normal/normal_0751_EDD.jpg,normal,0,[]
normal/normal_0752_EDD.jpg,normal,2,"[{'vessel_blob_score': -2.463326277763907, 'centre': [254.0, 320.0], 'radius': 45.254833995939045, 'blob_score': 0.7031554222106934, 'blob_contrast': 0.049641549587249756, 'blob_brightness': 0.9195243120193481, 'blob_response': -0.04923427104949951, 'vessel_centre': [135.0, 218.0]}, {'vessel_blob_score': -1.5742745441096533, 'centre': [273.0, 168.0], 'radius': 57.01751796098172, 'blob_score': 0.766046804189682, 'blob_contrast': 0.07655727863311768, 'blob_brightness': 0.9556726217269897, 'blob_response': -0.10259345173835754, 'vessel_centre': [135.0, 218.0]}]"
normal/normal_0753_EDD.jpg,normal,1,"[{'vessel_blob_score': -0.20874316969051132, 'centre': [219.0, 160.0], 'radius': 35.918785545899944, 'blob_score': 0.741641217470169, 'blob_contrast': 0.03690427541732788, 'blob_brightness': 0.9848052859306335, 'blob_response': -0.07686620950698853, 'vessel_centre': [240.0, 198.0]}]"
normal/normal_0754_EDD.jpg,normal,1,"[{'vessel_blob_score': -0.28338755294376594, 'centre': [103.0, 227.0], 'radius': 35.918785545899944, 'blob_score': 0.738364189863205, 'blob_contrast': 0.03359109163284302, 'blob_brightness': 0.9877070784568787, 'blob_response': -0.06689071655273438, 'vessel_centre': [122.0, 185.0]}]"
normal/normal_0755_EDD.jpg,normal,1,"[{'vessel_blob_score': -3.0675847298883507, 'centre': [236.0, 288.0], 'radius': 35.918785545899944, 'blob_score': 0.6627805054187774, 'blob_contrast': 0.03805893659591675, 'blob_brightness': 0.8801294565200806, 'blob_response': -0.043154746294021606, 'vessel_centre': [141.0, 177.0]}]"
normal/normal_0756_EDD.jpg,normal,2,"[{'vessel_blob_score': -2.3408701930262716, 'centre': [373.0, 189.0], 'radius': 35.918785545899944, 'blob_score': 0.7315701365470886, 'blob_contrast': 0.025846242904663086, 'blob_brightness': 0.9861512184143066, 'blob_response': -0.07709020376205444, 'vessel_centre': [493.0, 189.0]}, {'vessel_blob_score': 0.5033174797894169, 'centre': [474.0, 210.0], 'radius': 57.01751796098172, 'blob_score': 0.7846342980861664, 'blob_contrast': 0.07731574773788452, 'blob_brightness': 0.9798082709312439, 'blob_response': -0.10726380348205566, 'vessel_centre': [493.0, 189.0]}]"
normal/normal_0757_EDD.jpg,normal,1,"[{'vessel_blob_score': -1.6490711815653425, 'centre': [267.0, 295.0], 'radius': 45.254833995939045, 'blob_score': 0.7472795724868775, 'blob_contrast': 0.053072333335876465, 'blob_brightness': 0.968748927116394, 'blob_response': -0.08041495084762573, 'vessel_centre': [323.0, 189.0]}]"
normal/normal_0758_EDD.jpg,normal,0,[]
normal/normal_0759_EDD.jpg,normal,2,"[{'vessel_blob_score': -2.0934385407930383, 'centre': [266.0, 311.0], 'radius': 35.918785545899944, 'blob_score': 0.7286744177341461, 'blob_contrast': 0.04059392213821411, 'blob_brightness': 0.96450275182724, 'blob_response': -0.06464284658432007, 'vessel_centre': [271.0, 200.0]}, {'vessel_blob_score': 0.2441633360970109, 'centre': [304.0, 209.0], 'radius': 45.254833995939045, 'blob_score': 0.8023494958877563, 'blob_contrast': 0.0865945816040039, 'blob_brightness': 0.9851793050765991, 'blob_response': -0.13064700365066528, 'vessel_centre': [271.0, 200.0]}]"
normal/normal_0760_EDD.jpg,normal,0,[]
normal/normal_0761_EDD.jpg,normal,2,"[{'vessel_blob_score': -2.046986360182504, 'centre': [321.0, 194.0], 'radius': 35.918785545899944, 'blob_score': 0.7218698978424072, 'blob_contrast': 0.01720130443572998, 'blob_brightness': 0.9929870963096619, 'blob_response': -0.0478881299495697, 'vessel_centre': [428.0, 217.0]}, {'vessel_blob_score': 0.5677978957161018, 'centre': [424.0, 202.0], 'radius': 35.918785545899944, 'blob_score': 0.7346597969532012, 'blob_contrast': 0.03433680534362793, 'blob_brightness': 0.9862924814224243, 'blob_response': -0.049591273069381714, 'vessel_centre': [428.0, 217.0]}]"
normal/normal_0762_EDD.jpg,normal,2,"[{'vessel_blob_score': -0.43831047256148414, 'centre': [336.0, 274.0], 'radius': 35.918785545899944, 'blob_score': 0.719116461277008, 'blob_contrast': 0.016453564167022705, 'blob_brightness': 0.9906890392303467, 'blob_response': -0.04590284824371338, 'vessel_centre': [301.0, 236.0]}, {'vessel_blob_score': -2.2781032667659504, 'centre': [259.0, 346.0], 'radius': 35.918785545899944, 'blob_score': 0.7364336967468261, 'blob_contrast': 0.0327376127243042, 'blob_brightness': 0.9891525506973267, 'blob_response': -0.05644649267196655, 'vessel_centre': [301.0, 236.0]}]"
normal/normal_0763_EDD.jpg,normal,2,"[{'vessel_blob_score': -1.3149576122971416, 'centre': [263.0, 150.0], 'radius': 35.918785545899944, 'blob_score': 0.7395000636577606, 'blob_contrast': 0.0321384072303772, 'blob_brightness': 0.9920359253883362, 'blob_response': -0.06468254327774048, 'vessel_centre': [268.0, 233.0]}, {'vessel_blob_score': -1.0002641708175855, 'centre': [197.0, 222.0], 'radius': 35.918785545899944, 'blob_score': 0.7252157747745513, 'blob_contrast': 0.019512653350830078, 'blob_brightness': 0.992459774017334, 'blob_response': -0.05490639805793762, 'vessel_centre': [268.0, 233.0]}]"
normal/normal_0764_EDD.jpg,normal,2,"[{'vessel_blob_score': -0.45891040662640736, 'centre': [180.0, 159.0], 'radius': 35.918785545899944, 'blob_score': 0.7283328056335449, 'blob_contrast': 0.020727455615997314, 'blob_brightness': 0.9929367303848267, 'blob_response': -0.06274819374084473, 'vessel_centre': [145.0, 198.0]}, {'vessel_blob_score': -2.391755745591065, 'centre': [226.0, 289.0], 'radius': 35.918785545899944, 'blob_score': 0.7251691102981567, 'blob_contrast': 0.02217310667037964, 'blob_brightness': 0.9890481233596802, 'blob_response': -0.05331158638000488, 'vessel_centre': [145.0, 198.0]}]"
normal/normal_0765_EDD.jpg,normal,0,[]
normal/normal_0766_EDD.jpg,normal,4,"[{'vessel_blob_score': -2.1802918135145903, 'centre': [346.0, 204.0], 'radius': 35.918785545899944, 'blob_score': 0.6560898780822754, 'blob_contrast': 0.031811296939849854, 'blob_brightness': 0.8833195567131042, 'blob_response': -0.029774457216262817, 'vessel_centre': [453.0, 244.0]}, {'vessel_blob_score': -1.7193785193036293, 'centre': [341.0, 193.0], 'radius': 45.254833995939045, 'blob_score': 0.65548597574234, 'blob_contrast': 0.036651670932769775, 'blob_brightness': 0.8758445382118225, 'blob_response': -0.02871564030647278, 'vessel_centre': [453.0, 244.0]}, {'vessel_blob_score': -1.471912531320637, 'centre': [370.0, 319.0], 'radius': 45.254833995939045, 'blob_score': 0.6369752764701843, 'blob_contrast': 0.029300391674041748, 'blob_brightness': 0.8652474880218506, 'blob_response': -0.01000821590423584, 'vessel_centre': [453.0, 244.0]}, {'vessel_blob_score': -1.3720415293090569, 'centre': [347.0, 328.0], 'radius': 57.01751796098172, 'blob_score': 0.648001480102539, 'blob_contrast': 0.04624742269515991, 'blob_brightness': 0.8571024537086487, 'blob_response': -0.008911699056625366, 'vessel_centre': [453.0, 244.0]}]"
normal/normal_0767_EDD.jpg,normal,1,"[{'vessel_blob_score': -2.565334484513913, 'centre': [373.0, 194.0], 'radius': 35.918785545899944, 'blob_score': 0.664458292722702, 'blob_contrast': 0.023132026195526123, 'blob_brightness': 0.9102780222892761, 'blob_response': -0.020658254623413086, 'vessel_centre': [501.0, 190.0]}]"
normal/normal_0768_EDD.jpg,normal,2,"[{'vessel_blob_score': -1.9409886199201787, 'centre': [241.0, 176.0], 'radius': 45.254833995939045, 'blob_score': 0.7567287564277648, 'blob_contrast': 0.04404032230377197, 'blob_brightness': 0.9932302236557007, 'blob_response': -0.08713638782501221, 'vessel_centre': [108.0, 181.0]}, {'vessel_blob_score': -1.1573030425079867, 'centre': [231.0, 180.0], 'radius': 57.01751796098172, 'blob_score': 0.7630941927433014, 'blob_contrast': 0.05168783664703369, 'blob_brightness': 0.991847813129425, 'blob_response': -0.08556443452835083, 'vessel_centre': [108.0, 181.0]}]"
normal/normal_0769_EDD.jpg,normal,1,"[{'vessel_blob_score': 0.8500738617609189, 'centre': [302.0, 192.0], 'radius': 71.83757109179989, 'blob_score': 0.7611765503883362, 'blob_contrast': 0.04905217885971069, 'blob_brightness': 0.9835963249206543, 'blob_response': -0.1180347204208374, 'vessel_centre': [312.0, 188.0]}]"
normal/normal_0770_EDD.jpg,normal,2,"[{'vessel_blob_score': -2.0259296092275507, 'centre': [232.0, 179.0], 'radius': 45.254833995939045, 'blob_score': 0.7412684381008148, 'blob_contrast': 0.040068984031677246, 'blob_brightness': 0.977331280708313, 'blob_response': -0.08533778786659241, 'vessel_centre': [96.0, 195.0]}, {'vessel_blob_score': 0.3639432772854999, 'centre': [166.0, 214.0], 'radius': 114.03503592196344, 'blob_score': 0.77129487991333, 'blob_contrast': 0.1010599136352539, 'blob_brightness': 0.9358729720115662, 'blob_response': -0.07561942934989929, 'vessel_centre': [96.0, 195.0]}]"
normal/normal_0771_EDD.jpg,normal,4,"[{'vessel_blob_score': -5.2070145507614916, 'centre': [255.0, 174.0], 'radius': 35.918785545899944, 'blob_score': 0.7233284533023834, 'blob_contrast': 0.032327234745025635, 'blob_brightness': 0.9687919020652771, 'blob_response': -0.06423443555831909, 'vessel_centre': [314.0, 389.0]}, {'vessel_blob_score': -4.89497678957103, 'centre': [417.0, 204.0], 'radius': 35.918785545899944, 'blob_score': 0.7406251728534698, 'blob_contrast': 0.03357571363449097, 'blob_brightness': 0.9830346703529358, 'blob_response': -0.09462594985961914, 'vessel_centre': [314.0, 389.0]}, {'vessel_blob_score': -2.8867291301909246, 'centre': [387.0, 270.0], 'radius': 35.918785545899944, 'blob_score': 0.7343478739261627, 'blob_contrast': 0.036731600761413574, 'blob_brightness': 0.9747028350830078, 'blob_response': -0.07662144303321838, 'vessel_centre': [314.0, 389.0]}, {'vessel_blob_score': -3.54432381177332, 'centre': [417.0, 211.0], 'radius': 45.254833995939045, 'blob_score': 0.7424823284149169, 'blob_contrast': 0.03882664442062378, 'blob_brightness': 0.9783663749694824, 'blob_response': -0.09399610757827759, 'vessel_centre': [314.0, 389.0]}]"
normal/normal_0772_EDD.jpg,normal,3,"[{'vessel_blob_score': -0.884130998145052, 'centre': [303.0, 143.0], 'radius': 35.918785545899944, 'blob_score': 0.7226522207260131, 'blob_contrast': 0.019799649715423584, 'blob_brightness': 0.9905091524124146, 'blob_response': -0.04748082160949707, 'vessel_centre': [341.0, 199.0]}, {'vessel_blob_score': -1.8785064593116427, 'centre': [238.0, 208.0], 'radius': 35.918785545899944, 'blob_score': 0.730147784948349, 'blob_contrast': 0.019116580486297607, 'blob_brightness': 0.9949513077735901, 'blob_response': -0.07282644510269165, 'vessel_centre': [341.0, 199.0]}, {'vessel_blob_score': -1.0692129640427686, 'centre': [371.0, 267.0], 'radius': 35.918785545899944, 'blob_score': 0.7339551210403442, 'blob_contrast': 0.0262831449508667, 'blob_brightness': 0.9916082620620728, 'blob_response': -0.06773096323013306, 'vessel_centre': [341.0, 199.0]}]"
normal/normal_0773_EDD.jpg,normal,1,"[{'vessel_blob_score': 0.44843311222641247, 'centre': [450.0, 208.0], 'radius': 71.83757109179989, 'blob_score': 0.8255460619926451, 'blob_contrast': 0.1156226396560669, 'blob_brightness': 0.9751845598220825, 'blob_response': -0.13647115230560303, 'vessel_centre': [489.0, 215.0]}]"
normal/normal_0774_EDD.jpg,normal,0,[]
normal/normal_0775_EDD.jpg,normal,1,"[{'vessel_blob_score': -2.257353459865846, 'centre': [341.0, 320.0], 'radius': 45.254833995939045, 'blob_score': 0.6587183386087417, 'blob_contrast': 0.028539001941680908, 'blob_brightness': 0.8918445706367493, 'blob_response': -0.029440686106681824, 'vessel_centre': [428.0, 201.0]}]"
normal/normal_0776_EDD.jpg,normal,0,[]
normal/normal_0777_EDD.jpg,normal,2,"[{'vessel_blob_score': -3.4120080959839587, 'centre': [220.0, 305.0], 'radius': 35.918785545899944, 'blob_score': 0.6862839519977569, 'blob_contrast': 0.03154158592224121, 'blob_brightness': 0.9213161468505859, 'blob_response': -0.049105316400527954, 'vessel_centre': [137.0, 170.0]}, {'vessel_blob_score': -2.675961821414907, 'centre': [222.0, 313.0], 'radius': 45.254833995939045, 'blob_score': 0.689924293756485, 'blob_contrast': 0.03917193412780762, 'blob_brightness': 0.9154874086380005, 'blob_response': -0.04955586791038513, 'vessel_centre': [137.0, 170.0]}]"
normal/normal_0778_EDD.jpg,normal,0,[]
normal/normal_0779_EDD.jpg,normal,4,"[{'vessel_blob_score': -1.6726961544210175, 'centre': [264.0, 188.0], 'radius': 35.918785545899944, 'blob_score': 0.7264162838459014, 'blob_contrast': 0.017016053199768066, 'blob_brightness': 0.9958336353302002, 'blob_response': -0.06158342957496643, 'vessel_centre': [360.0, 188.0]}, {'vessel_blob_score': -1.139562990768649, 'centre': [401.0, 253.0], 'radius': 35.918785545899944, 'blob_score': 0.7219706714153289, 'blob_contrast': 0.015668153762817383, 'blob_brightness': 0.9960901141166687, 'blob_response': -0.04519718885421753, 'vessel_centre': [360.0, 188.0]}, {'vessel_blob_score': -3.078906988034875, 'centre': [252.0, 287.0], 'radius': 35.918785545899944, 'blob_score': 0.722056496143341, 'blob_contrast': 0.014992058277130127, 'blob_brightness': 0.9963242411613464, 'blob_response': -0.04818734526634216, 'vessel_centre': [360.0, 188.0]}, {'vessel_blob_score': -0.9898423696991678, 'centre': [270.0, 185.0], 'radius': 45.254833995939045, 'blob_score': 0.7300153255462647, 'blob_contrast': 0.021575987339019775, 'blob_brightness': 0.9949865937232971, 'blob_response': -0.05974361300468445, 'vessel_centre': [360.0, 188.0]}]"
normal/normal_0780_EDD.jpg,normal,0,[]
normal/normal_0781_EDD.jpg,normal,1,"[{'vessel_blob_score': 0.18688331776422518, 'centre': [268.0, 179.0], 'radius': 35.918785545899944, 'blob_score': 0.7170342147350312, 'blob_contrast': 0.013081252574920654, 'blob_brightness': 0.9921714663505554, 'blob_response': -0.0471646785736084, 'vessel_centre': [291.0, 197.0]}]"
normal/normal_0782_EDD.jpg,normal,0,[]
normal/normal_0783_EDD.jpg,normal,2,"[{'vessel_blob_score': -2.3898127335977715, 'centre': [378.0, 240.0], 'radius': 35.918785545899944, 'blob_score': 0.6496830761432647, 'blob_contrast': 0.024974405765533447, 'blob_brightness': 0.8841254711151123, 'blob_response': -0.02910420298576355, 'vessel_centre': [494.0, 203.0]}, {'vessel_blob_score': -1.7951723169153633, 'centre': [370.0, 178.0], 'radius': 45.254833995939045, 'blob_score': 0.6636607497930526, 'blob_contrast': 0.03890872001647949, 'blob_brightness': 0.883315920829773, 'blob_response': -0.032154425978660583, 'vessel_centre': [494.0, 203.0]}]"
normal/normal_0784_EDD.jpg,normal,1,"[{'vessel_blob_score': -2.967942681706431, 'centre': [227.0, 229.0], 'radius': 35.918785545899944, 'blob_score': 0.6875199198722839, 'blob_contrast': 0.03110414743423462, 'blob_brightness': 0.9241772294044495, 'blob_response': -0.04745855927467346, 'vessel_centre': [104.0, 157.0]}]"
normal/normal_0785_EDD.jpg,normal,0,[]
normal/normal_0786_EDD.jpg,normal,0,[]
normal/normal_0787_EDD.jpg,normal,1,"[{'vessel_blob_score': -3.6104546642941475, 'centre': [250.0, 292.0], 'radius': 35.918785545899944, 'blob_score': 0.6830239325761794, 'blob_contrast': 0.030152082443237305, 'blob_brightness': 0.9218453764915466, 'blob_response': -0.03790043294429779, 'vessel_centre': [118.0, 192.0]}]"
normal/normal_0788_EDD.jpg,normal,0,[]
normal/normal_0789_EDD.jpg,normal,0,[]
normal/normal_0790_EDD.jpg,normal,3,"[{'vessel_blob_score': 0.20373980195956565, 'centre': [224.0, 164.0], 'radius': 35.918785545899944, 'blob_score': 0.726663464307785, 'blob_contrast': 0.02257317304611206, 'blob_brightness': 0.9908565282821655, 'blob_response': -0.05245360732078552, 'vessel_centre': [207.0, 187.0]}, {'vessel_blob_score': -1.8375552486228588, 'centre': [305.0, 215.0], 'radius': 35.918785545899944, 'blob_score': 0.7443433582782745, 'blob_contrast': 0.04506129026412964, 'blob_brightness': 0.9884907603263855, 'blob_response': -0.036692678928375244, 'vessel_centre': [207.0, 187.0]}, {'vessel_blob_score': -1.5815791255063245, 'centre': [302.0, 119.0], 'radius': 45.254833995939045, 'blob_score': 0.7647282540798187, 'blob_contrast': 0.06411176919937134, 'blob_brightness': 0.9840690493583679, 'blob_response': -0.05884075164794922, 'vessel_centre': [207.0, 187.0]}]"
normal/normal_0791_EDD.jpg,normal,3,"[{'vessel_blob_score': -2.042276655212621, 'centre': [246.0, 86.0], 'radius': 35.918785545899944, 'blob_score': 0.758688747882843, 'blob_contrast': 0.055034339427948, 'blob_brightness': 0.9856519103050232, 'blob_response': -0.06849035620689392, 'vessel_centre': [151.0, 140.0]}, {'vessel_blob_score': 0.4206749551681299, 'centre': [168.0, 128.0], 'radius': 35.918785545899944, 'blob_score': 0.7602190494537353, 'blob_contrast': 0.05508613586425781, 'blob_brightness': 0.9869639873504639, 'blob_response': -0.07129061222076416, 'vessel_centre': [151.0, 140.0]}, {'vessel_blob_score': -1.7689837660617629, 'centre': [247.0, 166.0], 'radius': 35.918785545899944, 'blob_score': 0.7404518008232116, 'blob_contrast': 0.04614460468292236, 'blob_brightness': 0.9814613461494446, 'blob_response': -0.0364212691783905, 'vessel_centre': [151.0, 140.0]}]"
normal/normal_0792_EDD.jpg,normal,4,"[{'vessel_blob_score': -1.78419769363337, 'centre': [258.0, 146.0], 'radius': 35.918785545899944, 'blob_score': 0.7278691411018372, 'blob_contrast': 0.035166382789611816, 'blob_brightness': 0.9712022542953491, 'blob_response': -0.06430590152740479, 'vessel_centre': [323.0, 222.0]}, {'vessel_blob_score': 0.6737404215965453, 'centre': [310.0, 215.0], 'radius': 45.254833995939045, 'blob_score': 0.7620235979557037, 'blob_contrast': 0.04850274324417114, 'blob_brightness': 0.9879967570304871, 'blob_response': -0.10961562395095825, 'vessel_centre': [323.0, 222.0]}, {'vessel_blob_score': -1.5507543308303915, 'centre': [246.0, 308.0], 'radius': 45.254833995939045, 'blob_score': 0.7619693517684937, 'blob_contrast': 0.06030839681625366, 'blob_brightness': 0.9731816053390503, 'blob_response': -0.10216915607452393, 'vessel_centre': [323.0, 222.0]}, {'vessel_blob_score': 0.5996769898569319, 'centre': [303.0, 211.0], 'radius': 57.01751796098172, 'blob_score': 0.7440503418445586, 'blob_contrast': 0.039953649044036865, 'blob_brightness': 0.9746031165122986, 'blob_response': -0.10937255620956421, 'vessel_centre': [323.0, 222.0]}]"
normal/normal_0793_EDD.jpg,normal,0,[]
normal/normal_0794_EDD.jpg,normal,0,[]
normal/normal_0795_EDD.jpg,normal,0,[]
normal/normal_0796_EDD.jpg,normal,4,"[{'vessel_blob_score': 0.5823912258717161, 'centre': [475.0, 198.0], 'radius': 35.918785545899944, 'blob_score': 0.7717392325401307, 'blob_contrast': 0.0610661506652832, 'blob_brightness': 0.9873509407043457, 'blob_response': -0.0976371169090271, 'vessel_centre': [487.0, 189.0]}, {'vessel_blob_score': -1.514217385688835, 'centre': [376.0, 164.0], 'radius': 45.254833995939045, 'blob_score': 0.7368666112422942, 'blob_contrast': 0.026532649993896484, 'blob_brightness': 0.9914694428443909, 'blob_response': -0.0815267562866211, 'vessel_centre': [487.0, 189.0]}, {'vessel_blob_score': 0.552568091772614, 'centre': [468.0, 196.0], 'radius': 45.254833995939045, 'blob_score': 0.7685940980911254, 'blob_contrast': 0.060179948806762695, 'blob_brightness': 0.983561635017395, 'blob_response': -0.0996050238609314, 'vessel_centre': [487.0, 189.0]}, {'vessel_blob_score': -0.9851918408276872, 'centre': [374.0, 276.0], 'radius': 71.83757109179989, 'blob_score': 0.7759543240070342, 'blob_contrast': 0.06411391496658325, 'blob_brightness': 0.987771213054657, 'blob_response': -0.10200279951095581, 'vessel_centre': [487.0, 189.0]}]"
normal/normal_0797_EDD.jpg,normal,2,"[{'vessel_blob_score': -2.2755013155002177, 'centre': [285.0, 310.0], 'radius': 35.918785545899944, 'blob_score': 0.738918113708496, 'blob_contrast': 0.033877670764923096, 'blob_brightness': 0.9915821552276611, 'blob_response': -0.054664671421051025, 'vessel_centre': [324.0, 199.0]}, {'vessel_blob_score': -1.0978271869365215, 'centre': [237.0, 161.0], 'radius': 45.254833995939045, 'blob_score': 0.7367351293563843, 'blob_contrast': 0.02741420269012451, 'blob_brightness': 0.9939861297607422, 'blob_response': -0.06765317916870117, 'vessel_centre': [324.0, 199.0]}]"
normal/normal_0798_EDD.jpg,normal,4,"[{'vessel_blob_score': -1.0608421367246934, 'centre': [172.0, 237.0], 'radius': 45.254833995939045, 'blob_score': 0.7342650294303894, 'blob_contrast': 0.032643914222717285, 'blob_brightness': 0.9909725785255432, 'blob_response': -0.03970155119895935, 'vessel_centre': [265.0, 230.0]}, {'vessel_blob_score': -1.4527766472408365, 'centre': [370.0, 266.0], 'radius': 45.254833995939045, 'blob_score': 0.7345521867275238, 'blob_contrast': 0.02926766872406006, 'blob_brightness': 0.9944750070571899, 'blob_response': -0.04576006531715393, 'vessel_centre': [265.0, 230.0]}, {'vessel_blob_score': -0.9302677314260115, 'centre': [362.0, 178.0], 'radius': 57.01751796098172, 'blob_score': 0.7456701636314391, 'blob_contrast': 0.04110085964202881, 'blob_brightness': 0.9928246736526489, 'blob_response': -0.04796016216278076, 'vessel_centre': [265.0, 230.0]}, {'vessel_blob_score': -0.850952606153607, 'centre': [368.0, 253.0], 'radius': 57.01751796098172, 'blob_score': 0.7461827158927917, 'blob_contrast': 0.04322618246078491, 'blob_brightness': 0.9913263320922852, 'blob_response': -0.04514050483703613, 'vessel_centre': [265.0, 230.0]}]"
normal/normal_0799_EDD.jpg,normal,0,[]
normal/normal_0800_EDD.jpg,normal,3,"[{'vessel_blob_score': -2.5788960948457818, 'centre': [240.0, 168.0], 'radius': 35.918785545899944, 'blob_score': 0.7078813195228576, 'blob_contrast': 0.025030136108398438, 'blob_brightness': 0.9601805806159973, 'blob_response': -0.05362388491630554, 'vessel_centre': [115.0, 198.0]}, {'vessel_blob_score': 0.7231242945832914, 'centre': [126.0, 192.0], 'radius': 45.254833995939045, 'blob_score': 0.7856781482696533, 'blob_contrast': 0.07329946756362915, 'blob_brightness': 0.9812263250350952, 'blob_response': -0.1276012659072876, 'vessel_centre': [115.0, 198.0]}, {'vessel_blob_score': -0.902095330857986, 'centre': [206.0, 257.0], 'radius': 57.01751796098172, 'blob_score': 0.7382196843624115, 'blob_contrast': 0.04207736253738403, 'blob_brightness': 0.9696871042251587, 'blob_response': -0.08680674433708191, 'vessel_centre': [115.0, 198.0]}]"
normal/normal_0801_EDD.jpg,normal,0,[]
normal/normal_0802_EDD.jpg,normal,10,"[{'vessel_blob_score': -0.7484241997040171, 'centre': [252.0, 135.0], 'radius': 35.918785545899944, 'blob_score': 0.7243617415428162, 'blob_contrast': 0.023161470890045166, 'blob_brightness': 0.992514967918396, 'blob_response': -0.032198965549468994, 'vessel_centre': [262.0, 197.0]}, {'vessel_blob_score': -1.6040994390596208, 'centre': [355.0, 187.0], 'radius': 35.918785545899944, 'blob_score': 0.7288800597190856, 'blob_contrast': 0.0232008695602417, 'blob_brightness': 0.99470454454422, 'blob_response': -0.04693004488945007, 'vessel_centre': [262.0, 197.0]}, {'vessel_blob_score': -2.3635298256375012, 'centre': [222.0, 311.0], 'radius': 35.918785545899944, 'blob_score': 0.7251027345657348, 'blob_contrast': 0.021479129791259766, 'blob_brightness': 0.9945458173751831, 'blob_response': -0.03720766305923462, 'vessel_centre': [262.0, 197.0]}, {'vessel_blob_score': -0.3422957246821581, 'centre': [241.0, 140.0], 'radius': 45.254833995939045, 'blob_score': 0.7321272373199463, 'blob_contrast': 0.031245946884155273, 'blob_brightness': 0.9919911623001099, 'blob_response': -0.03243738412857056, 'vessel_centre': [262.0, 197.0]}, {'vessel_blob_score': -0.928659265526184, 'centre': [349.0, 190.0], 'radius': 45.254833995939045, 'blob_score': 0.7359964728355408, 'blob_contrast': 0.030864715576171875, 'blob_brightness': 0.9938269853591919, 'blob_response': -0.04726433753967285, 'vessel_centre': [262.0, 197.0]}, {'vessel_blob_score': -0.9276463141613918, 'centre': [339.0, 238.0], 'radius': 45.254833995939045, 'blob_score': 0.7230060279369354, 'blob_contrast': 0.020658493041992188, 'blob_brightness': 0.9925415515899658, 'blob_response': -0.037842243909835815, 'vessel_centre': [262.0, 197.0]}, {'vessel_blob_score': -1.5415492629988505, 'centre': [260.0, 312.0], 'radius': 45.254833995939045, 'blob_score': 0.7346481382846831, 'blob_contrast': 0.032363057136535645, 'blob_brightness': 0.9922240376472473, 'blob_response': -0.038641273975372314, 'vessel_centre': [262.0, 197.0]}, {'vessel_blob_score': -0.40318717153960293, 'centre': [342.0, 196.0], 'radius': 57.01751796098172, 'blob_score': 0.7450423479080199, 'blob_contrast': 0.041333019733428955, 'blob_brightness': 0.9918767809867859, 'blob_response': -0.04697790741920471, 'vessel_centre': [262.0, 197.0]}, {'vessel_blob_score': -0.9375841976392003, 'centre': [244.0, 306.0], 'radius': 57.01751796098172, 'blob_score': 0.7427868425846099, 'blob_contrast': 0.04170048236846924, 'blob_brightness': 0.9903149008750916, 'blob_response': -0.0393296480178833, 'vessel_centre': [262.0, 197.0]}, {'vessel_blob_score': -0.19884351837462266, 'centre': [178.0, 216.0], 'radius': 71.83757109179989, 'blob_score': 0.7467835247516632, 'blob_contrast': 0.0407634973526001, 'blob_brightness': 0.9916302561759949, 'blob_response': -0.059394240379333496, 'vessel_centre': [262.0, 197.0]}]"
normal/normal_0803_EDD.jpg,normal,1,"[{'vessel_blob_score': 0.7363389899107761, 'centre': [310.0, 205.0], 'radius': 57.01751796098172, 'blob_score': 0.7607649624347687, 'blob_contrast': 0.07483327388763428, 'blob_brightness': 0.942558228969574, 'blob_response': -0.13070464134216309, 'vessel_centre': [295.0, 206.0]}]"
normal/normal_0804_EDD.jpg,normal,1,"[{'vessel_blob_score': -2.570548235022123, 'centre': [373.0, 185.0], 'radius': 35.918785545899944, 'blob_score': 0.6814485907554626, 'blob_contrast': 0.02894747257232666, 'blob_brightness': 0.9229928851127625, 'blob_response': -0.03203049302101135, 'vessel_centre': [501.0, 193.0]}]"
normal/normal_0805_EDD.jpg,normal,2,"[{'vessel_blob_score': -2.30506558308457, 'centre': [227.0, 168.0], 'radius': 35.918785545899944, 'blob_score': 0.7340226709842682, 'blob_contrast': 0.028746306896209717, 'blob_brightness': 0.9862973093986511, 'blob_response': -0.07434123754501343, 'vessel_centre': [109.0, 181.0]}, {'vessel_blob_score': -3.156087428864189, 'centre': [218.0, 283.0], 'radius': 35.918785545899944, 'blob_score': 0.7327437996864319, 'blob_contrast': 0.02549797296524048, 'blob_brightness': 0.986454963684082, 'blob_response': -0.08363676071166992, 'vessel_centre': [109.0, 181.0]}]"
normal/normal_0806_EDD.jpg,normal,6,"[{'vessel_blob_score': -1.9066424018064523, 'centre': [208.0, 262.0], 'radius': 35.918785545899944, 'blob_score': 0.7235314846038817, 'blob_contrast': 0.018844962120056152, 'blob_brightness': 0.9945129752159119, 'blob_response': -0.04263719916343689, 'vessel_centre': [308.0, 232.0]}, {'vessel_blob_score': -1.8567479116897818, 'centre': [285.0, 332.0], 'radius': 35.918785545899944, 'blob_score': 0.734191209077835, 'blob_contrast': 0.031084716320037842, 'blob_brightness': 0.9940581917762756, 'blob_response': -0.036328792572021484, 'vessel_centre': [308.0, 232.0]}, {'vessel_blob_score': -0.7506974056786626, 'centre': [387.0, 238.0], 'radius': 45.254833995939045, 'blob_score': 0.7267781734466552, 'blob_contrast': 0.01870858669281006, 'blob_brightness': 0.9958047270774841, 'blob_response': -0.055031388998031616, 'vessel_centre': [308.0, 232.0]}, {'vessel_blob_score': -1.1009670392464512, 'centre': [284.0, 324.0], 'radius': 45.254833995939045, 'blob_score': 0.7359324932098388, 'blob_contrast': 0.033147990703582764, 'blob_brightness': 0.9936840534210205, 'blob_response': -0.03602832555770874, 'vessel_centre': [308.0, 232.0]}, {'vessel_blob_score': -0.3586372118209169, 'centre': [357.0, 172.0], 'radius': 57.01751796098172, 'blob_score': 0.739246028661728, 'blob_contrast': 0.03676503896713257, 'blob_brightness': 0.992564857006073, 'blob_response': -0.03842794895172119, 'vessel_centre': [308.0, 232.0]}, {'vessel_blob_score': -0.5913684721663921, 'centre': [231.0, 184.0], 'radius': 57.01751796098172, 'blob_score': 0.731890058517456, 'blob_contrast': 0.0289270281791687, 'blob_brightness': 0.9933434724807739, 'blob_response': -0.03811299800872803, 'vessel_centre': [308.0, 232.0]}]"
normal/normal_0807_EDD.jpg,normal,0,[]
normal/normal_0808_EDD.jpg,normal,0,[]
normal/normal_0809_EDD.jpg,normal,0,[]
normal/normal_0810_EDD.jpg,normal,0,[]
normal/normal_0811_EDD.jpg,normal,2,"[{'vessel_blob_score': -2.464111699482288, 'centre': [221.0, 193.0], 'radius': 35.918785545899944, 'blob_score': 0.7171291828155517, 'blob_contrast': 0.03537261486053467, 'blob_brightness': 0.9578263759613037, 'blob_response': -0.05639052391052246, 'vessel_centre': [100.0, 164.0]}, {'vessel_blob_score': 0.4199777752102942, 'centre': [120.0, 181.0], 'radius': 45.254833995939045, 'blob_score': 0.7812124669551849, 'blob_contrast': 0.07929408550262451, 'blob_brightness': 0.9688252806663513, 'blob_response': -0.11870342493057251, 'vessel_centre': [100.0, 164.0]}]"
normal/normal_0812_EDD.jpg,normal,5,"[{'vessel_blob_score': -0.7039711689078476, 'centre': [253.0, 141.0], 'radius': 35.918785545899944, 'blob_score': 0.7339682519435883, 'blob_contrast': 0.02822810411453247, 'blob_brightness': 0.9950577020645142, 'blob_response': -0.04599878191947937, 'vessel_centre': [248.0, 202.0]}, {'vessel_blob_score': -0.9369959021639669, 'centre': [176.0, 252.0], 'radius': 45.254833995939045, 'blob_score': 0.723923635482788, 'blob_contrast': 0.017011046409606934, 'blob_brightness': 0.993174135684967, 'blob_response': -0.05845347046852112, 'vessel_centre': [248.0, 202.0]}, {'vessel_blob_score': -1.8474392278413951, 'centre': [302.0, 319.0], 'radius': 45.254833995939045, 'blob_score': 0.7336504220962524, 'blob_contrast': 0.03277212381362915, 'blob_brightness': 0.9927493929862976, 'blob_response': -0.02976861596107483, 'vessel_centre': [248.0, 202.0]}, {'vessel_blob_score': -0.7231490504472977, 'centre': [346.0, 195.0], 'radius': 57.01751796098172, 'blob_score': 0.7431596994400024, 'blob_contrast': 0.03660625219345093, 'blob_brightness': 0.9945235252380371, 'blob_response': -0.051934897899627686, 'vessel_centre': [248.0, 202.0]}, {'vessel_blob_score': -0.20231363914551737, 'centre': [334.0, 194.0], 'radius': 71.83757109179989, 'blob_score': 0.7564518451690674, 'blob_contrast': 0.050742149353027344, 'blob_brightness': 0.993340790271759, 'blob_response': -0.05185571312904358, 'vessel_centre': [248.0, 202.0]}]"
normal/normal_0813_EDD.jpg,normal,0,[]
normal/normal_0814_EDD.jpg,normal,1,"[{'vessel_blob_score': -2.177365837140912, 'centre': [324.0, 164.0], 'radius': 35.918785545899944, 'blob_score': 0.6458145886659621, 'blob_contrast': 0.029976844787597656, 'blob_brightness': 0.8721528649330139, 'blob_response': -0.02665369212627411, 'vessel_centre': [428.0, 211.0]}]"
normal/normal_0815_EDD.jpg,normal,0,[]
normal/normal_0816_EDD.jpg,normal,0,[]
normal/normal_0817_EDD.jpg,normal,1,"[{'vessel_blob_score': -1.934244446415415, 'centre': [436.0, 294.0], 'radius': 35.918785545899944, 'blob_score': 0.6932563543319702, 'blob_contrast': 0.024403929710388184, 'blob_brightness': 0.9443413615226746, 'blob_response': -0.039067357778549194, 'vessel_centre': [494.0, 206.0]}]"
normal/normal_0818_EDD.jpg,normal,4,"[{'vessel_blob_score': -2.2565154936923975, 'centre': [271.0, 313.0], 'radius': 35.918785545899944, 'blob_score': 0.7346787929534911, 'blob_contrast': 0.02814924716949463, 'blob_brightness': 0.9926871061325073, 'blob_response': -0.058242857456207275, 'vessel_centre': [330.0, 212.0]}, {'vessel_blob_score': -0.5601544895458268, 'centre': [262.0, 193.0], 'radius': 45.254833995939045, 'blob_score': 0.7339857518672943, 'blob_contrast': 0.025096356868743896, 'blob_brightness': 0.994296133518219, 'blob_response': -0.0644105076789856, 'vessel_centre': [330.0, 212.0]}, {'vessel_blob_score': -0.08710219395491392, 'centre': [271.0, 193.0], 'radius': 57.01751796098172, 'blob_score': 0.7419699311256408, 'blob_contrast': 0.03441441059112549, 'blob_brightness': 0.9927226901054382, 'blob_response': -0.06324818730354309, 'vessel_centre': [330.0, 212.0]}, {'vessel_blob_score': -0.765210144530748, 'centre': [283.0, 301.0], 'radius': 57.01751796098172, 'blob_score': 0.7486751556396485, 'blob_contrast': 0.04476368427276611, 'blob_brightness': 0.9904560446739197, 'blob_response': -0.05296120047569275, 'vessel_centre': [330.0, 212.0]}]"
normal/normal_0819_EDD.jpg,normal,0,[]
normal/normal_0820_EDD.jpg,normal,2,"[{'vessel_blob_score': -2.8112123666944804, 'centre': [379.0, 272.0], 'radius': 35.918785545899944, 'blob_score': 0.6906632840633392, 'blob_contrast': 0.022513866424560547, 'blob_brightness': 0.9421855807304382, 'blob_response': -0.04309755563735962, 'vessel_centre': [503.0, 214.0]}, {'vessel_blob_score': -1.9768803143979436, 'centre': [385.0, 279.0], 'radius': 45.254833995939045, 'blob_score': 0.6949999988079071, 'blob_contrast': 0.02923029661178589, 'blob_brightness': 0.9385760426521301, 'blob_response': -0.043832361698150635, 'vessel_centre': [503.0, 214.0]}]"
normal/normal_0821_EDD.jpg,normal,0,[]
normal/normal_0822_EDD.jpg,normal,1,"[{'vessel_blob_score': 0.5129886654385319, 'centre': [272.0, 225.0], 'radius': 35.918785545899944, 'blob_score': 0.7482360303401946, 'blob_contrast': 0.039653480052948, 'blob_brightness': 0.9858183264732361, 'blob_response': -0.09254860877990723, 'vessel_centre': [281.0, 240.0]}]"
normal/normal_0823_EDD.jpg,normal,1,"[{'vessel_blob_score': -2.9199899513128003, 'centre': [255.0, 333.0], 'radius': 35.918785545899944, 'blob_score': 0.6588758051395416, 'blob_contrast': 0.05283147096633911, 'blob_brightness': 0.8524307608604431, 'blob_response': -0.04671400785446167, 'vessel_centre': [304.0, 201.0]}]"
normal/normal_0824_EDD.jpg,normal,1,"[{'vessel_blob_score': -1.9807659593872753, 'centre': [358.0, 331.0], 'radius': 57.01751796098172, 'blob_score': 0.7824997425079345, 'blob_contrast': 0.09981030225753784, 'blob_brightness': 0.9429823160171509, 'blob_response': -0.11300909519195557, 'vessel_centre': [445.0, 185.0]}]"
normal/normal_0825_EDD.jpg,normal,0,[]
normal/normal_0826_EDD.jpg,normal,0,[]
normal/normal_0827_EDD.jpg,normal,1,"[{'vessel_blob_score': -1.8764432518737442, 'centre': [210.0, 281.0], 'radius': 45.254833995939045, 'blob_score': 0.7020959258079529, 'blob_contrast': 0.04210972785949707, 'blob_brightness': 0.9279007315635681, 'blob_response': -0.05227842926979065, 'vessel_centre': [99.0, 213.0]}]"
normal/normal_0828_EDD.jpg,normal,2,"[{'vessel_blob_score': 0.4977746638121169, 'centre': [123.0, 177.0], 'radius': 57.01751796098172, 'blob_score': 0.7624733924865722, 'blob_contrast': 0.054130494594573975, 'blob_brightness': 0.9770467281341553, 'blob_response': -0.122050940990448, 'vessel_centre': [97.0, 189.0]}, {'vessel_blob_score': -1.3499585792955893, 'centre': [210.0, 261.0], 'radius': 57.01751796098172, 'blob_score': 0.7418582141399384, 'blob_contrast': 0.03968513011932373, 'blob_brightness': 0.9785212874412537, 'blob_response': -0.0860409140586853, 'vessel_centre': [97.0, 189.0]}]"
normal/normal_0829_EDD.jpg,normal,0,[]
normal/normal_0830_EDD.jpg,normal,0,[]
normal/normal_0831_EDD.jpg,normal,0,[]
normal/normal_0832_EDD.jpg,normal,1,"[{'vessel_blob_score': -2.6224869932843724, 'centre': [336.0, 307.0], 'radius': 35.918785545899944, 'blob_score': 0.6189274400472641, 'blob_contrast': 0.028631150722503662, 'blob_brightness': 0.8352892994880676, 'blob_response': -0.02796889841556549, 'vessel_centre': [429.0, 216.0]}]"
normal/normal_0833_EDD.jpg,normal,1,"[{'vessel_blob_score': -1.9692433800549258, 'centre': [366.0, 183.0], 'radius': 45.254833995939045, 'blob_score': 0.6803766816854477, 'blob_contrast': 0.03270190954208374, 'blob_brightness': 0.9144142270088196, 'blob_response': -0.03792406618595123, 'vessel_centre': [496.0, 217.0]}]"
normal/normal_0834_EDD.jpg,normal,0,[]
normal/normal_0835_EDD.jpg,normal,0,[]
normal/normal_0836_EDD.jpg,normal,0,[]
normal/normal_0837_EDD.jpg,normal,0,[]
normal/normal_0838_EDD.jpg,normal,0,[]
normal/normal_0839_EDD.jpg,normal,2,"[{'vessel_blob_score': -3.1348658299628305, 'centre': [370.0, 295.0], 'radius': 35.918785545899944, 'blob_score': 0.7008348345756531, 'blob_contrast': 0.033055126667022705, 'blob_brightness': 0.9386414289474487, 'blob_response': -0.0536535382270813, 'vessel_centre': [473.0, 188.0]}, {'vessel_blob_score': -2.109414258546133, 'centre': [374.0, 288.0], 'radius': 45.254833995939045, 'blob_score': 0.7082248449325561, 'blob_contrast': 0.04232686758041382, 'blob_brightness': 0.9356679916381836, 'blob_response': -0.05465191602706909, 'vessel_centre': [473.0, 188.0]}]"
normal/normal_0840_EDD.jpg,normal,1,"[{'vessel_blob_score': -1.4277245486191101, 'centre': [333.0, 168.0], 'radius': 35.918785545899944, 'blob_score': 0.7289348602294922, 'blob_contrast': 0.02211594581604004, 'blob_brightness': 0.9901878833770752, 'blob_response': -0.06843698024749756, 'vessel_centre': [281.0, 238.0]}]"
normal/normal_0841_EDD.jpg,normal,1,"[{'vessel_blob_score': -4.318426225340756, 'centre': [241.0, 309.0], 'radius': 35.918785545899944, 'blob_score': 0.7273276388645171, 'blob_contrast': 0.014814376831054688, 'blob_brightness': 0.9965080618858337, 'blob_response': -0.07478809356689453, 'vessel_centre': [94.0, 187.0]}]"
normal/normal_0842_EDD.jpg,normal,2,"[{'vessel_blob_score': -2.4380586224018628, 'centre': [376.0, 271.0], 'radius': 35.918785545899944, 'blob_score': 0.7176078081130981, 'blob_contrast': 0.02470463514328003, 'blob_brightness': 0.97130286693573, 'blob_response': -0.06495583057403564, 'vessel_centre': [495.0, 238.0]}, {'vessel_blob_score': 0.22913147602849937, 'centre': [479.0, 207.0], 'radius': 45.254833995939045, 'blob_score': 0.8110428035259246, 'blob_contrast': 0.09802049398422241, 'blob_brightness': 0.9831590056419373, 'blob_response': -0.12405502796173096, 'vessel_centre': [495.0, 238.0]}]"
normal/normal_0843_EDD.jpg,normal,2,"[{'vessel_blob_score': -2.4370439635743146, 'centre': [376.0, 177.0], 'radius': 35.918785545899944, 'blob_score': 0.6894218862056731, 'blob_contrast': 0.029710710048675537, 'blob_brightness': 0.9311649799346924, 'blob_response': -0.039478451013565063, 'vessel_centre': [496.0, 206.0]}, {'vessel_blob_score': -2.524336557814706, 'centre': [384.0, 265.0], 'radius': 35.918785545899944, 'blob_score': 0.6890720844268798, 'blob_contrast': 0.030751705169677734, 'blob_brightness': 0.9305225014686584, 'blob_response': -0.03477314114570618, 'vessel_centre': [496.0, 206.0]}]"
normal/normal_0844_EDD.jpg,normal,0,[]
normal/normal_0845_EDD.jpg,normal,0,[]
normal/normal_0846_EDD.jpg,normal,1,"[{'vessel_blob_score': 0.6838207445357983, 'centre': [132.0, 183.0], 'radius': 57.01751796098172, 'blob_score': 0.7869090259075164, 'blob_contrast': 0.0819287896156311, 'blob_brightness': 0.9721264243125916, 'blob_response': -0.12245869636535645, 'vessel_centre': [114.0, 184.0]}]"
normal/normal_0847_EDD.jpg,normal,3,"[{'vessel_blob_score': -2.887526735192178, 'centre': [361.0, 174.0], 'radius': 35.918785545899944, 'blob_score': 0.6313461214303969, 'blob_contrast': 0.02544790506362915, 'blob_brightness': 0.8606029748916626, 'blob_response': -0.017380669713020325, 'vessel_centre': [498.0, 201.0]}, {'vessel_blob_score': -5.076859604783542, 'centre': [223.0, 199.0], 'radius': 45.254833995939045, 'blob_score': 0.6624570488929749, 'blob_contrast': 0.03684943914413452, 'blob_brightness': 0.8814719319343567, 'blob_response': -0.04288628697395325, 'vessel_centre': [498.0, 201.0]}, {'vessel_blob_score': -3.910802779949183, 'centre': [218.0, 200.0], 'radius': 57.01751796098172, 'blob_score': 0.6708869874477386, 'blob_contrast': 0.049481868743896484, 'blob_brightness': 0.8754331469535828, 'blob_response': -0.04300957918167114, 'vessel_centre': [498.0, 201.0]}]"
normal/normal_0848_EDD.jpg,normal,4,"[{'vessel_blob_score': 0.7704206552112504, 'centre': [486.0, 195.0], 'radius': 35.918785545899944, 'blob_score': 0.7605648577213286, 'blob_contrast': 0.056473731994628906, 'blob_brightness': 0.98866206407547, 'blob_response': -0.06013840436935425, 'vessel_centre': [494.0, 193.0]}, {'vessel_blob_score': 0.6541258809190835, 'centre': [480.0, 200.0], 'radius': 45.254833995939045, 'blob_score': 0.7555616438388825, 'blob_contrast': 0.053869009017944336, 'blob_brightness': 0.9854364395141602, 'blob_response': -0.059435635805130005, 'vessel_centre': [494.0, 193.0]}, {'vessel_blob_score': -3.3089319478555232, 'centre': [326.0, 292.0], 'radius': 45.254833995939045, 'blob_score': 0.7339127480983734, 'blob_contrast': 0.0285184383392334, 'blob_brightness': 0.9922709465026855, 'blob_response': -0.05402323603630066, 'vessel_centre': [494.0, 193.0]}, {'vessel_blob_score': -1.3013519632304251, 'centre': [367.0, 160.0], 'radius': 57.01751796098172, 'blob_score': 0.7563209116458892, 'blob_contrast': 0.04254406690597534, 'blob_brightness': 0.9951608777046204, 'blob_response': -0.08582115173339844, 'vessel_centre': [494.0, 193.0]}]"
normal/normal_0849_EDD.jpg,normal,2,"[{'vessel_blob_score': -6.92909439063589, 'centre': [229.0, 218.0], 'radius': 35.918785545899944, 'blob_score': 0.6362302884459495, 'blob_contrast': 0.02286970615386963, 'blob_brightness': 0.8716516494750977, 'blob_response': -0.01602213829755783, 'vessel_centre': [512.0, 186.0]}, {'vessel_blob_score': -3.1912796283184743, 'centre': [370.0, 236.0], 'radius': 35.918785545899944, 'blob_score': 0.6569455862045288, 'blob_contrast': 0.02653944492340088, 'blob_brightness': 0.8907204866409302, 'blob_response': -0.03450900316238403, 'vessel_centre': [512.0, 186.0]}]"
normal/normal_0850_EDD.jpg,normal,0,[]
normal/normal_0851_EDD.jpg,normal,1,"[{'vessel_blob_score': 0.4026612530703294, 'centre': [469.0, 205.0], 'radius': 57.01751796098172, 'blob_score': 0.7881191432476043, 'blob_contrast': 0.08483004570007324, 'blob_brightness': 0.970147430896759, 'blob_response': -0.12092947959899902, 'vessel_centre': [503.0, 203.0]}]"
normal/normal_0852_EDD.jpg,normal,2,"[{'vessel_blob_score': -2.347012675455, 'centre': [220.0, 252.0], 'radius': 35.918785545899944, 'blob_score': 0.7278484582901, 'blob_contrast': 0.024984359741210938, 'blob_brightness': 0.9850723743438721, 'blob_response': -0.06656718254089355, 'vessel_centre': [117.0, 190.0]}, {'vessel_blob_score': -0.7804919305958562, 'centre': [106.0, 253.0], 'radius': 35.918785545899944, 'blob_score': 0.7456956684589386, 'blob_contrast': 0.04141998291015625, 'blob_brightness': 0.9852203726768494, 'blob_response': -0.07310712337493896, 'vessel_centre': [117.0, 190.0]}]"
normal/normal_0853_EDD.jpg,normal,0,[]
normal/normal_0854_EDD.jpg,normal,1,"[{'vessel_blob_score': -0.9266408943239774, 'centre': [307.0, 159.0], 'radius': 35.918785545899944, 'blob_score': 0.7328405916690826, 'blob_contrast': 0.02916043996810913, 'blob_brightness': 0.9849368929862976, 'blob_response': -0.07112163305282593, 'vessel_centre': [252.0, 201.0]}]"
normal/normal_0855_EDD.jpg,normal,3,"[{'vessel_blob_score': 0.7339158380324, 'centre': [128.0, 186.0], 'radius': 45.254833995939045, 'blob_score': 0.7715620279312133, 'blob_contrast': 0.06315284967422485, 'blob_brightness': 0.9810068607330322, 'blob_response': -0.10852187871932983, 'vessel_centre': [120.0, 177.0]}, {'vessel_blob_score': -2.422196046583246, 'centre': [231.0, 285.0], 'radius': 45.254833995939045, 'blob_score': 0.7128163516521454, 'blob_contrast': 0.028646230697631836, 'blob_brightness': 0.961821973323822, 'blob_response': -0.054473698139190674, 'vessel_centre': [120.0, 177.0]}, {'vessel_blob_score': 0.21193438811387, 'centre': [166.0, 210.0], 'radius': 71.83757109179989, 'blob_score': 0.7934808135032654, 'blob_contrast': 0.08048176765441895, 'blob_brightness': 0.9807800054550171, 'blob_response': -0.13226521015167236, 'vessel_centre': [120.0, 177.0]}]"
normal/normal_0856_EDD.jpg,normal,2,"[{'vessel_blob_score': -2.987331646743094, 'centre': [416.0, 301.0], 'radius': 35.918785545899944, 'blob_score': 0.6951194345951079, 'blob_contrast': 0.02529621124267578, 'blob_brightness': 0.9485057592391968, 'blob_response': -0.029345959424972534, 'vessel_centre': [500.0, 185.0]}, {'vessel_blob_score': 0.45710859363323086, 'centre': [464.0, 200.0], 'radius': 71.83757109179989, 'blob_score': 0.8040648639202117, 'blob_contrast': 0.10229939222335815, 'blob_brightness': 0.9662145972251892, 'blob_response': -0.12707626819610596, 'vessel_centre': [500.0, 185.0]}]"
normal/normal_0857_EDD.jpg,normal,1,"[{'vessel_blob_score': -0.28847050800551877, 'centre': [311.0, 164.0], 'radius': 45.254833995939045, 'blob_score': 0.7536382973194122, 'blob_contrast': 0.04125785827636719, 'blob_brightness': 0.9927216172218323, 'blob_response': -0.08737653493881226, 'vessel_centre': [257.0, 186.0]}]"
normal/normal_0858_EDD.jpg,normal,0,[]
normal/normal_0859_EDD.jpg,normal,4,"[{'vessel_blob_score': 0.18071066457636809, 'centre': [122.0, 187.0], 'radius': 35.918785545899944, 'blob_score': 0.7264496564865113, 'blob_contrast': 0.028528988361358643, 'blob_brightness': 0.9870684146881104, 'blob_response': -0.03486388921737671, 'vessel_centre': [117.0, 216.0]}, {'vessel_blob_score': -3.595805166665353, 'centre': [252.0, 311.0], 'radius': 35.918785545899944, 'blob_score': 0.7305236876010894, 'blob_contrast': 0.02285069227218628, 'blob_brightness': 0.9953470230102539, 'blob_response': -0.05465039610862732, 'vessel_centre': [117.0, 216.0]}, {'vessel_blob_score': -0.848256315915016, 'centre': [240.0, 166.0], 'radius': 71.83757109179989, 'blob_score': 0.7585984647274017, 'blob_contrast': 0.04859441518783569, 'blob_brightness': 0.9937097430229187, 'blob_response': -0.07203614711761475, 'vessel_centre': [117.0, 216.0]}, {'vessel_blob_score': -0.32439734230800243, 'centre': [230.0, 176.0], 'radius': 90.50966799187809, 'blob_score': 0.7649552166461944, 'blob_contrast': 0.05924767255783081, 'blob_brightness': 0.9881449937820435, 'blob_response': -0.07003024220466614, 'vessel_centre': [117.0, 216.0]}]"
normal/normal_0860_EDD.jpg,normal,0,[]
normal/normal_0861_EDD.jpg,normal,0,[]
normal/normal_0862_EDD.jpg,normal,1,"[{'vessel_blob_score': 0.601383486505136, 'centre': [448.0, 200.0], 'radius': 71.83757109179989, 'blob_score': 0.841683542728424, 'blob_contrast': 0.15579599142074585, 'blob_brightness': 0.9401106834411621, 'blob_response': -0.13905036449432373, 'vessel_centre': [474.0, 212.0]}]"
normal/normal_0863_EDD.jpg,normal,0,[]
normal/normal_0864_EDD.jpg,normal,3,"[{'vessel_blob_score': -1.5004882335755947, 'centre': [377.0, 171.0], 'radius': 45.254833995939045, 'blob_score': 0.7405337870121002, 'blob_contrast': 0.028091490268707275, 'blob_brightness': 0.9939706921577454, 'blob_response': -0.08331406116485596, 'vessel_centre': [488.0, 193.0]}, {'vessel_blob_score': 0.7127378701429651, 'centre': [475.0, 193.0], 'radius': 45.254833995939045, 'blob_score': 0.767379093170166, 'blob_contrast': 0.05798429250717163, 'blob_brightness': 0.9881840944290161, 'blob_response': -0.08832967281341553, 'vessel_centre': [488.0, 193.0]}, {'vessel_blob_score': -2.4979465070650573, 'centre': [331.0, 316.0], 'radius': 57.01751796098172, 'blob_score': 0.7624134242534637, 'blob_contrast': 0.05823659896850586, 'blob_brightness': 0.9856862425804138, 'blob_response': -0.07098227739334106, 'vessel_centre': [488.0, 193.0]}]"
normal/normal_0865_EDD.jpg,normal,2,"[{'vessel_blob_score': -1.9396546559563528, 'centre': [247.0, 267.0], 'radius': 35.918785545899944, 'blob_score': 0.7245437026023864, 'blob_contrast': 0.01741790771484375, 'blob_brightness': 0.9911893606185913, 'blob_response': -0.06646621227264404, 'vessel_centre': [340.0, 217.0]}, {'vessel_blob_score': -1.216768481371025, 'centre': [248.0, 177.0], 'radius': 45.254833995939045, 'blob_score': 0.7421937644481659, 'blob_contrast': 0.030927181243896484, 'blob_brightness': 0.991156280040741, 'blob_response': -0.08728593587875366, 'vessel_centre': [340.0, 217.0]}]"
normal/normal_0866_EDD.jpg,normal,17,"[{'vessel_blob_score': -7.137503422402288, 'centre': [405.0, 197.0], 'radius': 35.918785545899944, 'blob_score': 0.6859325766563414, 'blob_contrast': 0.007610023021697998, 'blob_brightness': 0.9677537679672241, 'blob_response': -0.00447458028793335, 'vessel_centre': [113.0, 184.0]}, {'vessel_blob_score': -7.867171671591215, 'centre': [417.0, 279.0], 'radius': 35.918785545899944, 'blob_score': 0.6832698762416839, 'blob_contrast': 0.011349201202392578, 'blob_brightness': 0.9586828351020813, 'blob_response': -0.004213452339172363, 'vessel_centre': [113.0, 184.0]}, {'vessel_blob_score': -7.865947817617267, 'centre': [416.0, 282.0], 'radius': 35.918785545899944, 'blob_score': 0.6839707314968109, 'blob_contrast': 0.011571228504180908, 'blob_brightness': 0.9593659043312073, 'blob_response': -0.0042168498039245605, 'vessel_centre': [113.0, 184.0]}, {'vessel_blob_score': -7.856807279556328, 'centre': [415.0, 284.0], 'radius': 35.918785545899944, 'blob_score': 0.6848571896553038, 'blob_contrast': 0.011827290058135986, 'blob_brightness': 0.9602667093276978, 'blob_response': -0.004216015338897705, 'vessel_centre': [113.0, 184.0]}, {'vessel_blob_score': -2.511447235381755, 'centre': [55.0, 296.0], 'radius': 35.918785545899944, 'blob_score': 0.6610728204250335, 'blob_contrast': 0.0012617707252502441, 'blob_brightness': 0.9412180781364441, 'blob_response': -0.004791975021362305, 'vessel_centre': [113.0, 184.0]}, {'vessel_blob_score': -5.985546183570322, 'centre': [244.0, 398.0], 'radius': 35.918785545899944, 'blob_score': 0.6696269631385803, 'blob_contrast': 0.011763513088226318, 'blob_brightness': 0.9383927583694458, 'blob_response': -0.004942595958709717, 'vessel_centre': [113.0, 184.0]}, {'vessel_blob_score': -2.8030107316440747, 'centre': [247.0, 76.0], 'radius': 45.254833995939045, 'blob_score': 0.6827699899673462, 'blob_contrast': 0.017583012580871582, 'blob_brightness': 0.9486207962036133, 'blob_response': -0.0057621002197265625, 'vessel_centre': [113.0, 184.0]}, {'vessel_blob_score': -3.5994331342296952, 'centre': [316.0, 230.0], 'radius': 45.254833995939045, 'blob_score': 0.6545854449272155, 'blob_contrast': -0.027172625064849854, 'blob_brightness': 0.9694406986236572, 'blob_response': -0.015747904777526855, 'vessel_centre': [113.0, 184.0]}, {'vessel_blob_score': -1.7523072707275982, 'centre': [46.0, 289.0], 'radius': 45.254833995939045, 'blob_score': 0.645083063840866, 'blob_contrast': -0.010631978511810303, 'blob_brightness': 0.9354245066642761, 'blob_response': -0.004589438438415527, 'vessel_centre': [113.0, 184.0]}, {'vessel_blob_score': -3.3052475248236304, 'centre': [131.0, 378.0], 'radius': 45.254833995939045, 'blob_score': 0.6867989122867584, 'blob_contrast': 0.02807384729385376, 'blob_brightness': 0.9399052262306213, 'blob_response': -0.003957033157348633, 'vessel_centre': [113.0, 184.0]}, {'vessel_blob_score': -4.296851954227152, 'centre': [221.0, 398.0], 'radius': 45.254833995939045, 'blob_score': 0.6759076416492462, 'blob_contrast': 0.019356489181518555, 'blob_brightness': 0.9364725947380066, 'blob_response': -0.005101680755615234, 'vessel_centre': [113.0, 184.0]}, {'vessel_blob_score': -2.8772316390974524, 'centre': [307.0, 78.0], 'radius': 57.01751796098172, 'blob_score': 0.6552109360694884, 'blob_contrast': 0.006881237030029297, 'blob_brightness': 0.9248659610748291, 'blob_response': -0.004617631435394287, 'vessel_centre': [113.0, 184.0]}, {'vessel_blob_score': -3.3146060850159733, 'centre': [219.0, 406.0], 'radius': 57.01751796098172, 'blob_score': 0.6637599766254424, 'blob_contrast': 0.020528197288513184, 'blob_brightness': 0.9174512028694153, 'blob_response': -0.005079686641693115, 'vessel_centre': [113.0, 184.0]}, {'vessel_blob_score': -4.067252051147592, 'centre': [293.0, 410.0], 'radius': 57.01751796098172, 'blob_score': 0.6429685115814209, 'blob_contrast': 0.012141764163970947, 'blob_brightness': 0.8999166488647461, 'blob_response': -0.004425466060638428, 'vessel_centre': [113.0, 184.0]}, {'vessel_blob_score': -1.6290196187167134, 'centre': [250.0, 54.0], 'radius': 71.83757109179989, 'blob_score': 0.6199135601520538, 'blob_contrast': -0.021524131298065186, 'blob_brightness': 0.9148781895637512, 'blob_response': -0.00511479377746582, 'vessel_centre': [113.0, 184.0]}, {'vessel_blob_score': -2.522274134996234, 'centre': [214.0, 416.0], 'radius': 71.83757109179989, 'blob_score': 0.6298210978507995, 'blob_contrast': 0.001608431339263916, 'blob_brightness': 0.8960630893707275, 'blob_response': -0.004842519760131836, 'vessel_centre': [113.0, 184.0]}, {'vessel_blob_score': -2.2248972578265405, 'centre': [468.0, 280.0], 'radius': 114.03503592196344, 'blob_score': 0.618331217765808, 'blob_contrast': 0.004430174827575684, 'blob_brightness': 0.8763078451156616, 'blob_response': -0.0024277567863464355, 'vessel_centre': [113.0, 184.0]}]"
normal/normal_0867_EDD.jpg,normal,18,"[{'vessel_blob_score': -5.327167247472831, 'centre': [315.0, 84.0], 'radius': 35.918785545899944, 'blob_score': 0.690951919555664, 'blob_contrast': 0.01639401912689209, 'blob_brightness': 0.9617063999176025, 'blob_response': -0.0068171024322509766, 'vessel_centre': [500.0, 216.0]}, {'vessel_blob_score': -7.985395137116939, 'centre': [180.0, 174.0], 'radius': 35.918785545899944, 'blob_score': 0.6845251500606536, 'blob_contrast': -0.0061776041984558105, 'blob_brightness': 0.9840874075889587, 'blob_response': -0.009207844734191895, 'vessel_centre': [500.0, 216.0]}, {'vessel_blob_score': -9.401244024683692, 'centre': [129.0, 260.0], 'radius': 35.918785545899944, 'blob_score': 0.6714121639728546, 'blob_contrast': -0.005488038063049316, 'blob_brightness': 0.9653154015541077, 'blob_response': -0.005897104740142822, 'vessel_centre': [500.0, 216.0]}, {'vessel_blob_score': -0.7680415490684311, 'centre': [508.0, 279.0], 'radius': 35.918785545899944, 'blob_score': 0.6674703896045684, 'blob_contrast': 0.013212859630584717, 'blob_brightness': 0.9330759644508362, 'blob_response': -0.0055217742919921875, 'vessel_centre': [500.0, 216.0]}, {'vessel_blob_score': -3.220856718167224, 'centre': [433.0, 352.0], 'radius': 35.918785545899944, 'blob_score': 0.685513037443161, 'blob_contrast': 0.014625191688537598, 'blob_brightness': 0.9568879008293152, 'blob_response': -0.005331575870513916, 'vessel_centre': [500.0, 216.0]}, {'vessel_blob_score': -8.039276728644687, 'centre': [209.0, 360.0], 'radius': 35.918785545899944, 'blob_score': 0.6742155730724334, 'blob_contrast': 0.004718959331512451, 'blob_brightness': 0.9548096060752869, 'blob_response': -0.005649447441101074, 'vessel_centre': [500.0, 216.0]}, {'vessel_blob_score': -5.410935786314662, 'centre': [247.0, 74.0], 'radius': 45.254833995939045, 'blob_score': 0.6806624531745911, 'blob_contrast': 0.02128654718399048, 'blob_brightness': 0.9405784606933594, 'blob_response': -0.004854917526245117, 'vessel_centre': [500.0, 216.0]}, {'vessel_blob_score': -3.938389951441664, 'centre': [325.0, 77.0], 'radius': 45.254833995939045, 'blob_score': 0.6781223893165589, 'blob_contrast': 0.015032827854156494, 'blob_brightness': 0.9453803300857544, 'blob_response': -0.006616652011871338, 'vessel_centre': [500.0, 216.0]}, {'vessel_blob_score': -0.6750116604071743, 'centre': [489.0, 141.0], 'radius': 45.254833995939045, 'blob_score': 0.6741231977939605, 'blob_contrast': 0.013178646564483643, 'blob_brightness': 0.9426450133323669, 'blob_response': -0.005465209484100342, 'vessel_centre': [500.0, 216.0]}, {'vessel_blob_score': -3.4187544200826547, 'centre': [302.0, 244.0], 'radius': 45.254833995939045, 'blob_score': 0.6512365579605103, 'blob_contrast': -0.029881954193115234, 'blob_brightness': 0.9678870439529419, 'blob_response': -0.01798790693283081, 'vessel_centre': [500.0, 216.0]}, {'vessel_blob_score': -2.4619161285695523, 'centre': [436.0, 359.0], 'radius': 45.254833995939045, 'blob_score': 0.6801317989826202, 'blob_contrast': 0.018707334995269775, 'blob_brightness': 0.9434075951576233, 'blob_response': -0.005195736885070801, 'vessel_centre': [500.0, 216.0]}, {'vessel_blob_score': -6.21546868063676, 'centre': [211.0, 368.0], 'radius': 45.254833995939045, 'blob_score': 0.6664216458797455, 'blob_contrast': 0.004512369632720947, 'blob_brightness': 0.9440389275550842, 'blob_response': -0.005410134792327881, 'vessel_centre': [500.0, 216.0]}, {'vessel_blob_score': -2.979648391818886, 'centre': [328.0, 68.0], 'radius': 57.01751796098172, 'blob_score': 0.6434527516365051, 'blob_contrast': -0.007100880146026611, 'blob_brightness': 0.9275916814804077, 'blob_response': -0.0061972737312316895, 'vessel_centre': [500.0, 216.0]}, {'vessel_blob_score': -2.9531258960862106, 'centre': [330.0, 68.0], 'radius': 57.01751796098172, 'blob_score': 0.643347704410553, 'blob_contrast': -0.007184445858001709, 'blob_brightness': 0.9275609254837036, 'blob_response': -0.006197512149810791, 'vessel_centre': [500.0, 216.0]}, {'vessel_blob_score': -2.2890796824313764, 'centre': [328.0, 54.0], 'radius': 71.83757109179989, 'blob_score': 0.6027856588363647, 'blob_contrast': -0.034944117069244385, 'blob_brightness': 0.9094017744064331, 'blob_response': -0.005742669105529785, 'vessel_centre': [500.0, 216.0]}, {'vessel_blob_score': -1.9939957139192606, 'centre': [392.0, 402.0], 'radius': 71.83757109179989, 'blob_score': 0.6313554644584656, 'blob_contrast': 0.006675004959106445, 'blob_brightness': 0.8911303281784058, 'blob_response': -0.004446148872375488, 'vessel_centre': [500.0, 216.0]}, {'vessel_blob_score': -2.060565533250057, 'centre': [386.0, 404.0], 'radius': 71.83757109179989, 'blob_score': 0.6293632984161377, 'blob_contrast': 0.0054222941398620605, 'blob_brightness': 0.8900748491287231, 'blob_response': -0.004443049430847168, 'vessel_centre': [500.0, 216.0]}, {'vessel_blob_score': -3.2019340784929025, 'centre': [132.0, 120.0], 'radius': 90.50966799187809, 'blob_score': 0.6548944354057311, 'blob_contrast': -0.0007781982421875, 'blob_brightness': 0.9357073307037354, 'blob_response': -0.0033875107765197754, 'vessel_centre': [500.0, 216.0]}]"
normal/normal_0868_EDD.jpg,normal,5,"[{'vessel_blob_score': -1.6201229915522126, 'centre': [382.0, 283.0], 'radius': 35.918785545899944, 'blob_score': 0.7210052788257598, 'blob_contrast': 0.0172995924949646, 'blob_brightness': 0.9950509071350098, 'blob_response': -0.03585025668144226, 'vessel_centre': [313.0, 219.0]}, {'vessel_blob_score': -1.9707352225591679, 'centre': [294.0, 324.0], 'radius': 35.918785545899944, 'blob_score': 0.7296516418457031, 'blob_contrast': 0.025008201599121094, 'blob_brightness': 0.9945245981216431, 'blob_response': -0.042381107807159424, 'vessel_centre': [313.0, 219.0]}, {'vessel_blob_score': -0.8033172557816886, 'centre': [337.0, 141.0], 'radius': 45.254833995939045, 'blob_score': 0.7237147390842438, 'blob_contrast': 0.021407127380371094, 'blob_brightness': 0.993999719619751, 'blob_response': -0.032539039850234985, 'vessel_centre': [313.0, 219.0]}, {'vessel_blob_score': -0.86101555776678, 'centre': [375.0, 276.0], 'radius': 45.254833995939045, 'blob_score': 0.7214911878108977, 'blob_contrast': 0.018034636974334717, 'blob_brightness': 0.9948615431785583, 'blob_response': -0.03526735305786133, 'vessel_centre': [313.0, 219.0]}, {'vessel_blob_score': -0.7986125893364651, 'centre': [219.0, 178.0], 'radius': 57.01751796098172, 'blob_score': 0.7327050626277922, 'blob_contrast': 0.026522159576416016, 'blob_brightness': 0.9953359961509705, 'blob_response': -0.04723852872848511, 'vessel_centre': [313.0, 219.0]}]"
normal/normal_0869_EDD.jpg,normal,5,"[{'vessel_blob_score': -2.846940259221851, 'centre': [102.0, 191.0], 'radius': 35.918785545899944, 'blob_score': 0.7294226050376892, 'blob_contrast': 0.02590763568878174, 'blob_brightness': 0.9934930801391602, 'blob_response': -0.04034906625747681, 'vessel_centre': [240.0, 184.0]}, {'vessel_blob_score': -2.2669713496770063, 'centre': [357.0, 193.0], 'radius': 35.918785545899944, 'blob_score': 0.7304284334182739, 'blob_contrast': 0.022526443004608154, 'blob_brightness': 0.996246874332428, 'blob_response': -0.05264589190483093, 'vessel_centre': [240.0, 184.0]}, {'vessel_blob_score': -3.2538737492588536, 'centre': [351.0, 289.0], 'radius': 35.918785545899944, 'blob_score': 0.7258427441120147, 'blob_contrast': 0.019903957843780518, 'blob_brightness': 0.9940765500068665, 'blob_response': -0.05042600631713867, 'vessel_centre': [240.0, 184.0]}, {'vessel_blob_score': -1.8968261187893205, 'centre': [109.0, 189.0], 'radius': 45.254833995939045, 'blob_score': 0.7318250000476837, 'blob_contrast': 0.028799057006835938, 'blob_brightness': 0.9930958151817322, 'blob_response': -0.03929436206817627, 'vessel_centre': [240.0, 184.0]}, {'vessel_blob_score': -0.2724700691703359, 'centre': [330.0, 200.0], 'radius': 71.83757109179989, 'blob_score': 0.7518695056438446, 'blob_contrast': 0.0449681282043457, 'blob_brightness': 0.993426501750946, 'blob_response': -0.05751413106918335, 'vessel_centre': [240.0, 184.0]}]"
normal/normal_0870_EDD.jpg,normal,5,"[{'vessel_blob_score': -1.6242612750292023, 'centre': [211.0, 212.0], 'radius': 35.918785545899944, 'blob_score': 0.7274192571640015, 'blob_contrast': 0.017087340354919434, 'blob_brightness': 0.9968245029449463, 'blob_response': -0.06277382373809814, 'vessel_centre': [305.0, 205.0]}, {'vessel_blob_score': -2.839377162415658, 'centre': [378.0, 322.0], 'radius': 35.918785545899944, 'blob_score': 0.7256704092025756, 'blob_contrast': 0.028309166431427002, 'blob_brightness': 0.9871042370796204, 'blob_response': -0.031941384077072144, 'vessel_centre': [305.0, 205.0]}, {'vessel_blob_score': -0.974569771178015, 'centre': [216.0, 213.0], 'radius': 45.254833995939045, 'blob_score': 0.7296999216079711, 'blob_contrast': 0.02034008502960205, 'blob_brightness': 0.9956271648406982, 'blob_response': -0.062104105949401855, 'vessel_centre': [305.0, 205.0]}, {'vessel_blob_score': -1.8805991672740587, 'centre': [370.0, 318.0], 'radius': 45.254833995939045, 'blob_score': 0.7320049583911895, 'blob_contrast': 0.03406459093093872, 'blob_brightness': 0.9878222346305847, 'blob_response': -0.032324016094207764, 'vessel_centre': [305.0, 205.0]}, {'vessel_blob_score': -0.6213364119886502, 'centre': [394.0, 180.0], 'radius': 57.01751796098172, 'blob_score': 0.7499860525131226, 'blob_contrast': 0.044807493686676025, 'blob_brightness': 0.9923670291900635, 'blob_response': -0.0526081919670105, 'vessel_centre': [305.0, 205.0]}]"
normal/normal_0871_EDD.jpg,normal,2,"[{'vessel_blob_score': -2.65391105209703, 'centre': [365.0, 177.0], 'radius': 35.918785545899944, 'blob_score': 0.6757185280323028, 'blob_contrast': 0.033883869647979736, 'blob_brightness': 0.9051169753074646, 'blob_response': -0.0412638783454895, 'vessel_centre': [493.0, 206.0]}, {'vessel_blob_score': -1.72726754852728, 'centre': [390.0, 274.0], 'radius': 45.254833995939045, 'blob_score': 0.6562843173742294, 'blob_contrast': 0.025847256183624268, 'blob_brightness': 0.8952914476394653, 'blob_response': -0.018665239214897156, 'vessel_centre': [493.0, 206.0]}]"
normal/normal_0872_EDD.jpg,normal,0,[]
normal/normal_0873_EDD.jpg,normal,0,[]
normal/normal_0874_EDD.jpg,normal,0,[]
normal/normal_0875_EDD.jpg,normal,0,[]
normal/normal_0876_EDD.jpg,normal,0,[]
normal/normal_0877_EDD.jpg,normal,1,"[{'vessel_blob_score': -0.9878255633185116, 'centre': [292.0, 267.0], 'radius': 35.918785545899944, 'blob_score': 0.7288246929645538, 'blob_contrast': 0.01988130807876587, 'blob_brightness': 0.9933363795280457, 'blob_response': -0.06803959608078003, 'vessel_centre': [249.0, 210.0]}]"
normal/normal_0878_EDD.jpg,normal,0,[]
normal/normal_0879_EDD.jpg,normal,1,"[{'vessel_blob_score': -2.2190507037755642, 'centre': [387.0, 210.0], 'radius': 35.918785545899944, 'blob_score': 0.7087957859039307, 'blob_contrast': 0.040447235107421875, 'blob_brightness': 0.9373419284820557, 'blob_response': -0.06104600429534912, 'vessel_centre': [502.0, 222.0]}]"
normal/normal_0880_EDD.jpg,normal,0,[]
normal/normal_0881_EDD.jpg,normal,0,[]
normal/normal_0882_EDD.jpg,normal,1,"[{'vessel_blob_score': -2.346665288783256, 'centre': [258.0, 291.0], 'radius': 35.918785545899944, 'blob_score': 0.7136787176132202, 'blob_contrast': 0.02333730459213257, 'blob_brightness': 0.9703110456466675, 'blob_response': -0.05561840534210205, 'vessel_centre': [343.0, 206.0]}]"
normal/normal_0883_EDD.jpg,normal,1,"[{'vessel_blob_score': -2.547572266320921, 'centre': [371.0, 180.0], 'radius': 35.918785545899944, 'blob_score': 0.6624478787183762, 'blob_contrast': 0.02807164192199707, 'blob_brightness': 0.8979453444480896, 'blob_response': -0.029072478413581848, 'vessel_centre': [497.0, 199.0]}]"
normal/normal_0884_EDD.jpg,normal,1,"[{'vessel_blob_score': 0.7130258190140629, 'centre': [142.0, 200.0], 'radius': 71.83757109179989, 'blob_score': 0.7896969199180602, 'blob_contrast': 0.08653205633163452, 'blob_brightness': 0.9669643044471741, 'blob_response': -0.13144925236701965, 'vessel_centre': [123.0, 192.0]}]"
normal/normal_0885_EDD.jpg,normal,0,[]
normal/normal_0886_EDD.jpg,normal,0,[]
normal/normal_0887_EDD.jpg,normal,1,"[{'vessel_blob_score': -0.8374786061644495, 'centre': [193.0, 216.0], 'radius': 35.918785545899944, 'blob_score': 0.7283748388290405, 'blob_contrast': 0.023699462413787842, 'blob_brightness': 0.9887800216674805, 'blob_response': -0.06264680624008179, 'vessel_centre': [259.0, 216.0]}]"
normal/normal_0888_EDD.jpg,normal,1,"[{'vessel_blob_score': -1.853605860354579, 'centre': [201.0, 272.0], 'radius': 45.254833995939045, 'blob_score': 0.674251937866211, 'blob_contrast': 0.04983419179916382, 'blob_brightness': 0.8820052742958069, 'blob_response': -0.0350702702999115, 'vessel_centre': [135.0, 161.0]}]"
normal/normal_0889_EDD.jpg,normal,1,"[{'vessel_blob_score': 0.6626408032206081, 'centre': [472.0, 229.0], 'radius': 57.01751796098172, 'blob_score': 0.8444274008274077, 'blob_contrast': 0.17337369918823242, 'blob_brightness': 0.9192178249359131, 'blob_response': -0.13800612092018127, 'vessel_centre': [489.0, 238.0]}]"
normal/normal_0890_EDD.jpg,normal,2,"[{'vessel_blob_score': -1.8157099737455202, 'centre': [201.0, 273.0], 'radius': 45.254833995939045, 'blob_score': 0.6850252449512482, 'blob_contrast': 0.05656087398529053, 'blob_brightness': 0.8863978385925293, 'blob_response': -0.03992941975593567, 'vessel_centre': [135.0, 164.0]}, {'vessel_blob_score': 0.7490483586328021, 'centre': [152.0, 170.0], 'radius': 71.83757109179989, 'blob_score': 0.8276351273059845, 'blob_contrast': 0.15170514583587646, 'blob_brightness': 0.9274911880493164, 'blob_response': -0.13343074917793274, 'vessel_centre': [135.0, 164.0]}]"
normal/normal_0891_EDD.jpg,normal,0,[]
normal/normal_0892_EDD.jpg,normal,0,[]
normal/normal_0893_EDD.jpg,normal,0,[]
normal/normal_0894_EDD.jpg,normal,0,[]
normal/normal_0895_EDD.jpg,normal,0,[]
normal/normal_0896_EDD.jpg,normal,0,[]
normal/normal_0897_EDD.jpg,normal,2,"[{'vessel_blob_score': -2.581926856659661, 'centre': [247.0, 170.0], 'radius': 35.918785545899944, 'blob_score': 0.6660747587680816, 'blob_contrast': 0.0361860990524292, 'blob_brightness': 0.8910378813743591, 'blob_response': -0.03081071376800537, 'vessel_centre': [119.0, 183.0]}, {'vessel_blob_score': -1.7755383768288988, 'centre': [215.0, 264.0], 'radius': 45.254833995939045, 'blob_score': 0.6816457152366637, 'blob_contrast': 0.04849487543106079, 'blob_brightness': 0.8949480652809143, 'blob_response': -0.033435970544815063, 'vessel_centre': [119.0, 183.0]}]"
normal/normal_0898_EDD.jpg,normal,2,"[{'vessel_blob_score': -3.2168148069154645, 'centre': [341.0, 164.0], 'radius': 35.918785545899944, 'blob_score': 0.6479177892208099, 'blob_contrast': 0.03347593545913696, 'blob_brightness': 0.8687905073165894, 'blob_response': -0.031442493200302124, 'vessel_centre': [491.0, 185.0]}, {'vessel_blob_score': -2.376409910390407, 'centre': [373.0, 213.0], 'radius': 35.918785545899944, 'blob_score': 0.6383643239736556, 'blob_contrast': 0.021971404552459717, 'blob_brightness': 0.8745136260986328, 'blob_response': -0.021166905760765076, 'vessel_centre': [491.0, 185.0]}]"
normal/normal_0899_EDD.jpg,normal,0,[]
normal/normal_0900_EDD.jpg,normal,0,[]
normal/normal_0901_EDD.jpg,normal,2,"[{'vessel_blob_score': -3.2566970667291644, 'centre': [339.0, 163.0], 'radius': 35.918785545899944, 'blob_score': 0.6649362623691559, 'blob_contrast': 0.03787589073181152, 'blob_brightness': 0.8855140209197998, 'blob_response': -0.036002784967422485, 'vessel_centre': [490.0, 187.0]}, {'vessel_blob_score': -2.322257957995794, 'centre': [374.0, 215.0], 'radius': 35.918785545899944, 'blob_score': 0.6538745164871216, 'blob_contrast': 0.024285316467285156, 'blob_brightness': 0.8921399712562561, 'blob_response': -0.025456100702285767, 'vessel_centre': [490.0, 187.0]}]"
normal/normal_0902_EDD.jpg,normal,0,[]
normal/normal_0903_EDD.jpg,normal,0,[]
normal/normal_0904_EDD.jpg,normal,2,"[{'vessel_blob_score': -6.925770068583867, 'centre': [223.0, 242.0], 'radius': 35.918785545899944, 'blob_score': 0.6415804490447045, 'blob_contrast': 0.028071701526641846, 'blob_brightness': 0.8696535229682922, 'blob_response': -0.02375640720129013, 'vessel_centre': [505.0, 203.0]}, {'vessel_blob_score': -2.9847065149809366, 'centre': [376.0, 265.0], 'radius': 35.918785545899944, 'blob_score': 0.6851883590221405, 'blob_contrast': 0.04389137029647827, 'blob_brightness': 0.902003288269043, 'blob_response': -0.04947343468666077, 'vessel_centre': [505.0, 203.0]}]"
normal/normal_0905_EDD.jpg,normal,0,[]
normal/normal_0906_EDD.jpg,normal,0,[]
normal/normal_0907_EDD.jpg,normal,1,"[{'vessel_blob_score': -3.034099797396398, 'centre': [375.0, 265.0], 'radius': 35.918785545899944, 'blob_score': 0.7188224077224731, 'blob_contrast': 0.04931122064590454, 'blob_brightness': 0.9366549849510193, 'blob_response': -0.06926348805427551, 'vessel_centre': [505.0, 201.0]}]"
normal/normal_0908_EDD.jpg,normal,0,[]
normal/normal_0909_EDD.jpg,normal,0,[]
normal/normal_0910_EDD.jpg,normal,1,"[{'vessel_blob_score': -1.674000863385435, 'centre': [249.0, 277.0], 'radius': 35.918785545899944, 'blob_score': 0.736291742324829, 'blob_contrast': 0.033378541469573975, 'blob_brightness': 0.9810162782669067, 'blob_response': -0.08100903034210205, 'vessel_centre': [324.0, 217.0]}]"
normal/normal_0911_EDD.jpg,normal,1,"[{'vessel_blob_score': -1.7245394423999603, 'centre': [296.0, 304.0], 'radius': 35.918785545899944, 'blob_score': 0.6751551806926727, 'blob_contrast': 0.036054790019989014, 'blob_brightness': 0.9032263159751892, 'blob_response': -0.03420984745025635, 'vessel_centre': [332.0, 213.0]}]"
normal/normal_0912_EDD.jpg,normal,0,[]
normal/normal_0913_EDD.jpg,normal,1,"[{'vessel_blob_score': 0.304292598097088, 'centre': [170.0, 224.0], 'radius': 90.50966799187809, 'blob_score': 0.7963047385215759, 'blob_contrast': 0.13386690616607666, 'blob_brightness': 0.9209158420562744, 'blob_response': -0.08898371458053589, 'vessel_centre': [127.0, 178.0]}]"
normal/normal_0914_EDD.jpg,normal,2,"[{'vessel_blob_score': -3.041490286322169, 'centre': [219.0, 261.0], 'radius': 35.918785545899944, 'blob_score': 0.673616600036621, 'blob_contrast': 0.022764384746551514, 'blob_brightness': 0.9211264848709106, 'blob_response': -0.030318379402160645, 'vessel_centre': [111.0, 164.0]}, {'vessel_blob_score': -2.298688778325412, 'centre': [220.0, 266.0], 'radius': 45.254833995939045, 'blob_score': 0.6744297444820404, 'blob_contrast': 0.027274489402770996, 'blob_brightness': 0.9158037900924683, 'blob_response': -0.03046301007270813, 'vessel_centre': [111.0, 164.0]}]"
normal/normal_0915_EDD.jpg,normal,0,[]
normal/normal_0916_EDD.jpg,normal,1,"[{'vessel_blob_score': 0.7093357598193548, 'centre': [137.0, 176.0], 'radius': 35.918785545899944, 'blob_score': 0.8211678326129913, 'blob_contrast': 0.10972392559051514, 'blob_brightness': 0.9798987507820129, 'blob_response': -0.1275739073753357, 'vessel_centre': [127.0, 179.0]}]"
normal/normal_0917_EDD.jpg,normal,1,"[{'vessel_blob_score': 0.827266107785753, 'centre': [283.0, 199.0], 'radius': 57.01751796098172, 'blob_score': 0.7603562653064727, 'blob_contrast': 0.06301617622375488, 'blob_brightness': 0.9635019898414612, 'blob_response': -0.11444348096847534, 'vessel_centre': [279.0, 208.0]}]"
normal/normal_0918_EDD.jpg,normal,0,[]
normal/normal_0919_EDD.jpg,normal,0,[]
normal/normal_0920_EDD.jpg,normal,0,[]
normal/normal_0921_EDD.jpg,normal,0,[]
normal/normal_0922_EDD.jpg,normal,0,[]
normal/normal_0923_EDD.jpg,normal,0,[]
normal/normal_0924_EDD.jpg,normal,2,"[{'vessel_blob_score': 0.8246153049516605, 'centre': [318.0, 252.0], 'radius': 57.01751796098172, 'blob_score': 0.7685332000255584, 'blob_contrast': 0.06632494926452637, 'blob_brightness': 0.9688156247138977, 'blob_response': -0.12018656730651855, 'vessel_centre': [326.0, 258.0]}, {'vessel_blob_score': 0.6264793572195206, 'centre': [314.0, 234.0], 'radius': 71.83757109179989, 'blob_score': 0.7835990846157074, 'blob_contrast': 0.0868072509765625, 'blob_brightness': 0.9600594639778137, 'blob_response': -0.12375104427337646, 'vessel_centre': [326.0, 258.0]}]"
normal/normal_0925_EDD.jpg,normal,2,"[{'vessel_blob_score': -1.8916805505190233, 'centre': [366.0, 191.0], 'radius': 45.254833995939045, 'blob_score': 0.699738848209381, 'blob_contrast': 0.04278826713562012, 'blob_brightness': 0.922166645526886, 'blob_response': -0.05716964602470398, 'vessel_centre': [479.0, 257.0]}, {'vessel_blob_score': -1.2719596323153657, 'centre': [370.0, 187.0], 'radius': 57.01751796098172, 'blob_score': 0.7044964671134948, 'blob_contrast': 0.05269724130630493, 'blob_brightness': 0.9148117303848267, 'blob_response': -0.057155072689056396, 'vessel_centre': [479.0, 257.0]}]"
normal/normal_0926_EDD.jpg,normal,1,"[{'vessel_blob_score': -1.5929968786136244, 'centre': [407.0, 205.0], 'radius': 45.254833995939045, 'blob_score': 0.6676568806171417, 'blob_contrast': 0.0425606369972229, 'blob_brightness': 0.8834508657455444, 'blob_response': -0.0334031879901886, 'vessel_centre': [524.0, 214.0]}]"
normal/normal_0927_EDD.jpg,normal,0,[]
normal/normal_0928_EDD.jpg,normal,0,[]
normal/normal_0929_EDD.jpg,normal,0,[]
normal/normal_0930_EDD.jpg,normal,2,"[{'vessel_blob_score': 0.7254795297611895, 'centre': [121.0, 190.0], 'radius': 57.01751796098172, 'blob_score': 0.7747785091400147, 'blob_contrast': 0.07077515125274658, 'blob_brightness': 0.9732102155685425, 'blob_response': -0.11378103494644165, 'vessel_centre': [107.0, 183.0]}, {'vessel_blob_score': -1.3441921226935754, 'centre': [200.0, 279.0], 'radius': 57.01751796098172, 'blob_score': 0.7444689869880676, 'blob_contrast': 0.05093050003051758, 'blob_brightness': 0.9684646725654602, 'blob_response': -0.07806608080863953, 'vessel_centre': [107.0, 183.0]}]"
normal/normal_0931_EDD.jpg,normal,15,"[{'vessel_blob_score': -2.960121370831344, 'centre': [320.0, 74.0], 'radius': 35.918785545899944, 'blob_score': 0.6673180818557738, 'blob_contrast': 0.011888980865478516, 'blob_brightness': 0.9349037408828735, 'blob_response': -0.004982411861419678, 'vessel_centre': [267.0, 206.0]}, {'vessel_blob_score': -2.791638281194941, 'centre': [199.0, 88.0], 'radius': 35.918785545899944, 'blob_score': 0.6933187544345855, 'blob_contrast': 0.0258597731590271, 'blob_brightness': 0.951965868473053, 'blob_response': -0.005414366722106934, 'vessel_centre': [267.0, 206.0]}, {'vessel_blob_score': -3.0742486923007446, 'centre': [413.0, 216.0], 'radius': 35.918785545899944, 'blob_score': 0.6638265967369079, 'blob_contrast': 0.012961208820343018, 'blob_brightness': 0.9276092052459717, 'blob_response': -0.007694721221923828, 'vessel_centre': [267.0, 206.0]}, {'vessel_blob_score': -3.5693346783494935, 'centre': [216.0, 362.0], 'radius': 35.918785545899944, 'blob_score': 0.6638149201869965, 'blob_contrast': 0.007024407386779785, 'blob_brightness': 0.9363231062889099, 'blob_response': -0.006821691989898682, 'vessel_centre': [267.0, 206.0]}, {'vessel_blob_score': -2.2717123288119327, 'centre': [318.0, 67.0], 'radius': 45.254833995939045, 'blob_score': 0.6538356184959411, 'blob_contrast': 0.009229540824890137, 'blob_brightness': 0.9194786548614502, 'blob_response': -0.004855096340179443, 'vessel_centre': [267.0, 206.0]}, {'vessel_blob_score': -2.1132591945580117, 'centre': [206.0, 79.0], 'radius': 45.254833995939045, 'blob_score': 0.684222000837326, 'blob_contrast': 0.03010737895965576, 'blob_brightness': 0.9329628348350525, 'blob_response': -0.005203187465667725, 'vessel_centre': [267.0, 206.0]}, {'vessel_blob_score': 0.6994471240363853, 'centre': [275.0, 217.0], 'radius': 45.254833995939045, 'blob_score': 0.6986231684684753, 'blob_contrast': -0.0005571842193603516, 'blob_brightness': 0.9973589181900024, 'blob_response': -0.005145549774169922, 'vessel_centre': [267.0, 206.0]}, {'vessel_blob_score': 0.681311280400451, 'centre': [275.0, 218.0], 'radius': 45.254833995939045, 'blob_score': 0.6986146628856659, 'blob_contrast': -0.0005639791488647461, 'blob_brightness': 0.9973564743995667, 'blob_response': -0.005145549774169922, 'vessel_centre': [267.0, 206.0]}, {'vessel_blob_score': -2.3969914308473013, 'centre': [419.0, 229.0], 'radius': 45.254833995939045, 'blob_score': 0.6389435231685637, 'blob_contrast': 0.005957961082458496, 'blob_brightness': 0.9021359086036682, 'blob_response': -0.007452130317687988, 'vessel_centre': [267.0, 206.0]}, {'vessel_blob_score': -2.80974541882394, 'centre': [217.0, 371.0], 'radius': 45.254833995939045, 'blob_score': 0.6490662753582, 'blob_contrast': 0.004978954792022705, 'blob_brightness': 0.9183104634284973, 'blob_response': -0.00634998083114624, 'vessel_centre': [267.0, 206.0]}, {'vessel_blob_score': -1.7130260687901915, 'centre': [312.0, 58.0], 'radius': 57.01751796098172, 'blob_score': 0.6124761044979095, 'blob_contrast': -0.018406331539154053, 'blob_brightness': 0.8999232649803162, 'blob_response': -0.004680752754211426, 'vessel_centre': [267.0, 206.0]}, {'vessel_blob_score': -1.5864337228345224, 'centre': [215.0, 68.0], 'radius': 57.01751796098172, 'blob_score': 0.6368910372257233, 'blob_contrast': 0.0002968907356262207, 'blob_brightness': 0.9079892039299011, 'blob_response': -0.005008518695831299, 'vessel_centre': [267.0, 206.0]}, {'vessel_blob_score': -1.8660778522634387, 'centre': [428.0, 234.0], 'radius': 57.01751796098172, 'blob_score': 0.6047896027565002, 'blob_contrast': -0.009238481521606445, 'blob_brightness': 0.8751729726791382, 'blob_response': -0.007035017013549805, 'vessel_centre': [267.0, 206.0]}, {'vessel_blob_score': -1.0428553006374037, 'centre': [230.0, 436.0], 'radius': 114.03503592196344, 'blob_score': 0.5153250992298126, 'blob_contrast': -0.06032514572143555, 'blob_brightness': 0.8211643099784851, 'blob_response': -0.004176139831542969, 'vessel_centre': [267.0, 206.0]}, {'vessel_blob_score': -1.0549406422732575, 'centre': [234.0, 438.0], 'radius': 114.03503592196344, 'blob_score': 0.5131249070167541, 'blob_contrast': -0.06178790330886841, 'blob_brightness': 0.8201107978820801, 'blob_response': -0.0041762590408325195, 'vessel_centre': [267.0, 206.0]}]"
normal/normal_0932_EDD.jpg,normal,1,"[{'vessel_blob_score': -1.85471786040232, 'centre': [205.0, 268.0], 'radius': 45.254833995939045, 'blob_score': 0.6715961575508117, 'blob_contrast': 0.03224307298660278, 'blob_brightness': 0.9039230942726135, 'blob_response': -0.03303459286689758, 'vessel_centre': [122.0, 169.0]}]"
normal/normal_0933_EDD.jpg,normal,1,"[{'vessel_blob_score': -2.61391811790499, 'centre': [349.0, 168.0], 'radius': 35.918785545899944, 'blob_score': 0.6731805562973022, 'blob_contrast': 0.025037109851837158, 'blob_brightness': 0.9147772789001465, 'blob_response': -0.038996756076812744, 'vessel_centre': [474.0, 203.0]}]"
normal/normal_0934_EDD.jpg,normal,2,"[{'vessel_blob_score': 0.7193844879226567, 'centre': [108.0, 195.0], 'radius': 57.01751796098172, 'blob_score': 0.765315580368042, 'blob_contrast': 0.07286667823791504, 'blob_brightness': 0.9548741579055786, 'blob_response': -0.12018495798110962, 'vessel_centre': [92.0, 195.0]}, {'vessel_blob_score': -1.047198465902456, 'centre': [208.0, 208.0], 'radius': 57.01751796098172, 'blob_score': 0.7058090269565581, 'blob_contrast': 0.04343736171722412, 'blob_brightness': 0.9324231147766113, 'blob_response': -0.048377424478530884, 'vessel_centre': [92.0, 195.0]}]"
normal/normal_0935_EDD.jpg,normal,0,[]
normal/normal_0936_EDD.jpg,normal,1,"[{'vessel_blob_score': 0.650614378515658, 'centre': [477.0, 199.0], 'radius': 45.254833995939045, 'blob_score': 0.8067743957042693, 'blob_contrast': 0.09334564208984375, 'blob_brightness': 0.9841843247413635, 'blob_response': -0.12249863147735596, 'vessel_centre': [492.0, 194.0]}]"
normal/normal_0937_EDD.jpg,normal,0,[]
normal/normal_0938_EDD.jpg,normal,0,[]
normal/normal_0939_EDD.jpg,normal,0,[]
normal/normal_0940_EDD.jpg,normal,0,[]
normal/normal_0941_EDD.jpg,normal,5,"[{'vessel_blob_score': -2.452681545286159, 'centre': [353.0, 296.0], 'radius': 35.918785545899944, 'blob_score': 0.730917465686798, 'blob_contrast': 0.022845149040222168, 'blob_brightness': 0.9945188164710999, 'blob_response': -0.05954572558403015, 'vessel_centre': [277.0, 198.0]}, {'vessel_blob_score': -0.08298271569771587, 'centre': [276.0, 149.0], 'radius': 45.254833995939045, 'blob_score': 0.7317019760608672, 'blob_contrast': 0.02602618932723999, 'blob_brightness': 0.9949625730514526, 'blob_response': -0.04600992798805237, 'vessel_centre': [277.0, 198.0]}, {'vessel_blob_score': -1.6207182340915627, 'centre': [348.0, 293.0], 'radius': 45.254833995939045, 'blob_score': 0.7371648490428925, 'blob_contrast': 0.03036552667617798, 'blob_brightness': 0.9927006363868713, 'blob_response': -0.059544384479522705, 'vessel_centre': [277.0, 198.0]}, {'vessel_blob_score': -0.16614337518195832, 'centre': [342.0, 184.0], 'radius': 57.01751796098172, 'blob_score': 0.7475687444210053, 'blob_contrast': 0.04458099603652954, 'blob_brightness': 0.9902879595756531, 'blob_response': -0.04893088340759277, 'vessel_centre': [277.0, 198.0]}, {'vessel_blob_score': -0.9267587308304464, 'centre': [340.0, 288.0], 'radius': 57.01751796098172, 'blob_score': 0.7469506919384002, 'blob_contrast': 0.04047316312789917, 'blob_brightness': 0.9923096299171448, 'blob_response': -0.05930393934249878, 'vessel_centre': [277.0, 198.0]}]"
normal/normal_0942_EDD.jpg,normal,0,[]
normal/normal_0943_EDD.jpg,normal,1,"[{'vessel_blob_score': -2.158894401428182, 'centre': [292.0, 307.0], 'radius': 35.918785545899944, 'blob_score': 0.7350013077259063, 'blob_contrast': 0.03623676300048828, 'blob_brightness': 0.9775097966194153, 'blob_response': -0.07253843545913696, 'vessel_centre': [249.0, 202.0]}]"
normal/normal_0944_EDD.jpg,normal,0,[]
normal/normal_0945_EDD.jpg,normal,0,[]
normal/normal_0946_EDD.jpg,normal,0,[]
normal/normal_0947_EDD.jpg,normal,0,[]
normal/normal_0948_EDD.jpg,normal,2,"[{'vessel_blob_score': -6.26388551797209, 'centre': [248.0, 191.0], 'radius': 35.918785545899944, 'blob_score': 0.7125316441059113, 'blob_contrast': 0.03911757469177246, 'blob_brightness': 0.9446945786476135, 'blob_response': -0.06063932180404663, 'vessel_centre': [505.0, 236.0]}, {'vessel_blob_score': -1.726146211348882, 'centre': [360.0, 180.0], 'radius': 57.01751796098172, 'blob_score': 0.7437945127487182, 'blob_contrast': 0.05670773983001709, 'blob_brightness': 0.9565362930297852, 'blob_response': -0.08755683898925781, 'vessel_centre': [505.0, 236.0]}]"
normal/normal_0949_EDD.jpg,normal,2,"[{'vessel_blob_score': -3.4837173453353323, 'centre': [385.0, 187.0], 'radius': 35.918785545899944, 'blob_score': 0.6099638000130654, 'blob_contrast': 0.028861820697784424, 'blob_brightness': 0.8241882920265198, 'blob_response': -0.020850874483585358, 'vessel_centre': [536.0, 243.0]}, {'vessel_blob_score': -3.831123688358633, 'centre': [380.0, 319.0], 'radius': 35.918785545899944, 'blob_score': 0.59865208491683, 'blob_contrast': 0.029985249042510986, 'blob_brightness': 0.8086782097816467, 'blob_response': -0.012960445135831833, 'vessel_centre': [536.0, 243.0]}]"
normal/normal_0950_EDD.jpg,normal,0,[]
normal/normal_0951_EDD.jpg,normal,2,"[{'vessel_blob_score': -0.9488409459319918, 'centre': [274.0, 218.0], 'radius': 35.918785545899944, 'blob_score': 0.725713962316513, 'blob_contrast': 0.018430888652801514, 'blob_brightness': 0.9919411540031433, 'blob_response': -0.06462132930755615, 'vessel_centre': [344.0, 218.0]}, {'vessel_blob_score': -1.545092415985585, 'centre': [313.0, 304.0], 'radius': 35.918785545899944, 'blob_score': 0.7437076151371002, 'blob_contrast': 0.03476917743682861, 'blob_brightness': 0.9894631505012512, 'blob_response': -0.08157116174697876, 'vessel_centre': [344.0, 218.0]}]"
normal/normal_0952_EDD.jpg,normal,2,"[{'vessel_blob_score': 0.8500738617609189, 'centre': [133.0, 182.0], 'radius': 35.918785545899944, 'blob_score': 0.7272609770298004, 'blob_contrast': 0.021289587020874023, 'blob_brightness': 0.9881076216697693, 'blob_response': -0.07148027420043945, 'vessel_centre': [131.0, 187.0]}, {'vessel_blob_score': -2.4221277371125405, 'centre': [226.0, 265.0], 'radius': 35.918785545899944, 'blob_score': 0.7295383870601654, 'blob_contrast': 0.020622849464416504, 'blob_brightness': 0.9911584258079529, 'blob_response': -0.07552319765090942, 'vessel_centre': [131.0, 187.0]}]"
normal/normal_0953_EDD.jpg,normal,3,"[{'vessel_blob_score': -1.186859782501421, 'centre': [327.0, 159.0], 'radius': 35.918785545899944, 'blob_score': 0.7320083796977996, 'blob_contrast': 0.020480215549468994, 'blob_brightness': 0.9934766888618469, 'blob_response': -0.08047240972518921, 'vessel_centre': [260.0, 200.0]}, {'vessel_blob_score': -1.933848185712748, 'centre': [277.0, 304.0], 'radius': 35.918785545899944, 'blob_score': 0.7393787264823912, 'blob_contrast': 0.029226362705230713, 'blob_brightness': 0.9929705858230591, 'blob_response': -0.07536476850509644, 'vessel_centre': [260.0, 200.0]}, {'vessel_blob_score': -0.587610724485067, 'centre': [319.0, 159.0], 'radius': 45.254833995939045, 'blob_score': 0.7359048068523407, 'blob_contrast': 0.025680601596832275, 'blob_brightness': 0.9916266798973083, 'blob_response': -0.08042764663696289, 'vessel_centre': [260.0, 200.0]}]"
normal/normal_0954_EDD.jpg,normal,1,"[{'vessel_blob_score': -0.9480337387737017, 'centre': [250.0, 277.0], 'radius': 57.01751796098172, 'blob_score': 0.7494117259979247, 'blob_contrast': 0.03691893815994263, 'blob_brightness': 0.9920260906219482, 'blob_response': -0.09037262201309204, 'vessel_centre': [331.0, 201.0]}]"
normal/normal_0955_EDD.jpg,normal,3,"[{'vessel_blob_score': 0.8217332757743043, 'centre': [133.0, 181.0], 'radius': 35.918785545899944, 'blob_score': 0.7234024047851562, 'blob_contrast': 0.017422914505004883, 'blob_brightness': 0.9904172420501709, 'blob_response': -0.06343710422515869, 'vessel_centre': [129.0, 186.0]}, {'vessel_blob_score': -2.7478432511302846, 'centre': [230.0, 275.0], 'radius': 35.918785545899944, 'blob_score': 0.7298154294490813, 'blob_contrast': 0.019224822521209717, 'blob_brightness': 0.9930209517478943, 'blob_response': -0.07737970352172852, 'vessel_centre': [129.0, 186.0]}, {'vessel_blob_score': -1.7613402542968148, 'centre': [225.0, 266.0], 'radius': 45.254833995939045, 'blob_score': 0.7346613943576813, 'blob_contrast': 0.024464130401611328, 'blob_brightness': 0.9924836754798889, 'blob_response': -0.07729345560073853, 'vessel_centre': [129.0, 186.0]}]"
normal/normal_0956_EDD.jpg,normal,3,"[{'vessel_blob_score': -1.2585218741809143, 'centre': [330.0, 159.0], 'radius': 35.918785545899944, 'blob_score': 0.7307431519031524, 'blob_contrast': 0.017818987369537354, 'blob_brightness': 0.9964848160743713, 'blob_response': -0.07692396640777588, 'vessel_centre': [260.0, 200.0]}, {'vessel_blob_score': -1.9976179015552136, 'centre': [272.0, 307.0], 'radius': 35.918785545899944, 'blob_score': 0.7389720320701599, 'blob_contrast': 0.028952062129974365, 'blob_brightness': 0.994646430015564, 'blob_response': -0.06883734464645386, 'vessel_centre': [260.0, 200.0]}, {'vessel_blob_score': -1.2186399620600903, 'centre': [269.0, 300.0], 'radius': 45.254833995939045, 'blob_score': 0.7442986190319061, 'blob_contrast': 0.03496861457824707, 'blob_brightness': 0.9935747981071472, 'blob_response': -0.06913822889328003, 'vessel_centre': [260.0, 200.0]}]"
normal/normal_0957_EDD.jpg,normal,0,[]
normal/normal_0958_EDD.jpg,normal,3,"[{'vessel_blob_score': -1.7560772966450346, 'centre': [347.0, 179.0], 'radius': 35.918785545899944, 'blob_score': 0.7402051627635955, 'blob_contrast': 0.02727431058883667, 'blob_brightness': 0.9956614375114441, 'blob_response': -0.07983922958374023, 'vessel_centre': [249.0, 193.0]}, {'vessel_blob_score': 0.1470409960027388, 'centre': [218.0, 170.0], 'radius': 45.254833995939045, 'blob_score': 0.7312461137771605, 'blob_contrast': 0.02334505319595337, 'blob_brightness': 0.9946777820587158, 'blob_response': -0.058133065700531006, 'vessel_centre': [249.0, 193.0]}, {'vessel_blob_score': -1.125459509141494, 'centre': [345.0, 187.0], 'radius': 45.254833995939045, 'blob_score': 0.7469332098960876, 'blob_contrast': 0.03481787443161011, 'blob_brightness': 0.9940569400787354, 'blob_response': -0.08137738704681396, 'vessel_centre': [249.0, 193.0]}]"
normal/normal_0959_EDD.jpg,normal,1,"[{'vessel_blob_score': -1.4983725827537837, 'centre': [312.0, 301.0], 'radius': 35.918785545899944, 'blob_score': 0.7131097912788391, 'blob_contrast': 0.027410030364990234, 'blob_brightness': 0.9649797081947327, 'blob_response': -0.051069825887680054, 'vessel_centre': [334.0, 214.0]}]"
normal/normal_0960_EDD.jpg,normal,0,[]
normal/normal_0961_EDD.jpg,normal,0,[]
normal/normal_0962_EDD.jpg,normal,1,"[{'vessel_blob_score': -2.9616868682965873, 'centre': [381.0, 268.0], 'radius': 35.918785545899944, 'blob_score': 0.6958212792873382, 'blob_contrast': 0.053390681743621826, 'blob_brightness': 0.9004958868026733, 'blob_response': -0.060417383909225464, 'vessel_centre': [506.0, 200.0]}]"
normal/normal_0963_EDD.jpg,normal,0,[]
normal/normal_0964_EDD.jpg,normal,0,[]
normal/normal_0965_EDD.jpg,normal,0,[]
normal/normal_0966_EDD.jpg,normal,6,"[{'vessel_blob_score': 0.8376628884795106, 'centre': [470.0, 207.0], 'radius': 35.918785545899944, 'blob_score': 0.7693266212940215, 'blob_contrast': 0.05294924974441528, 'blob_brightness': 0.991977870464325, 'blob_response': -0.10996431112289429, 'vessel_centre': [473.0, 212.0]}, {'vessel_blob_score': -2.2536580650985574, 'centre': [366.0, 259.0], 'radius': 35.918785545899944, 'blob_score': 0.7264371991157531, 'blob_contrast': 0.015240132808685303, 'blob_brightness': 0.9932377338409424, 'blob_response': -0.07965326309204102, 'vessel_centre': [473.0, 212.0]}, {'vessel_blob_score': -4.976654512361745, 'centre': [282.0, 310.0], 'radius': 35.918785545899944, 'blob_score': 0.7336343944072723, 'blob_contrast': 0.027553260326385498, 'blob_brightness': 0.9868953227996826, 'blob_response': -0.07627204060554504, 'vessel_centre': [473.0, 212.0]}, {'vessel_blob_score': -1.8230704140173333, 'centre': [352.0, 171.0], 'radius': 45.254833995939045, 'blob_score': 0.7467812538146972, 'blob_contrast': 0.027800381183624268, 'blob_brightness': 0.995392918586731, 'blob_response': -0.11102914810180664, 'vessel_centre': [473.0, 212.0]}, {'vessel_blob_score': -1.0766614394887064, 'centre': [359.0, 180.0], 'radius': 57.01751796098172, 'blob_score': 0.7463429510593413, 'blob_contrast': 0.029903531074523926, 'blob_brightness': 0.9916942715644836, 'blob_response': -0.11126714944839478, 'vessel_centre': [473.0, 212.0]}, {'vessel_blob_score': -0.4555195199297477, 'centre': [370.0, 194.0], 'radius': 71.83757109179989, 'blob_score': 0.7484767615795135, 'blob_contrast': 0.03511840105056763, 'blob_brightness': 0.9878886342048645, 'blob_response': -0.10918158292770386, 'vessel_centre': [473.0, 212.0]}]"
normal/normal_0967_EDD.jpg,normal,6,"[{'vessel_blob_score': -6.603130711081144, 'centre': [203.0, 253.0], 'radius': 35.918785545899944, 'blob_score': 0.7371560335159302, 'blob_contrast': 0.026622116565704346, 'blob_brightness': 0.9917920827865601, 'blob_response': -0.08139729499816895, 'vessel_centre': [473.0, 212.0]}, {'vessel_blob_score': -4.992520188681976, 'centre': [284.0, 315.0], 'radius': 35.918785545899944, 'blob_score': 0.7392548084259033, 'blob_contrast': 0.025964021682739258, 'blob_brightness': 0.995089590549469, 'blob_response': -0.08364036679267883, 'vessel_centre': [473.0, 212.0]}, {'vessel_blob_score': -2.139730905069732, 'centre': [340.0, 162.0], 'radius': 45.254833995939045, 'blob_score': 0.7391409397125244, 'blob_contrast': 0.02439427375793457, 'blob_brightness': 0.9958670139312744, 'blob_response': -0.08819878101348877, 'vessel_centre': [473.0, 212.0]}, {'vessel_blob_score': 0.8585096072166029, 'centre': [469.0, 207.0], 'radius': 45.254833995939045, 'blob_score': 0.7546776890754698, 'blob_contrast': 0.05056023597717285, 'blob_brightness': 0.9829456806182861, 'blob_response': -0.08027738332748413, 'vessel_centre': [473.0, 212.0]}, {'vessel_blob_score': -1.6635927921700042, 'centre': [362.0, 259.0], 'radius': 45.254833995939045, 'blob_score': 0.7264072179794311, 'blob_contrast': 0.01636362075805664, 'blob_brightness': 0.9957332611083984, 'blob_response': -0.06515157222747803, 'vessel_centre': [473.0, 212.0]}, {'vessel_blob_score': -1.291104183148601, 'centre': [350.0, 168.0], 'radius': 57.01751796098172, 'blob_score': 0.741232305765152, 'blob_contrast': 0.028314590454101562, 'blob_brightness': 0.9937969446182251, 'blob_response': -0.08629927039146423, 'vessel_centre': [473.0, 212.0]}]"
normal/normal_0968_EDD.jpg,normal,3,"[{'vessel_blob_score': -1.5449401383406718, 'centre': [242.0, 200.0], 'radius': 35.918785545899944, 'blob_score': 0.7399091124534606, 'blob_contrast': 0.029076039791107178, 'blob_brightness': 0.990592360496521, 'blob_response': -0.08709210157394409, 'vessel_centre': [332.0, 216.0]}, {'vessel_blob_score': -0.9158314529858831, 'centre': [246.0, 205.0], 'radius': 45.254833995939045, 'blob_score': 0.7450035750865937, 'blob_contrast': 0.03595203161239624, 'blob_brightness': 0.9879745841026306, 'blob_response': -0.08734667301177979, 'vessel_centre': [332.0, 216.0]}, {'vessel_blob_score': -0.3278370513216784, 'centre': [258.0, 200.0], 'radius': 57.01751796098172, 'blob_score': 0.754124641418457, 'blob_contrast': 0.0459597110748291, 'blob_brightness': 0.9872326850891113, 'blob_response': -0.08551025390625, 'vessel_centre': [332.0, 216.0]}]"
normal/normal_0969_EDD.jpg,normal,2,"[{'vessel_blob_score': -2.5380189548672574, 'centre': [284.0, 147.0], 'radius': 45.254833995939045, 'blob_score': 0.7322640001773834, 'blob_contrast': 0.023049771785736084, 'blob_brightness': 0.9961820840835571, 'blob_response': -0.05943384766578674, 'vessel_centre': [124.0, 153.0]}, {'vessel_blob_score': -4.0374573509360845, 'centre': [293.0, 306.0], 'radius': 45.254833995939045, 'blob_score': 0.7284542262554168, 'blob_contrast': 0.023805201053619385, 'blob_brightness': 0.9935582280158997, 'blob_response': -0.04579132795333862, 'vessel_centre': [124.0, 153.0]}]"
normal/normal_0970_EDD.jpg,normal,0,[]
normal/normal_0971_EDD.jpg,normal,0,[]
normal/normal_0972_EDD.jpg,normal,1,"[{'vessel_blob_score': -1.4670682563013937, 'centre': [229.0, 265.0], 'radius': 45.254833995939045, 'blob_score': 0.7436130225658416, 'blob_contrast': 0.03156089782714844, 'blob_brightness': 0.9928233027458191, 'blob_response': -0.08537906408309937, 'vessel_centre': [325.0, 208.0]}]"
normal/normal_0973_EDD.jpg,normal,6,"[{'vessel_blob_score': -2.848853884372607, 'centre': [369.0, 172.0], 'radius': 35.918785545899944, 'blob_score': 0.706936639547348, 'blob_contrast': 0.035665810108184814, 'blob_brightness': 0.9425349235534668, 'blob_response': -0.05748191475868225, 'vessel_centre': [503.0, 206.0]}, {'vessel_blob_score': -2.6449907723291557, 'centre': [382.0, 256.0], 'radius': 35.918785545899944, 'blob_score': 0.7189124286174774, 'blob_contrast': 0.03433328866958618, 'blob_brightness': 0.9543848037719727, 'blob_response': -0.08254888653755188, 'vessel_centre': [503.0, 206.0]}, {'vessel_blob_score': -7.147355845351273, 'centre': [217.0, 268.0], 'radius': 35.918785545899944, 'blob_score': 0.6692562282085418, 'blob_contrast': 0.02206885814666748, 'blob_brightness': 0.918382465839386, 'blob_response': -0.021598219871520996, 'vessel_centre': [503.0, 206.0]}, {'vessel_blob_score': -1.8737259405256443, 'centre': [376.0, 178.0], 'radius': 45.254833995939045, 'blob_score': 0.7101440310478211, 'blob_contrast': 0.041240811347961426, 'blob_brightness': 0.9394323825836182, 'blob_response': -0.05650275945663452, 'vessel_centre': [503.0, 206.0]}, {'vessel_blob_score': -5.629752128190766, 'centre': [207.0, 255.0], 'radius': 45.254833995939045, 'blob_score': 0.6794150456786155, 'blob_contrast': 0.03338199853897095, 'blob_brightness': 0.9167445302009583, 'blob_response': -0.021559379994869232, 'vessel_centre': [503.0, 206.0]}, {'vessel_blob_score': 0.1724796964041343, 'centre': [410.0, 222.0], 'radius': 114.03503592196344, 'blob_score': 0.7779014259576797, 'blob_contrast': 0.13099819421768188, 'blob_brightness': 0.9096289277076721, 'blob_response': -0.0508149117231369, 'vessel_centre': [503.0, 206.0]}]"
normal/normal_0974_EDD.jpg,normal,0,[]
normal/normal_0975_EDD.jpg,normal,2,"[{'vessel_blob_score': -2.5159693843713042, 'centre': [233.0, 216.0], 'radius': 35.918785545899944, 'blob_score': 0.6709262013435363, 'blob_contrast': 0.02336364984512329, 'blob_brightness': 0.9169330596923828, 'blob_response': -0.028547048568725586, 'vessel_centre': [115.0, 171.0]}, {'vessel_blob_score': -2.587548621453777, 'centre': [169.0, 288.0], 'radius': 35.918785545899944, 'blob_score': 0.7102168738842011, 'blob_contrast': 0.04537355899810791, 'blob_brightness': 0.9318365454673767, 'blob_response': -0.06278866529464722, 'vessel_centre': [115.0, 171.0]}]"
normal/normal_0976_EDD.jpg,normal,1,"[{'vessel_blob_score': -1.728945440359734, 'centre': [348.0, 193.0], 'radius': 35.918785545899944, 'blob_score': 0.7316390931606293, 'blob_contrast': 0.025814533233642578, 'blob_brightness': 0.992911696434021, 'blob_response': -0.053931862115859985, 'vessel_centre': [250.0, 195.0]}]"
normal/normal_0977_EDD.jpg,normal,2,"[{'vessel_blob_score': -2.5189442113258633, 'centre': [241.0, 174.0], 'radius': 35.918785545899944, 'blob_score': 0.7412033975124359, 'blob_contrast': 0.030159056186676025, 'blob_brightness': 0.9908545613288879, 'blob_response': -0.08723074197769165, 'vessel_centre': [115.0, 184.0]}, {'vessel_blob_score': -1.6745691825974514, 'centre': [236.0, 181.0], 'radius': 45.254833995939045, 'blob_score': 0.7450651288032532, 'blob_contrast': 0.035879671573638916, 'blob_brightness': 0.9887790679931641, 'blob_response': -0.08520054817199707, 'vessel_centre': [115.0, 184.0]}]"
normal/normal_0978_EDD.jpg,normal,0,[]
normal/normal_0979_EDD.jpg,normal,0,[]
normal/normal_0980_EDD.jpg,normal,0,[]
normal/normal_0981_EDD.jpg,normal,3,"[{'vessel_blob_score': -2.3088157473523894, 'centre': [221.0, 214.0], 'radius': 35.918785545899944, 'blob_score': 0.7248139023780823, 'blob_contrast': 0.017349541187286377, 'blob_brightness': 0.9932076930999756, 'blob_response': -0.06109488010406494, 'vessel_centre': [111.0, 169.0]}, {'vessel_blob_score': 0.7392719066183893, 'centre': [125.0, 174.0], 'radius': 57.01751796098172, 'blob_score': 0.7750832855701446, 'blob_contrast': 0.06632906198501587, 'blob_brightness': 0.9837283492088318, 'blob_response': -0.10072189569473267, 'vessel_centre': [111.0, 169.0]}, {'vessel_blob_score': 0.28585031987334764, 'centre': [164.0, 206.0], 'radius': 90.50966799187809, 'blob_score': 0.8107167661190032, 'blob_contrast': 0.096108078956604, 'blob_brightness': 0.9878910779953003, 'blob_response': -0.11542466282844543, 'vessel_centre': [111.0, 169.0]}]"
normal/normal_0982_EDD.jpg,normal,1,"[{'vessel_blob_score': 0.6018699009797828, 'centre': [138.0, 202.0], 'radius': 71.83757109179989, 'blob_score': 0.7801822900772094, 'blob_contrast': 0.08251023292541504, 'blob_brightness': 0.9605481624603271, 'blob_response': -0.12644171714782715, 'vessel_centre': [115.0, 185.0]}]"
normal/normal_0983_EDD.jpg,normal,0,[]
normal/normal_0984_EDD.jpg,normal,6,"[{'vessel_blob_score': -0.47344832753228183, 'centre': [240.0, 156.0], 'radius': 35.918785545899944, 'blob_score': 0.7221989214420319, 'blob_contrast': 0.015103578567504883, 'blob_brightness': 0.995078980922699, 'blob_response': -0.05270028114318848, 'vessel_centre': [260.0, 205.0]}, {'vessel_blob_score': -0.7956637733190486, 'centre': [204.0, 173.0], 'radius': 35.918785545899944, 'blob_score': 0.7213257849216461, 'blob_contrast': 0.013635694980621338, 'blob_brightness': 0.9959052801132202, 'blob_response': -0.05278196930885315, 'vessel_centre': [260.0, 205.0]}, {'vessel_blob_score': -0.22235045097549655, 'centre': [218.0, 169.0], 'radius': 45.254833995939045, 'blob_score': 0.7295977413654327, 'blob_contrast': 0.02152317762374878, 'blob_brightness': 0.9956530332565308, 'blob_response': -0.055587202310562134, 'vessel_centre': [260.0, 205.0]}, {'vessel_blob_score': -1.0890806141697835, 'centre': [353.0, 222.0], 'radius': 45.254833995939045, 'blob_score': 0.7355317592620849, 'blob_contrast': 0.027293920516967773, 'blob_brightness': 0.994257390499115, 'blob_response': -0.06128832697868347, 'vessel_centre': [260.0, 205.0]}, {'vessel_blob_score': -1.713536668261551, 'centre': [246.0, 327.0], 'radius': 45.254833995939045, 'blob_score': 0.7310238420963286, 'blob_contrast': 0.025970935821533203, 'blob_brightness': 0.9931377172470093, 'blob_response': -0.04928252100944519, 'vessel_centre': [260.0, 205.0]}, {'vessel_blob_score': -0.4379405997150647, 'centre': [189.0, 246.0], 'radius': 57.01751796098172, 'blob_score': 0.7358169317245482, 'blob_contrast': 0.027902960777282715, 'blob_brightness': 0.9940455555915833, 'blob_response': -0.06041041016578674, 'vessel_centre': [260.0, 205.0]}]"
normal/normal_0985_EDD.jpg,normal,0,[]
normal/normal_0986_EDD.jpg,normal,2,"[{'vessel_blob_score': -2.774941039768461, 'centre': [366.0, 166.0], 'radius': 35.918785545899944, 'blob_score': 0.6908132433891295, 'blob_contrast': 0.0319904088973999, 'blob_brightness': 0.9271080493927002, 'blob_response': -0.049235999584198, 'vessel_centre': [498.0, 197.0]}, {'vessel_blob_score': -2.4033818199696606, 'centre': [367.0, 278.0], 'radius': 45.254833995939045, 'blob_score': 0.6990560352802276, 'blob_contrast': 0.03797882795333862, 'blob_brightness': 0.9279297590255737, 'blob_response': -0.057631880044937134, 'vessel_centre': [498.0, 197.0]}]"
normal/normal_0987_EDD.jpg,normal,2,"[{'vessel_blob_score': -1.9653817186978655, 'centre': [256.0, 188.0], 'radius': 35.918785545899944, 'blob_score': 0.7361897706985473, 'blob_contrast': 0.032269060611724854, 'blob_brightness': 0.9814903736114502, 'blob_response': -0.08438724279403687, 'vessel_centre': [360.0, 211.0]}, {'vessel_blob_score': -1.267509991708967, 'centre': [261.0, 184.0], 'radius': 45.254833995939045, 'blob_score': 0.7343725740909576, 'blob_contrast': 0.03474259376525879, 'blob_brightness': 0.9753825068473816, 'blob_response': -0.08431112766265869, 'vessel_centre': [360.0, 211.0]}]"
normal/normal_0988_EDD.jpg,normal,0,[]
normal/normal_0989_EDD.jpg,normal,2,"[{'vessel_blob_score': -2.7567256324696863, 'centre': [366.0, 166.0], 'radius': 35.918785545899944, 'blob_score': 0.7064979314804076, 'blob_contrast': 0.03378862142562866, 'blob_brightness': 0.9445822834968567, 'blob_response': -0.05750855803489685, 'vessel_centre': [498.0, 194.0]}, {'vessel_blob_score': -2.4387071743970874, 'centre': [367.0, 278.0], 'radius': 45.254833995939045, 'blob_score': 0.7157644093036651, 'blob_contrast': 0.040383338928222656, 'blob_brightness': 0.9456448554992676, 'blob_response': -0.067148357629776, 'vessel_centre': [498.0, 194.0]}]"
normal/normal_0990_EDD.jpg,normal,0,[]
normal/normal_0991_EDD.jpg,normal,0,[]
normal/normal_0992_EDD.jpg,normal,6,"[{'vessel_blob_score': -3.079001999902629, 'centre': [366.0, 193.0], 'radius': 35.918785545899944, 'blob_score': 0.7187734186649322, 'blob_contrast': 0.014647126197814941, 'blob_brightness': 0.9968321919441223, 'blob_response': -0.03171879053115845, 'vessel_centre': [511.0, 214.0]}, {'vessel_blob_score': -6.630809263388407, 'centre': [237.0, 207.0], 'radius': 35.918785545899944, 'blob_score': 0.7267719566822052, 'blob_contrast': 0.01848214864730835, 'blob_brightness': 0.9941539764404297, 'blob_response': -0.06191012263298035, 'vessel_centre': [511.0, 214.0]}, {'vessel_blob_score': 0.7001477235218377, 'centre': [501.0, 218.0], 'radius': 35.918785545899944, 'blob_score': 0.7461784124374389, 'blob_contrast': 0.0479012131690979, 'blob_brightness': 0.9885401129722595, 'blob_response': -0.031495600938797, 'vessel_centre': [511.0, 214.0]}, {'vessel_blob_score': -3.534512570417638, 'centre': [363.0, 282.0], 'radius': 35.918785545899944, 'blob_score': 0.7338091611862182, 'blob_contrast': 0.02190607786178589, 'blob_brightness': 0.9959981441497803, 'blob_response': -0.07352191209793091, 'vessel_centre': [511.0, 214.0]}, {'vessel_blob_score': -4.85034721191828, 'centre': [247.0, 194.0], 'radius': 45.254833995939045, 'blob_score': 0.735067617893219, 'blob_contrast': 0.026348114013671875, 'blob_brightness': 0.9938819408416748, 'blob_response': -0.06501072645187378, 'vessel_centre': [511.0, 214.0]}, {'vessel_blob_score': -2.4601526339166018, 'centre': [369.0, 280.0], 'radius': 45.254833995939045, 'blob_score': 0.7406471788883209, 'blob_contrast': 0.030119597911834717, 'blob_brightness': 0.9944366812705994, 'blob_response': -0.07210952043533325, 'vessel_centre': [511.0, 214.0]}]"
normal/normal_0993_EDD.jpg,normal,0,[]
normal/normal_0994_EDD.jpg,normal,1,"[{'vessel_blob_score': -2.1231130895472665, 'centre': [230.0, 176.0], 'radius': 35.918785545899944, 'blob_score': 0.6636274993419647, 'blob_contrast': 0.04400825500488281, 'blob_brightness': 0.8751358389854431, 'blob_response': -0.03512078523635864, 'vessel_centre': [120.0, 198.0]}]"
normal/normal_0995_EDD.jpg,normal,0,[]
normal/normal_0996_EDD.jpg,normal,1,"[{'vessel_blob_score': -5.135612684498702, 'centre': [306.0, 313.0], 'radius': 35.918785545899944, 'blob_score': 0.6400592915713786, 'blob_contrast': 0.02846473455429077, 'blob_brightness': 0.8704314827919006, 'blob_response': -0.01146259531378746, 'vessel_centre': [494.0, 198.0]}]"
normal/normal_0997_EDD.jpg,normal,0,[]
normal/normal_0998_EDD.jpg,normal,1,"[{'vessel_blob_score': -2.8230911825280844, 'centre': [236.0, 156.0], 'radius': 35.918785545899944, 'blob_score': 0.6763715267181396, 'blob_contrast': 0.036337077617645264, 'blob_brightness': 0.9024367928504944, 'blob_response': -0.04164347052574158, 'vessel_centre': [100.0, 175.0]}]"
normal/normal_0999_EDD.jpg,normal,0,[]
normal/normal_1000_EDD.jpg,normal,0,[]
normal/normal_1001_EDD.jpg,normal,0,[]
normal/normal_1002_EDD.jpg,normal,2,"[{'vessel_blob_score': -2.1459860984330725, 'centre': [328.0, 196.0], 'radius': 35.918785545899944, 'blob_score': 0.6490369111299514, 'blob_contrast': 0.04275822639465332, 'blob_brightness': 0.858034074306488, 'blob_response': -0.028274163603782654, 'vessel_centre': [440.0, 211.0]}, {'vessel_blob_score': -1.3668487876839723, 'centre': [336.0, 297.0], 'radius': 57.01751796098172, 'blob_score': 0.6434396624565124, 'blob_contrast': 0.03900766372680664, 'blob_brightness': 0.8568210005760193, 'blob_response': -0.023286491632461548, 'vessel_centre': [440.0, 211.0]}]"
normal/normal_1003_EDD.jpg,normal,2,"[{'vessel_blob_score': -1.1458933401764422, 'centre': [401.0, 193.0], 'radius': 35.918785545899944, 'blob_score': 0.730568391084671, 'blob_contrast': 0.020876049995422363, 'blob_brightness': 0.9944645762443542, 'blob_response': -0.06783568859100342, 'vessel_centre': [330.0, 223.0]}, {'vessel_blob_score': -0.7756968646644111, 'centre': [372.0, 271.0], 'radius': 35.918785545899944, 'blob_score': 0.731356680393219, 'blob_contrast': 0.021294474601745605, 'blob_brightness': 0.9939537048339844, 'blob_response': -0.07147306203842163, 'vessel_centre': [330.0, 223.0]}]"
normal/normal_1004_EDD.jpg,normal,0,[]
normal/normal_1005_EDD.jpg,normal,0,[]
normal/normal_1006_EDD.jpg,normal,2,"[{'vessel_blob_score': -7.3844545866738365, 'centre': [205.0, 245.0], 'radius': 35.918785545899944, 'blob_score': 0.6544960975646973, 'blob_contrast': 0.03646129369735718, 'blob_brightness': 0.8718209266662598, 'blob_response': -0.03880077600479126, 'vessel_centre': [504.0, 209.0]}, {'vessel_blob_score': -3.015226261875166, 'centre': [368.0, 257.0], 'radius': 35.918785545899944, 'blob_score': 0.645346388220787, 'blob_contrast': 0.030822932720184326, 'blob_brightness': 0.8692355751991272, 'blob_response': -0.03029276430606842, 'vessel_centre': [504.0, 209.0]}]"
normal/normal_1007_EDD.jpg,normal,0,[]
normal/normal_1008_EDD.jpg,normal,0,[]
normal/normal_1009_EDD.jpg,normal,1,"[{'vessel_blob_score': -2.3622621563590296, 'centre': [322.0, 309.0], 'radius': 35.918785545899944, 'blob_score': 0.6741957306861877, 'blob_contrast': 0.03647959232330322, 'blob_brightness': 0.900334358215332, 'blob_response': -0.0374104380607605, 'vessel_centre': [374.0, 200.0]}]"
normal/normal_1010_EDD.jpg,normal,0,[]
normal/normal_1011_EDD.jpg,normal,1,"[{'vessel_blob_score': -1.9551497688357524, 'centre': [213.0, 270.0], 'radius': 45.254833995939045, 'blob_score': 0.6525368958711624, 'blob_contrast': 0.05345946550369263, 'blob_brightness': 0.8469786643981934, 'blob_response': -0.03096182644367218, 'vessel_centre': [115.0, 179.0]}]"
normal/normal_1012_EDD.jpg,normal,0,[]
normal/normal_1013_EDD.jpg,normal,0,[]
normal/normal_1014_EDD.jpg,normal,0,[]
normal/normal_1015_EDD.jpg,normal,1,"[{'vessel_blob_score': -1.970229894301113, 'centre': [212.0, 269.0], 'radius': 45.254833995939045, 'blob_score': 0.6626091301441192, 'blob_contrast': 0.05762988328933716, 'blob_brightness': 0.8542577624320984, 'blob_response': -0.03499406576156616, 'vessel_centre': [114.0, 177.0]}]"
normal/normal_1016_EDD.jpg,normal,4,"[{'vessel_blob_score': -2.717317604549059, 'centre': [356.0, 181.0], 'radius': 35.918785545899944, 'blob_score': 0.7242468774318694, 'blob_contrast': 0.016312241554260254, 'blob_brightness': 0.9942681193351746, 'blob_response': -0.0597347617149353, 'vessel_centre': [484.0, 219.0]}, {'vessel_blob_score': 0.664754963293384, 'centre': [485.0, 207.0], 'radius': 35.918785545899944, 'blob_score': 0.7507989585399627, 'blob_contrast': 0.048588335514068604, 'blob_brightness': 0.9872599840164185, 'blob_response': -0.055643171072006226, 'vessel_centre': [484.0, 219.0]}, {'vessel_blob_score': -1.7173128385410465, 'centre': [365.0, 188.0], 'radius': 45.254833995939045, 'blob_score': 0.7265518486499786, 'blob_contrast': 0.018334925174713135, 'blob_brightness': 0.9947653412818909, 'blob_response': -0.05940592288970947, 'vessel_centre': [484.0, 219.0]}, {'vessel_blob_score': 0.6930174577439296, 'centre': [477.0, 207.0], 'radius': 45.254833995939045, 'blob_score': 0.7523030340671539, 'blob_contrast': 0.050633370876312256, 'blob_brightness': 0.9864203929901123, 'blob_response': -0.05587694048881531, 'vessel_centre': [484.0, 219.0]}]"
normal/normal_1017_EDD.jpg,normal,3,"[{'vessel_blob_score': -0.8727838152937517, 'centre': [268.0, 170.0], 'radius': 35.918785545899944, 'blob_score': 0.7268666386604309, 'blob_contrast': 0.020302236080169678, 'blob_brightness': 0.991814374923706, 'blob_response': -0.06147170066833496, 'vessel_centre': [318.0, 215.0]}, {'vessel_blob_score': -2.1003213389919133, 'centre': [269.0, 315.0], 'radius': 35.918785545899944, 'blob_score': 0.747855281829834, 'blob_contrast': 0.038722097873687744, 'blob_brightness': 0.9921413660049438, 'blob_response': -0.07317113876342773, 'vessel_centre': [318.0, 215.0]}, {'vessel_blob_score': -1.3351927115336752, 'centre': [266.0, 307.0], 'radius': 45.254833995939045, 'blob_score': 0.7498925447463989, 'blob_contrast': 0.041979432106018066, 'blob_brightness': 0.9907623529434204, 'blob_response': -0.07189732789993286, 'vessel_centre': [318.0, 215.0]}]"
normal/normal_1018_EDD.jpg,normal,1,"[{'vessel_blob_score': -1.833426462453005, 'centre': [367.0, 305.0], 'radius': 57.01751796098172, 'blob_score': 0.7671136260032654, 'blob_contrast': 0.06348884105682373, 'blob_brightness': 0.9742313623428345, 'blob_response': -0.1083141565322876, 'vessel_centre': [505.0, 221.0]}]"
normal/normal_1019_EDD.jpg,normal,0,[]
normal/normal_1020_EDD.jpg,normal,1,"[{'vessel_blob_score': -2.158894401428182, 'centre': [385.0, 263.0], 'radius': 35.918785545899944, 'blob_score': 0.6611066162586212, 'blob_contrast': 0.026587188243865967, 'blob_brightness': 0.8977509140968323, 'blob_response': -0.03046894073486328, 'vessel_centre': [478.0, 198.0]}]"
normal/normal_1021_EDD.jpg,normal,1,"[{'vessel_blob_score': -2.7879568795468486, 'centre': [248.0, 177.0], 'radius': 35.918785545899944, 'blob_score': 0.6949988663196563, 'blob_contrast': 0.03332394361495972, 'blob_brightness': 0.9327867031097412, 'blob_response': -0.04362115263938904, 'vessel_centre': [112.0, 181.0]}]"
normal/normal_1022_EDD.jpg,normal,0,[]
normal/normal_1023_EDD.jpg,normal,0,[]
normal/normal_1024_EDD.jpg,normal,1,"[{'vessel_blob_score': 0.47176204115353004, 'centre': [311.0, 246.0], 'radius': 35.918785545899944, 'blob_score': 0.7329182982444763, 'blob_contrast': 0.025473356246948242, 'blob_brightness': 0.987567663192749, 'blob_response': -0.0807378888130188, 'vessel_centre': [329.0, 240.0]}]"
normal/normal_1025_IFD.jpg,normal,1,"[{'vessel_blob_score': -2.3034302087854837, 'centre': [251.0, 202.0], 'radius': 57.01751796098172, 'blob_score': 0.5101425543427468, 'blob_contrast': 0.034726083278656006, 'blob_brightness': 0.6735249757766724, 'blob_response': -0.019744940102100372, 'vessel_centre': [85.0, 291.0]}]"
normal/normal_1026_IFD.jpg,normal,0,[]
normal/normal_1027_IFD.jpg,normal,1,"[{'vessel_blob_score': -2.600643945058197, 'centre': [332.0, 191.0], 'radius': 57.01751796098172, 'blob_score': 0.5185454294085503, 'blob_contrast': 0.032720983028411865, 'blob_brightness': 0.6887342929840088, 'blob_response': -0.018552206456661224, 'vessel_centre': [500.0, 309.0]}]"
normal/normal_1028_IFD.jpg,normal,1,"[{'vessel_blob_score': -2.630928913093322, 'centre': [210.0, 246.0], 'radius': 35.918785545899944, 'blob_score': 0.48440980613231654, 'blob_contrast': 0.021330595016479492, 'blob_brightness': 0.6586281061172485, 'blob_response': -0.010197684168815613, 'vessel_centre': [235.0, 118.0]}]"
normal/normal_1029_IFD.jpg,normal,2,"[{'vessel_blob_score': -3.991623560507085, 'centre': [236.0, 221.0], 'radius': 35.918785545899944, 'blob_score': 0.5224763303995132, 'blob_contrast': 0.05887496471405029, 'blob_brightness': 0.6541627645492554, 'blob_response': -0.02843715250492096, 'vessel_centre': [61.0, 260.0]}, {'vessel_blob_score': -2.7405978349923394, 'centre': [157.0, 354.0], 'radius': 35.918785545899944, 'blob_score': 0.4992236956954002, 'blob_contrast': 0.050428807735443115, 'blob_brightness': 0.6366748213768005, 'blob_response': -0.015612564980983734, 'vessel_centre': [61.0, 260.0]}]"
normal/normal_1030_IFD.jpg,normal,0,[]
normal/normal_1031_IFD.jpg,normal,0,[]
normal/normal_1032_IFD.jpg,normal,0,[]
normal/normal_1033_IFD.jpg,normal,0,[]
normal/normal_1034_IFD.jpg,normal,0,[]
normal/normal_1035_IFD.jpg,normal,0,[]
normal/normal_1036_IFD.jpg,normal,0,[]
normal/normal_1037_IFD.jpg,normal,1,"[{'vessel_blob_score': -2.461649564405982, 'centre': [378.0, 224.0], 'radius': 35.918785545899944, 'blob_score': 0.48900191634893414, 'blob_contrast': 0.02780383825302124, 'blob_brightness': 0.6553789973258972, 'blob_response': -0.012163899838924408, 'vessel_centre': [490.0, 170.0]}]"
normal/normal_1038_IFD.jpg,normal,0,[]
normal/normal_1039_IFD.jpg,normal,1,"[{'vessel_blob_score': -6.536272961899004, 'centre': [392.0, 245.0], 'radius': 45.254833995939045, 'blob_score': 0.41357263550162315, 'blob_contrast': 0.032249391078948975, 'blob_brightness': 0.5425735116004944, 'blob_response': -0.007608931511640549, 'vessel_centre': [58.0, 176.0]}]"
normal/normal_1040_IFD.jpg,normal,0,[]
normal/normal_1041_IFD.jpg,normal,0,[]
normal/normal_1042_IFD.jpg,normal,0,[]
normal/normal_1043_IFD.jpg,normal,4,"[{'vessel_blob_score': -3.53125, 'centre': [248.0, 162.0], 'radius': 45.254833995939045, 'blob_score': 0.5108036190271378, 'blob_contrast': 0.022349417209625244, 'blob_brightness': 0.6945609450340271, 'blob_response': -0.011307701468467712, 'vessel_centre': [81.0, 281.0]}, {'vessel_blob_score': -2.473325514701072, 'centre': [247.0, 173.0], 'radius': 57.01751796098172, 'blob_score': 0.5168881610035896, 'blob_contrast': 0.029060065746307373, 'blob_brightness': 0.6936272978782654, 'blob_response': -0.011444933712482452, 'vessel_centre': [81.0, 281.0]}, {'vessel_blob_score': -1.2129768110078922, 'centre': [192.0, 221.0], 'radius': 57.01751796098172, 'blob_score': 0.519155229628086, 'blob_contrast': 0.027881622314453125, 'blob_brightness': 0.6993077993392944, 'blob_response': -0.008790738880634308, 'vessel_centre': [81.0, 281.0]}, {'vessel_blob_score': -1.5782997215610495, 'centre': [240.0, 186.0], 'radius': 71.83757109179989, 'blob_score': 0.5226378768682479, 'blob_contrast': 0.03707325458526611, 'blob_brightness': 0.6903125047683716, 'blob_response': -0.011729344725608826, 'vessel_centre': [81.0, 281.0]}]"
normal/normal_1044_IFD.jpg,normal,0,[]
normal/normal_1045_IFD.jpg,normal,0,[]
normal/normal_1046_IFD.jpg,normal,1,"[{'vessel_blob_score': -3.24876880720978, 'centre': [232.0, 232.0], 'radius': 35.918785545899944, 'blob_score': 0.4764549076557159, 'blob_contrast': 0.03651237487792969, 'blob_brightness': 0.6203655004501343, 'blob_response': -0.028433412313461304, 'vessel_centre': [93.0, 295.0]}]"
normal/normal_1047_IFD.jpg,normal,1,"[{'vessel_blob_score': -3.114853523711889, 'centre': [390.0, 350.0], 'radius': 35.918785545899944, 'blob_score': 0.6193871647119522, 'blob_contrast': 0.039917945861816406, 'blob_brightness': 0.8174859285354614, 'blob_response': -0.036145344376564026, 'vessel_centre': [479.0, 232.0]}]"
normal/normal_1048_IFD.jpg,normal,4,"[{'vessel_blob_score': -3.705058855178666, 'centre': [245.0, 216.0], 'radius': 35.918785545899944, 'blob_score': 0.47275680303573603, 'blob_contrast': 0.02149432897567749, 'blob_brightness': 0.6417120099067688, 'blob_response': -0.010320335626602173, 'vessel_centre': [89.0, 281.0]}, {'vessel_blob_score': -3.658121742543692, 'centre': [244.0, 218.0], 'radius': 35.918785545899944, 'blob_score': 0.47251555919647215, 'blob_contrast': 0.021496057510375977, 'blob_brightness': 0.6413646340370178, 'blob_response': -0.010321289300918579, 'vessel_centre': [89.0, 281.0]}, {'vessel_blob_score': -2.697813965710011, 'centre': [241.0, 211.0], 'radius': 45.254833995939045, 'blob_score': 0.47292391508817666, 'blob_contrast': 0.02297532558441162, 'blob_brightness': 0.6398087739944458, 'blob_response': -0.010412238538265228, 'vessel_centre': [89.0, 281.0]}, {'vessel_blob_score': -2.314956323488193, 'centre': [239.0, 166.0], 'radius': 57.01751796098172, 'blob_score': 0.4901081562042236, 'blob_contrast': 0.040897369384765625, 'blob_brightness': 0.6382430791854858, 'blob_response': -0.0122031569480896, 'vessel_centre': [89.0, 281.0]}]"
normal/normal_1049_IFD.jpg,normal,1,"[{'vessel_blob_score': -2.329921756775976, 'centre': [185.0, 122.0], 'radius': 45.254833995939045, 'blob_score': 0.4830434650182724, 'blob_contrast': 0.04788482189178467, 'blob_brightness': 0.6168779730796814, 'blob_response': -0.016720309853553772, 'vessel_centre': [75.0, 225.0]}]"
normal/normal_1050_IFD.jpg,normal,0,[]
normal/normal_1051_IFD.jpg,normal,0,[]
normal/normal_1052_IFD.jpg,normal,1,"[{'vessel_blob_score': -3.019301575678292, 'centre': [190.0, 153.0], 'radius': 45.254833995939045, 'blob_score': 0.4892129868268967, 'blob_contrast': 0.043459951877593994, 'blob_brightness': 0.626594066619873, 'blob_response': -0.0356859415769577, 'vessel_centre': [56.0, 276.0]}]"
normal/normal_1053_IFD.jpg,normal,1,"[{'vessel_blob_score': -3.062139407073568, 'centre': [196.0, 145.0], 'radius': 45.254833995939045, 'blob_score': 0.513516654074192, 'blob_contrast': 0.022090256214141846, 'blob_brightness': 0.699847400188446, 'blob_response': -0.00766608864068985, 'vessel_centre': [83.0, 290.0]}]"
normal/normal_1054_IFD.jpg,normal,0,[]
normal/normal_1055_IFD.jpg,normal,0,[]
normal/normal_1056_IFD.jpg,normal,1,"[{'vessel_blob_score': -3.178778131202959, 'centre': [335.0, 227.0], 'radius': 35.918785545899944, 'blob_score': 0.5041459783911705, 'blob_contrast': 0.05634397268295288, 'blob_brightness': 0.6351934671401978, 'blob_response': -0.015832893550395966, 'vessel_centre': [483.0, 252.0]}]"
normal/normal_1057_IFD.jpg,normal,1,"[{'vessel_blob_score': -2.1074287878340714, 'centre': [363.0, 186.0], 'radius': 57.01751796098172, 'blob_score': 0.5141430452466011, 'blob_contrast': 0.0357058048248291, 'blob_brightness': 0.6792262196540833, 'blob_response': -0.014894433319568634, 'vessel_centre': [519.0, 270.0]}]"
normal/normal_1058_IFD.jpg,normal,1,"[{'vessel_blob_score': -2.0621811058459616, 'centre': [344.0, 232.0], 'radius': 45.254833995939045, 'blob_score': 0.7145420014858246, 'blob_contrast': 0.04841506481170654, 'blob_brightness': 0.9339091777801514, 'blob_response': -0.061952561140060425, 'vessel_centre': [474.0, 280.0]}]"
normal/normal_1059_IFD.jpg,normal,1,"[{'vessel_blob_score': -2.2493535278626693, 'centre': [390.0, 189.0], 'radius': 57.01751796098172, 'blob_score': 0.491040089726448, 'blob_contrast': 0.04519015550613403, 'blob_brightness': 0.6297144889831543, 'blob_response': -0.02524895966053009, 'vessel_centre': [544.0, 292.0]}]"
normal/normal_1060_IFD.jpg,normal,1,"[{'vessel_blob_score': -2.670736518146179, 'centre': [367.0, 200.0], 'radius': 35.918785545899944, 'blob_score': 0.4915012069046497, 'blob_contrast': 0.019347548484802246, 'blob_brightness': 0.6735026240348816, 'blob_response': -0.0035091079771518707, 'vessel_centre': [489.0, 250.0]}]"
normal/normal_1061_IFD.jpg,normal,1,"[{'vessel_blob_score': -2.1499501370394256, 'centre': [346.0, 169.0], 'radius': 57.01751796098172, 'blob_score': 0.5201831206679345, 'blob_contrast': 0.037424445152282715, 'blob_brightness': 0.6863253712654114, 'blob_response': -0.011654578149318695, 'vessel_centre': [502.0, 258.0]}]"
normal/normal_1062_IFD.jpg,normal,1,"[{'vessel_blob_score': -5.929647864881014, 'centre': [210.0, 205.0], 'radius': 45.254833995939045, 'blob_score': 0.5205354914069176, 'blob_contrast': 0.038643479347229004, 'blob_brightness': 0.6818689703941345, 'blob_response': -0.022918663918972015, 'vessel_centre': [511.0, 293.0]}]"
normal/normal_1063_PPE.jpg,normal,1,"[{'vessel_blob_score': -0.09820433088486591, 'centre': [172.0, 128.0], 'radius': 35.918785545899944, 'blob_score': 0.8348261117935181, 'blob_contrast': 0.14137345552444458, 'blob_brightness': 0.9778407216072083, 'blob_response': -0.04482075572013855, 'vessel_centre': [152.0, 94.0]}]"
normal/normal_1064_PPE.jpg,normal,0,[]
normal/normal_1065_PPE.jpg,normal,0,[]
normal/normal_1066_PPE.jpg,normal,3,"[{'vessel_blob_score': -2.524336557814706, 'centre': [63.0, 166.0], 'radius': 35.918785545899944, 'blob_score': 0.6107841193675995, 'blob_contrast': -0.027446985244750977, 'blob_brightness': 0.9103990197181702, 'blob_response': -0.004758954048156738, 'vessel_centre': [175.0, 107.0]}, {'vessel_blob_score': -2.5262054451829123, 'centre': [64.0, 168.0], 'radius': 35.918785545899944, 'blob_score': 0.6099265992641448, 'blob_contrast': -0.02764946222305298, 'blob_brightness': 0.9094633460044861, 'blob_response': -0.004758596420288086, 'vessel_centre': [175.0, 107.0]}, {'vessel_blob_score': -2.529171643916613, 'centre': [65.0, 170.0], 'radius': 35.918785545899944, 'blob_score': 0.6088686764240264, 'blob_contrast': -0.028016626834869385, 'blob_brightness': 0.9084773659706116, 'blob_response': -0.004755735397338867, 'vessel_centre': [175.0, 107.0]}]"
normal/normal_1067_PPE.jpg,normal,0,[]
normal/normal_1068_PPE.jpg,normal,0,[]
normal/normal_1069_PPE.jpg,normal,0,[]
normal/normal_1070_PPE.jpg,normal,0,[]
normal/normal_1071_PPE.jpg,normal,0,[]
normal/normal_1072_PPE.jpg,normal,0,[]
normal/normal_1073_PPE.jpg,normal,0,[]
normal/normal_1074_PPE.jpg,normal,0,[]
normal/normal_1075_PPE.jpg,normal,0,[]
normal/normal_1076_PPE.jpg,normal,0,[]
normal/normal_1077_PPE.jpg,normal,0,[]
normal/normal_1078_PPE.jpg,normal,0,[]
normal/normal_1079_PPE.jpg,normal,0,[]
normal/normal_1080_PPE.jpg,normal,0,[]
normal/normal_1081_PPE.jpg,normal,0,[]
normal/normal_1082_PPE.jpg,normal,0,[]
normal/normal_1083_PPE.jpg,normal,0,[]
normal/normal_1084_PPE.jpg,normal,0,[]
normal/normal_1085_PPE.jpg,normal,0,[]
normal/normal_1086_PPE.jpg,normal,0,[]
normal/normal_1087_PPE.jpg,normal,0,[]
normal/normal_1088_PPE.jpg,normal,0,[]
normal/normal_1089_PPE.jpg,normal,0,[]
normal/normal_1090_PPE.jpg,normal,0,[]
normal/normal_1091_PPE.jpg,normal,0,[]
normal/normal_1092_PPE.jpg,normal,0,[]
normal/normal_1093_PPE.jpg,normal,0,[]
normal/normal_1094_PPE.jpg,normal,0,[]
normal/normal_1095_PPE.jpg,normal,0,[]
normal/normal_1096_PPE.jpg,normal,0,[]
normal/normal_1097_PPE.jpg,normal,0,[]
normal/normal_1098_PPE.jpg,normal,0,[]
normal/normal_1099_PPE.jpg,normal,0,[]
normal/normal_1100_PPE.jpg,normal,0,[]
normal/normal_1101_PPE.jpg,normal,0,[]
normal/normal_1102_PPE.jpg,normal,0,[]
normal/normal_1103_PPE.jpg,normal,0,[]
normal/normal_1104_PPE.jpg,normal,0,[]
normal/normal_1105_PPE.jpg,normal,0,[]
normal/normal_1106_PPE.jpg,normal,0,[]
normal/normal_1107_PPE.jpg,normal,0,[]
normal/normal_1108_PPE.jpg,normal,0,[]
normal/normal_1109_PPE.jpg,normal,0,[]
normal/normal_1110_PPE.jpg,normal,0,[]
normal/normal_1111_PPE.jpg,normal,0,[]
normal/normal_1112_PPE.jpg,normal,0,[]
normal/normal_1113_PPE.jpg,normal,0,[]
normal/normal_1114_PPE.jpg,normal,0,[]
normal/normal_1115_PPE.jpg,normal,0,[]
normal/normal_1116_PPE.jpg,normal,0,[]
normal/normal_1117_PPE.jpg,normal,0,[]
normal/normal_1118_PPE.jpg,normal,0,[]
normal/normal_1119_PPE.jpg,normal,0,[]
normal/normal_1120_PPE.jpg,normal,0,[]
normal/normal_1121_PPE.jpg,normal,0,[]
normal/normal_1122_PPE.jpg,normal,0,[]
normal/normal_1123_PPE.jpg,normal,0,[]
normal/normal_1124_PPE.jpg,normal,0,[]
normal/normal_1125_PPE.jpg,normal,0,[]
normal/normal_1126_PPE.jpg,normal,0,[]
normal/normal_1127_PPE.jpg,normal,0,[]
normal/normal_1128_PPE.jpg,normal,0,[]
normal/normal_1129_PPE.jpg,normal,0,[]
normal/normal_1130_PPE.jpg,normal,0,[]
normal/normal_1131_PPE.jpg,normal,0,[]
normal/normal_1132_PPE.jpg,normal,0,[]
normal/normal_1133_PPE.jpg,normal,0,[]
normal/normal_1134_PPE.jpg,normal,0,[]
normal/normal_1135_PPE.jpg,normal,0,[]
normal/normal_1136_PPE.jpg,normal,1,"[{'vessel_blob_score': 0.7247801134168306, 'centre': [196.0, 184.0], 'radius': 228.07007184392688, 'blob_score': 0.32819741517305373, 'blob_contrast': -0.08353888988494873, 'blob_brightness': 0.5876727104187012, 'blob_response': -0.001827038824558258, 'vessel_centre': [164.0, 130.0]}]"
normal/normal_1137_PPE.jpg,normal,0,[]
normal/normal_1138_PPE.jpg,normal,0,[]
normal/normal_1139_PPE.jpg,normal,0,[]
normal/normal_1140_PPE.jpg,normal,0,[]
normal/normal_1141_PPE.jpg,normal,0,[]
normal/normal_1142_PPE.jpg,normal,0,[]
normal/normal_1143_PPE.jpg,normal,0,[]
normal/normal_1144_PPE.jpg,normal,0,[]
normal/normal_1145_PPE.jpg,normal,0,[]
normal/normal_1146_PPE.jpg,normal,0,[]
normal/normal_1147_PPE.jpg,normal,0,[]
normal/normal_1148_PPE.jpg,normal,0,[]
normal/normal_1149_PPE.jpg,normal,0,[]
normal/normal_1150_PPE.jpg,normal,0,[]
normal/normal_1151_PPE.jpg,normal,0,[]
normal/normal_1152_PPE.jpg,normal,0,[]
normal/normal_1153_PPE.jpg,normal,0,[]
normal/normal_1154_PPE.jpg,normal,0,[]
normal/normal_1155_PPE.jpg,normal,0,[]
normal/normal_1156_PPE.jpg,normal,0,[]
normal/normal_1157_PPE.jpg,normal,0,[]
normal/normal_1158_PPE.jpg,normal,0,[]
normal/normal_1159_PPE.jpg,normal,0,[]
normal/normal_1160_PPE.jpg,normal,0,[]
normal/normal_1161_PPE.jpg,normal,0,[]
normal/normal_1162_PPE.jpg,normal,0,[]
normal/normal_1163_PPE.jpg,normal,0,[]
normal/normal_1164_PPE.jpg,normal,0,[]
normal/normal_1165_PPE.jpg,normal,0,[]
normal/normal_1166_PPE.jpg,normal,0,[]
normal/normal_1167_PPE.jpg,normal,0,[]
normal/normal_1168_PPE.jpg,normal,0,[]
normal/normal_1169_PPE.jpg,normal,0,[]
normal/normal_1170_PPE.jpg,normal,0,[]
normal/normal_1171_PPE.jpg,normal,0,[]
normal/normal_1172_PPE.jpg,normal,0,[]
normal/normal_1173_PPE.jpg,normal,0,[]
normal/normal_1174_PPE.jpg,normal,0,[]
normal/normal_1175_PPE.jpg,normal,0,[]
normal/normal_1176_PPE.jpg,normal,0,[]
normal/normal_1177_PPE.jpg,normal,0,[]
normal/normal_1178_PPE.jpg,normal,0,[]
normal/normal_1179_PPE.jpg,normal,0,[]
normal/normal_1180_PPE.jpg,normal,1,"[{'vessel_blob_score': -3.2304865846776485, 'centre': [235.0, 131.0], 'radius': 35.918785545899944, 'blob_score': 0.5581197989173233, 'blob_contrast': 0.0022095441818237305, 'blob_brightness': 0.7937392592430115, 'blob_response': -0.001463866326957941, 'vessel_centre': [84.0, 114.0]}]"
normal/normal_1181_PPE.jpg,normal,0,[]
normal/normal_1182_PPE.jpg,normal,0,[]
normal/normal_1183_PPE.jpg,normal,0,[]
normal/normal_1184_PPE.jpg,normal,0,[]
normal/normal_1185_PPE.jpg,normal,0,[]
normal/normal_1186_PPE.jpg,normal,0,[]
normal/normal_1187_PPE.jpg,normal,0,[]
normal/normal_1188_PPE.jpg,normal,0,[]
normal/normal_1189_PPE.jpg,normal,0,[]
normal/normal_1190_PPE.jpg,normal,0,[]
normal/normal_1191_PPE.jpg,normal,0,[]
normal/normal_1192_PPE.jpg,normal,0,[]
normal/normal_1193_PPE.jpg,normal,0,[]
normal/normal_1194_PPE.jpg,normal,0,[]
normal/normal_1195_PPE.jpg,normal,0,[]
normal/normal_1196_PPE.jpg,normal,0,[]
normal/normal_1197_PPE.jpg,normal,0,[]
normal/normal_1198_PPE.jpg,normal,0,[]
normal/normal_1199_PPE.jpg,normal,0,[]
normal/normal_1200_PPE.jpg,normal,0,[]
normal/normal_1201_PPE.jpg,normal,3,"[{'vessel_blob_score': -1.5523910589999423, 'centre': [94.0, 208.0], 'radius': 35.918785545899944, 'blob_score': 0.524782794713974, 'blob_contrast': -0.05106353759765625, 'blob_brightness': 0.8218148350715637, 'blob_response': -0.0028797388076782227, 'vessel_centre': [165.0, 150.0]}, {'vessel_blob_score': -1.3650936641329126, 'centre': [41.0, 97.0], 'radius': 57.01751796098172, 'blob_score': 0.5493288218975068, 'blob_contrast': -0.04238694906234741, 'blob_brightness': 0.8445063233375549, 'blob_response': -0.002806723117828369, 'vessel_centre': [165.0, 150.0]}, {'vessel_blob_score': -1.364768498301427, 'centre': [39.0, 102.0], 'radius': 57.01751796098172, 'blob_score': 0.5438563406467437, 'blob_contrast': -0.044780433177948, 'blob_brightness': 0.8401082158088684, 'blob_response': -0.0028051137924194336, 'vessel_centre': [165.0, 150.0]}]"
normal/normal_1202_PPE.jpg,normal,0,[]
normal/normal_1203_PPE.jpg,normal,0,[]
normal/normal_1204_PPE.jpg,normal,0,[]
normal/normal_1205_PPE.jpg,normal,0,[]
normal/normal_1206_PPE.jpg,normal,0,[]
normal/normal_1207_PPE.jpg,normal,0,[]
normal/normal_1208_PPE.jpg,normal,0,[]
normal/normal_1209_PPE.jpg,normal,0,[]
normal/normal_1210_PPE.jpg,normal,0,[]
normal/normal_1211_PPE.jpg,normal,0,[]
normal/normal_1212_PPE.jpg,normal,0,[]
normal/normal_1213_PPE.jpg,normal,0,[]
normal/normal_1214_PPE.jpg,normal,0,[]
normal/normal_1215_PPE.jpg,normal,0,[]
normal/normal_1216_PPE.jpg,normal,0,[]
normal/normal_1217_PPE.jpg,normal,0,[]
normal/normal_1218_PPE.jpg,normal,0,[]
normal/normal_1219_PPE.jpg,normal,0,[]
normal/normal_1220_PPE.jpg,normal,0,[]
normal/normal_1221_PPE.jpg,normal,0,[]
normal/normal_1222_PPE.jpg,normal,0,[]
normal/normal_1223_PPE.jpg,normal,0,[]
normal/normal_1224_PPE.jpg,normal,0,[]
normal/normal_1225_PPE.jpg,normal,0,[]
normal/normal_1226_PPE.jpg,normal,0,[]
normal/normal_1227_PPE.jpg,normal,0,[]
normal/normal_1228_PPE.jpg,normal,0,[]
normal/normal_1229_PPE.jpg,normal,0,[]
normal/normal_1230_PPE.jpg,normal,0,[]
normal/normal_1231_PPE.jpg,normal,0,[]
normal/normal_1232_PPE.jpg,normal,0,[]
normal/normal_1233_PPE.jpg,normal,0,[]
normal/normal_1234_PPE.jpg,normal,0,[]
normal/normal_1235_PPE.jpg,normal,0,[]
normal/normal_1236_PPE.jpg,normal,0,[]
normal/normal_1237_PPE.jpg,normal,0,[]
normal/normal_1238_PPE.jpg,normal,0,[]
normal/normal_1239_PPE.jpg,normal,0,[]
normal/normal_1240_PPE.jpg,normal,0,[]
normal/normal_1241_PPE.jpg,normal,0,[]
normal/normal_1242_PPE.jpg,normal,0,[]
normal/normal_1243_PPE.jpg,normal,0,[]
normal/normal_1244_PPE.jpg,normal,0,[]
normal/normal_1245_PPE.jpg,normal,0,[]
normal/normal_1246_PPE.jpg,normal,0,[]
normal/normal_1247_PPE.jpg,normal,0,[]
normal/normal_1248_PPE.jpg,normal,0,[]
normal/normal_1249_PPE.jpg,normal,0,[]
normal/normal_1250_PPE.jpg,normal,0,[]
normal/normal_1251_PPE.jpg,normal,0,[]
normal/normal_1252_PPE.jpg,normal,0,[]
normal/normal_1253_PPE.jpg,normal,0,[]
normal/normal_1254_PPE.jpg,normal,0,[]
normal/normal_1255_PPE.jpg,normal,0,[]
normal/normal_1256_PPE.jpg,normal,0,[]
normal/normal_1257_PPE.jpg,normal,0,[]
normal/normal_1258_PPE.jpg,normal,0,[]
normal/normal_1259_PPE.jpg,normal,0,[]
normal/normal_1260_PPE.jpg,normal,0,[]
normal/normal_1261_PPE.jpg,normal,0,[]
normal/normal_1262_PPE.jpg,normal,0,[]
normal/normal_1263_PPE.jpg,normal,0,[]
normal/normal_1264_PPE.jpg,normal,0,[]
normal/normal_1265_PPE.jpg,normal,0,[]
normal/normal_1266_PPE.jpg,normal,0,[]
normal/normal_1267_PPE.jpg,normal,0,[]
normal/normal_1268_PPE.jpg,normal,0,[]
normal/normal_1269_PPE.jpg,normal,0,[]
normal/normal_1270_PPE.jpg,normal,0,[]
normal/normal_1271_PPE.jpg,normal,0,[]
normal/normal_1272_PPE.jpg,normal,0,[]
normal/normal_1273_PPE.jpg,normal,0,[]
normal/normal_1274_PPE.jpg,normal,0,[]
normal/normal_1275_PPE.jpg,normal,0,[]
normal/normal_1276_PPE.jpg,normal,0,[]
normal/normal_1277_PPE.jpg,normal,0,[]
normal/normal_1278_PPE.jpg,normal,0,[]
normal/normal_1279_PPE.jpg,normal,0,[]
normal/normal_1280_PPE.jpg,normal,0,[]
normal/normal_1281_PPE.jpg,normal,0,[]
normal/normal_1282_PPE.jpg,normal,0,[]
normal/normal_1283_PPE.jpg,normal,0,[]
normal/normal_1284_PPE.jpg,normal,0,[]
normal/normal_1285_PPE.jpg,normal,0,[]
normal/normal_1286_PPE.jpg,normal,0,[]
normal/normal_1287_PPE.jpg,normal,0,[]
normal/normal_1288_PPE.jpg,normal,0,[]
normal/normal_1289_PPE.jpg,normal,0,[]
normal/normal_1290_PPE.jpg,normal,0,[]
normal/normal_1291_PPE.jpg,normal,0,[]
normal/normal_1292_PPE.jpg,normal,0,[]
normal/normal_1293_PPE.jpg,normal,0,[]
normal/normal_1294_PPE.jpg,normal,0,[]
normal/normal_1295_PPE.jpg,normal,0,[]
normal/normal_1296_PPE.jpg,normal,0,[]
normal/normal_1297_PPE.jpg,normal,0,[]
normal/normal_1298_PPE.jpg,normal,0,[]
normal/normal_1299_PPE.jpg,normal,0,[]
normal/normal_1300_PPE.jpg,normal,0,[]
normal/normal_1301_PPE.jpg,normal,0,[]
normal/normal_1302_PPE.jpg,normal,0,[]
normal/normal_1303_PPE.jpg,normal,0,[]
normal/normal_1304_PPE.jpg,normal,0,[]
normal/normal_1305_PPE.jpg,normal,0,[]
normal/normal_1306_PPE.jpg,normal,0,[]
normal/normal_1307_PPE.jpg,normal,0,[]
normal/normal_1308_PPE.jpg,normal,0,[]
normal/normal_1309_PPE.jpg,normal,0,[]
normal/normal_1310_PPE.jpg,normal,0,[]
normal/normal_1311_PPE.jpg,normal,0,[]
normal/normal_1312_PPE.jpg,normal,0,[]
normal/normal_1313_PPE.jpg,normal,0,[]
normal/normal_1314_PPE.jpg,normal,0,[]
normal/normal_1315_PPE.jpg,normal,0,[]
normal/normal_1316_PPE.jpg,normal,0,[]
normal/normal_1317_PPE.jpg,normal,0,[]
normal/normal_1318_PPE.jpg,normal,0,[]
normal/normal_1319_PPE.jpg,normal,0,[]
normal/normal_1320_PPE.jpg,normal,0,[]
normal/normal_1321_PPE.jpg,normal,0,[]
normal/normal_1322_PPE.jpg,normal,0,[]
normal/normal_1323_PPE.jpg,normal,0,[]
normal/normal_1324_PPE.jpg,normal,0,[]
normal/normal_1325_PPE.jpg,normal,0,[]
normal/normal_1326_PPE.jpg,normal,0,[]
normal/normal_1327_PPE.jpg,normal,0,[]
normal/normal_1328_PPE.jpg,normal,0,[]
normal/normal_1329_PPE.jpg,normal,0,[]
normal/normal_1330_PPE.jpg,normal,0,[]
normal/normal_1331_PPE.jpg,normal,0,[]
normal/normal_1332_PPE.jpg,normal,0,[]
normal/normal_1333_PPE.jpg,normal,0,[]
normal/normal_1334_PPE.jpg,normal,0,[]
normal/normal_1335_PPE.jpg,normal,0,[]
normal/normal_1336_PPE.jpg,normal,0,[]
normal/normal_1337_PPE.jpg,normal,0,[]
normal/normal_1338_PPE.jpg,normal,0,[]
normal/normal_1339_PPE.jpg,normal,0,[]
normal/normal_1340_PPE.jpg,normal,0,[]
normal/normal_1341_PPE.jpg,normal,0,[]
normal/normal_1342_PPE.jpg,normal,0,[]
normal/normal_1343_PPE.jpg,normal,0,[]
normal/normal_1344_PPE.jpg,normal,0,[]
normal/normal_1345_PPE.jpg,normal,0,[]
normal/normal_1346_PPE.jpg,normal,0,[]
normal/normal_1347_PPE.jpg,normal,0,[]
normal/normal_1348_PPE.jpg,normal,0,[]
normal/normal_1349_PPE.jpg,normal,2,"[{'vessel_blob_score': -0.39230762510868034, 'centre': [126.0, 86.0], 'radius': 35.918785545899944, 'blob_score': 0.8027209281921387, 'blob_contrast': 0.10298949480056763, 'blob_brightness': 0.9870123863220215, 'blob_response': -0.04411381483078003, 'vessel_centre': [175.0, 96.0]}, {'vessel_blob_score': 0.260257269076687, 'centre': [184.0, 121.0], 'radius': 35.918785545899944, 'blob_score': 0.8496687352657317, 'blob_contrast': 0.17188256978988647, 'blob_brightness': 0.9572517275810242, 'blob_response': -0.03854978084564209, 'vessel_centre': [175.0, 96.0]}]"
normal/normal_1350_PPE.jpg,normal,0,[]
normal/normal_1351_PPE.jpg,normal,0,[]
normal/normal_1352_PPE.jpg,normal,0,[]
normal/normal_1353_PPE.jpg,normal,0,[]
normal/normal_1354_PPE.jpg,normal,0,[]
normal/normal_1355_PPE.jpg,normal,0,[]
normal/normal_1356_PPE.jpg,normal,0,[]
normal/normal_1357_PPE.jpg,normal,0,[]
normal/normal_1358_PPE.jpg,normal,0,[]
normal/normal_1359_PPE.jpg,normal,0,[]
normal/normal_1360_PPE.jpg,normal,0,[]
normal/normal_1361_PPE.jpg,normal,0,[]
normal/normal_1362_PPE.jpg,normal,0,[]
normal/normal_1363_PPE.jpg,normal,0,[]
normal/normal_1364_PPE.jpg,normal,0,[]
normal/normal_1365_PPE.jpg,normal,0,[]
normal/normal_1366_PPE.jpg,normal,0,[]
normal/normal_1367_PPE.jpg,normal,0,[]
normal/normal_1368_PPE.jpg,normal,0,[]
normal/normal_1369_PPE.jpg,normal,0,[]
normal/normal_1370_PPE.jpg,normal,0,[]
normal/normal_1371_PPE.jpg,normal,0,[]
normal/normal_1372_PPE.jpg,normal,0,[]
normal/normal_1373_PPE.jpg,normal,0,[]
normal/normal_1374_PPE.jpg,normal,0,[]
normal/normal_1375_PPE.jpg,normal,0,[]
normal/normal_1376_PPE.jpg,normal,0,[]
normal/normal_1377_PPE.jpg,normal,0,[]
normal/normal_1378_PPE.jpg,normal,0,[]
normal/normal_1379_PPE.jpg,normal,0,[]
normal/normal_1380_PPE.jpg,normal,0,[]
normal/normal_1381_PPE.jpg,normal,0,[]
normal/normal_1382_PPE.jpg,normal,0,[]
normal/normal_1383_PPE.jpg,normal,0,[]
normal/normal_1384_PPE.jpg,normal,0,[]
normal/normal_1385_PPE.jpg,normal,0,[]
normal/normal_1386_PPE.jpg,normal,0,[]
normal/normal_1387_PPE.jpg,normal,0,[]
normal/normal_1388_PPE.jpg,normal,0,[]
normal/normal_1389_PPE.jpg,normal,0,[]
normal/normal_1390_PPE.jpg,normal,0,[]
normal/normal_1391_PPE.jpg,normal,0,[]
normal/normal_1392_PPE.jpg,normal,0,[]
normal/normal_1393_PPE.jpg,normal,0,[]
normal/normal_1394_PPE.jpg,normal,0,[]
normal/normal_1395_PPE.jpg,normal,0,[]
normal/normal_1396_PPE.jpg,normal,0,[]
normal/normal_1397_PPE.jpg,normal,0,[]
normal/normal_1398_PPE.jpg,normal,0,[]
normal/normal_1399_PPE.jpg,normal,0,[]
normal/normal_1400_PPE.jpg,normal,0,[]
normal/normal_1401_PPE.jpg,normal,0,[]
normal/normal_1402_PPE.jpg,normal,0,[]
normal/normal_1403_PPE.jpg,normal,0,[]
normal/normal_1404_PPE.jpg,normal,0,[]
normal/normal_1405_PPE.jpg,normal,0,[]
normal/normal_1406_PPE.jpg,normal,0,[]
normal/normal_1407_PPE.jpg,normal,0,[]
normal/normal_1408_PPE.jpg,normal,0,[]
normal/normal_1409_PPE.jpg,normal,0,[]
normal/normal_1410_PPE.jpg,normal,0,[]
normal/normal_1411_PPE.jpg,normal,0,[]
normal/normal_1412_PPE.jpg,normal,0,[]
normal/normal_1413_PPE.jpg,normal,0,[]
normal/normal_1414_PPE.jpg,normal,0,[]
normal/normal_1415_PPE.jpg,normal,0,[]
normal/normal_1416_PPE.jpg,normal,0,[]
normal/normal_1417_PPE.jpg,normal,0,[]
normal/normal_1418_PPE.jpg,normal,0,[]
normal/normal_1419_PPE.jpg,normal,0,[]
normal/normal_1420_PPE.jpg,normal,0,[]
normal/normal_1421_PPE.jpg,normal,0,[]
normal/normal_1422_PPE.jpg,normal,0,[]
normal/normal_1423_PPE.jpg,normal,0,[]
normal/normal_1424_PPE.jpg,normal,0,[]
normal/normal_1425_PPE.jpg,normal,0,[]
normal/normal_1426_PPE.jpg,normal,1,"[{'vessel_blob_score': 0.5429680454214199, 'centre': [204.0, 192.0], 'radius': 228.07007184392688, 'blob_score': 0.5277677245438099, 'blob_contrast': 0.140253484249115, 'blob_brightness': 0.55316561460495, 'blob_response': -0.0014915503561496735, 'vessel_centre': [101.0, 176.0]}]"
normal/normal_1427_PPE.jpg,normal,0,[]
normal/normal_1428_PPE.jpg,normal,0,[]
normal/normal_1429_PPE.jpg,normal,0,[]
normal/normal_1430_PPE.jpg,normal,0,[]
normal/normal_1431_PPE.jpg,normal,0,[]
normal/normal_1432_PPE.jpg,normal,0,[]
normal/normal_1433_PPE.jpg,normal,0,[]
normal/normal_1434_PPE.jpg,normal,0,[]
normal/normal_1435_PPE.jpg,normal,0,[]
normal/normal_1436_PPE.jpg,normal,0,[]
normal/normal_1437_PPE.jpg,normal,0,[]
normal/normal_1438_PPE.jpg,normal,0,[]
normal/normal_1439_PPE.jpg,normal,0,[]
normal/normal_1440_PPE.jpg,normal,0,[]
normal/normal_1441_PPE.jpg,normal,0,[]
normal/normal_1442_PPE.jpg,normal,0,[]
normal/normal_1443_PPE.jpg,normal,0,[]
normal/normal_1444_PPE.jpg,normal,0,[]
normal/normal_1445_PPE.jpg,normal,0,[]
normal/normal_1446_PPE.jpg,normal,0,[]
normal/normal_1447_PPE.jpg,normal,0,[]
normal/normal_1448_PPE.jpg,normal,0,[]
normal/normal_1449_PPE.jpg,normal,0,[]
normal/normal_1450_PPE.jpg,normal,0,[]
normal/normal_1451_PPE.jpg,normal,0,[]
normal/normal_1452_PPE.jpg,normal,0,[]
normal/normal_1453_PPE.jpg,normal,0,[]
normal/normal_1454_PPE.jpg,normal,0,[]
normal/normal_1455_PPE.jpg,normal,0,[]
normal/normal_1456_PPE.jpg,normal,0,[]
normal/normal_1457_PPE.jpg,normal,0,[]
normal/normal_1458_PPE.jpg,normal,1,"[{'vessel_blob_score': -0.19032745687428476, 'centre': [112.0, 152.0], 'radius': 35.918785545899944, 'blob_score': 0.7933958947658538, 'blob_contrast': 0.1012616753578186, 'blob_brightness': 0.9779007434844971, 'blob_response': -0.038018494844436646, 'vessel_centre': [70.0, 144.0]}]"
normal/normal_1459_PPE.jpg,normal,0,[]
normal/normal_1460_PPE.jpg,normal,0,[]
normal/normal_1461_PPE.jpg,normal,0,[]
normal/normal_1462_PPE.jpg,normal,0,[]
normal/normal_1463_PPE.jpg,normal,0,[]
normal/normal_1464_PPE.jpg,normal,1,"[{'vessel_blob_score': 0.1607150544720476, 'centre': [126.0, 127.0], 'radius': 57.01751796098172, 'blob_score': 0.9127245098352432, 'blob_contrast': 0.20977741479873657, 'blob_brightness': 0.9864757061004639, 'blob_response': -0.06207050383090973, 'vessel_centre': [173.0, 136.0]}]"
normal/normal_1465_PPE.jpg,normal,0,[]
normal/normal_1466_PPE.jpg,normal,0,[]
normal/normal_1467_PPE.jpg,normal,0,[]
normal/normal_1468_PPE.jpg,normal,0,[]
normal/normal_1469_PPE.jpg,normal,0,[]
normal/normal_1470_PPE.jpg,normal,0,[]
normal/normal_1471_PPE.jpg,normal,0,[]
normal/normal_1472_PPE.jpg,normal,1,"[{'vessel_blob_score': 0.5738115823092322, 'centre': [16.0, 200.0], 'radius': 228.07007184392688, 'blob_score': 0.4471667110919952, 'blob_contrast': -0.0028961896896362305, 'blob_brightness': 0.6423225998878479, 'blob_response': -0.0021854043006896973, 'vessel_centre': [94.0, 142.0]}]"
normal/normal_1473_PPE.jpg,normal,0,[]
normal/normal_1474_PPE.jpg,normal,0,[]
normal/normal_1475_PPE.jpg,normal,0,[]
normal/normal_1476_PPE.jpg,normal,0,[]
normal/normal_1477_PPE.jpg,normal,0,[]
normal/normal_1478_PPE.jpg,normal,0,[]
normal/normal_1479_PPE.jpg,normal,0,[]
normal/normal_1480_PPE.jpg,normal,0,[]
normal/normal_1481_PPE.jpg,normal,0,[]
normal/normal_1482_PPE.jpg,normal,0,[]
normal/normal_1483_PPE.jpg,normal,0,[]
normal/normal_1484_PPE.jpg,normal,0,[]
normal/normal_1485_PPE.jpg,normal,0,[]
normal/normal_1486_PPE.jpg,normal,0,[]
normal/normal_1487_PPE.jpg,normal,0,[]
normal/normal_1488_PPE.jpg,normal,0,[]
normal/normal_1489_PPE.jpg,normal,0,[]
normal/normal_1490_PPE.jpg,normal,1,"[{'vessel_blob_score': -0.6031922939589769, 'centre': [130.0, 163.0], 'radius': 35.918785545899944, 'blob_score': 0.8347409904003142, 'blob_contrast': 0.1312187910079956, 'blob_brightness': 0.9899411201477051, 'blob_response': -0.052817076444625854, 'vessel_centre': [76.0, 143.0]}]"
normal/normal_1491_PPE.jpg,normal,0,[]
normal/normal_1492_PPE.jpg,normal,0,[]
normal/normal_1493_PPE.jpg,normal,0,[]
normal/normal_1494_PPE.jpg,normal,0,[]
normal/normal_1495_PPE.jpg,normal,1,"[{'vessel_blob_score': -0.6576257153887306, 'centre': [215.0, 169.0], 'radius': 35.918785545899944, 'blob_score': 0.17432484626770017, 'blob_contrast': -0.1913272738456726, 'blob_brightness': 0.5213315486907959, 'blob_response': -0.003600180149078369, 'vessel_centre': [163.0, 140.0]}]"
normal/normal_1496_PPE.jpg,normal,0,[]
normal/normal_1497_PPE.jpg,normal,0,[]
normal/normal_1498_PPE.jpg,normal,0,[]
normal/normal_1499_PPE.jpg,normal,0,[]
normal/normal_1500_PPE.jpg,normal,0,[]
normal/normal_1501_PPE.jpg,normal,0,[]
normal/normal_1502_PPE.jpg,normal,0,[]
normal/normal_1503_PPE.jpg,normal,0,[]
normal/normal_1504_PPE.jpg,normal,0,[]
normal/normal_1505_PPE.jpg,normal,0,[]
normal/normal_1506_PPE.jpg,normal,0,[]
normal/normal_1507_PPE.jpg,normal,0,[]
normal/normal_1508_PPE.jpg,normal,0,[]
normal/normal_1509_PPE.jpg,normal,0,[]
normal/normal_1510_PPE.jpg,normal,0,[]
normal/normal_1511_PPE.jpg,normal,0,[]
normal/normal_1512_PPE.jpg,normal,0,[]
normal/normal_1513_PPE.jpg,normal,0,[]
normal/normal_1514_PPE.jpg,normal,0,[]
normal/normal_1515_PPE.jpg,normal,1,"[{'vessel_blob_score': -1.2921401026115311, 'centre': [105.0, 39.0], 'radius': 45.254833995939045, 'blob_score': 0.5122371435165405, 'blob_contrast': -0.04976266622543335, 'blob_brightness': 0.8020167350769043, 'blob_response': -0.0029404759407043457, 'vessel_centre': [71.0, 137.0]}]"
normal/normal_1516_PPE.jpg,normal,0,[]
normal/normal_1517_PPE.jpg,normal,0,[]
normal/normal_1518_PPE.jpg,normal,0,[]
normal/normal_1519_PPE.jpg,normal,1,"[{'vessel_blob_score': 0.6720611029734622, 'centre': [44.0, 44.0], 'radius': 228.07007184392688, 'blob_score': 0.5704919710755348, 'blob_contrast': 0.10142713785171509, 'blob_brightness': 0.6696093082427979, 'blob_response': -0.0016915872693061829, 'vessel_centre': [81.0, 109.0]}]"
normal/normal_1520_PPE.jpg,normal,0,[]
normal/normal_1521_PPE.jpg,normal,0,[]
normal/normal_1522_PPE.jpg,normal,0,[]
normal/normal_1523_PPE.jpg,normal,0,[]
normal/normal_1524_PPE.jpg,normal,0,[]
normal/normal_1525_PPE.jpg,normal,0,[]
normal/normal_1526_PPE.jpg,normal,0,[]
normal/normal_1527_PPE.jpg,normal,0,[]
normal/normal_1528_PPE.jpg,normal,0,[]
normal/normal_1529_PPE.jpg,normal,0,[]
normal/normal_1530_PPE.jpg,normal,0,[]
normal/normal_1531_PPE.jpg,normal,0,[]
normal/normal_1532_PPE.jpg,normal,0,[]
normal/normal_1533_PPE.jpg,normal,0,[]
normal/normal_1534_PPE.jpg,normal,0,[]
normal/normal_1535_PPE.jpg,normal,0,[]
normal/normal_1536_PPE.jpg,normal,0,[]
normal/normal_1537_PPE.jpg,normal,0,[]
normal/normal_1538_PPE.jpg,normal,0,[]
normal/normal_1539_PPE.jpg,normal,0,[]
normal/normal_1540_PPE.jpg,normal,0,[]
normal/normal_1541_PPE.jpg,normal,0,[]
normal/normal_1542_PPE.jpg,normal,0,[]
normal/normal_1543_PPE.jpg,normal,0,[]
normal/normal_1544_PPE.jpg,normal,0,[]
normal/normal_1545_PPE.jpg,normal,0,[]
normal/normal_1546_PPE.jpg,normal,0,[]
normal/normal_1547_PPE.jpg,normal,0,[]
normal/normal_1548_PPE.jpg,normal,0,[]
normal/normal_1549_PPE.jpg,normal,0,[]
normal/normal_1550_PPE.jpg,normal,1,"[{'vessel_blob_score': -1.288523177522392, 'centre': [177.0, 200.0], 'radius': 35.918785545899944, 'blob_score': 0.5134859323501587, 'blob_contrast': -0.024632811546325684, 'blob_brightness': 0.7677750587463379, 'blob_response': -0.003381013870239258, 'vessel_centre': [163.0, 119.0]}]"
normal/normal_1551_PPE.jpg,normal,0,[]
normal/normal_1552_PPE.jpg,normal,0,[]
normal/normal_1553_PPE.jpg,normal,0,[]
normal/normal_1554_PPE.jpg,normal,0,[]
normal/normal_1555_PPE.jpg,normal,0,[]
normal/normal_1556_PPE.jpg,normal,0,[]
normal/normal_1557_PPE.jpg,normal,0,[]
normal/normal_1558_PPE.jpg,normal,0,[]
normal/normal_1559_PPE.jpg,normal,0,[]
normal/normal_1560_PPE.jpg,normal,0,[]
normal/normal_1561_PPE.jpg,normal,0,[]
normal/normal_1562_PPE.jpg,normal,0,[]
normal/normal_1563_PPE.jpg,normal,0,[]
normal/normal_1564_PPE.jpg,normal,0,[]
normal/normal_1565_PPE.jpg,normal,0,[]
normal/normal_1566_PPE.jpg,normal,0,[]
normal/normal_1567_PPE.jpg,normal,0,[]
normal/normal_1568_PPE.jpg,normal,0,[]
normal/normal_1569_PPE.jpg,normal,1,"[{'vessel_blob_score': -1.0776240536267494, 'centre': [122.0, 72.0], 'radius': 35.918785545899944, 'blob_score': 0.8124417662620543, 'blob_contrast': 0.11844033002853394, 'blob_brightness': 0.9795620441436768, 'blob_response': -0.04154002666473389, 'vessel_centre': [59.0, 112.0]}]"
normal/normal_1570_PPE.jpg,normal,0,[]
normal/normal_1571_PPE.jpg,normal,0,[]
normal/normal_1572_PPE.jpg,normal,0,[]
normal/normal_1573_PPE.jpg,normal,0,[]
normal/normal_1574_PPE.jpg,normal,0,[]
normal/normal_1575_PPE.jpg,normal,0,[]
normal/normal_1576_PPE.jpg,normal,0,[]
normal/normal_1577_PPE.jpg,normal,0,[]
normal/normal_1578_PPE.jpg,normal,0,[]
normal/normal_1579_PPE.jpg,normal,0,[]
normal/normal_1580_PPE.jpg,normal,0,[]
normal/normal_1581_PPE.jpg,normal,0,[]
normal/normal_1582_PPE.jpg,normal,0,[]
normal/normal_1583_PPE.jpg,normal,0,[]
normal/normal_1584_PPE.jpg,normal,1,"[{'vessel_blob_score': 0.76076698261334, 'centre': [32.0, 56.0], 'radius': 228.07007184392688, 'blob_score': 0.5812395051121712, 'blob_contrast': 0.08933871984481812, 'blob_brightness': 0.7022017240524292, 'blob_response': -0.001797892153263092, 'vessel_centre': [68.0, 97.0]}]"
normal/normal_1585_PPE.jpg,normal,1,"[{'vessel_blob_score': -0.27975874015851576, 'centre': [135.0, 151.0], 'radius': 35.918785545899944, 'blob_score': 0.7945673167705536, 'blob_contrast': 0.10285645723342896, 'blob_brightness': 0.976276159286499, 'blob_response': -0.04158774018287659, 'vessel_centre': [167.0, 118.0]}]"
normal/normal_1586_PPE.jpg,normal,0,[]
normal/normal_1587_PPE.jpg,normal,0,[]
normal/normal_1588_PPE.jpg,normal,0,[]
normal/normal_1589_PPE.jpg,normal,0,[]
normal/normal_1590_PPE.jpg,normal,0,[]
normal/normal_1591_PPE.jpg,normal,1,"[{'vessel_blob_score': 0.5422955065426369, 'centre': [160.0, 232.0], 'radius': 228.07007184392688, 'blob_score': 0.49940179809927937, 'blob_contrast': 0.0798407793045044, 'blob_brightness': 0.5989781618118286, 'blob_response': -0.0013815276324748993, 'vessel_centre': [151.0, 128.0]}]"
normal/normal_1592_PPE.jpg,normal,1,"[{'vessel_blob_score': 0.3939386521563777, 'centre': [200.0, 180.0], 'radius': 228.07007184392688, 'blob_score': 0.6378088906407355, 'blob_contrast': 0.20084375143051147, 'blob_brightness': 0.6236693859100342, 'blob_response': -0.001982845366001129, 'vessel_centre': [75.0, 121.0]}]"
normal/normal_1593_PPE.jpg,normal,0,[]
normal/normal_1594_PPE.jpg,normal,0,[]
normal/normal_1595_PPE.jpg,normal,2,"[{'vessel_blob_score': -1.210654645406993, 'centre': [122.0, 72.0], 'radius': 35.918785545899944, 'blob_score': 0.7865293622016906, 'blob_contrast': 0.09873348474502563, 'blob_brightness': 0.9700720906257629, 'blob_response': -0.04372707009315491, 'vessel_centre': [186.0, 119.0]}, {'vessel_blob_score': 0.42605163802812585, 'centre': [194.0, 100.0], 'radius': 35.918785545899944, 'blob_score': 0.7753545284271239, 'blob_contrast': 0.07853782176971436, 'blob_brightness': 0.9847424030303955, 'blob_response': -0.03748512268066406, 'vessel_centre': [186.0, 119.0]}]"
normal/normal_1596_PPE.jpg,normal,0,[]
normal/normal_1597_PPE.jpg,normal,1,"[{'vessel_blob_score': -1.2036236137893424, 'centre': [90.0, 33.0], 'radius': 45.254833995939045, 'blob_score': 0.4630228579044342, 'blob_contrast': -0.06443130970001221, 'blob_brightness': 0.7526007294654846, 'blob_response': -0.0031682848930358887, 'vessel_centre': [78.0, 132.0]}]"
normal/normal_1598_PPE.jpg,normal,0,[]
normal/normal_1599_PPE.jpg,normal,0,[]
normal/normal_1600_PPE.jpg,normal,0,[]
normal/normal_1601_PPE.jpg,normal,0,[]
normal/normal_1602_PPE.jpg,normal,0,[]
normal/normal_1603_PPE.jpg,normal,1,"[{'vessel_blob_score': -0.7898270129325158, 'centre': [84.0, 106.0], 'radius': 35.918785545899944, 'blob_score': 0.7381297767162323, 'blob_contrast': 0.038987934589385986, 'blob_brightness': 0.9900292158126831, 'blob_response': -0.030606955289840698, 'vessel_centre': [146.0, 123.0]}]"
normal/normal_1604_PPE.jpg,normal,0,[]
normal/normal_1605_PPE.jpg,normal,10,"[{'vessel_blob_score': -1.9543832675053134, 'centre': [46.0, 168.0], 'radius': 35.918785545899944, 'blob_score': 0.5796627342700957, 'blob_contrast': -0.02621680498123169, 'blob_brightness': 0.8646957278251648, 'blob_response': -0.002962648868560791, 'vessel_centre': [152.0, 163.0]}, {'vessel_blob_score': -1.886976034019498, 'centre': [49.0, 175.0], 'radius': 35.918785545899944, 'blob_score': 0.5739132404327393, 'blob_contrast': -0.02890777587890625, 'blob_brightness': 0.8603280782699585, 'blob_response': -0.0029568076133728027, 'vessel_centre': [152.0, 163.0]}, {'vessel_blob_score': -1.866363654703862, 'centre': [50.0, 177.0], 'radius': 35.918785545899944, 'blob_score': 0.5717339396476745, 'blob_contrast': -0.030211210250854492, 'blob_brightness': 0.8590770959854126, 'blob_response': -0.002955913543701172, 'vessel_centre': [152.0, 163.0]}, {'vessel_blob_score': -1.84696356891174, 'centre': [51.0, 179.0], 'radius': 35.918785545899944, 'blob_score': 0.5695988416671753, 'blob_contrast': -0.03155159950256348, 'blob_brightness': 0.8579421043395996, 'blob_response': -0.002954840660095215, 'vessel_centre': [152.0, 163.0]}, {'vessel_blob_score': -1.828800718699203, 'centre': [52.0, 181.0], 'radius': 35.918785545899944, 'blob_score': 0.5690696656703949, 'blob_contrast': -0.031874120235443115, 'blob_brightness': 0.8576470017433167, 'blob_response': -0.002954423427581787, 'vessel_centre': [152.0, 163.0]}, {'vessel_blob_score': -1.8118990791304452, 'centre': [53.0, 183.0], 'radius': 35.918785545899944, 'blob_score': 0.5683453857898711, 'blob_contrast': -0.03234219551086426, 'blob_brightness': 0.8572812676429749, 'blob_response': -0.002953469753265381, 'vessel_centre': [152.0, 163.0]}, {'vessel_blob_score': -1.8559149146989653, 'centre': [32.0, 115.0], 'radius': 45.254833995939045, 'blob_score': 0.6046097278594971, 'blob_contrast': -0.01978987455368042, 'blob_brightness': 0.8911620378494263, 'blob_response': -0.002930879592895508, 'vessel_centre': [152.0, 163.0]}, {'vessel_blob_score': -1.8319639000612273, 'centre': [32.0, 118.0], 'radius': 45.254833995939045, 'blob_score': 0.6039869964122772, 'blob_contrast': -0.019801437854766846, 'blob_brightness': 0.8902888894081116, 'blob_response': -0.002931058406829834, 'vessel_centre': [152.0, 163.0]}, {'vessel_blob_score': -1.8167502607171264, 'centre': [32.0, 120.0], 'radius': 45.254833995939045, 'blob_score': 0.6032613515853882, 'blob_contrast': -0.020034074783325195, 'blob_brightness': 0.8895848989486694, 'blob_response': -0.002929985523223877, 'vessel_centre': [152.0, 163.0]}, {'vessel_blob_score': -1.3473930020876348, 'centre': [49.0, 189.0], 'radius': 45.254833995939045, 'blob_score': 0.5321662425994873, 'blob_contrast': -0.06336557865142822, 'blob_brightness': 0.8499550819396973, 'blob_response': -0.002816319465637207, 'vessel_centre': [152.0, 163.0]}]"
normal/normal_1606_PPE.jpg,normal,0,[]
normal/normal_1607_PPE.jpg,normal,0,[]
normal/normal_1608_PPE.jpg,normal,0,[]
normal/normal_1609_PPE.jpg,normal,0,[]
normal/normal_1610_PPE.jpg,normal,0,[]
normal/normal_1611_PPE.jpg,normal,0,[]
normal/normal_1612_PPE.jpg,normal,0,[]
normal/normal_1613_PPE.jpg,normal,0,[]
normal/normal_1614_PPE.jpg,normal,0,[]
normal/normal_1615_PPE.jpg,normal,0,[]
normal/normal_1616_PPE.jpg,normal,0,[]
normal/normal_1617_PPE.jpg,normal,0,[]
normal/normal_1618_PPE.jpg,normal,0,[]
normal/normal_1619_PPE.jpg,normal,0,[]
normal/normal_1620_PPE.jpg,normal,0,[]
normal/normal_1621_PPE.jpg,normal,0,[]
normal/normal_1622_PPE.jpg,normal,0,[]
normal/normal_1623_PPE.jpg,normal,0,[]
normal/normal_1624_PPE.jpg,normal,0,[]
normal/normal_1625_PPE.jpg,normal,1,"[{'vessel_blob_score': 0.4389745424320842, 'centre': [204.0, 180.0], 'radius': 228.07007184392688, 'blob_score': 0.6091775730252266, 'blob_contrast': 0.2029619812965393, 'blob_brightness': 0.5798617601394653, 'blob_response': -0.0015617981553077698, 'vessel_centre': [88.0, 126.0]}]"
normal/normal_1626_PPE.jpg,normal,2,"[{'vessel_blob_score': 0.559801700961275, 'centre': [176.0, 130.0], 'radius': 35.918785545899944, 'blob_score': 0.8104647159576416, 'blob_contrast': 0.11907070875167847, 'blob_brightness': 0.9762345552444458, 'blob_response': -0.04014909267425537, 'vessel_centre': [163.0, 121.0]}, {'vessel_blob_score': -0.7094209840021646, 'centre': [114.0, 158.0], 'radius': 35.918785545899944, 'blob_score': 0.7925658345222473, 'blob_contrast': 0.10364198684692383, 'blob_brightness': 0.972093403339386, 'blob_response': -0.04229232668876648, 'vessel_centre': [163.0, 121.0]}]"
normal/normal_1627_PPE.jpg,normal,1,"[{'vessel_blob_score': -0.00919720335370533, 'centre': [107.0, 88.0], 'radius': 35.918785545899944, 'blob_score': 0.8079493403434752, 'blob_contrast': 0.10599911212921143, 'blob_brightness': 0.9892861247062683, 'blob_response': -0.04724970459938049, 'vessel_centre': [74.0, 103.0]}]"
normal/normal_1628_PPE.jpg,normal,0,[]
normal/normal_1629_PPE.jpg,normal,1,"[{'vessel_blob_score': 0.432975557743872, 'centre': [196.0, 40.0], 'radius': 228.07007184392688, 'blob_score': 0.597919049859047, 'blob_contrast': 0.11797159910202026, 'blob_brightness': 0.6850585341453552, 'blob_response': -0.0020323842763900757, 'vessel_centre': [86.0, 108.0]}]"
normal/normal_1630_PPE.jpg,normal,1,"[{'vessel_blob_score': -0.8317750892302733, 'centre': [96.0, 109.0], 'radius': 35.918785545899944, 'blob_score': 0.7753037452697754, 'blob_contrast': 0.08637237548828125, 'blob_brightness': 0.972390353679657, 'blob_response': -0.041290611028671265, 'vessel_centre': [156.0, 136.0]}]"
normal/normal_1631_PPE.jpg,normal,0,[]
normal/normal_1632_PPE.jpg,normal,0,[]
normal/normal_1633_PPE.jpg,normal,0,[]
normal/normal_1634_PPE.jpg,normal,0,[]
normal/normal_1635_PPE.jpg,normal,0,[]
normal/normal_1636_PPE.jpg,normal,0,[]
normal/normal_1637_PPE.jpg,normal,0,[]
normal/normal_1638_PPE.jpg,normal,0,[]
normal/normal_1639_PPE.jpg,normal,0,[]
normal/normal_1640_PPE.jpg,normal,2,"[{'vessel_blob_score': -1.8987638798719013, 'centre': [45.0, 78.0], 'radius': 45.254833995939045, 'blob_score': 0.6495089054107666, 'blob_contrast': -0.00634610652923584, 'blob_brightness': 0.9361494779586792, 'blob_response': -0.0027518868446350098, 'vessel_centre': [165.0, 131.0]}, {'vessel_blob_score': -1.9001111239485287, 'centre': [41.0, 88.0], 'radius': 45.254833995939045, 'blob_score': 0.6509756624698638, 'blob_contrast': -0.005036413669586182, 'blob_brightness': 0.9363759160041809, 'blob_response': -0.0027446746826171875, 'vessel_centre': [165.0, 131.0]}]"
normal/normal_1641_PPE.jpg,normal,0,[]
normal/normal_1642_PPE.jpg,normal,0,[]
normal/normal_1643_PPE.jpg,normal,0,[]
normal/normal_1644_PPE.jpg,normal,0,[]
normal/normal_1645_PPE.jpg,normal,0,[]
normal/normal_1646_PPE.jpg,normal,0,[]
normal/normal_1647_PPE.jpg,normal,0,[]
normal/normal_1648_PPE.jpg,normal,0,[]
normal/normal_1649_PPE.jpg,normal,0,[]
normal/normal_1650_PPE.jpg,normal,0,[]
normal/normal_1651_PPE.jpg,normal,0,[]
normal/normal_1652_PPE.jpg,normal,0,[]
normal/normal_1653_PPE.jpg,normal,0,[]
normal/normal_1654_PPE.jpg,normal,0,[]
normal/normal_1655_PPE.jpg,normal,0,[]
normal/normal_1656_PPE.jpg,normal,0,[]
normal/normal_1657_PPE.jpg,normal,0,[]
normal/normal_1658_PPE.jpg,normal,0,[]
normal/normal_1659_PPE.jpg,normal,0,[]
normal/normal_1660_PPE.jpg,normal,0,[]
normal/normal_1661_PPE.jpg,normal,0,[]
normal/normal_1662_PPE.jpg,normal,0,[]
normal/normal_1663_PPE.jpg,normal,0,[]
normal/normal_1664_PPE.jpg,normal,0,[]
normal/normal_1665_PPE.jpg,normal,1,"[{'vessel_blob_score': -0.45371291870162556, 'centre': [124.0, 118.0], 'radius': 45.254833995939045, 'blob_score': 0.8624563455581664, 'blob_contrast': 0.16161149740219116, 'blob_brightness': 0.9777516722679138, 'blob_response': -0.08209338784217834, 'vessel_centre': [186.0, 140.0]}]"
normal/normal_1666_PPE.jpg,normal,0,[]
normal/normal_1667_PPE.jpg,normal,1,"[{'vessel_blob_score': -2.2975524598732533, 'centre': [55.0, 65.0], 'radius': 35.918785545899944, 'blob_score': 0.6893719732761383, 'blob_contrast': 0.02358776330947876, 'blob_brightness': 0.9484042525291443, 'blob_response': -0.009506165981292725, 'vessel_centre': [145.0, 142.0]}]"
normal/normal_1668_PPE.jpg,normal,0,[]
normal/normal_1669_PPE.jpg,normal,0,[]
normal/normal_1670_PPE.jpg,normal,0,[]
normal/normal_1671_PPE.jpg,normal,0,[]
normal/normal_1672_PPE.jpg,normal,0,[]
normal/normal_1673_PPE.jpg,normal,0,[]
normal/normal_1674_PPE.jpg,normal,0,[]
normal/normal_1675_PPE.jpg,normal,0,[]
normal/normal_1676_PPE.jpg,normal,0,[]
normal/normal_1677_PPE.jpg,normal,0,[]
normal/normal_1678_PPE.jpg,normal,0,[]
normal/normal_1679_PPE.jpg,normal,0,[]
normal/normal_1680_PPE.jpg,normal,1,"[{'vessel_blob_score': -0.0210323396073393, 'centre': [71.0, 121.0], 'radius': 35.918785545899944, 'blob_score': 0.8100643754005431, 'blob_contrast': 0.10984176397323608, 'blob_brightness': 0.9874322414398193, 'blob_response': -0.04510021209716797, 'vessel_centre': [64.0, 157.0]}]"
normal/normal_1681_PPE.jpg,normal,0,[]
normal/normal_1682_PPE.jpg,normal,0,[]
normal/normal_1683_PPE.jpg,normal,0,[]
normal/normal_1684_PPE.jpg,normal,3,"[{'vessel_blob_score': -1.3597256731677936, 'centre': [170.0, 211.0], 'radius': 35.918785545899944, 'blob_score': 0.5241051614284515, 'blob_contrast': -0.04107242822647095, 'blob_brightness': 0.8064253926277161, 'blob_response': -0.003399074077606201, 'vessel_centre': [198.0, 131.0]}, {'vessel_blob_score': -1.8456132991778151, 'centre': [36.0, 122.0], 'radius': 57.01751796098172, 'blob_score': 0.44623424410820006, 'blob_contrast': -0.0765300989151001, 'blob_brightness': 0.7460107207298279, 'blob_response': -0.0027841925621032715, 'vessel_centre': [198.0, 131.0]}, {'vessel_blob_score': -1.8256537326132434, 'centre': [37.0, 125.0], 'radius': 57.01751796098172, 'blob_score': 0.44791935682296746, 'blob_contrast': -0.07585924863815308, 'blob_brightness': 0.7474597692489624, 'blob_response': -0.002783834934234619, 'vessel_centre': [198.0, 131.0]}]"
normal/normal_1685_PPE.jpg,normal,0,[]
normal/normal_1686_PPE.jpg,normal,0,[]
normal/normal_1687_PPE.jpg,normal,0,[]
normal/normal_1688_PPE.jpg,normal,0,[]
normal/normal_1689_PPE.jpg,normal,0,[]
normal/normal_1690_PPE.jpg,normal,0,[]
normal/normal_1691_PPE.jpg,normal,7,"[{'vessel_blob_score': -0.2809694866357031, 'centre': [174.0, 52.0], 'radius': 35.918785545899944, 'blob_score': 0.5191234648227692, 'blob_contrast': -0.0031439661979675293, 'blob_brightness': 0.7451725602149963, 'blob_response': -0.003233194351196289, 'vessel_centre': [175.0, 98.0]}, {'vessel_blob_score': -0.25406307127671135, 'centre': [177.0, 53.0], 'radius': 35.918785545899944, 'blob_score': 0.5156539261341095, 'blob_contrast': -0.0032500028610229492, 'blob_brightness': 0.740367591381073, 'blob_response': -0.0032330751419067383, 'vessel_centre': [175.0, 98.0]}, {'vessel_blob_score': -0.2300372464511753, 'centre': [179.0, 54.0], 'radius': 35.918785545899944, 'blob_score': 0.5143044948577881, 'blob_contrast': -0.0031881332397460938, 'blob_brightness': 0.7383511066436768, 'blob_response': -0.003234267234802246, 'vessel_centre': [175.0, 98.0]}, {'vessel_blob_score': -0.15496491306395255, 'centre': [186.0, 58.0], 'radius': 35.918785545899944, 'blob_score': 0.5052294671535492, 'blob_contrast': -0.006703197956085205, 'blob_brightness': 0.7304074168205261, 'blob_response': -0.0032373666763305664, 'vessel_centre': [175.0, 98.0]}, {'vessel_blob_score': -0.12745775914062918, 'centre': [189.0, 60.0], 'radius': 35.918785545899944, 'blob_score': 0.49902603030204773, 'blob_contrast': -0.010187685489654541, 'blob_brightness': 0.7265235781669617, 'blob_response': -0.003236055374145508, 'vessel_centre': [175.0, 98.0]}, {'vessel_blob_score': -3.200608269991143, 'centre': [49.0, 181.0], 'radius': 35.918785545899944, 'blob_score': 0.48719525933265684, 'blob_contrast': -0.04029268026351929, 'blob_brightness': 0.7526925206184387, 'blob_response': -0.003015875816345215, 'vessel_centre': [175.0, 98.0]}, {'vessel_blob_score': -0.7815241017174028, 'centre': [117.0, 42.0], 'radius': 45.254833995939045, 'blob_score': 0.4990716814994812, 'blob_contrast': -0.04634511470794678, 'blob_brightness': 0.7781761884689331, 'blob_response': -0.0034673213958740234, 'vessel_centre': [175.0, 98.0]}]"
normal/normal_1692_PPE.jpg,normal,0,[]
normal/normal_1693_PPE.jpg,normal,1,"[{'vessel_blob_score': 0.689960732037461, 'centre': [184.0, 200.0], 'radius': 228.07007184392688, 'blob_score': 0.5437208861112593, 'blob_contrast': -0.02438640594482422, 'blob_brightness': 0.811070442199707, 'blob_response': -0.0017899125814437866, 'vessel_centre': [174.0, 130.0]}]"
normal/normal_1694_PPE.jpg,normal,0,[]
normal/normal_1695_PPE.jpg,normal,0,[]
normal/normal_1696_PPE.jpg,normal,0,[]
normal/normal_1697_PPE.jpg,normal,0,[]
normal/normal_1698_PPE.jpg,normal,0,[]
normal/normal_1699_PPE.jpg,normal,0,[]
normal/normal_1700_PPE.jpg,normal,0,[]
normal/normal_1701_PPE.jpg,normal,0,[]
normal/normal_1702_PPE.jpg,normal,0,[]
normal/normal_1703_PPE.jpg,normal,0,[]
normal/normal_1704_PPE.jpg,normal,0,[]
normal/normal_1705_PPE.jpg,normal,0,[]
normal/normal_1706_PPE.jpg,normal,0,[]
normal/normal_1707_PPE.jpg,normal,0,[]
normal/normal_1708_PPE.jpg,normal,0,[]
normal/normal_1709_PPE.jpg,normal,0,[]
normal/normal_1710_PPE.jpg,normal,0,[]
normal/normal_1711_PPE.jpg,normal,0,[]
normal/normal_1712_PPE.jpg,normal,0,[]
normal/normal_1713_PPE.jpg,normal,0,[]
normal/normal_1714_PPE.jpg,normal,0,[]
normal/normal_1715_PPE.jpg,normal,0,[]
normal/normal_1716_PPE.jpg,normal,0,[]
normal/normal_1717_PPE.jpg,normal,0,[]
normal/normal_1718_PPE.jpg,normal,0,[]
normal/normal_1719_PPE.jpg,normal,0,[]
normal/normal_1720_PPE.jpg,normal,0,[]
normal/normal_1721_PPE.jpg,normal,0,[]
normal/normal_1722_PPE.jpg,normal,0,[]
normal/normal_1723_PPE.jpg,normal,0,[]
normal/normal_1724_PPE.jpg,normal,0,[]
normal/normal_1725_PPE.jpg,normal,0,[]
normal/normal_1726_PPE.jpg,normal,0,[]
normal/normal_1727_PPE.jpg,normal,0,[]
normal/normal_1728_PPE.jpg,normal,0,[]
normal/normal_1729_PPE.jpg,normal,0,[]
normal/normal_1730_PPE.jpg,normal,0,[]
normal/normal_1731_PPE.jpg,normal,0,[]
normal/normal_1732_PPE.jpg,normal,0,[]
normal/normal_1733_PPE.jpg,normal,0,[]
normal/normal_1734_PPE.jpg,normal,0,[]
normal/normal_1735_PPE.jpg,normal,0,[]
normal/normal_1736_PPE.jpg,normal,0,[]
normal/normal_1737_PPE.jpg,normal,0,[]
normal/normal_1738_PPE.jpg,normal,0,[]
normal/normal_1739_PPE.jpg,normal,0,[]
normal/normal_1740_PPE.jpg,normal,0,[]
normal/normal_1741_PPE.jpg,normal,0,[]
normal/normal_1742_PPE.jpg,normal,0,[]
normal/normal_1743_PPE.jpg,normal,0,[]
normal/normal_1744_PPE.jpg,normal,0,[]
normal/normal_1745_PPE.jpg,normal,0,[]
normal/normal_1746_PPE.jpg,normal,0,[]
normal/normal_1747_PPE.jpg,normal,0,[]
normal/normal_1748_PPE.jpg,normal,0,[]
normal/normal_1749_PPE.jpg,normal,0,[]
normal/normal_1750_PPE.jpg,normal,2,"[{'vessel_blob_score': 0.78125, 'centre': [72.0, 151.0], 'radius': 45.254833995939045, 'blob_score': 0.7882839918136596, 'blob_contrast': 0.10878932476043701, 'blob_brightness': 0.9594045877456665, 'blob_response': -0.03955727815628052, 'vessel_centre': [79.0, 158.0]}, {'vessel_blob_score': 0.893317654857218, 'centre': [80.0, 152.0], 'radius': 57.01751796098172, 'blob_score': 0.7959956377744675, 'blob_contrast': 0.12155884504318237, 'blob_brightness': 0.9520078301429749, 'blob_response': -0.04015655815601349, 'vessel_centre': [79.0, 158.0]}]"
normal/normal_1751_PPE.jpg,normal,0,[]
normal/normal_1752_PPE.jpg,normal,0,[]
normal/normal_1753_PPE.jpg,normal,0,[]
normal/normal_1754_PPE.jpg,normal,0,[]
normal/normal_1755_PPE.jpg,normal,0,[]
normal/normal_1756_PPE.jpg,normal,0,[]
normal/normal_1757_PPE.jpg,normal,0,[]
normal/normal_1758_PPE.jpg,normal,0,[]
normal/normal_1759_PPE.jpg,normal,0,[]
normal/normal_1760_PPE.jpg,normal,0,[]
normal/normal_1761_PPE.jpg,normal,0,[]
normal/normal_1762_PPE.jpg,normal,0,[]
normal/normal_1763_PPE.jpg,normal,0,[]
normal/normal_1764_PPE.jpg,normal,0,[]
normal/normal_1765_PPE.jpg,normal,0,[]
normal/normal_1766_PPE.jpg,normal,0,[]
normal/normal_1767_PPE.jpg,normal,0,[]
normal/normal_1768_PPE.jpg,normal,0,[]
normal/normal_1769_PPE.jpg,normal,0,[]
normal/normal_1770_PPE.jpg,normal,0,[]
normal/normal_1771_PPE.jpg,normal,0,[]
normal/normal_1772_PPE.jpg,normal,0,[]
normal/normal_1773_PPE.jpg,normal,0,[]
normal/normal_1774_PPE.jpg,normal,0,[]
normal/normal_1775_PPE.jpg,normal,0,[]
normal/normal_1776_PPE.jpg,normal,0,[]
normal/normal_1777_PPE.jpg,normal,0,[]
normal/normal_1778_PPE.jpg,normal,2,"[{'vessel_blob_score': -0.7361903071857601, 'centre': [86.0, 132.0], 'radius': 35.918785545899944, 'blob_score': 0.8352649390697479, 'blob_contrast': 0.15268474817276, 'blob_brightness': 0.9576020836830139, 'blob_response': -0.06129366159439087, 'vessel_centre': [146.0, 149.0]}, {'vessel_blob_score': 0.1839427221583283, 'centre': [105.0, 127.0], 'radius': 57.01751796098172, 'blob_score': 0.969499984383583, 'blob_contrast': 0.2925523519515991, 'blob_brightness': 0.9487537145614624, 'blob_response': -0.06410016119480133, 'vessel_centre': [146.0, 149.0]}]"
normal/normal_1779_PPE.jpg,normal,0,[]
normal/normal_1780_PPE.jpg,normal,0,[]
normal/normal_1781_PPE.jpg,normal,0,[]
normal/normal_1782_PPE.jpg,normal,0,[]
normal/normal_1783_PPE.jpg,normal,0,[]
normal/normal_1784_PPE.jpg,normal,0,[]
normal/normal_1785_PPE.jpg,normal,0,[]
normal/normal_1786_PPE.jpg,normal,0,[]
normal/normal_1787_PPE.jpg,normal,0,[]
normal/normal_1788_PPE.jpg,normal,3,"[{'vessel_blob_score': -0.12745775914062918, 'centre': [165.0, 100.0], 'radius': 35.918785545899944, 'blob_score': 0.7572113513946532, 'blob_contrast': 0.07116228342056274, 'blob_brightness': 0.9736385345458984, 'blob_response': -0.02251046895980835, 'vessel_centre': [143.0, 134.0]}, {'vessel_blob_score': 0.7013306265351646, 'centre': [154.0, 121.0], 'radius': 57.01751796098172, 'blob_score': 0.7644751250743865, 'blob_contrast': 0.07876092195510864, 'blob_brightness': 0.9727954268455505, 'blob_response': -0.02378702163696289, 'vessel_centre': [143.0, 134.0]}, {'vessel_blob_score': 0.8546678799096774, 'centre': [140.0, 124.0], 'radius': 71.83757109179989, 'blob_score': 0.7598676443099975, 'blob_contrast': 0.07401466369628906, 'blob_brightness': 0.9731056690216064, 'blob_response': -0.023395061492919922, 'vessel_centre': [143.0, 134.0]}]"
normal/normal_1789_PPE.jpg,normal,0,[]
normal/normal_1790_PPE.jpg,normal,0,[]
normal/normal_1791_PPE.jpg,normal,0,[]
normal/normal_1792_PPE.jpg,normal,0,[]
normal/normal_1793_PPE.jpg,normal,0,[]
normal/normal_1794_PPE.jpg,normal,0,[]
normal/normal_1795_PPE.jpg,normal,1,"[{'vessel_blob_score': 0.21205734085849626, 'centre': [189.0, 122.0], 'radius': 35.918785545899944, 'blob_score': 0.8003387928009033, 'blob_contrast': 0.09813350439071655, 'blob_brightness': 0.9918047785758972, 'blob_response': -0.03970971703529358, 'vessel_centre': [174.0, 98.0]}]"
normal/normal_1796_PPE.jpg,normal,0,[]
normal/normal_1797_PPE.jpg,normal,0,[]
normal/normal_1798_PPE.jpg,normal,0,[]
normal/normal_1799_PPE.jpg,normal,0,[]
normal/normal_1800_PPE.jpg,normal,0,[]
normal/normal_1801_PPE.jpg,normal,0,[]
normal/normal_1802_PPE.jpg,normal,0,[]
normal/normal_1803_PPE.jpg,normal,0,[]
normal/normal_1804_PPE.jpg,normal,0,[]
normal/normal_1805_PPE.jpg,normal,0,[]
normal/normal_1806_PPE.jpg,normal,0,[]
normal/normal_1807_PPE.jpg,normal,0,[]
normal/normal_1808_PPE.jpg,normal,0,[]
normal/normal_1809_PPE.jpg,normal,0,[]
normal/normal_1810_PPE.jpg,normal,0,[]
normal/normal_1811_PPE.jpg,normal,0,[]
normal/normal_1812_PPE.jpg,normal,0,[]
normal/normal_1813_PPE.jpg,normal,0,[]
normal/normal_1814_PPE.jpg,normal,0,[]
normal/normal_1815_PPE.jpg,normal,0,[]
normal/normal_1816_PPE.jpg,normal,0,[]
normal/normal_1817_PPE.jpg,normal,0,[]
normal/normal_1818_PPE.jpg,normal,0,[]
normal/normal_1819_PPE.jpg,normal,0,[]
normal/normal_1820_PPE.jpg,normal,2,"[{'vessel_blob_score': 0.260257269076687, 'centre': [164.0, 153.0], 'radius': 35.918785545899944, 'blob_score': 0.775905755162239, 'blob_contrast': 0.08208215236663818, 'blob_brightness': 0.9813433885574341, 'blob_response': -0.03441615402698517, 'vessel_centre': [155.0, 128.0]}, {'vessel_blob_score': 0.6511388505974046, 'centre': [124.0, 134.0], 'radius': 90.50966799187809, 'blob_score': 0.8005546182394027, 'blob_contrast': 0.14100807905197144, 'blob_brightness': 0.9307899475097656, 'blob_response': -0.03996787965297699, 'vessel_centre': [155.0, 128.0]}]"
normal/normal_1821_PPE.jpg,normal,0,[]
normal/normal_1822_PPE.jpg,normal,0,[]
normal/normal_1823_PPE.jpg,normal,0,[]
normal/normal_1824_PPE.jpg,normal,0,[]
normal/normal_1825_PPE.jpg,normal,0,[]
normal/normal_1826_PPE.jpg,normal,0,[]
normal/normal_1827_PPE.jpg,normal,1,"[{'vessel_blob_score': -1.1619038195534972, 'centre': [127.0, 32.0], 'radius': 45.254833995939045, 'blob_score': 0.48650296926498415, 'blob_contrast': -0.05154794454574585, 'blob_brightness': 0.7677894830703735, 'blob_response': -0.0029913783073425293, 'vessel_centre': [63.0, 106.0]}]"
normal/normal_1828_PPE.jpg,normal,0,[]
normal/normal_1829_PPE.jpg,normal,0,[]
normal/normal_1830_PPE.jpg,normal,0,[]
normal/normal_1831_PPE.jpg,normal,0,[]
normal/normal_1832_PPE.jpg,normal,0,[]
normal/normal_1833_PPE.jpg,normal,0,[]
normal/normal_1834_PPE.jpg,normal,0,[]
normal/normal_1835_PPE.jpg,normal,0,[]
normal/normal_1836_PPE.jpg,normal,0,[]
normal/normal_1837_PPE.jpg,normal,0,[]
normal/normal_1838_PPE.jpg,normal,0,[]
normal/normal_1839_PPE.jpg,normal,0,[]
normal/normal_1840_PPE.jpg,normal,0,[]
normal/normal_1841_PPE.jpg,normal,0,[]
normal/normal_1842_RFM.png,normal,1,"[{'vessel_blob_score': -6.362768908722446, 'centre': [441.0, 204.0], 'radius': 35.918785545899944, 'blob_score': 0.533739484846592, 'blob_contrast': 0.033244431018829346, 'blob_brightness': 0.7123109102249146, 'blob_response': -0.009387083351612091, 'vessel_centre': [179.0, 240.0]}]"
normal/normal_1843_RFM.png,normal,1,"[{'vessel_blob_score': -5.609393469241334, 'centre': [298.0, 145.0], 'radius': 45.254833995939045, 'blob_score': 0.5716437622904778, 'blob_contrast': 0.04384952783584595, 'blob_brightness': 0.74648517370224, 'blob_response': -0.02627306431531906, 'vessel_centre': [290.0, 444.0]}]"
normal/normal_1844_RFM.png,normal,0,[]
normal/normal_1845_RFM.png,normal,1,"[{'vessel_blob_score': -2.2232220147315322, 'centre': [315.0, 177.0], 'radius': 45.254833995939045, 'blob_score': 0.40459421724081035, 'blob_contrast': 0.03278064727783203, 'blob_brightness': 0.5258724689483643, 'blob_response': -0.018514208495616913, 'vessel_centre': [201.0, 268.0]}]"
normal/normal_1846_RFM.png,normal,1,"[{'vessel_blob_score': -1.466682110399478, 'centre': [537.0, 352.0], 'radius': 35.918785545899944, 'blob_score': 0.5143266513943672, 'blob_contrast': 0.059164464473724365, 'blob_brightness': 0.6452620625495911, 'blob_response': -0.01739371567964554, 'vessel_centre': [590.0, 281.0]}]"
normal/normal_1847_RFM.png,normal,1,"[{'vessel_blob_score': -3.9572661293177243, 'centre': [270.0, 370.0], 'radius': 35.918785545899944, 'blob_score': 0.564716511964798, 'blob_contrast': 0.05613875389099121, 'blob_brightness': 0.7173190712928772, 'blob_response': -0.03227204084396362, 'vessel_centre': [186.0, 213.0]}]"
normal/normal_1848_RFM.png,normal,0,[]
normal/normal_1849_RFM.png,normal,1,"[{'vessel_blob_score': -2.2870759785095442, 'centre': [313.0, 245.0], 'radius': 35.918785545899944, 'blob_score': 0.4821800798177719, 'blob_contrast': 0.042315006256103516, 'blob_brightness': 0.6226556897163391, 'blob_response': -0.02003045380115509, 'vessel_centre': [197.0, 223.0]}]"
normal/normal_1850_RFM.png,normal,1,"[{'vessel_blob_score': -0.31342973022921927, 'centre': [305.0, 169.0], 'radius': 45.254833995939045, 'blob_score': 0.4427437894046306, 'blob_contrast': 0.03248018026351929, 'blob_brightness': 0.5830092430114746, 'blob_response': -0.010785695165395737, 'vessel_centre': [247.0, 182.0]}]"
normal/normal_1851_RFM.png,normal,1,"[{'vessel_blob_score': -2.587548621453777, 'centre': [291.0, 237.0], 'radius': 35.918785545899944, 'blob_score': 0.5275399312376975, 'blob_contrast': 0.030331075191497803, 'blob_brightness': 0.7073656916618347, 'blob_response': -0.010264359414577484, 'vessel_centre': [165.0, 264.0]}]"
normal/normal_1852_RFM.png,normal,0,[]
normal/normal_1853_RFM.png,normal,1,"[{'vessel_blob_score': 0.6185451370083218, 'centre': [392.0, 253.0], 'radius': 45.254833995939045, 'blob_score': 0.6621575355529785, 'blob_contrast': 0.20239555835723877, 'blob_brightness': 0.6202774047851562, 'blob_response': -0.12783896923065186, 'vessel_centre': [375.0, 256.0]}]"
normal/normal_1854_RFM.png,normal,0,[]
normal/normal_1855_RFM.png,normal,0,[]
normal/normal_1856_RFM.png,normal,0,[]
normal/normal_1857_RFM.png,normal,0,[]
normal/normal_1858_RFM.png,normal,1,"[{'vessel_blob_score': -3.343934270493744, 'centre': [488.0, 354.0], 'radius': 35.918785545899944, 'blob_score': 0.4138966046273708, 'blob_contrast': 0.030857563018798828, 'blob_brightness': 0.5444508194923401, 'blob_response': -0.009617339819669724, 'vessel_centre': [584.0, 231.0]}]"
normal/normal_1859_RFM.png,normal,0,[]
normal/normal_1860_RFM.png,normal,0,[]
normal/normal_1861_RFM.png,normal,0,[]
normal/normal_1862_RFM.png,normal,1,"[{'vessel_blob_score': -2.7523430180355315, 'centre': [282.0, 402.0], 'radius': 45.254833995939045, 'blob_score': 0.5092546820640563, 'blob_contrast': 0.033447980880737305, 'blob_brightness': 0.6602106690406799, 'blob_response': -0.0682961642742157, 'vessel_centre': [192.0, 258.0]}]"
normal/normal_1863_RFM.png,normal,0,[]
normal/normal_1864_RFM.png,normal,4,"[{'vessel_blob_score': -2.0826455461262188, 'centre': [291.0, 183.0], 'radius': 35.918785545899944, 'blob_score': 0.49720086455345147, 'blob_contrast': 0.02684497833251953, 'blob_brightness': 0.6668254733085632, 'blob_response': -0.01789027452468872, 'vessel_centre': [185.0, 215.0]}, {'vessel_blob_score': -1.6298318624961556, 'centre': [293.0, 165.0], 'radius': 45.254833995939045, 'blob_score': 0.49918367266654967, 'blob_contrast': 0.030865013599395752, 'blob_brightness': 0.663537323474884, 'blob_response': -0.019212663173675537, 'vessel_centre': [185.0, 215.0]}, {'vessel_blob_score': -2.879093100358639, 'centre': [296.0, 351.0], 'radius': 45.254833995939045, 'blob_score': 0.4757502719759941, 'blob_contrast': 0.041601479053497314, 'blob_brightness': 0.6191750764846802, 'blob_response': -0.003631196916103363, 'vessel_centre': [185.0, 215.0]}, {'vessel_blob_score': -1.1754066022056828, 'centre': [293.0, 154.0], 'radius': 57.01751796098172, 'blob_score': 0.5102304220199585, 'blob_contrast': 0.045655667781829834, 'blob_brightness': 0.6581076383590698, 'blob_response': -0.019497036933898926, 'vessel_centre': [185.0, 215.0]}]"
normal/normal_1865_RFM.png,normal,2,"[{'vessel_blob_score': -1.8150162355215644, 'centre': [530.0, 241.0], 'radius': 45.254833995939045, 'blob_score': 0.5006914436817169, 'blob_contrast': 0.030707061290740967, 'blob_brightness': 0.6559118032455444, 'blob_response': -0.05423060059547424, 'vessel_centre': [403.0, 251.0]}, {'vessel_blob_score': -1.0096667863280806, 'centre': [516.0, 232.0], 'radius': 57.01751796098172, 'blob_score': 0.5057045102119445, 'blob_contrast': 0.037874579429626465, 'blob_brightness': 0.6523062586784363, 'blob_response': -0.0560777485370636, 'vessel_centre': [403.0, 251.0]}]"
normal/normal_1866_RFM.png,normal,3,"[{'vessel_blob_score': -2.4038459782663604, 'centre': [288.0, 239.0], 'radius': 35.918785545899944, 'blob_score': 0.4857263535261154, 'blob_contrast': 0.03448903560638428, 'blob_brightness': 0.6410889625549316, 'blob_response': -0.012375220656394958, 'vessel_centre': [166.0, 231.0]}, {'vessel_blob_score': -2.354829773997482, 'centre': [309.0, 180.0], 'radius': 45.254833995939045, 'blob_score': 0.4700582593679428, 'blob_contrast': 0.03362756967544556, 'blob_brightness': 0.6202539801597595, 'blob_response': -0.011264517903327942, 'vessel_centre': [166.0, 231.0]}, {'vessel_blob_score': -1.872366320866821, 'centre': [295.0, 215.0], 'radius': 45.254833995939045, 'blob_score': 0.4845298737287521, 'blob_contrast': 0.03932082653045654, 'blob_brightness': 0.632942795753479, 'blob_response': -0.010745450854301453, 'vessel_centre': [166.0, 231.0]}]"
normal/normal_1867_RFM.png,normal,0,[]
normal/normal_1868_RFM.png,normal,0,[]
normal/normal_1869_RFM.png,normal,1,"[{'vessel_blob_score': -2.8462898112986754, 'centre': [492.0, 365.0], 'radius': 45.254833995939045, 'blob_score': 0.4485204830765724, 'blob_contrast': 0.04587346315383911, 'blob_brightness': 0.5688457489013672, 'blob_response': -0.022274978458881378, 'vessel_centre': [575.0, 212.0]}]"
normal/normal_1870_RFM.png,normal,0,[]
normal/normal_1871_RFM.png,normal,0,[]
normal/normal_1872_RFM.png,normal,0,[]
normal/normal_1873_RFM.png,normal,1,"[{'vessel_blob_score': -2.349327665824077, 'centre': [372.0, 126.0], 'radius': 35.918785545899944, 'blob_score': 0.5057117491960524, 'blob_contrast': 0.027594387531280518, 'blob_brightness': 0.6804768443107605, 'blob_response': -0.008917853236198425, 'vessel_centre': [319.0, 234.0]}]"
normal/normal_1874_RFM.png,normal,0,[]
normal/normal_1875_RFM.png,normal,0,[]
normal/normal_1876_RFM.png,normal,0,[]
normal/normal_1877_RFM.png,normal,0,[]
normal/normal_1878_RFM.png,normal,0,[]
normal/normal_1879_RFM.png,normal,0,[]
normal/normal_1880_RFM.png,normal,0,[]
normal/normal_1881_RFM.png,normal,0,[]
normal/normal_1882_RFM.png,normal,0,[]
normal/normal_1883_RFM.png,normal,3,"[{'vessel_blob_score': -4.625520702931085, 'centre': [279.0, 174.0], 'radius': 35.918785545899944, 'blob_score': 0.516729199886322, 'blob_contrast': 0.01886671781539917, 'blob_brightness': 0.7070347666740417, 'blob_response': -0.01469072699546814, 'vessel_centre': [274.0, 376.0]}, {'vessel_blob_score': -3.8621625846941807, 'centre': [278.0, 156.0], 'radius': 45.254833995939045, 'blob_score': 0.5280244454741477, 'blob_contrast': 0.03167146444320679, 'blob_brightness': 0.7044342756271362, 'blob_response': -0.01624494045972824, 'vessel_centre': [274.0, 376.0]}, {'vessel_blob_score': 0.37774038275812893, 'centre': [271.0, 348.0], 'radius': 45.254833995939045, 'blob_score': 0.5434460014104843, 'blob_contrast': 0.037328124046325684, 'blob_brightness': 0.7149067521095276, 'blob_response': -0.028415754437446594, 'vessel_centre': [274.0, 376.0]}]"
normal/normal_1884_RFM.png,normal,0,[]
normal/normal_1885_RFM.png,normal,0,[]
normal/normal_1886_RFM.png,normal,0,[]
normal/normal_1887_RFM.png,normal,1,"[{'vessel_blob_score': -3.0094308877766727, 'centre': [512.0, 349.0], 'radius': 35.918785545899944, 'blob_score': 0.5109281241893767, 'blob_contrast': 0.038969457149505615, 'blob_brightness': 0.6700928211212158, 'blob_response': -0.014468461275100708, 'vessel_centre': [578.0, 221.0]}]"
normal/normal_1888_RFM.png,normal,0,[]
normal/normal_1889_RFM.png,normal,3,"[{'vessel_blob_score': -2.902848861408744, 'centre': [527.0, 343.0], 'radius': 35.918785545899944, 'blob_score': 0.5090806424617766, 'blob_contrast': 0.03859740495681763, 'blob_brightness': 0.6651369333267212, 'blob_response': -0.024436920881271362, 'vessel_centre': [561.0, 207.0]}, {'vessel_blob_score': -2.257353459865846, 'centre': [518.0, 348.0], 'radius': 45.254833995939045, 'blob_score': 0.5103486403822899, 'blob_contrast': 0.04368215799331665, 'blob_brightness': 0.6597594022750854, 'blob_response': -0.024174503982067108, 'vessel_centre': [561.0, 207.0]}, {'vessel_blob_score': -1.830439476996018, 'centre': [499.0, 356.0], 'radius': 57.01751796098172, 'blob_score': 0.5174200028181076, 'blob_contrast': 0.0557173490524292, 'blob_brightness': 0.6525714993476868, 'blob_response': -0.024513021111488342, 'vessel_centre': [561.0, 207.0]}]"
normal/normal_1890_RFM.png,normal,1,"[{'vessel_blob_score': -4.864393046065775, 'centre': [363.0, 348.0], 'radius': 35.918785545899944, 'blob_score': 0.5594857096672059, 'blob_contrast': 0.06460392475128174, 'blob_brightness': 0.6895177960395813, 'blob_response': -0.061096638441085815, 'vessel_centre': [192.0, 225.0]}]"
normal/normal_1891_RFM.png,normal,1,"[{'vessel_blob_score': -2.2209764054082193, 'centre': [539.0, 337.0], 'radius': 35.918785545899944, 'blob_score': 0.5264370679855346, 'blob_contrast': 0.055467844009399414, 'blob_brightness': 0.6592754125595093, 'blob_response': -0.0473821759223938, 'vessel_centre': [583.0, 230.0]}]"
normal/normal_1892_RFM.png,normal,2,"[{'vessel_blob_score': -2.7532537967075976, 'centre': [299.0, 128.0], 'radius': 45.254833995939045, 'blob_score': 0.5170924529433251, 'blob_contrast': 0.05414837598800659, 'blob_brightness': 0.6565492153167725, 'blob_response': -0.01679813116788864, 'vessel_centre': [184.0, 253.0]}, {'vessel_blob_score': -0.9997701021238536, 'centre': [260.0, 338.0], 'radius': 57.01751796098172, 'blob_score': 0.5445301622152329, 'blob_contrast': 0.06015670299530029, 'blob_brightness': 0.6811267137527466, 'blob_response': -0.037923797965049744, 'vessel_centre': [184.0, 253.0]}]"
normal/normal_1893_RFM.png,normal,3,"[{'vessel_blob_score': -3.3617410033553448, 'centre': [329.0, 167.0], 'radius': 35.918785545899944, 'blob_score': 0.50552619099617, 'blob_contrast': 0.02640324831008911, 'blob_brightness': 0.6788203716278076, 'blob_response': -0.019743412733078003, 'vessel_centre': [186.0, 231.0]}, {'vessel_blob_score': -2.680939609155521, 'centre': [268.0, 376.0], 'radius': 45.254833995939045, 'blob_score': 0.5342688053846358, 'blob_contrast': 0.04901778697967529, 'blob_brightness': 0.6863046884536743, 'blob_response': -0.024188682436943054, 'vessel_centre': [186.0, 231.0]}, {'vessel_blob_score': -1.9284517756840551, 'centre': [280.0, 369.0], 'radius': 57.01751796098172, 'blob_score': 0.5413818567991255, 'blob_contrast': 0.057786524295806885, 'blob_brightness': 0.6838871240615845, 'blob_response': -0.02437172830104828, 'vessel_centre': [186.0, 231.0]}]"
normal/normal_1894_RFM.png,normal,0,[]
normal/normal_1895_RFM.png,normal,1,"[{'vessel_blob_score': -3.524673243642721, 'centre': [236.0, 390.0], 'radius': 35.918785545899944, 'blob_score': 0.5972314417362212, 'blob_contrast': 0.03280794620513916, 'blob_brightness': 0.8020725250244141, 'blob_response': -0.014863640069961548, 'vessel_centre': [194.0, 233.0]}]"
normal/normal_1896_RFM.png,normal,0,[]
normal/normal_1897_RFM.png,normal,1,"[{'vessel_blob_score': -4.287805913722776, 'centre': [456.0, 334.0], 'radius': 35.918785545899944, 'blob_score': 0.5263899087905884, 'blob_contrast': 0.0274391770362854, 'blob_brightness': 0.708618700504303, 'blob_response': -0.014588207006454468, 'vessel_centre': [599.0, 209.0]}]"
normal/normal_1898_RFM.png,normal,0,[]
normal/normal_1899_RFM.png,normal,0,[]
normal/normal_1900_RFM.png,normal,1,"[{'vessel_blob_score': -2.3026090538391006, 'centre': [278.0, 342.0], 'radius': 45.254833995939045, 'blob_score': 0.5051842384040356, 'blob_contrast': 0.025261878967285156, 'blob_brightness': 0.6832271218299866, 'blob_response': -0.008316870778799057, 'vessel_centre': [185.0, 225.0]}]"
normal/normal_1901_RFM.png,normal,0,[]
normal/normal_1902_RFM.png,normal,1,"[{'vessel_blob_score': -2.7418409027092867, 'centre': [507.0, 345.0], 'radius': 35.918785545899944, 'blob_score': 0.5740097999572753, 'blob_contrast': 0.06343615055084229, 'blob_brightness': 0.7135455012321472, 'blob_response': -0.05545899271965027, 'vessel_centre': [587.0, 237.0]}]"
normal/normal_1903_RFM.png,normal,1,"[{'vessel_blob_score': -1.9172339478091227, 'centre': [292.0, 333.0], 'radius': 45.254833995939045, 'blob_score': 0.4578846469521522, 'blob_contrast': 0.032965660095214844, 'blob_brightness': 0.6029672622680664, 'blob_response': -0.01420951634645462, 'vessel_centre': [182.0, 260.0]}]"
normal/normal_1904_RFM.png,normal,1,"[{'vessel_blob_score': -2.071813008021484, 'centre': [256.0, 389.0], 'radius': 45.254833995939045, 'blob_score': 0.7457665085792541, 'blob_contrast': 0.04531973600387573, 'blob_brightness': 0.9735397696495056, 'blob_response': -0.09484466910362244, 'vessel_centre': [171.0, 279.0]}]"
normal/normal_1905_RFM.png,normal,0,[]
normal/normal_1906_RFM.png,normal,0,[]
normal/normal_1907_RFM.png,normal,5,"[{'vessel_blob_score': -9.094199087572454, 'centre': [263.0, 134.0], 'radius': 35.918785545899944, 'blob_score': 0.4649498760700225, 'blob_contrast': 0.024742424488067627, 'blob_brightness': 0.6215468645095825, 'blob_response': -0.025623232126235962, 'vessel_centre': [446.0, 447.0]}, {'vessel_blob_score': -2.0968192805282055, 'centre': [404.0, 344.0], 'radius': 35.918785545899944, 'blob_score': 0.4597159475088119, 'blob_contrast': 0.031968772411346436, 'blob_brightness': 0.6051523685455322, 'blob_response': -0.020702585577964783, 'vessel_centre': [446.0, 447.0]}, {'vessel_blob_score': -1.5691897584496268, 'centre': [492.0, 367.0], 'radius': 35.918785545899944, 'blob_score': 0.4718080580234527, 'blob_contrast': 0.02632385492324829, 'blob_brightness': 0.6288906931877136, 'blob_response': -0.026303589344024658, 'vessel_centre': [446.0, 447.0]}, {'vessel_blob_score': -6.232366756895698, 'centre': [344.0, 136.0], 'radius': 45.254833995939045, 'blob_score': 0.49643177986145015, 'blob_contrast': 0.032340943813323975, 'blob_brightness': 0.6475169062614441, 'blob_response': -0.05414500832557678, 'vessel_centre': [446.0, 447.0]}, {'vessel_blob_score': -2.4022518106119803, 'centre': [422.0, 140.0], 'radius': 90.50966799187809, 'blob_score': 0.501461511850357, 'blob_contrast': 0.04935687780380249, 'blob_brightness': 0.6322318315505981, 'blob_response': -0.04771175980567932, 'vessel_centre': [446.0, 447.0]}]"
normal/normal_1908_RFM.png,normal,0,[]
normal/normal_1909_RFM.png,normal,0,[]
normal/normal_1910_RFM.png,normal,0,[]
normal/normal_1911_RFM.png,normal,2,"[{'vessel_blob_score': -6.772461087873047, 'centre': [263.0, 252.0], 'radius': 35.918785545899944, 'blob_score': 0.47474715709686277, 'blob_contrast': 0.028768837451934814, 'blob_brightness': 0.6324339509010315, 'blob_response': -0.016372770071029663, 'vessel_centre': [509.0, 120.0]}, {'vessel_blob_score': -7.726013919143714, 'centre': [280.0, 334.0], 'radius': 35.918785545899944, 'blob_score': 0.46741211265325544, 'blob_contrast': 0.029800355434417725, 'blob_brightness': 0.6217045783996582, 'blob_response': -0.01209276169538498, 'vessel_centre': [509.0, 120.0]}]"
normal/normal_1912_RFM.png,normal,1,"[{'vessel_blob_score': -2.464242566925705, 'centre': [266.0, 354.0], 'radius': 45.254833995939045, 'blob_score': 0.720592039823532, 'blob_contrast': 0.07825291156768799, 'blob_brightness': 0.8963463306427002, 'blob_response': -0.0744834840297699, 'vessel_centre': [183.0, 221.0]}]"
normal/normal_1913_RFM.png,normal,0,[]
normal/normal_1914_RFM.png,normal,0,[]
normal/normal_1915_RFM.png,normal,0,[]
normal/normal_1916_RFM.png,normal,0,[]
normal/normal_1917_RFM.png,normal,1,"[{'vessel_blob_score': -2.860215319959435, 'centre': [454.0, 211.0], 'radius': 35.918785545899944, 'blob_score': 0.4648467198014259, 'blob_contrast': 0.04778563976287842, 'blob_brightness': 0.5901007652282715, 'blob_response': -0.019952721893787384, 'vessel_centre': [577.0, 275.0]}]"
normal/normal_1918_RFM.png,normal,2,"[{'vessel_blob_score': -2.319457121787933, 'centre': [304.0, 219.0], 'radius': 35.918785545899944, 'blob_score': 0.45763481855392457, 'blob_contrast': 0.033356666564941406, 'blob_brightness': 0.6030836701393127, 'blob_response': -0.010597914457321167, 'vessel_centre': [194.0, 265.0]}, {'vessel_blob_score': -2.4374949600286344, 'centre': [303.0, 323.0], 'radius': 35.918785545899944, 'blob_score': 0.4392366737127304, 'blob_contrast': 0.02255958318710327, 'blob_brightness': 0.5923959016799927, 'blob_response': -0.009999796748161316, 'vessel_centre': [194.0, 265.0]}]"
normal/normal_1919_RFM.png,normal,0,[]
normal/normal_1920_RFM.png,normal,0,[]
normal/normal_1921_RFM.png,normal,0,[]
normal/normal_1922_RFM.png,normal,2,"[{'vessel_blob_score': -2.322257957995794, 'centre': [468.0, 360.0], 'radius': 35.918785545899944, 'blob_score': 0.687023913860321, 'blob_contrast': 0.028435945510864258, 'blob_brightness': 0.9272782802581787, 'blob_response': -0.04746586084365845, 'vessel_centre': [544.0, 268.0]}, {'vessel_blob_score': -1.9509333798816941, 'centre': [459.0, 371.0], 'radius': 45.254833995939045, 'blob_score': 0.6904652059078216, 'blob_contrast': 0.03760808706283569, 'blob_brightness': 0.9191889762878418, 'blob_response': -0.04712417721748352, 'vessel_centre': [544.0, 268.0]}]"
normal/normal_1923_RFM.png,normal,2,"[{'vessel_blob_score': -1.5025573345766294, 'centre': [203.0, 304.0], 'radius': 35.918785545899944, 'blob_score': 0.4065312474966049, 'blob_contrast': 0.028750836849212646, 'blob_brightness': 0.5363047122955322, 'blob_response': -0.011835560202598572, 'vessel_centre': [171.0, 220.0]}, {'vessel_blob_score': -4.781464648256644, 'centre': [353.0, 320.0], 'radius': 35.918785545899944, 'blob_score': 0.41082887500524523, 'blob_contrast': 0.028410375118255615, 'blob_brightness': 0.5404460430145264, 'blob_response': -0.020531348884105682, 'vessel_centre': [171.0, 220.0]}]"
normal/normal_1924_RFM.png,normal,2,"[{'vessel_blob_score': -7.881190233634774, 'centre': [400.0, 192.0], 'radius': 35.918785545899944, 'blob_score': 0.5385483577847481, 'blob_contrast': 0.025097906589508057, 'blob_brightness': 0.7292793393135071, 'blob_response': -0.014774568378925323, 'vessel_centre': [89.0, 263.0]}, {'vessel_blob_score': -3.960978193859683, 'centre': [442.0, 214.0], 'radius': 71.83757109179989, 'blob_score': 0.5588961169123648, 'blob_contrast': 0.05072152614593506, 'blob_brightness': 0.7202273011207581, 'blob_response': -0.020077399909496307, 'vessel_centre': [89.0, 263.0]}]"
normal/normal_1925_RFM.png,normal,1,"[{'vessel_blob_score': -4.541629074329119, 'centre': [413.0, 194.0], 'radius': 57.01751796098172, 'blob_score': 0.5265572771430016, 'blob_contrast': 0.04424154758453369, 'blob_brightness': 0.6805416941642761, 'blob_response': -0.029682718217372894, 'vessel_centre': [104.0, 260.0]}]"
normal/normal_1926_RFM.png,normal,1,"[{'vessel_blob_score': -1.8425850146220109, 'centre': [316.0, 193.0], 'radius': 57.01751796098172, 'blob_score': 0.6301025331020356, 'blob_contrast': 0.030649662017822266, 'blob_brightness': 0.8380934596061707, 'blob_response': -0.063937246799469, 'vessel_centre': [178.0, 278.0]}]"
normal/normal_1927_RFM.png,normal,0,[]
normal/normal_1928_RFM.png,normal,2,"[{'vessel_blob_score': -6.628218665425704, 'centre': [327.0, 192.0], 'radius': 35.918785545899944, 'blob_score': 0.5838954389095307, 'blob_contrast': 0.013578832149505615, 'blob_brightness': 0.810723602771759, 'blob_response': -0.014050424098968506, 'vessel_centre': [584.0, 287.0]}, {'vessel_blob_score': -3.8876682267399785, 'centre': [423.0, 217.0], 'radius': 35.918785545899944, 'blob_score': 0.6347041904926299, 'blob_contrast': 0.038345277309417725, 'blob_brightness': 0.8312477469444275, 'blob_response': -0.07242745161056519, 'vessel_centre': [584.0, 287.0]}]"
normal/normal_1929_RFM.png,normal,3,"[{'vessel_blob_score': -7.916292339922139, 'centre': [414.0, 193.0], 'radius': 35.918785545899944, 'blob_score': 0.6044335946440696, 'blob_contrast': 0.03144526481628418, 'blob_brightness': 0.8150457143783569, 'blob_response': -0.012281648814678192, 'vessel_centre': [96.0, 231.0]}, {'vessel_blob_score': -6.301540933255116, 'centre': [424.0, 191.0], 'radius': 45.254833995939045, 'blob_score': 0.6050810731947421, 'blob_contrast': 0.033257484436035156, 'blob_brightness': 0.8133090734481812, 'blob_response': -0.0125361867249012, 'vessel_centre': [96.0, 231.0]}, {'vessel_blob_score': -4.945980901011996, 'centre': [433.0, 194.0], 'radius': 57.01751796098172, 'blob_score': 0.6110443197190761, 'blob_contrast': 0.04168593883514404, 'blob_brightness': 0.8097071051597595, 'blob_response': -0.012817036360502243, 'vessel_centre': [96.0, 231.0]}]"
normal/normal_1930_RFM.png,normal,1,"[{'vessel_blob_score': 0.2834090863240345, 'centre': [538.0, 206.0], 'radius': 71.83757109179989, 'blob_score': 0.8254399657249449, 'blob_contrast': 0.139254629611969, 'blob_brightness': 0.9400744438171387, 'blob_response': -0.14066612720489502, 'vessel_centre': [563.0, 251.0]}]"
normal/normal_1931_RFM.png,normal,3,"[{'vessel_blob_score': -1.8261964972175777, 'centre': [412.0, 237.0], 'radius': 35.918785545899944, 'blob_score': 0.5238718569278716, 'blob_contrast': 0.02345871925354004, 'blob_brightness': 0.7091662883758545, 'blob_response': -0.019983679056167603, 'vessel_centre': [445.0, 141.0]}, {'vessel_blob_score': -3.1706751551757177, 'centre': [363.0, 311.0], 'radius': 45.254833995939045, 'blob_score': 0.5103879183530807, 'blob_contrast': 0.03730881214141846, 'blob_brightness': 0.6695672869682312, 'blob_response': -0.02191002666950226, 'vessel_centre': [445.0, 141.0]}, {'vessel_blob_score': -2.1610628259971536, 'centre': [366.0, 303.0], 'radius': 57.01751796098172, 'blob_score': 0.5170681029558182, 'blob_contrast': 0.046227991580963135, 'blob_brightness': 0.666305661201477, 'blob_response': -0.02213074266910553, 'vessel_centre': [445.0, 141.0]}]"
normal/normal_1932_RFM.png,normal,1,"[{'vessel_blob_score': -6.828483649468778, 'centre': [465.0, 210.0], 'radius': 45.254833995939045, 'blob_score': 0.5286257617175579, 'blob_contrast': 0.024529874324798584, 'blob_brightness': 0.7175040245056152, 'blob_response': -0.009215351194143295, 'vessel_centre': [111.0, 224.0]}]"
normal/normal_1933_RFM.png,normal,1,"[{'vessel_blob_score': -2.7864219058047004, 'centre': [465.0, 166.0], 'radius': 35.918785545899944, 'blob_score': 0.4769119709730148, 'blob_contrast': 0.021624743938446045, 'blob_brightness': 0.6474390625953674, 'blob_response': -0.010399416089057922, 'vessel_centre': [601.0, 167.0]}]"
normal/normal_1934_RFM.png,normal,0,[]
normal/normal_1935_RFM.png,normal,0,[]
normal/normal_1936_RFM.png,normal,14,"[{'vessel_blob_score': -5.021359239715664, 'centre': [380.0, 88.0], 'radius': 35.918785545899944, 'blob_score': 0.6921836495399475, 'blob_contrast': 0.009261250495910645, 'blob_brightness': 0.973549485206604, 'blob_response': -0.0071887969970703125, 'vessel_centre': [544.0, 229.0]}, {'vessel_blob_score': -2.4254103544016856, 'centre': [541.0, 106.0], 'radius': 35.918785545899944, 'blob_score': 0.6918689906597136, 'blob_contrast': 0.0192224383354187, 'blob_brightness': 0.9595226645469666, 'blob_response': -0.004903435707092285, 'vessel_centre': [544.0, 229.0]}, {'vessel_blob_score': -5.43231997879465, 'centre': [328.0, 147.0], 'radius': 35.918785545899944, 'blob_score': 0.6920073688030243, 'blob_contrast': 0.014328956604003906, 'blob_brightness': 0.9658282399177551, 'blob_response': -0.007993221282958984, 'vessel_centre': [544.0, 229.0]}, {'vessel_blob_score': -5.438883910284498, 'centre': [327.0, 149.0], 'radius': 35.918785545899944, 'blob_score': 0.6919662415981293, 'blob_contrast': 0.014599978923797607, 'blob_brightness': 0.9653813242912292, 'blob_response': -0.007996678352355957, 'vessel_centre': [544.0, 229.0]}, {'vessel_blob_score': -5.446042405409652, 'centre': [326.0, 151.0], 'radius': 35.918785545899944, 'blob_score': 0.691922950744629, 'blob_contrast': 0.01490086317062378, 'blob_brightness': 0.964890718460083, 'blob_response': -0.007992923259735107, 'vessel_centre': [544.0, 229.0]}, {'vessel_blob_score': -4.903582743541324, 'centre': [337.0, 275.0], 'radius': 35.918785545899944, 'blob_score': 0.6834625482559203, 'blob_contrast': 0.011708974838256836, 'blob_brightness': 0.9553494453430176, 'blob_response': -0.015044808387756348, 'vessel_centre': [544.0, 229.0]}, {'vessel_blob_score': -1.8643348492204406, 'centre': [516.0, 328.0], 'radius': 35.918785545899944, 'blob_score': 0.6708855867385863, 'blob_contrast': -0.0033652186393737793, 'blob_brightness': 0.9591152667999268, 'blob_response': -0.014350593090057373, 'vessel_centre': [544.0, 229.0]}, {'vessel_blob_score': -4.318207613461758, 'centre': [463.0, 402.0], 'radius': 35.918785545899944, 'blob_score': 0.6802032828330994, 'blob_contrast': 0.01161503791809082, 'blob_brightness': 0.9526354074478149, 'blob_response': -0.00871729850769043, 'vessel_centre': [544.0, 229.0]}, {'vessel_blob_score': -6.363611041735461, 'centre': [354.0, 413.0], 'radius': 35.918785545899944, 'blob_score': 0.6933614492416381, 'blob_contrast': 0.009453773498535156, 'blob_brightness': 0.9753046035766602, 'blob_response': -0.00597226619720459, 'vessel_centre': [544.0, 229.0]}, {'vessel_blob_score': -3.969437845471054, 'centre': [368.0, 89.0], 'radius': 45.254833995939045, 'blob_score': 0.6951528966426849, 'blob_contrast': 0.01678454875946045, 'blob_brightness': 0.9670547842979431, 'blob_response': -0.007149994373321533, 'vessel_centre': [544.0, 229.0]}, {'vessel_blob_score': -4.240178685526859, 'centre': [323.0, 143.0], 'radius': 45.254833995939045, 'blob_score': 0.685187953710556, 'blob_contrast': 0.014674127101898193, 'blob_brightness': 0.9556229710578918, 'blob_response': -0.007888734340667725, 'vessel_centre': [544.0, 229.0]}, {'vessel_blob_score': -3.2834817012471564, 'centre': [319.0, 134.0], 'radius': 57.01751796098172, 'blob_score': 0.6775659620761871, 'blob_contrast': 0.014137744903564453, 'blob_brightness': 0.9455879330635071, 'blob_response': -0.007583320140838623, 'vessel_centre': [544.0, 229.0]}, {'vessel_blob_score': -3.935887465021051, 'centre': [344.0, 427.0], 'radius': 57.01751796098172, 'blob_score': 0.6986346781253815, 'blob_contrast': 0.027087509632110596, 'blob_brightness': 0.9577460885047913, 'blob_response': -0.005624532699584961, 'vessel_centre': [544.0, 229.0]}, {'vessel_blob_score': -3.739315053245492, 'centre': [379.0, 443.0], 'radius': 57.01751796098172, 'blob_score': 0.6885912716388702, 'blob_contrast': 0.027004897594451904, 'blob_brightness': 0.9435577988624573, 'blob_response': -0.005479574203491211, 'vessel_centre': [544.0, 229.0]}]"
normal/normal_1937_RFM.png,normal,3,"[{'vessel_blob_score': -2.322257957995794, 'centre': [530.0, 209.0], 'radius': 35.918785545899944, 'blob_score': 0.6683251798152924, 'blob_contrast': 0.030453383922576904, 'blob_brightness': 0.9014682769775391, 'blob_response': -0.03422001004219055, 'vessel_centre': [606.0, 301.0]}, {'vessel_blob_score': -0.9381614294383478, 'centre': [464.0, 198.0], 'radius': 90.50966799187809, 'blob_score': 0.722231101989746, 'blob_contrast': 0.08849632740020752, 'blob_brightness': 0.8878100514411926, 'blob_response': -0.06133869290351868, 'vessel_centre': [606.0, 301.0]}, {'vessel_blob_score': 0.14288406025534706, 'centre': [504.0, 232.0], 'radius': 143.67514218359977, 'blob_score': 0.7576616019010544, 'blob_contrast': 0.155245840549469, 'blob_brightness': 0.8456283211708069, 'blob_response': -0.052379682660102844, 'vessel_centre': [606.0, 301.0]}]"
normal/normal_1938_RFM.png,normal,1,"[{'vessel_blob_score': -5.029590121330802, 'centre': [421.0, 202.0], 'radius': 45.254833995939045, 'blob_score': 0.5336374796926975, 'blob_contrast': 0.026752233505249023, 'blob_brightness': 0.7210365533828735, 'blob_response': -0.010798294097185135, 'vessel_centre': [157.0, 271.0]}]"
normal/normal_1939_RFM.png,normal,2,"[{'vessel_blob_score': -1.5773225091356715, 'centre': [333.0, 186.0], 'radius': 35.918785545899944, 'blob_score': 0.573857781291008, 'blob_contrast': 0.019523203372955322, 'blob_brightness': 0.7879566550254822, 'blob_response': -0.013824597001075745, 'vessel_centre': [374.0, 269.0]}, {'vessel_blob_score': -1.3954709870920996, 'centre': [320.0, 175.0], 'radius': 45.254833995939045, 'blob_score': 0.577585196495056, 'blob_contrast': 0.028731107711791992, 'blob_brightness': 0.7801030278205872, 'blob_response': -0.013909846544265747, 'vessel_centre': [374.0, 269.0]}]"
normal/normal_1940_RFM.png,normal,0,[]
normal/normal_1941_RFM.png,normal,0,[]
normal/normal_1942_RFM.png,normal,1,"[{'vessel_blob_score': -7.935483337909192, 'centre': [431.0, 190.0], 'radius': 35.918785545899944, 'blob_score': 0.5939594864845276, 'blob_contrast': 0.03890025615692139, 'blob_brightness': 0.7862866520881653, 'blob_response': -0.023292869329452515, 'vessel_centre': [118.0, 261.0]}]"
normal/normal_1943_RFM.png,normal,0,[]
normal/normal_1944_RFM.png,normal,1,"[{'vessel_blob_score': -3.0218806182898517, 'centre': [252.0, 355.0], 'radius': 35.918785545899944, 'blob_score': 0.4899648755788803, 'blob_contrast': 0.027377009391784668, 'blob_brightness': 0.6578840613365173, 'blob_response': -0.010345116257667542, 'vessel_centre': [162.0, 242.0]}]"
normal/normal_1945_RFM.png,normal,2,"[{'vessel_blob_score': -3.9213045304319456, 'centre': [345.0, 330.0], 'radius': 45.254833995939045, 'blob_score': 0.6419224008917808, 'blob_contrast': 0.02511686086654663, 'blob_brightness': 0.8767409324645996, 'blob_response': -0.01543443650007248, 'vessel_centre': [160.0, 206.0]}, {'vessel_blob_score': -2.704604711062234, 'centre': [331.0, 330.0], 'radius': 57.01751796098172, 'blob_score': 0.6435279935598374, 'blob_contrast': 0.026638031005859375, 'blob_brightness': 0.8767297863960266, 'blob_response': -0.015895560383796692, 'vessel_centre': [160.0, 206.0]}]"
normal/normal_1946_RFM.png,normal,1,"[{'vessel_blob_score': -4.259218401350908, 'centre': [428.0, 311.0], 'radius': 35.918785545899944, 'blob_score': 0.6130340576171874, 'blob_contrast': 0.05335068702697754, 'blob_brightness': 0.7794942259788513, 'blob_response': -0.07018706202507019, 'vessel_centre': [587.0, 209.0]}]"
normal/normal_1947_RFM.png,normal,0,[]
normal/normal_1948_RFM.png,normal,1,"[{'vessel_blob_score': -4.9024666488638875, 'centre': [332.0, 339.0], 'radius': 35.918785545899944, 'blob_score': 0.4293315887451172, 'blob_contrast': 0.021797657012939453, 'blob_brightness': 0.5804647207260132, 'blob_response': -0.006043136119842529, 'vessel_centre': [144.0, 241.0]}]"
normal/normal_1949_RFM.png,normal,1,"[{'vessel_blob_score': -1.9597893997418145, 'centre': [422.0, 168.0], 'radius': 71.83757109179989, 'blob_score': 0.6276838317513466, 'blob_contrast': 0.0710025429725647, 'blob_brightness': 0.7851741313934326, 'blob_response': -0.035296984016895294, 'vessel_centre': [225.0, 248.0]}]"
normal/normal_1950_RFM.png,normal,0,[]
normal/normal_1951_RFM.png,normal,2,"[{'vessel_blob_score': -2.5480092132700247, 'centre': [505.0, 160.0], 'radius': 35.918785545899944, 'blob_score': 0.5153407692909241, 'blob_contrast': 0.017430365085601807, 'blob_brightness': 0.7092040181159973, 'blob_response': -0.0073379576206207275, 'vessel_centre': [584.0, 260.0]}, {'vessel_blob_score': -2.137630724368309, 'centre': [493.0, 151.0], 'radius': 45.254833995939045, 'blob_score': 0.5135626271367072, 'blob_contrast': 0.0195121169090271, 'blob_brightness': 0.7037906050682068, 'blob_response': -0.006985433399677277, 'vessel_centre': [584.0, 260.0]}]"
normal/normal_1952_RFM.png,normal,1,"[{'vessel_blob_score': -5.625181828721875, 'centre': [381.0, 154.0], 'radius': 35.918785545899944, 'blob_score': 0.4545616243034601, 'blob_contrast': 0.02422928810119629, 'blob_brightness': 0.6127690672874451, 'blob_response': -0.006969945505261421, 'vessel_centre': [166.0, 256.0]}]"
normal/normal_1953_RFM.png,normal,1,"[{'vessel_blob_score': -2.607852763417598, 'centre': [433.0, 244.0], 'radius': 45.254833995939045, 'blob_score': 0.5575376957654953, 'blob_contrast': 0.03132796287536621, 'blob_brightness': 0.746275007724762, 'blob_response': -0.019086137413978577, 'vessel_centre': [586.0, 301.0]}]"
normal/normal_1954_RFM.png,normal,1,"[{'vessel_blob_score': -2.6052213817128527, 'centre': [257.0, 133.0], 'radius': 35.918785545899944, 'blob_score': 0.5537846900522709, 'blob_contrast': 0.024864017963409424, 'blob_brightness': 0.754077136516571, 'blob_response': -0.00533338263630867, 'vessel_centre': [192.0, 245.0]}]"
normal/normal_1955_RFM.png,normal,12,"[{'vessel_blob_score': -2.506145600900605, 'centre': [582.0, 198.0], 'radius': 35.918785545899944, 'blob_score': 0.6847847402095794, 'blob_contrast': 0.01924431324005127, 'blob_brightness': 0.9485523104667664, 'blob_response': -0.00776904821395874, 'vessel_centre': [560.0, 322.0]}, {'vessel_blob_score': -6.401041316538615, 'centre': [298.0, 277.0], 'radius': 35.918785545899944, 'blob_score': 0.6830043017864227, 'blob_contrast': 0.004428684711456299, 'blob_brightness': 0.9658582806587219, 'blob_response': -0.01237410306930542, 'vessel_centre': [560.0, 322.0]}, {'vessel_blob_score': -2.3017806952813764, 'centre': [447.0, 358.0], 'radius': 35.918785545899944, 'blob_score': 0.6637305796146392, 'blob_contrast': -0.011713564395904541, 'blob_brightness': 0.9609865546226501, 'blob_response': -0.013767778873443604, 'vessel_centre': [560.0, 322.0]}, {'vessel_blob_score': -1.9001111239485287, 'centre': [589.0, 194.0], 'radius': 45.254833995939045, 'blob_score': 0.6642722010612487, 'blob_contrast': 0.012463092803955078, 'blob_brightness': 0.9289025068283081, 'blob_response': -0.007886767387390137, 'vessel_centre': [560.0, 322.0]}, {'vessel_blob_score': -3.7157482174094065, 'centre': [350.0, 360.0], 'radius': 45.254833995939045, 'blob_score': 0.6392716288566589, 'blob_contrast': -0.008105456829071045, 'blob_brightness': 0.9227523803710938, 'blob_response': -0.007252097129821777, 'vessel_centre': [560.0, 322.0]}, {'vessel_blob_score': -1.4030010533705553, 'centre': [461.0, 367.0], 'radius': 45.254833995939045, 'blob_score': 0.6456600785255432, 'blob_contrast': -0.023142516613006592, 'blob_brightness': 0.9514251947402954, 'blob_response': -0.014024794101715088, 'vessel_centre': [560.0, 322.0]}, {'vessel_blob_score': -4.416321234539957, 'centre': [362.0, 85.0], 'radius': 57.01751796098172, 'blob_score': 0.6766423642635345, 'blob_contrast': -0.0011497735977172852, 'blob_brightness': 0.9655529856681824, 'blob_response': -0.00952523946762085, 'vessel_centre': [560.0, 322.0]}, {'vessel_blob_score': -2.692628855761673, 'centre': [355.0, 370.0], 'radius': 57.01751796098172, 'blob_score': 0.635993492603302, 'blob_contrast': -0.010667264461517334, 'blob_brightness': 0.9218264818191528, 'blob_response': -0.006911098957061768, 'vessel_centre': [560.0, 322.0]}, {'vessel_blob_score': -3.442034906583454, 'centre': [352.0, 80.0], 'radius': 71.83757109179989, 'blob_score': 0.670572555065155, 'blob_contrast': -0.0035614371299743652, 'blob_brightness': 0.9603320360183716, 'blob_response': -0.009507834911346436, 'vessel_centre': [560.0, 322.0]}, {'vessel_blob_score': -0.07141046738927281, 'centre': [592.0, 252.0], 'radius': 71.83757109179989, 'blob_score': 0.6605308115482329, 'blob_contrast': 0.01951688528060913, 'blob_brightness': 0.9126434922218323, 'blob_response': -0.010817408561706543, 'vessel_centre': [560.0, 322.0]}, {'vessel_blob_score': -2.7034875877340263, 'centre': [346.0, 64.0], 'radius': 90.50966799187809, 'blob_score': 0.6670884549617767, 'blob_contrast': -0.003022432327270508, 'blob_brightness': 0.9546911120414734, 'blob_response': -0.009135544300079346, 'vessel_centre': [560.0, 322.0]}, {'vessel_blob_score': -0.610199616528742, 'centre': [406.0, 422.0], 'radius': 114.03503592196344, 'blob_score': 0.6670872390270233, 'blob_contrast': 0.014979898929595947, 'blob_brightness': 0.9294167160987854, 'blob_response': -0.0075781941413879395, 'vessel_centre': [560.0, 322.0]}]"
normal/normal_1956_RFM.png,normal,0,[]
normal/normal_1957_RFM.png,normal,1,"[{'vessel_blob_score': -4.460127130502549, 'centre': [275.0, 370.0], 'radius': 45.254833995939045, 'blob_score': 0.5209083348512649, 'blob_contrast': 0.057183802127838135, 'blob_brightness': 0.6520975232124329, 'blob_response': -0.03628133237361908, 'vessel_centre': [236.0, 126.0]}]"
normal/normal_1958_RFM.png,normal,2,"[{'vessel_blob_score': -5.902331787987559, 'centre': [403.0, 190.0], 'radius': 35.918785545899944, 'blob_score': 0.5868882328271865, 'blob_contrast': 0.025237739086151123, 'blob_brightness': 0.7976991534233093, 'blob_response': -0.016305431723594666, 'vessel_centre': [168.0, 269.0]}, {'vessel_blob_score': -4.373773479246218, 'centre': [398.0, 190.0], 'radius': 45.254833995939045, 'blob_score': 0.5877097204327583, 'blob_contrast': 0.03009134531021118, 'blob_brightness': 0.7919263243675232, 'blob_response': -0.01634974032640457, 'vessel_centre': [168.0, 269.0]}]"
normal/normal_1959_RFM.png,normal,1,"[{'vessel_blob_score': -8.346520167382877, 'centre': [454.0, 181.0], 'radius': 35.918785545899944, 'blob_score': 0.42197025306522845, 'blob_contrast': 0.01837146282196045, 'blob_brightness': 0.5746902823448181, 'blob_response': -0.006577963009476662, 'vessel_centre': [127.0, 257.0]}]"
normal/normal_1960_RFM.png,normal,0,[]
normal/normal_1961_RFM.png,normal,1,"[{'vessel_blob_score': -2.009181912289451, 'centre': [417.0, 271.0], 'radius': 45.254833995939045, 'blob_score': 0.6209700673818588, 'blob_contrast': 0.027727723121643066, 'blob_brightness': 0.8424923419952393, 'blob_response': -0.017488524317741394, 'vessel_centre': [530.0, 195.0]}]"
normal/normal_1962_RFM.png,normal,0,[]
normal/normal_1963_RFM.png,normal,1,"[{'vessel_blob_score': -2.973344040321378, 'centre': [351.0, 330.0], 'radius': 57.01751796098172, 'blob_score': 0.4682211615145206, 'blob_contrast': 0.037193477153778076, 'blob_brightness': 0.6126187443733215, 'blob_response': -0.010972816497087479, 'vessel_centre': [157.0, 213.0]}]"
normal/normal_1964_RFM.png,normal,1,"[{'vessel_blob_score': -6.6261862081090595, 'centre': [399.0, 126.0], 'radius': 35.918785545899944, 'blob_score': 0.44999167472124096, 'blob_contrast': 0.024518311023712158, 'blob_brightness': 0.6036825776100159, 'blob_response': -0.014477796852588654, 'vessel_centre': [146.0, 231.0]}]"
normal/normal_1965_RFM.png,normal,0,[]
normal/normal_1966_RFM.png,normal,3,"[{'vessel_blob_score': -6.787616622320978, 'centre': [417.0, 86.0], 'radius': 45.254833995939045, 'blob_score': 0.5403328493237495, 'blob_contrast': 0.025169014930725098, 'blob_brightness': 0.7323943972587585, 'blob_response': -0.012438781559467316, 'vessel_centre': [100.0, 240.0]}, {'vessel_blob_score': -5.086758626702179, 'centre': [418.0, 101.0], 'radius': 57.01751796098172, 'blob_score': 0.5371851615607738, 'blob_contrast': 0.024327874183654785, 'blob_brightness': 0.7291274070739746, 'blob_response': -0.012340512126684189, 'vessel_centre': [100.0, 240.0]}, {'vessel_blob_score': -3.6661019698104846, 'centre': [418.0, 134.0], 'radius': 71.83757109179989, 'blob_score': 0.5427583113312722, 'blob_contrast': 0.030761539936065674, 'blob_brightness': 0.7277457118034363, 'blob_response': -0.01287386566400528, 'vessel_centre': [100.0, 240.0]}]"
normal/normal_1967_RFM.png,normal,1,"[{'vessel_blob_score': -7.600893519621188, 'centre': [416.0, 192.0], 'radius': 35.918785545899944, 'blob_score': 0.5311768814921379, 'blob_contrast': 0.025301218032836914, 'blob_brightness': 0.7204269170761108, 'blob_response': -0.007884107530117035, 'vessel_centre': [108.0, 216.0]}]"
normal/normal_1968_RFM.png,normal,1,"[{'vessel_blob_score': -4.030832986887157, 'centre': [413.0, 186.0], 'radius': 35.918785545899944, 'blob_score': 0.6140879958868026, 'blob_contrast': 0.031201660633087158, 'blob_brightness': 0.8263992667198181, 'blob_response': -0.022034242749214172, 'vessel_centre': [576.0, 264.0]}]"
normal/normal_1969_RFM.png,normal,2,"[{'vessel_blob_score': -6.901283572629621, 'centre': [393.0, 175.0], 'radius': 35.918785545899944, 'blob_score': 0.5316762387752533, 'blob_contrast': 0.025701940059661865, 'blob_brightness': 0.7182934880256653, 'blob_response': -0.015844285488128662, 'vessel_centre': [121.0, 256.0]}, {'vessel_blob_score': -1.4746819271231706, 'centre': [147.0, 341.0], 'radius': 35.918785545899944, 'blob_score': 0.572849804162979, 'blob_contrast': 0.0367698073387146, 'blob_brightness': 0.7584099173545837, 'blob_response': -0.02596527338027954, 'vessel_centre': [121.0, 256.0]}]"
normal/normal_1970_RFM.png,normal,1,"[{'vessel_blob_score': -1.8787141856394838, 'centre': [437.0, 205.0], 'radius': 57.01751796098172, 'blob_score': 0.4610387980937958, 'blob_contrast': 0.023961126804351807, 'blob_brightness': 0.6196686625480652, 'blob_response': -0.0165480375289917, 'vessel_centre': [583.0, 280.0]}]"
normal/normal_1971_RFM.png,normal,1,"[{'vessel_blob_score': -5.244138516252669, 'centre': [443.0, 225.0], 'radius': 57.01751796098172, 'blob_score': 0.45462576076388356, 'blob_contrast': 0.027844607830047607, 'blob_brightness': 0.6075745224952698, 'blob_response': -0.0073949359357357025, 'vessel_centre': [88.0, 198.0]}]"
normal/normal_1972_RFM.png,normal,1,"[{'vessel_blob_score': -1.0532760123306608, 'centre': [440.0, 186.0], 'radius': 90.50966799187809, 'blob_score': 0.7673549950122832, 'blob_contrast': 0.08257830142974854, 'blob_brightness': 0.9471395015716553, 'blob_response': -0.1088952124118805, 'vessel_centre': [596.0, 287.0]}]"
normal/normal_1973_RFM.png,normal,0,[]
normal/normal_1974_RFM.png,normal,0,[]
normal/normal_1975_RFM.png,normal,0,[]
normal/normal_1976_RFM.png,normal,2,"[{'vessel_blob_score': -6.7766981879807275, 'centre': [408.0, 211.0], 'radius': 35.918785545899944, 'blob_score': 0.47449349462985985, 'blob_contrast': 0.03144961595535278, 'blob_brightness': 0.6251317262649536, 'blob_response': -0.02725835144519806, 'vessel_centre': [132.0, 254.0]}, {'vessel_blob_score': -5.182921285686887, 'centre': [408.0, 208.0], 'radius': 45.254833995939045, 'blob_score': 0.4695030301809311, 'blob_contrast': 0.03204166889190674, 'blob_brightness': 0.617164671421051, 'blob_response': -0.027230456471443176, 'vessel_centre': [132.0, 254.0]}]"
normal/normal_1977_RFM.png,normal,0,[]
normal/normal_1978_RFM.png,normal,1,"[{'vessel_blob_score': -4.318644828234166, 'centre': [380.0, 198.0], 'radius': 35.918785545899944, 'blob_score': 0.4299673318862915, 'blob_contrast': 0.02850443124771118, 'blob_brightness': 0.5692322254180908, 'blob_response': -0.01500171422958374, 'vessel_centre': [200.0, 262.0]}]"
normal/normal_1979_RFM.png,normal,1,"[{'vessel_blob_score': -8.099442949996748, 'centre': [481.0, 181.0], 'radius': 35.918785545899944, 'blob_score': 0.44391171634197235, 'blob_contrast': 0.030693531036376953, 'blob_brightness': 0.5867239832878113, 'blob_response': -0.012556985020637512, 'vessel_centre': [157.0, 224.0]}]"
normal/normal_1980_RFM.png,normal,3,"[{'vessel_blob_score': -2.1979126401051583, 'centre': [511.0, 202.0], 'radius': 35.918785545899944, 'blob_score': 0.5051182627677917, 'blob_contrast': 0.0360293984413147, 'blob_brightness': 0.6595299243927002, 'blob_response': -0.03708958625793457, 'vessel_centre': [598.0, 277.0]}, {'vessel_blob_score': -1.7193785193036293, 'centre': [502.0, 200.0], 'radius': 45.254833995939045, 'blob_score': 0.5051575601100922, 'blob_contrast': 0.038073599338531494, 'blob_brightness': 0.6566707491874695, 'blob_response': -0.037072181701660156, 'vessel_centre': [598.0, 277.0]}, {'vessel_blob_score': -1.0529192724173297, 'centre': [436.0, 186.0], 'radius': 90.50966799187809, 'blob_score': 0.5353458732366562, 'blob_contrast': 0.07704389095306396, 'blob_brightness': 0.6401838660240173, 'blob_response': -0.05086638033390045, 'vessel_centre': [598.0, 277.0]}]"
normal/normal_1981_RFM.png,normal,0,[]
normal/normal_1982_RFM.png,normal,1,"[{'vessel_blob_score': -6.900302534188712, 'centre': [403.0, 145.0], 'radius': 35.918785545899944, 'blob_score': 0.4425850100815296, 'blob_contrast': 0.016595065593719482, 'blob_brightness': 0.6057503819465637, 'blob_response': -0.009823385626077652, 'vessel_centre': [128.0, 215.0]}]"
normal/normal_1983_RFM.png,normal,2,"[{'vessel_blob_score': -4.671421678448323, 'centre': [382.0, 183.0], 'radius': 35.918785545899944, 'blob_score': 0.4255522936582565, 'blob_contrast': 0.029787838459014893, 'blob_brightness': 0.5602638125419617, 'blob_response': -0.017898932099342346, 'vessel_centre': [179.0, 200.0]}, {'vessel_blob_score': -2.2811755943944845, 'centre': [324.0, 232.0], 'radius': 45.254833995939045, 'blob_score': 0.40151117444038387, 'blob_contrast': 0.01669943332672119, 'blob_brightness': 0.5481232404708862, 'blob_response': -0.005627363920211792, 'vessel_centre': [179.0, 200.0]}]"
normal/normal_1984_RFM.png,normal,0,[]
normal/normal_1985_RFM.png,normal,0,[]
normal/normal_1986_RFM.png,normal,2,"[{'vessel_blob_score': -3.455363524034997, 'centre': [353.0, 195.0], 'radius': 35.918785545899944, 'blob_score': 0.4525510489940643, 'blob_contrast': 0.028707921504974365, 'blob_brightness': 0.6020812392234802, 'blob_response': -0.011931300163269043, 'vessel_centre': [202.0, 248.0]}, {'vessel_blob_score': -2.681384454361223, 'centre': [324.0, 299.0], 'radius': 35.918785545899944, 'blob_score': 0.47949737906455986, 'blob_contrast': 0.037974417209625244, 'blob_brightness': 0.6254297494888306, 'blob_response': -0.01861068606376648, 'vessel_centre': [202.0, 248.0]}]"
normal/normal_1987_RFM.png,normal,0,[]
normal/normal_1988_RFM.png,normal,0,[]
normal/normal_1989_RFM.png,normal,1,"[{'vessel_blob_score': -2.496072516589607, 'centre': [335.0, 204.0], 'radius': 35.918785545899944, 'blob_score': 0.43525883257389064, 'blob_contrast': 0.038058578968048096, 'blob_brightness': 0.5634258389472961, 'blob_response': -0.014010831713676453, 'vessel_centre': [210.0, 216.0]}]"
normal/normal_1990_RFM.png,normal,0,[]
normal/normal_1991_RFM.png,normal,0,[]
normal/normal_1992_RFM.png,normal,0,[]
normal/normal_1993_RFM.png,normal,2,"[{'vessel_blob_score': -1.3705403881438123, 'centre': [405.0, 313.0], 'radius': 35.918785545899944, 'blob_score': 0.4316836535930633, 'blob_contrast': 0.019867300987243652, 'blob_brightness': 0.5869232416152954, 'blob_response': -0.004850417375564575, 'vessel_centre': [470.0, 368.0]}, {'vessel_blob_score': -1.1301637627774066, 'centre': [393.0, 310.0], 'radius': 45.254833995939045, 'blob_score': 0.446193952858448, 'blob_contrast': 0.035630881786346436, 'blob_brightness': 0.5851041078567505, 'blob_response': -0.004950977861881256, 'vessel_centre': [470.0, 368.0]}]"
normal/normal_1994_RFM.png,normal,0,[]
normal/normal_1995_RFM.png,normal,0,[]
normal/normal_1996_RFM.png,normal,1,"[{'vessel_blob_score': 0.5611876331846765, 'centre': [307.0, 278.0], 'radius': 57.01751796098172, 'blob_score': 0.4133851498365402, 'blob_contrast': 0.07502090930938721, 'blob_brightness': 0.4740040600299835, 'blob_response': -0.032806992530822754, 'vessel_centre': [282.0, 279.0]}]"
normal/normal_1997_RFM.png,normal,0,[]
normal/normal_1998_RFM.png,normal,0,[]
normal/normal_1999_RFM.png,normal,0,[]
normal/normal_2000_RFM.png,normal,0,[]
normal/normal_2001_RFM.png,normal,0,[]
normal/normal_2002_RFM.png,normal,1,"[{'vessel_blob_score': -2.5314769649246083, 'centre': [296.0, 213.0], 'radius': 35.918785545899944, 'blob_score': 0.45315780639648434, 'blob_contrast': 0.03279393911361694, 'blob_brightness': 0.5965709090232849, 'blob_response': -0.013821154832839966, 'vessel_centre': [173.0, 244.0]}]"
normal/normal_2003_RFM.png,normal,1,"[{'vessel_blob_score': -2.6128455794875713, 'centre': [397.0, 287.0], 'radius': 35.918785545899944, 'blob_score': 0.4321341514587402, 'blob_contrast': 0.029566824436187744, 'blob_brightness': 0.5665172338485718, 'blob_response': -0.03002631664276123, 'vessel_centre': [511.0, 225.0]}]"
normal/normal_2004_RFM.png,normal,0,[]
normal/normal_2005_RFM.png,normal,1,"[{'vessel_blob_score': -1.4318465138879732, 'centre': [446.0, 313.0], 'radius': 57.01751796098172, 'blob_score': 0.6492640078067778, 'blob_contrast': 0.08193564414978027, 'blob_brightness': 0.7989431619644165, 'blob_response': -0.04034075140953064, 'vessel_centre': [541.0, 212.0]}]"
normal/normal_2006_RFM.png,normal,0,[]
normal/normal_2007_RFM.png,normal,2,"[{'vessel_blob_score': -2.4212216332409313, 'centre': [388.0, 289.0], 'radius': 35.918785545899944, 'blob_score': 0.4902630150318145, 'blob_contrast': 0.0254247784614563, 'blob_brightness': 0.6559343338012695, 'blob_response': -0.028421014547348022, 'vessel_centre': [489.0, 219.0]}, {'vessel_blob_score': -1.5279803027076437, 'centre': [463.0, 306.0], 'radius': 35.918785545899944, 'blob_score': 0.5048345744609832, 'blob_contrast': 0.04038715362548828, 'blob_brightness': 0.6563600897789001, 'blob_response': -0.024976789951324463, 'vessel_centre': [489.0, 219.0]}]"
normal/normal_2008_RFM.png,normal,0,[]
normal/normal_2009_RFM.png,normal,0,[]
normal/normal_2010_RFM.png,normal,1,"[{'vessel_blob_score': -2.177365837140912, 'centre': [307.0, 305.0], 'radius': 35.918785545899944, 'blob_score': 0.364850914478302, 'blob_contrast': 0.020796656608581543, 'blob_brightness': 0.48873892426490784, 'blob_response': -0.009685054421424866, 'vessel_centre': [207.0, 250.0]}]"
normal/normal_2011_RFM.png,normal,0,[]
normal/normal_2012_RFM.png,normal,1,"[{'vessel_blob_score': -0.8358513905137581, 'centre': [453.0, 333.0], 'radius': 57.01751796098172, 'blob_score': 0.660702919960022, 'blob_contrast': 0.07761865854263306, 'blob_brightness': 0.8170029520988464, 'blob_response': -0.055910974740982056, 'vessel_centre': [487.0, 234.0]}]"
normal/normal_2013_RFM.png,normal,0,[]
normal/normal_2014_RFM.png,normal,1,"[{'vessel_blob_score': -3.080806805086203, 'centre': [321.0, 293.0], 'radius': 35.918785545899944, 'blob_score': 0.5005539357662201, 'blob_contrast': 0.03732109069824219, 'blob_brightness': 0.6558443903923035, 'blob_response': -0.020708858966827393, 'vessel_centre': [212.0, 195.0]}]"
normal/normal_2015_RFM.png,normal,0,[]
normal/normal_2016_RFM.png,normal,1,"[{'vessel_blob_score': -1.4818638559063042, 'centre': [368.0, 237.0], 'radius': 57.01751796098172, 'blob_score': 0.5178043574094772, 'blob_contrast': 0.07259392738342285, 'blob_brightness': 0.6218067407608032, 'blob_response': -0.04972855746746063, 'vessel_centre': [500.0, 288.0]}]"
normal/normal_2017_RFM.png,normal,3,"[{'vessel_blob_score': -2.9443339699320847, 'centre': [341.0, 197.0], 'radius': 35.918785545899944, 'blob_score': 0.4695370823144912, 'blob_contrast': 0.03239798545837402, 'blob_brightness': 0.618740975856781, 'blob_response': -0.020102068781852722, 'vessel_centre': [475.0, 243.0]}, {'vessel_blob_score': -2.677698066027954, 'centre': [354.0, 296.0], 'radius': 35.918785545899944, 'blob_score': 0.49826740026474, 'blob_contrast': 0.04647952318191528, 'blob_brightness': 0.6376772522926331, 'blob_response': -0.027069002389907837, 'vessel_centre': [475.0, 243.0]}, {'vessel_blob_score': -1.7861613938356116, 'centre': [358.0, 290.0], 'radius': 45.254833995939045, 'blob_score': 0.5013523578643799, 'blob_contrast': 0.05323135852813721, 'blob_brightness': 0.6324138641357422, 'blob_response': -0.027156472206115723, 'vessel_centre': [475.0, 243.0]}]"
normal/normal_2018_RFM.png,normal,0,[]
normal/normal_2019_RFM.png,normal,0,[]
normal/normal_2020_RFM.png,normal,0,[]
normal/normal_2021_RFM.png,normal,0,[]
normal/normal_2022_RFM.png,normal,0,[]
normal/normal_2023_RFM.png,normal,1,"[{'vessel_blob_score': -1.6002644309061225, 'centre': [376.0, 192.0], 'radius': 71.83757109179989, 'blob_score': 0.4809151142835617, 'blob_contrast': 0.05037510395050049, 'blob_brightness': 0.6078591346740723, 'blob_response': -0.02519308030605316, 'vessel_centre': [538.0, 285.0]}]"
normal/normal_2024_RFM.png,normal,3,"[{'vessel_blob_score': -2.4038459782663604, 'centre': [334.0, 221.0], 'radius': 35.918785545899944, 'blob_score': 0.5309077128767967, 'blob_contrast': 0.023039400577545166, 'blob_brightness': 0.7225962281227112, 'blob_response': -0.010254763066768646, 'vessel_centre': [212.0, 229.0]}, {'vessel_blob_score': -2.2299878276766667, 'centre': [328.0, 231.0], 'radius': 35.918785545899944, 'blob_score': 0.5364804238080978, 'blob_contrast': 0.02453029155731201, 'blob_brightness': 0.7284403443336487, 'blob_response': -0.010209456086158752, 'vessel_centre': [212.0, 229.0]}, {'vessel_blob_score': -3.433301737341509, 'centre': [353.0, 303.0], 'radius': 35.918785545899944, 'blob_score': 0.5693549007177353, 'blob_contrast': 0.0410921573638916, 'blob_brightness': 0.7470012903213501, 'blob_response': -0.026809200644493103, 'vessel_centre': [212.0, 229.0]}]"
normal/normal_2025_RFM.png,normal,0,[]
normal/normal_2026_RFM.png,normal,2,"[{'vessel_blob_score': -2.2497249983612426, 'centre': [342.0, 203.0], 'radius': 35.918785545899944, 'blob_score': 0.5704959630966187, 'blob_contrast': 0.03436702489852905, 'blob_brightness': 0.7595497369766235, 'blob_response': -0.022220611572265625, 'vessel_centre': [227.0, 223.0]}, {'vessel_blob_score': -2.914449606378727, 'centre': [339.0, 308.0], 'radius': 35.918785545899944, 'blob_score': 0.5869792461395263, 'blob_contrast': 0.04282653331756592, 'blob_brightness': 0.7686012983322144, 'blob_response': -0.030659019947052002, 'vessel_centre': [227.0, 223.0]}]"
normal/normal_2027_RFM.png,normal,1,"[{'vessel_blob_score': -3.737659726107199, 'centre': [411.0, 216.0], 'radius': 57.01751796098172, 'blob_score': 0.4748034209012985, 'blob_contrast': 0.05216950178146362, 'blob_brightness': 0.5981460213661194, 'blob_response': -0.019658520817756653, 'vessel_centre': [144.0, 257.0]}]"
normal/normal_2028_RFM.png,normal,0,[]
normal/normal_2029_RFM.png,normal,1,"[{'vessel_blob_score': -1.7995704692567247, 'centre': [310.0, 319.0], 'radius': 57.01751796098172, 'blob_score': 0.5074195086956024, 'blob_contrast': 0.07156795263290405, 'blob_brightness': 0.6125929951667786, 'blob_response': -0.035182297229766846, 'vessel_centre': [184.0, 221.0]}]"
normal/normal_2030_RFM.png,normal,1,"[{'vessel_blob_score': -2.464894739191857, 'centre': [329.0, 203.0], 'radius': 35.918785545899944, 'blob_score': 0.45895528793334955, 'blob_contrast': 0.03286343812942505, 'blob_brightness': 0.6010255813598633, 'blob_response': -0.02686971426010132, 'vessel_centre': [209.0, 236.0]}]"
normal/normal_2031_RFM.png,normal,1,"[{'vessel_blob_score': -2.104818181331274, 'centre': [263.0, 333.0], 'radius': 35.918785545899944, 'blob_score': 0.48285196423530574, 'blob_contrast': 0.038040876388549805, 'blob_brightness': 0.6313754916191101, 'blob_response': -0.014241218566894531, 'vessel_centre': [192.0, 247.0]}]"
normal/normal_2032_RFM.png,normal,1,"[{'vessel_blob_score': -3.522998953266516, 'centre': [346.0, 214.0], 'radius': 45.254833995939045, 'blob_score': 0.5148145496845246, 'blob_contrast': 0.04284948110580444, 'blob_brightness': 0.6581583023071289, 'blob_response': -0.05627128481864929, 'vessel_centre': [150.0, 273.0]}]"
normal/normal_2033_RFM.png,normal,2,"[{'vessel_blob_score': -2.694415200526447, 'centre': [351.0, 200.0], 'radius': 35.918785545899944, 'blob_score': 0.4670229613780975, 'blob_contrast': 0.06142944097518921, 'blob_brightness': 0.5729109644889832, 'blob_response': -0.022779226303100586, 'vessel_centre': [223.0, 235.0]}, {'vessel_blob_score': -2.571416453450766, 'centre': [333.0, 301.0], 'radius': 35.918785545899944, 'blob_score': 0.4427812486886978, 'blob_contrast': 0.04250538349151611, 'blob_brightness': 0.5677807927131653, 'blob_response': -0.014146551489830017, 'vessel_centre': [223.0, 235.0]}]"
normal/normal_2034_RFM.png,normal,0,[]
normal/normal_2035_RFM.png,normal,0,[]
normal/normal_2036_RFM.png,normal,0,[]
normal/normal_2037_RFM.png,normal,2,"[{'vessel_blob_score': -2.346665288783256, 'centre': [336.0, 216.0], 'radius': 35.918785545899944, 'blob_score': 0.5108913660049439, 'blob_contrast': 0.04053378105163574, 'blob_brightness': 0.6652346253395081, 'blob_response': -0.02346673607826233, 'vessel_centre': [217.0, 233.0]}, {'vessel_blob_score': -3.044174388326229, 'centre': [342.0, 307.0], 'radius': 35.918785545899944, 'blob_score': 0.5335920572280883, 'blob_contrast': 0.059245944023132324, 'blob_brightness': 0.6687585711479187, 'blob_response': -0.03107556700706482, 'vessel_centre': [217.0, 233.0]}]"
normal/normal_2038_RFM.png,normal,1,"[{'vessel_blob_score': -2.681384454361223, 'centre': [349.0, 315.0], 'radius': 35.918785545899944, 'blob_score': 0.4737555578351021, 'blob_contrast': 0.04634624719619751, 'blob_brightness': 0.6064062714576721, 'blob_response': -0.01462460309267044, 'vessel_centre': [471.0, 264.0]}]"
normal/normal_2039_RFM.png,normal,2,"[{'vessel_blob_score': -2.496072516589607, 'centre': [321.0, 197.0], 'radius': 35.918785545899944, 'blob_score': 0.4616661369800567, 'blob_contrast': 0.037071824073791504, 'blob_brightness': 0.5991108417510986, 'blob_response': -0.02608361840248108, 'vessel_centre': [201.0, 234.0]}, {'vessel_blob_score': -2.9389262581337254, 'centre': [317.0, 315.0], 'radius': 35.918785545899944, 'blob_score': 0.47367528975009915, 'blob_contrast': 0.041545867919921875, 'blob_brightness': 0.6088445782661438, 'blob_response': -0.02969108521938324, 'vessel_centre': [201.0, 234.0]}]"
normal/normal_2040_RFM.png,normal,1,"[{'vessel_blob_score': -2.305417341728555, 'centre': [384.0, 296.0], 'radius': 35.918785545899944, 'blob_score': 0.4845003366470337, 'blob_contrast': 0.025947391986846924, 'blob_brightness': 0.6521763801574707, 'blob_response': -0.010147392749786377, 'vessel_centre': [484.0, 232.0]}]"
normal/normal_2041_RFM.png,normal,0,[]
normal/normal_2042_RFM.png,normal,1,"[{'vessel_blob_score': -2.4739427896040294, 'centre': [277.0, 117.0], 'radius': 35.918785545899944, 'blob_score': 0.3554999433457851, 'blob_contrast': 0.023752182722091675, 'blob_brightness': 0.47074979543685913, 'blob_response': -0.011114519089460373, 'vessel_centre': [166.0, 174.0]}]"
normal/normal_2043_RFM.png,normal,0,[]
normal/normal_2044_RFM.png,normal,1,"[{'vessel_blob_score': -1.6594936363301094, 'centre': [246.0, 344.0], 'radius': 57.01751796098172, 'blob_score': 0.6380091726779937, 'blob_contrast': 0.055850446224212646, 'blob_brightness': 0.8196228742599487, 'blob_response': -0.04211357235908508, 'vessel_centre': [181.0, 207.0]}]"
normal/normal_2045_RFM.png,normal,0,[]
normal/normal_2046_RFM.png,normal,0,[]
normal/normal_2047_RFM.png,normal,0,[]
normal/normal_2048_RFM.png,normal,1,"[{'vessel_blob_score': -1.667616220131781, 'centre': [220.0, 324.0], 'radius': 35.918785545899944, 'blob_score': 0.5514195024967193, 'blob_contrast': 0.043573737144470215, 'blob_brightness': 0.7186968922615051, 'blob_response': -0.023789703845977783, 'vessel_centre': [190.0, 233.0]}]"
normal/normal_2049_RFM.png,normal,1,"[{'vessel_blob_score': -2.313029608084386, 'centre': [352.0, 301.0], 'radius': 35.918785545899944, 'blob_score': 0.5395403742790221, 'blob_contrast': 0.0437769889831543, 'blob_brightness': 0.7018766403198242, 'blob_response': -0.022248685359954834, 'vessel_centre': [457.0, 245.0]}]"
normal/normal_2050_RFM.png,normal,0,[]
normal/normal_2051_RFM.png,normal,2,"[{'vessel_blob_score': -2.235382633412193, 'centre': [364.0, 217.0], 'radius': 35.918785545899944, 'blob_score': 0.4969525277614593, 'blob_contrast': 0.032437026500701904, 'blob_brightness': 0.6604519486427307, 'blob_response': -0.010995686054229736, 'vessel_centre': [476.0, 248.0]}, {'vessel_blob_score': -2.4364801347735305, 'centre': [366.0, 304.0], 'radius': 35.918785545899944, 'blob_score': 0.48845791220664975, 'blob_contrast': 0.0326693058013916, 'blob_brightness': 0.6472271680831909, 'blob_response': -0.01364794373512268, 'vessel_centre': [476.0, 248.0]}]"
normal/normal_2052_RFM.png,normal,0,[]
normal/normal_2053_RFM.png,normal,0,[]
normal/normal_2054_RFM.png,normal,0,[]
normal/normal_2055_RFM.png,normal,0,[]
normal/normal_2056_RFM.png,normal,1,"[{'vessel_blob_score': -2.0665112093882523, 'centre': [275.0, 133.0], 'radius': 35.918785545899944, 'blob_score': 0.4097183905541896, 'blob_contrast': 0.023280560970306396, 'blob_brightness': 0.550620973110199, 'blob_response': -0.0050157420337200165, 'vessel_centre': [221.0, 229.0]}]"
normal/normal_2057_RFM.png,normal,0,[]
normal/normal_2058_RFM.png,normal,1,"[{'vessel_blob_score': 0.6352307021897265, 'centre': [450.0, 268.0], 'radius': 90.50966799187809, 'blob_score': 0.69646577835083, 'blob_contrast': 0.08563828468322754, 'blob_brightness': 0.8530685901641846, 'blob_response': -0.0683974027633667, 'vessel_centre': [477.0, 249.0]}]"
normal/normal_2059_RFM.png,normal,1,"[{'vessel_blob_score': -0.6660211722648153, 'centre': [291.0, 355.0], 'radius': 35.918785545899944, 'blob_score': 0.5323024347424506, 'blob_contrast': 0.031057357788085938, 'blob_brightness': 0.7114265561103821, 'blob_response': -0.016232438385486603, 'vessel_centre': [301.0, 414.0]}]"
normal/normal_2060_RFM.png,normal,1,"[{'vessel_blob_score': 0.7905800066172565, 'centre': [536.0, 128.0], 'radius': 456.14014368785377, 'blob_score': 0.3909303344786167, 'blob_contrast': 0.07861262559890747, 'blob_brightness': 0.4453793168067932, 'blob_response': -0.0027609355747699738, 'vessel_centre': [487.0, 210.0]}]"
normal/normal_2061_RFM.png,normal,1,"[{'vessel_blob_score': -2.257348438200615, 'centre': [323.0, 296.0], 'radius': 35.918785545899944, 'blob_score': 0.4443567410111427, 'blob_contrast': 0.03922748565673828, 'blob_brightness': 0.5739278793334961, 'blob_response': -0.01689869910478592, 'vessel_centre': [215.0, 251.0]}]"
normal/normal_2062_RFM.png,normal,1,"[{'vessel_blob_score': -2.118394080235054, 'centre': [385.0, 260.0], 'radius': 35.918785545899944, 'blob_score': 0.6043402731418609, 'blob_contrast': 0.05377912521362305, 'blob_brightness': 0.776759922504425, 'blob_response': -0.034146010875701904, 'vessel_centre': [496.0, 245.0]}]"
normal/normal_2063_RFM.png,normal,2,"[{'vessel_blob_score': -2.653062440101124, 'centre': [330.0, 211.0], 'radius': 35.918785545899944, 'blob_score': 0.4947986364364624, 'blob_contrast': 0.043759942054748535, 'blob_brightness': 0.6379239559173584, 'blob_response': -0.02245962619781494, 'vessel_centre': [201.0, 235.0]}, {'vessel_blob_score': -2.6245191242070547, 'centre': [319.0, 290.0], 'radius': 35.918785545899944, 'blob_score': 0.48327372074127195, 'blob_contrast': 0.038979291915893555, 'blob_brightness': 0.6299822330474854, 'blob_response': -0.01653432846069336, 'vessel_centre': [201.0, 235.0]}]"
normal/normal_2064_RFM.png,normal,0,[]
normal/normal_2065_RFM.png,normal,1,"[{'vessel_blob_score': -1.9496570914597422, 'centre': [385.0, 253.0], 'radius': 35.918785545899944, 'blob_score': 0.6184621155261993, 'blob_contrast': 0.051423847675323486, 'blob_brightness': 0.8006850481033325, 'blob_response': -0.032793670892715454, 'vessel_centre': [486.0, 221.0]}]"
normal/normal_2066_RFM.png,normal,2,"[{'vessel_blob_score': -4.5665855456029725, 'centre': [360.0, 347.0], 'radius': 35.918785545899944, 'blob_score': 0.3424935042858123, 'blob_contrast': 0.01655617356300354, 'blob_brightness': 0.4605593979358673, 'blob_response': -0.017728760838508606, 'vessel_centre': [537.0, 254.0]}, {'vessel_blob_score': -4.6365333151237555, 'centre': [292.0, 325.0], 'radius': 45.254833995939045, 'blob_score': 0.35823923349380493, 'blob_contrast': 0.028976917266845703, 'blob_brightness': 0.4628227651119232, 'blob_response': -0.02643190324306488, 'vessel_centre': [537.0, 254.0]}]"
normal/normal_2067_RFM.png,normal,2,"[{'vessel_blob_score': -3.5778850193074963, 'centre': [322.0, 366.0], 'radius': 45.254833995939045, 'blob_score': 0.3555649079382419, 'blob_contrast': 0.026521950960159302, 'blob_brightness': 0.4668886065483093, 'blob_response': -0.011104661971330643, 'vessel_centre': [480.0, 232.0]}, {'vessel_blob_score': -2.539339626186545, 'centre': [330.0, 367.0], 'radius': 57.01751796098172, 'blob_score': 0.3679588422179222, 'blob_contrast': 0.041160643100738525, 'blob_brightness': 0.46369341015815735, 'blob_response': -0.011064060032367706, 'vessel_centre': [480.0, 232.0]}]"
normal/normal_2068_RFM.png,normal,2,"[{'vessel_blob_score': -1.6782179826332282, 'centre': [317.0, 210.0], 'radius': 45.254833995939045, 'blob_score': 0.5433856427669526, 'blob_contrast': 0.04122567176818848, 'blob_brightness': 0.7129117250442505, 'blob_response': -0.015608817338943481, 'vessel_centre': [196.0, 217.0]}, {'vessel_blob_score': -2.009181912289451, 'centre': [309.0, 293.0], 'radius': 45.254833995939045, 'blob_score': 0.568144029378891, 'blob_contrast': 0.05070418119430542, 'blob_brightness': 0.7305215001106262, 'blob_response': -0.030373990535736084, 'vessel_centre': [196.0, 217.0]}]"
normal/normal_2069_RFM.png,normal,0,[]
normal/normal_2070_RFM.png,normal,0,[]
normal/normal_2071_RFM.png,normal,0,[]
normal/normal_2072_RFM.png,normal,1,"[{'vessel_blob_score': -2.948752953022762, 'centre': [366.0, 300.0], 'radius': 35.918785545899944, 'blob_score': 0.46368774175643923, 'blob_contrast': 0.024862706661224365, 'blob_brightness': 0.624052882194519, 'blob_response': -0.009940087795257568, 'vessel_centre': [487.0, 226.0]}]"
normal/normal_2073_RFM.png,normal,0,[]
normal/normal_2074_RFM.png,normal,0,[]
normal/normal_2075_RFM.png,normal,0,[]
normal/normal_2076_RFM.png,normal,0,[]
normal/normal_2077_RFM.png,normal,0,[]
normal/normal_2078_RFM.png,normal,1,"[{'vessel_blob_score': -2.521280173814631, 'centre': [303.0, 201.0], 'radius': 45.254833995939045, 'blob_score': 0.3646383315324783, 'blob_contrast': 0.05099943280220032, 'blob_brightness': 0.4400288760662079, 'blob_response': -0.028093427419662476, 'vessel_centre': [148.0, 238.0]}]"
normal/normal_2079_RFM.png,normal,0,[]
normal/normal_2080_RFM.png,normal,0,[]
normal/normal_2081_RFM.png,normal,1,"[{'vessel_blob_score': -3.182578833062953, 'centre': [324.0, 301.0], 'radius': 35.918785545899944, 'blob_score': 0.4934708923101425, 'blob_contrast': 0.03964841365814209, 'blob_brightness': 0.6435930132865906, 'blob_response': -0.01653684675693512, 'vessel_centre': [211.0, 202.0]}]"
normal/normal_2082_RFM.png,normal,0,[]
normal/normal_2083_RFM.png,normal,0,[]
normal/normal_2084_RFM.png,normal,1,"[{'vessel_blob_score': -2.7527001810734117, 'centre': [274.0, 314.0], 'radius': 35.918785545899944, 'blob_score': 0.599562257528305, 'blob_contrast': 0.03929877281188965, 'blob_brightness': 0.7913169860839844, 'blob_response': -0.031707972288131714, 'vessel_centre': [349.0, 426.0]}]"
normal/normal_2085_RFM.png,normal,2,"[{'vessel_blob_score': -2.5748872185589087, 'centre': [370.0, 291.0], 'radius': 35.918785545899944, 'blob_score': 0.6538478732109069, 'blob_contrast': 0.04865682125091553, 'blob_brightness': 0.8517553806304932, 'blob_response': -0.0448114275932312, 'vessel_centre': [472.0, 213.0]}, {'vessel_blob_score': -2.484524764093796, 'centre': [425.0, 329.0], 'radius': 35.918785545899944, 'blob_score': 0.6113102406263351, 'blob_contrast': 0.034720778465270996, 'blob_brightness': 0.8191008567810059, 'blob_response': -0.016094312071800232, 'vessel_centre': [472.0, 213.0]}]"
normal/normal_2086_RFM.png,normal,2,"[{'vessel_blob_score': -2.086289262201309, 'centre': [356.0, 206.0], 'radius': 35.918785545899944, 'blob_score': 0.5562271445989608, 'blob_contrast': 0.02979147434234619, 'blob_brightness': 0.7480820417404175, 'blob_response': -0.013891205191612244, 'vessel_centre': [464.0, 231.0]}, {'vessel_blob_score': -2.0197731651480333, 'centre': [375.0, 293.0], 'radius': 35.918785545899944, 'blob_score': 0.5738853991031646, 'blob_contrast': 0.039738595485687256, 'blob_brightness': 0.7564457058906555, 'blob_response': -0.023174047470092773, 'vessel_centre': [464.0, 231.0]}]"
normal/normal_2087_RFM.png,normal,0,[]
normal/normal_2088_RFM.png,normal,0,[]
normal/normal_2089_RFM.png,normal,0,[]
normal/normal_2090_RFM.png,normal,1,"[{'vessel_blob_score': -3.3204067085963853, 'centre': [329.0, 307.0], 'radius': 35.918785545899944, 'blob_score': 0.6704395174980163, 'blob_contrast': 0.07623660564422607, 'blob_brightness': 0.8333753943443298, 'blob_response': -0.054200679063797, 'vessel_centre': [190.0, 238.0]}]"
normal/normal_2091_RFM.png,normal,1,"[{'vessel_blob_score': -2.7913316342563865, 'centre': [366.0, 211.0], 'radius': 35.918785545899944, 'blob_score': 0.3422004640102386, 'blob_contrast': 0.03203496336936951, 'blob_brightness': 0.4384251832962036, 'blob_response': -0.016339361667633057, 'vessel_centre': [479.0, 287.0]}]"
normal/normal_2092_RFM.png,normal,1,"[{'vessel_blob_score': -0.40270692031773403, 'centre': [386.0, 342.0], 'radius': 71.83757109179989, 'blob_score': 0.4372406423091888, 'blob_contrast': 0.06512126326560974, 'blob_brightness': 0.5180351138114929, 'blob_response': -0.04747399687767029, 'vessel_centre': [463.0, 277.0]}]"
normal/normal_2093_RFM.png,normal,3,"[{'vessel_blob_score': -3.1106131056033917, 'centre': [345.0, 195.0], 'radius': 35.918785545899944, 'blob_score': 0.5225739657878876, 'blob_contrast': 0.027557313442230225, 'blob_brightness': 0.7031828165054321, 'blob_response': -0.013943403959274292, 'vessel_centre': [211.0, 257.0]}, {'vessel_blob_score': -2.951892334748378, 'centre': [341.0, 314.0], 'radius': 35.918785545899944, 'blob_score': 0.5726429343223571, 'blob_contrast': 0.05229198932647705, 'blob_brightness': 0.7347015142440796, 'blob_response': -0.03029942512512207, 'vessel_centre': [211.0, 257.0]}, {'vessel_blob_score': -2.046834935634026, 'centre': [337.0, 313.0], 'radius': 45.254833995939045, 'blob_score': 0.5719595089554786, 'blob_contrast': 0.058178484439849854, 'blob_brightness': 0.7252799868583679, 'blob_response': -0.030425168573856354, 'vessel_centre': [211.0, 257.0]}]"
normal/normal_2094_RFM.png,normal,2,"[{'vessel_blob_score': -2.1078124613951514, 'centre': [361.0, 215.0], 'radius': 35.918785545899944, 'blob_score': 0.5197928607463836, 'blob_contrast': 0.030520141124725342, 'blob_brightness': 0.695120096206665, 'blob_response': -0.01344326138496399, 'vessel_centre': [471.0, 234.0]}, {'vessel_blob_score': 0.4206749551681299, 'centre': [454.0, 246.0], 'radius': 35.918785545899944, 'blob_score': 0.8257762908935546, 'blob_contrast': 0.1843198537826538, 'blob_brightness': 0.880294919013977, 'blob_response': -0.12624996900558472, 'vessel_centre': [471.0, 234.0]}]"
normal/normal_2095_RFM.png,normal,1,"[{'vessel_blob_score': -7.137400393015572, 'centre': [477.0, 195.0], 'radius': 45.254833995939045, 'blob_score': 0.3944495715200901, 'blob_contrast': 0.018192946910858154, 'blob_brightness': 0.5367124080657959, 'blob_response': -0.0027896948158740997, 'vessel_centre': [114.0, 257.0]}]"
normal/normal_2096_RFM.png,normal,4,"[{'vessel_blob_score': -2.7054134697387053, 'centre': [457.0, 237.0], 'radius': 35.918785545899944, 'blob_score': 0.45472130477428435, 'blob_contrast': 0.02257692813873291, 'blob_brightness': 0.614048182964325, 'blob_response': -0.011553242802619934, 'vessel_centre': [590.0, 242.0]}, {'vessel_blob_score': -2.3091079330387516, 'centre': [441.0, 227.0], 'radius': 45.254833995939045, 'blob_score': 0.4589378148317337, 'blob_contrast': 0.031087636947631836, 'blob_brightness': 0.6074880361557007, 'blob_response': -0.013042762875556946, 'vessel_centre': [590.0, 242.0]}, {'vessel_blob_score': -1.7483962485475724, 'centre': [436.0, 213.0], 'radius': 57.01751796098172, 'blob_score': 0.46504998952150345, 'blob_contrast': 0.040736496448516846, 'blob_brightness': 0.6022469997406006, 'blob_response': -0.013702966272830963, 'vessel_centre': [590.0, 242.0]}, {'vessel_blob_score': -1.1840224672845423, 'centre': [440.0, 196.0], 'radius': 71.83757109179989, 'blob_score': 0.4747349679470062, 'blob_contrast': 0.05224740505218506, 'blob_brightness': 0.5994955897331238, 'blob_response': -0.014203250408172607, 'vessel_centre': [590.0, 242.0]}]"
normal/normal_2097_RFM.png,normal,1,"[{'vessel_blob_score': -2.6798782461176613, 'centre': [407.0, 213.0], 'radius': 45.254833995939045, 'blob_score': 0.4366002202033996, 'blob_contrast': 0.019240200519561768, 'blob_brightness': 0.5926401615142822, 'blob_response': -0.01255953311920166, 'vessel_centre': [549.0, 300.0]}]"
normal/normal_2098_RFM.png,normal,0,[]
normal/normal_2099_RFM.png,normal,0,[]
normal/normal_2100_RFM.png,normal,1,"[{'vessel_blob_score': -2.94217177538248, 'centre': [408.0, 318.0], 'radius': 35.918785545899944, 'blob_score': 0.4610298275947571, 'blob_contrast': 0.039000749588012695, 'blob_brightness': 0.5983126163482666, 'blob_response': -0.01605123281478882, 'vessel_centre': [513.0, 223.0]}]"
normal/normal_2101_RFM.png,normal,2,"[{'vessel_blob_score': -1.824021539622175, 'centre': [482.0, 183.0], 'radius': 45.254833995939045, 'blob_score': 0.5574652582406997, 'blob_contrast': 0.026905834674835205, 'blob_brightness': 0.7534547448158264, 'blob_response': -0.01570551097393036, 'vessel_centre': [559.0, 285.0]}, {'vessel_blob_score': -1.390159212541025, 'centre': [428.0, 174.0], 'radius': 71.83757109179989, 'blob_score': 0.6070337891578674, 'blob_contrast': 0.07745873928070068, 'blob_brightness': 0.7481715679168701, 'blob_response': -0.02927476167678833, 'vessel_centre': [559.0, 285.0]}]"
normal/normal_2102_RFM.png,normal,1,"[{'vessel_blob_score': -2.6797782146933247, 'centre': [343.0, 112.0], 'radius': 57.01751796098172, 'blob_score': 0.5339451685547828, 'blob_contrast': 0.054622113704681396, 'blob_brightness': 0.6784849166870117, 'blob_response': -0.02191806584596634, 'vessel_centre': [153.0, 201.0]}]"
normal/normal_2103_RFM.png,normal,0,[]
normal/normal_2104_RFM.png,normal,1,"[{'vessel_blob_score': -2.676391203124779, 'centre': [427.0, 155.0], 'radius': 57.01751796098172, 'blob_score': 0.6588812202215194, 'blob_contrast': 0.03335094451904297, 'blob_brightness': 0.8858460783958435, 'blob_response': -0.027190104126930237, 'vessel_centre': [609.0, 259.0]}]"
normal/normal_2105_RFM.png,normal,0,[]
normal/normal_2106_RFM.png,normal,2,"[{'vessel_blob_score': -2.9128652098123795, 'centre': [310.0, 200.0], 'radius': 35.918785545899944, 'blob_score': 0.5624243110418319, 'blob_contrast': 0.018822073936462402, 'blob_brightness': 0.7731489539146423, 'blob_response': -0.01198984682559967, 'vessel_centre': [242.0, 323.0]}, {'vessel_blob_score': -2.376508408336673, 'centre': [384.0, 193.0], 'radius': 57.01751796098172, 'blob_score': 0.5876157581806183, 'blob_contrast': 0.04027986526489258, 'blob_brightness': 0.7748448848724365, 'blob_response': -0.024722367525100708, 'vessel_centre': [242.0, 323.0]}]"
normal/normal_2107_RFM.png,normal,1,"[{'vessel_blob_score': -2.4961613994851555, 'centre': [378.0, 169.0], 'radius': 45.254833995939045, 'blob_score': 0.5750716358423232, 'blob_contrast': 0.023755311965942383, 'blob_brightness': 0.7828458547592163, 'blob_response': -0.016621127724647522, 'vessel_centre': [506.0, 262.0]}]"
normal/normal_2108_RFM.png,normal,1,"[{'vessel_blob_score': -2.236833715240029, 'centre': [416.0, 191.0], 'radius': 57.01751796098172, 'blob_score': 0.5119941145181655, 'blob_contrast': 0.032121479511260986, 'blob_brightness': 0.6764073371887207, 'blob_response': -0.03193749487400055, 'vessel_centre': [547.0, 321.0]}]"
normal/normal_2109_RFM.png,normal,1,"[{'vessel_blob_score': -0.9969994833489209, 'centre': [170.0, 297.0], 'radius': 57.01751796098172, 'blob_score': 0.6067912399768829, 'blob_contrast': 0.0700216293334961, 'blob_brightness': 0.7512234449386597, 'blob_response': -0.054565995931625366, 'vessel_centre': [156.0, 184.0]}]"
normal/normal_2110_RFM.png,normal,0,[]
normal/normal_2111_RFM.png,normal,1,"[{'vessel_blob_score': -4.07317797162097, 'centre': [416.0, 131.0], 'radius': 35.918785545899944, 'blob_score': 0.47195849418640134, 'blob_contrast': 0.023051142692565918, 'blob_brightness': 0.6389051079750061, 'blob_response': -0.008368879556655884, 'vessel_centre': [535.0, 269.0]}]"
normal/normal_2112_RFM.png,normal,0,[]
normal/normal_2113_RFM.png,normal,0,[]
normal/normal_2114_RFM.png,normal,1,"[{'vessel_blob_score': -1.071396457095236, 'centre': [361.0, 182.0], 'radius': 57.01751796098172, 'blob_score': 0.5367064714431763, 'blob_contrast': 0.04045289754867554, 'blob_brightness': 0.7047265768051147, 'blob_response': -0.01472485065460205, 'vessel_centre': [446.0, 100.0]}]"
normal/normal_2115_RFM.png,normal,3,"[{'vessel_blob_score': -1.5180015947671675, 'centre': [260.0, 145.0], 'radius': 45.254833995939045, 'blob_score': 0.5048622578382491, 'blob_contrast': 0.029348134994506836, 'blob_brightness': 0.6754685044288635, 'blob_response': -0.013430848717689514, 'vessel_centre': [183.0, 229.0]}, {'vessel_blob_score': -2.046915063839161, 'centre': [281.0, 326.0], 'radius': 45.254833995939045, 'blob_score': 0.5005935147404671, 'blob_contrast': 0.0335850715637207, 'blob_brightness': 0.6620194911956787, 'blob_response': -0.017973996698856354, 'vessel_centre': [183.0, 229.0]}, {'vessel_blob_score': -1.0728809036503124, 'centre': [270.0, 149.0], 'radius': 57.01751796098172, 'blob_score': 0.505717071890831, 'blob_contrast': 0.03297239542007446, 'blob_brightness': 0.6714954376220703, 'blob_response': -0.01348935067653656, 'vessel_centre': [183.0, 229.0]}]"
normal/normal_2116_RFM.png,normal,1,"[{'vessel_blob_score': -3.769929944918574, 'centre': [320.0, 176.0], 'radius': 35.918785545899944, 'blob_score': 0.470675741136074, 'blob_contrast': 0.02152305841445923, 'blob_brightness': 0.6381068229675293, 'blob_response': -0.01238953322172165, 'vessel_centre': [193.0, 291.0]}]"
normal/normal_2117_RFM.png,normal,0,[]
normal/normal_2118_RFM.png,normal,0,[]
normal/normal_2119_RFM.png,normal,0,[]
normal/normal_2120_RFM.png,normal,0,[]
normal/normal_2121_RFM.png,normal,0,[]
normal/normal_2122_RFM.png,normal,0,[]
normal/normal_2123_RFM.png,normal,1,"[{'vessel_blob_score': -3.0830854187140906, 'centre': [260.0, 356.0], 'radius': 35.918785545899944, 'blob_score': 0.49298551678657526, 'blob_contrast': 0.038184404373168945, 'blob_brightness': 0.6421629190444946, 'blob_response': -0.02643534541130066, 'vessel_centre': [163.0, 246.0]}]"
normal/normal_2124_RFM.png,normal,0,[]
normal/normal_2125_RFM.png,normal,1,"[{'vessel_blob_score': -4.167410565580565, 'centre': [250.0, 382.0], 'radius': 35.918785545899944, 'blob_score': 0.7114717125892639, 'blob_contrast': 0.07280969619750977, 'blob_brightness': 0.8918254375457764, 'blob_response': -0.07192105054855347, 'vessel_centre': [169.0, 215.0]}]"
normal/normal_2126_RFM.png,normal,0,[]
normal/normal_2127_RFM.png,normal,1,"[{'vessel_blob_score': -2.386953338121731, 'centre': [327.0, 176.0], 'radius': 35.918785545899944, 'blob_score': 0.5937225058674812, 'blob_contrast': 0.028593778610229492, 'blob_brightness': 0.802716076374054, 'blob_response': -0.016137368977069855, 'vessel_centre': [415.0, 260.0]}]"
normal/normal_2128_RFM.png,normal,1,"[{'vessel_blob_score': -3.220764899532723, 'centre': [253.0, 355.0], 'radius': 35.918785545899944, 'blob_score': 0.6405022650957106, 'blob_contrast': 0.04749405384063721, 'blob_brightness': 0.8364532589912415, 'blob_response': -0.037454649806022644, 'vessel_centre': [163.0, 233.0]}]"
normal/normal_2129_RFM.png,normal,0,[]
normal/normal_2130_RFM.png,normal,0,[]
normal/normal_2131_RFM.png,normal,1,"[{'vessel_blob_score': -3.9519471727116695, 'centre': [275.0, 399.0], 'radius': 35.918785545899944, 'blob_score': 0.4563162710517644, 'blob_contrast': 0.037931740283966064, 'blob_brightness': 0.5961993932723999, 'blob_response': -0.005224777385592461, 'vessel_centre': [186.0, 245.0]}]"
normal/normal_2132_RFM.png,normal,0,[]
normal/normal_2133_RFM.png,normal,0,[]
normal/normal_2134_RFM.png,normal,0,[]
normal/normal_2135_RFM.png,normal,0,[]
normal/normal_2136_RFM.png,normal,0,[]
normal/normal_2137_RFM.png,normal,1,"[{'vessel_blob_score': -1.3002625191194328, 'centre': [326.0, 148.0], 'radius': 71.83757109179989, 'blob_score': 0.6110349357128143, 'blob_contrast': 0.07479298114776611, 'blob_brightness': 0.7424717545509338, 'blob_response': -0.08255863189697266, 'vessel_centre': [485.0, 103.0]}]"
normal/normal_2138_RFM.png,normal,4,"[{'vessel_blob_score': -2.0254147299872876, 'centre': [336.0, 162.0], 'radius': 35.918785545899944, 'blob_score': 0.53646340072155, 'blob_contrast': 0.047509729862213135, 'blob_brightness': 0.690143883228302, 'blob_response': -0.02926476299762726, 'vessel_centre': [231.0, 190.0]}, {'vessel_blob_score': -2.71794308215037, 'centre': [334.0, 275.0], 'radius': 35.918785545899944, 'blob_score': 0.5216858983039856, 'blob_contrast': 0.03146904706954956, 'blob_brightness': 0.6929207444190979, 'blob_response': -0.025861650705337524, 'vessel_centre': [231.0, 190.0]}, {'vessel_blob_score': -2.6499845676865936, 'centre': [279.0, 312.0], 'radius': 35.918785545899944, 'blob_score': 0.5141282171010971, 'blob_contrast': 0.02770376205444336, 'blob_brightness': 0.68858802318573, 'blob_response': -0.022064194083213806, 'vessel_centre': [231.0, 190.0]}, {'vessel_blob_score': -2.0442697194893884, 'centre': [295.0, 312.0], 'radius': 45.254833995939045, 'blob_score': 0.5188331931829453, 'blob_contrast': 0.03285062313079834, 'blob_brightness': 0.6880438327789307, 'blob_response': -0.021759435534477234, 'vessel_centre': [231.0, 190.0]}]"
normal/normal_2139_RFM.png,normal,3,"[{'vessel_blob_score': -2.3668695749732165, 'centre': [458.0, 342.0], 'radius': 35.918785545899944, 'blob_score': 0.43406587243080136, 'blob_contrast': 0.02541327476501465, 'blob_brightness': 0.5788614749908447, 'blob_response': -0.017247825860977173, 'vessel_centre': [569.0, 294.0]}, {'vessel_blob_score': -5.241752370628779, 'centre': [311.0, 179.0], 'radius': 45.254833995939045, 'blob_score': 0.4395467437803745, 'blob_contrast': 0.04819601774215698, 'blob_brightness': 0.5573843717575073, 'blob_response': -0.005908329039812088, 'vessel_centre': [569.0, 294.0]}, {'vessel_blob_score': -2.2715630820755996, 'centre': [453.0, 202.0], 'radius': 45.254833995939045, 'blob_score': 0.48653139770030973, 'blob_contrast': 0.05622750520706177, 'blob_brightness': 0.6055880188941956, 'blob_response': -0.03196139633655548, 'vessel_centre': [569.0, 294.0]}]"
normal/normal_2140_RFM.png,normal,2,"[{'vessel_blob_score': -2.7701127622052093, 'centre': [307.0, 303.0], 'radius': 35.918785545899944, 'blob_score': 0.4313172250986099, 'blob_contrast': 0.04250526428222656, 'blob_brightness': 0.5513321161270142, 'blob_response': -0.014397397637367249, 'vessel_centre': [200.0, 220.0]}, {'vessel_blob_score': -2.066483378807066, 'centre': [293.0, 323.0], 'radius': 45.254833995939045, 'blob_score': 0.4429611653089523, 'blob_contrast': 0.056947171688079834, 'blob_brightness': 0.5467373728752136, 'blob_response': -0.016489163041114807, 'vessel_centre': [200.0, 220.0]}]"
normal/normal_2141_RFM.png,normal,0,[]
normal/normal_2142_RFM.png,normal,1,"[{'vessel_blob_score': -1.9632899228507839, 'centre': [539.0, 395.0], 'radius': 35.918785545899944, 'blob_score': 0.7567722916603088, 'blob_contrast': 0.04584777355194092, 'blob_brightness': 0.9909096956253052, 'blob_response': -0.08643865585327148, 'vessel_centre': [587.0, 300.0]}]"
normal/normal_2143_RFM.png,normal,0,[]
normal/normal_2144_RFM.png,normal,0,[]
normal/normal_2145_RFM.png,normal,0,[]
normal/normal_2146_RFM.png,normal,0,[]
normal/normal_2147_RFM.png,normal,1,"[{'vessel_blob_score': -1.6343768534987544, 'centre': [544.0, 351.0], 'radius': 45.254833995939045, 'blob_score': 0.5535582005977631, 'blob_contrast': 0.05751609802246094, 'blob_brightness': 0.6965824365615845, 'blob_response': -0.042171984910964966, 'vessel_centre': [582.0, 238.0]}]"
normal/normal_2148_RFM.png,normal,2,"[{'vessel_blob_score': -3.1932097267487105, 'centre': [312.0, 158.0], 'radius': 45.254833995939045, 'blob_score': 0.4882859393954277, 'blob_contrast': 0.027865707874298096, 'blob_brightness': 0.6541301608085632, 'blob_response': -0.012645594775676727, 'vessel_centre': [185.0, 299.0]}, {'vessel_blob_score': -4.757213545848373, 'centre': [426.0, 200.0], 'radius': 45.254833995939045, 'blob_score': 0.4918734394013881, 'blob_contrast': 0.03908902406692505, 'blob_brightness': 0.6436995267868042, 'blob_response': -0.0109737329185009, 'vessel_centre': [185.0, 299.0]}]"
normal/normal_2149_RFM.png,normal,1,"[{'vessel_blob_score': -3.0949326988064056, 'centre': [315.0, 165.0], 'radius': 35.918785545899944, 'blob_score': 0.5437775686383247, 'blob_contrast': 0.02200496196746826, 'blob_brightness': 0.7420386075973511, 'blob_response': -0.01172790676355362, 'vessel_centre': [420.0, 268.0]}]"
normal/normal_2150_RFM.png,normal,0,[]
normal/normal_2151_RFM.png,normal,1,"[{'vessel_blob_score': -4.093077198912835, 'centre': [259.0, 374.0], 'radius': 35.918785545899944, 'blob_score': 0.5349544286727905, 'blob_contrast': 0.027186155319213867, 'blob_brightness': 0.7226649522781372, 'blob_response': -0.009514033794403076, 'vessel_centre': [194.0, 203.0]}]"
normal/normal_2152_RFM.png,normal,1,"[{'vessel_blob_score': -2.0494780547251032, 'centre': [314.0, 315.0], 'radius': 45.254833995939045, 'blob_score': 0.45977348238229754, 'blob_contrast': 0.05439180135726929, 'blob_brightness': 0.5736643075942993, 'blob_response': -0.019083328545093536, 'vessel_centre': [203.0, 233.0]}]"
normal/normal_2153_RFM.png,normal,0,[]
normal/normal_2154_RFM.png,normal,0,[]
normal/normal_2155_RFM.png,normal,0,[]
normal/normal_2156_RFM.png,normal,2,"[{'vessel_blob_score': -2.0264393391877698, 'centre': [248.0, 146.0], 'radius': 35.918785545899944, 'blob_score': 0.4660352498292923, 'blob_contrast': 0.04593765735626221, 'blob_brightness': 0.5967470407485962, 'blob_response': -0.011873319745063782, 'vessel_centre': [179.0, 230.0]}, {'vessel_blob_score': -1.5853631544116489, 'centre': [290.0, 327.0], 'radius': 57.01751796098172, 'blob_score': 0.4796192154288291, 'blob_contrast': 0.05708932876586914, 'blob_brightness': 0.5999804139137268, 'blob_response': -0.01271798461675644, 'vessel_centre': [179.0, 230.0]}]"
normal/normal_2157_RFM.png,normal,0,[]
normal/normal_2158_RFM.png,normal,0,[]
normal/normal_2159_RFM.png,normal,1,"[{'vessel_blob_score': -2.579455265819088, 'centre': [266.0, 351.0], 'radius': 45.254833995939045, 'blob_score': 0.47010986804962157, 'blob_contrast': 0.05693942308425903, 'blob_brightness': 0.5835689902305603, 'blob_response': -0.023360759019851685, 'vessel_centre': [178.0, 215.0]}]"
normal/normal_2160_RFM.png,normal,1,"[{'vessel_blob_score': -3.0959736190096336, 'centre': [525.0, 352.0], 'radius': 35.918785545899944, 'blob_score': 0.5508189022541046, 'blob_contrast': 0.07776284217834473, 'blob_brightness': 0.6663715839385986, 'blob_response': -0.032979756593704224, 'vessel_centre': [576.0, 214.0]}]"
normal/normal_2161_RFM.png,normal,0,[]
normal/normal_2162_RFM.png,normal,1,"[{'vessel_blob_score': -3.803610362853335, 'centre': [282.0, 358.0], 'radius': 35.918785545899944, 'blob_score': 0.5296471357345581, 'blob_contrast': 0.031135857105255127, 'blob_brightness': 0.7076268792152405, 'blob_response': -0.015862315893173218, 'vessel_centre': [195.0, 209.0]}]"
normal/normal_2163_RFM.png,normal,1,"[{'vessel_blob_score': -4.793652237578641, 'centre': [317.0, 168.0], 'radius': 45.254833995939045, 'blob_score': 0.45039023011922835, 'blob_contrast': 0.05323159694671631, 'blob_brightness': 0.5629889965057373, 'blob_response': -0.015331678092479706, 'vessel_centre': [327.0, 430.0]}]"
normal/normal_2164_RFM.png,normal,5,"[{'vessel_blob_score': -3.4335639827146913, 'centre': [449.0, 145.0], 'radius': 35.918785545899944, 'blob_score': 0.40753578096628185, 'blob_contrast': 0.0250740647315979, 'blob_brightness': 0.5423550009727478, 'blob_response': -0.014066077768802643, 'vessel_centre': [593.0, 213.0]}, {'vessel_blob_score': -2.341334170556878, 'centre': [473.0, 211.0], 'radius': 35.918785545899944, 'blob_score': 0.4240467607975006, 'blob_contrast': 0.03992384672164917, 'blob_brightness': 0.545098066329956, 'blob_response': -0.01277133822441101, 'vessel_centre': [593.0, 213.0]}, {'vessel_blob_score': -3.237351661814314, 'centre': [531.0, 352.0], 'radius': 35.918785545899944, 'blob_score': 0.4656135529279709, 'blob_contrast': 0.0706159770488739, 'blob_brightness': 0.5571907758712769, 'blob_response': -0.02482016384601593, 'vessel_centre': [593.0, 213.0]}, {'vessel_blob_score': -2.430817367989733, 'centre': [452.0, 148.0], 'radius': 45.254833995939045, 'blob_score': 0.40890538841485974, 'blob_contrast': 0.029176652431488037, 'blob_brightness': 0.5384435057640076, 'blob_response': -0.014091409742832184, 'vessel_centre': [593.0, 213.0]}, {'vessel_blob_score': -1.6161142090372866, 'centre': [456.0, 154.0], 'radius': 57.01751796098172, 'blob_score': 0.4250909924507141, 'blob_contrast': 0.04762810468673706, 'blob_brightness': 0.5352426767349243, 'blob_response': -0.013965070247650146, 'vessel_centre': [593.0, 213.0]}]"
normal/normal_2165_RFM.png,normal,0,[]
normal/normal_2166_RFM.png,normal,1,"[{'vessel_blob_score': -4.326290277176246, 'centre': [280.0, 129.0], 'radius': 35.918785545899944, 'blob_score': 0.42979838401079173, 'blob_contrast': 0.028228580951690674, 'blob_brightness': 0.5699162483215332, 'blob_response': -0.013142146170139313, 'vessel_centre': [400.0, 278.0]}]"
normal/normal_2167_RFM.png,normal,0,[]
normal/normal_2168_RFM.png,normal,0,[]
normal/normal_2169_RFM.png,normal,0,[]
normal/normal_2170_RFM.png,normal,0,[]
normal/normal_2171_RFM.png,normal,2,"[{'vessel_blob_score': -5.132580068945359, 'centre': [542.0, 344.0], 'radius': 35.918785545899944, 'blob_score': 0.5809447914361954, 'blob_contrast': 0.050806403160095215, 'blob_brightness': 0.7517123818397522, 'blob_response': -0.019698604941368103, 'vessel_centre': [322.0, 355.0]}, {'vessel_blob_score': -3.355144676844846, 'centre': [316.0, 158.0], 'radius': 45.254833995939045, 'blob_score': 0.5403572347015142, 'blob_contrast': 0.032146334648132324, 'blob_brightness': 0.7242491841316223, 'blob_response': -0.006182355806231499, 'vessel_centre': [322.0, 355.0]}]"
normal/normal_2172_RFM.png,normal,0,[]
normal/normal_2173_RFM.png,normal,1,"[{'vessel_blob_score': -1.1745150321393503, 'centre': [493.0, 360.0], 'radius': 45.254833995939045, 'blob_score': 0.48759537786245344, 'blob_contrast': 0.06514912843704224, 'blob_brightness': 0.6003625392913818, 'blob_response': -0.010962359607219696, 'vessel_centre': [415.0, 420.0]}]"
normal/normal_2174_RFM.png,normal,1,"[{'vessel_blob_score': -2.5832249698419214, 'centre': [450.0, 205.0], 'radius': 35.918785545899944, 'blob_score': 0.4467769920825958, 'blob_contrast': 0.034542620182037354, 'blob_brightness': 0.5863030552864075, 'blob_response': -0.009111166000366211, 'vessel_centre': [572.0, 246.0]}]"
normal/normal_2175_RFM.png,normal,0,[]
normal/normal_2176_RFM.png,normal,0,[]
normal/normal_2177_RFM.png,normal,0,[]
normal/normal_2178_RFM.png,normal,0,[]
normal/normal_2179_RFM.png,normal,0,[]
normal/normal_2180_RFM.png,normal,1,"[{'vessel_blob_score': -1.7241144691072123, 'centre': [265.0, 141.0], 'radius': 57.01751796098172, 'blob_score': 0.5786370009183884, 'blob_contrast': 0.05993551015853882, 'blob_brightness': 0.7297478318214417, 'blob_response': -0.039390042424201965, 'vessel_centre': [164.0, 259.0]}]"
normal/normal_2181_RFM.png,normal,1,"[{'vessel_blob_score': -2.4129423225938913, 'centre': [524.0, 341.0], 'radius': 35.918785545899944, 'blob_score': 0.46427556723356245, 'blob_contrast': 0.03964412212371826, 'blob_brightness': 0.6023454666137695, 'blob_response': -0.01494809240102768, 'vessel_centre': [592.0, 239.0]}]"
normal/normal_2182_RFM.png,normal,1,"[{'vessel_blob_score': -1.4214907919175563, 'centre': [267.0, 333.0], 'radius': 35.918785545899944, 'blob_score': 0.46090078055858613, 'blob_contrast': 0.04743844270706177, 'blob_brightness': 0.5864810943603516, 'blob_response': -0.014627858996391296, 'vessel_centre': [329.0, 394.0]}]"
normal/normal_2183_RFM.png,normal,1,"[{'vessel_blob_score': -2.1375981030049904, 'centre': [517.0, 346.0], 'radius': 35.918785545899944, 'blob_score': 0.46501560211181636, 'blob_contrast': 0.05566293001174927, 'blob_brightness': 0.5760342478752136, 'blob_response': -0.030643492937088013, 'vessel_centre': [567.0, 245.0]}]"
normal/normal_2184_RFM.png,normal,0,[]
normal/normal_2185_RFM.png,normal,3,"[{'vessel_blob_score': -4.749805408969544, 'centre': [310.0, 115.0], 'radius': 35.918785545899944, 'blob_score': 0.5595777526497842, 'blob_contrast': 0.03528165817260742, 'blob_brightness': 0.7434357404708862, 'blob_response': -0.019455380737781525, 'vessel_centre': [177.0, 273.0]}, {'vessel_blob_score': -3.2353838742786936, 'centre': [300.0, 126.0], 'radius': 45.254833995939045, 'blob_score': 0.5656586050987243, 'blob_contrast': 0.041359543800354004, 'blob_brightness': 0.7433022260665894, 'blob_response': -0.019937515258789062, 'vessel_centre': [177.0, 273.0]}, {'vessel_blob_score': -2.2225476142864005, 'centre': [296.0, 133.0], 'radius': 57.01751796098172, 'blob_score': 0.5706054821610451, 'blob_contrast': 0.04928940534591675, 'blob_brightness': 0.7390943169593811, 'blob_response': -0.01975027471780777, 'vessel_centre': [177.0, 273.0]}]"
normal/normal_2186_RFM.png,normal,2,"[{'vessel_blob_score': -1.3860209676283484, 'centre': [247.0, 146.0], 'radius': 35.918785545899944, 'blob_score': 0.5268913447856902, 'blob_contrast': 0.03908425569534302, 'blob_brightness': 0.6929178237915039, 'blob_response': -0.013823062181472778, 'vessel_centre': [304.0, 82.0]}, {'vessel_blob_score': -0.2551958047228071, 'centre': [313.0, 153.0], 'radius': 57.01751796098172, 'blob_score': 0.5550553649663925, 'blob_contrast': 0.06331539154052734, 'blob_brightness': 0.6957680583000183, 'blob_response': -0.02351166307926178, 'vessel_centre': [304.0, 82.0]}]"
normal/normal_2187_RFM.png,normal,0,[]
normal/normal_2188_RFM.png,normal,0,[]
normal/normal_2189_RFM.png,normal,3,"[{'vessel_blob_score': -7.577972922873407, 'centre': [314.0, 125.0], 'radius': 35.918785545899944, 'blob_score': 0.4274595998227596, 'blob_contrast': 0.022550582885742188, 'blob_brightness': 0.5769727826118469, 'blob_response': -0.005140345543622971, 'vessel_centre': [350.0, 431.0]}, {'vessel_blob_score': -2.01257771209863, 'centre': [272.0, 356.0], 'radius': 35.918785545899944, 'blob_score': 0.45640571862459184, 'blob_contrast': 0.030723929405212402, 'blob_brightness': 0.6038122773170471, 'blob_response': -0.015065975487232208, 'vessel_centre': [350.0, 431.0]}, {'vessel_blob_score': -5.883517451129182, 'centre': [282.0, 127.0], 'radius': 45.254833995939045, 'blob_score': 0.4403495423495769, 'blob_contrast': 0.035547614097595215, 'blob_brightness': 0.5767197012901306, 'blob_response': -0.005490686744451523, 'vessel_centre': [350.0, 431.0]}]"
normal/normal_2190_RFM.png,normal,0,[]
normal/normal_2191_RFM.png,normal,0,[]
normal/normal_2192_RFM.png,normal,1,"[{'vessel_blob_score': -1.3045683231898333, 'centre': [463.0, 339.0], 'radius': 45.254833995939045, 'blob_score': 0.5927017152309417, 'blob_contrast': 0.043853759765625, 'blob_brightness': 0.7737494111061096, 'blob_response': -0.036116838455200195, 'vessel_centre': [404.0, 253.0]}]"
normal/normal_2193_RFM.png,normal,2,"[{'vessel_blob_score': -3.0601462877054306, 'centre': [503.0, 356.0], 'radius': 35.918785545899944, 'blob_score': 0.5960984408855439, 'blob_contrast': 0.022031426429748535, 'blob_brightness': 0.8131840825080872, 'blob_response': -0.024190783500671387, 'vessel_centre': [565.0, 224.0]}, {'vessel_blob_score': -1.6466242017123185, 'centre': [479.0, 348.0], 'radius': 57.01751796098172, 'blob_score': 0.6150030076503753, 'blob_contrast': 0.04335826635360718, 'blob_brightness': 0.80876225233078, 'blob_response': -0.02755582332611084, 'vessel_centre': [565.0, 224.0]}]"
normal/normal_2194_RFM.png,normal,0,[]
normal/normal_2195_RFM.png,normal,1,"[{'vessel_blob_score': -3.043791054260124, 'centre': [432.0, 213.0], 'radius': 35.918785545899944, 'blob_score': 0.5740382283926009, 'blob_contrast': 0.0409662127494812, 'blob_brightness': 0.7558448314666748, 'blob_response': -0.019903168082237244, 'vessel_centre': [576.0, 232.0]}]"
normal/normal_2196_RFM.png,normal,0,[]
normal/normal_2197_RFM.png,normal,2,"[{'vessel_blob_score': -2.6918967100669424, 'centre': [506.0, 348.0], 'radius': 35.918785545899944, 'blob_score': 0.6369546055793762, 'blob_contrast': 0.057829976081848145, 'blob_brightness': 0.8083578944206238, 'blob_response': -0.06637051701545715, 'vessel_centre': [577.0, 236.0]}, {'vessel_blob_score': -2.0888534482878915, 'centre': [499.0, 352.0], 'radius': 45.254833995939045, 'blob_score': 0.6504291594028473, 'blob_contrast': 0.07918715476989746, 'blob_brightness': 0.7969446778297424, 'blob_response': -0.06690365076065063, 'vessel_centre': [577.0, 236.0]}]"
normal/normal_2198_RFM.png,normal,0,[]
normal/normal_2199_RFM.png,normal,0,[]
normal/normal_2200_RFM.png,normal,2,"[{'vessel_blob_score': -2.424505119091375, 'centre': [520.0, 359.0], 'radius': 35.918785545899944, 'blob_score': 0.5200739443302155, 'blob_contrast': 0.04898744821548462, 'blob_brightness': 0.6679390668869019, 'blob_response': -0.01764574646949768, 'vessel_centre': [573.0, 248.0]}, {'vessel_blob_score': -2.0156654790029345, 'centre': [516.0, 372.0], 'radius': 45.254833995939045, 'blob_score': 0.5267536267638206, 'blob_contrast': 0.061339378356933594, 'blob_brightness': 0.6596662998199463, 'blob_response': -0.01823919266462326, 'vessel_centre': [573.0, 248.0]}]"
normal/normal_2201_RFM.png,normal,0,[]
normal/normal_2202_RFM.png,normal,0,[]
normal/normal_2203_RFM.png,normal,0,[]
normal/normal_2204_RFM.png,normal,0,[]
normal/normal_2205_RFM.png,normal,0,[]
normal/normal_2206_RFM.png,normal,0,[]
normal/normal_2207_RFM.png,normal,2,"[{'vessel_blob_score': -2.643289195170512, 'centre': [258.0, 180.0], 'radius': 35.918785545899944, 'blob_score': 0.5591160342097282, 'blob_contrast': 0.015119850635528564, 'blob_brightness': 0.775876522064209, 'blob_response': -0.004413090646266937, 'vessel_centre': [192.0, 293.0]}, {'vessel_blob_score': -3.2519526764182123, 'centre': [357.0, 194.0], 'radius': 45.254833995939045, 'blob_score': 0.6076440051198004, 'blob_contrast': 0.04078119993209839, 'blob_brightness': 0.8020524382591248, 'blob_response': -0.02713049203157425, 'vessel_centre': [192.0, 293.0]}]"
normal/normal_2208_RFM.png,normal,2,"[{'vessel_blob_score': -2.1301782642185305, 'centre': [258.0, 315.0], 'radius': 35.918785545899944, 'blob_score': 0.5155974805355072, 'blob_contrast': 0.04066377878189087, 'blob_brightness': 0.6695383787155151, 'blob_response': -0.031284183263778687, 'vessel_centre': [179.0, 235.0]}, {'vessel_blob_score': -1.2711471541755515, 'centre': [267.0, 330.0], 'radius': 57.01751796098172, 'blob_score': 0.523711022734642, 'blob_contrast': 0.06464231014251709, 'blob_brightness': 0.6472104787826538, 'blob_response': -0.030106887221336365, 'vessel_centre': [179.0, 235.0]}]"
normal/normal_2209_RFM.png,normal,1,"[{'vessel_blob_score': -2.5553656633319726, 'centre': [283.0, 320.0], 'radius': 45.254833995939045, 'blob_score': 0.5222050011157989, 'blob_contrast': 0.0474967360496521, 'blob_brightness': 0.6717238426208496, 'blob_response': -0.02250787615776062, 'vessel_centre': [191.0, 188.0]}]"
normal/normal_2210_RFM.png,normal,1,"[{'vessel_blob_score': -7.430228419130346, 'centre': [283.0, 293.0], 'radius': 35.918785545899944, 'blob_score': 0.3907070454210043, 'blob_contrast': 0.03241953253746033, 'blob_brightness': 0.5103060603141785, 'blob_response': -0.005366353318095207, 'vessel_centre': [580.0, 234.0]}]"
normal/normal_2211_RFM.png,normal,3,"[{'vessel_blob_score': -2.056003574801832, 'centre': [480.0, 218.0], 'radius': 35.918785545899944, 'blob_score': 0.4054514646530151, 'blob_contrast': 0.049263328313827515, 'blob_brightness': 0.5010135769844055, 'blob_response': -0.0273931622505188, 'vessel_centre': [585.0, 250.0]}, {'vessel_blob_score': -2.537507590541393, 'centre': [512.0, 354.0], 'radius': 35.918785545899944, 'blob_score': 0.4299945533275604, 'blob_contrast': 0.07720044255256653, 'blob_brightness': 0.494392454624176, 'blob_response': -0.033596962690353394, 'vessel_centre': [585.0, 250.0]}, {'vessel_blob_score': -1.8903293767752491, 'centre': [507.0, 355.0], 'radius': 45.254833995939045, 'blob_score': 0.44395726323127743, 'blob_contrast': 0.10037878155708313, 'blob_brightness': 0.48125866055488586, 'blob_response': -0.033487096428871155, 'vessel_centre': [585.0, 250.0]}]"
normal/normal_2212_RFM.png,normal,1,"[{'vessel_blob_score': -2.0529584820504554, 'centre': [442.0, 210.0], 'radius': 35.918785545899944, 'blob_score': 0.5927820160984993, 'blob_contrast': 0.03263700008392334, 'blob_brightness': 0.796177089214325, 'blob_response': -0.014105267822742462, 'vessel_centre': [549.0, 234.0]}]"
normal/normal_2213_RFM.png,normal,0,[]
normal/normal_2214_RFM.png,normal,0,[]
normal/normal_2215_RFM.png,normal,1,"[{'vessel_blob_score': -2.5571727008568357, 'centre': [307.0, 311.0], 'radius': 35.918785545899944, 'blob_score': 0.41556427329778667, 'blob_contrast': 0.033721923828125, 'blob_brightness': 0.5429384708404541, 'blob_response': -0.008927099406719208, 'vessel_centre': [197.0, 246.0]}]"
normal/normal_2216_RFM.png,normal,0,[]
normal/normal_2217_RFM.png,normal,1,"[{'vessel_blob_score': -2.5262054451829123, 'centre': [296.0, 293.0], 'radius': 35.918785545899944, 'blob_score': 0.5286419808864593, 'blob_contrast': 0.044152140617370605, 'blob_brightness': 0.6858555674552917, 'blob_response': -0.021954715251922607, 'vessel_centre': [185.0, 232.0]}]"
normal/normal_2218_RFM.png,normal,2,"[{'vessel_blob_score': -2.827042594295278, 'centre': [405.0, 269.0], 'radius': 35.918785545899944, 'blob_score': 0.60275838971138, 'blob_contrast': 0.03198206424713135, 'blob_brightness': 0.8084730505943298, 'blob_response': -0.024225950241088867, 'vessel_centre': [541.0, 249.0]}, {'vessel_blob_score': -1.2802951723004479, 'centre': [386.0, 196.0], 'radius': 71.83757109179989, 'blob_score': 0.6294966518878936, 'blob_contrast': 0.06389564275741577, 'blob_brightness': 0.8001159429550171, 'blob_response': -0.027599245309829712, 'vessel_centre': [541.0, 249.0]}]"
normal/normal_2219_RFM.png,normal,0,[]
normal/normal_2220_RFM.png,normal,1,"[{'vessel_blob_score': -3.0616585667064626, 'centre': [373.0, 322.0], 'radius': 45.254833995939045, 'blob_score': 0.5417758345603942, 'blob_contrast': 0.041436851024627686, 'blob_brightness': 0.7079280018806458, 'blob_response': -0.023946911096572876, 'vessel_centre': [538.0, 241.0]}]"
normal/normal_2221_RFM.png,normal,0,[]
normal/normal_2222_RFM.png,normal,0,[]
normal/normal_2223_RFM.png,normal,2,"[{'vessel_blob_score': -4.165535257746868, 'centre': [543.0, 351.0], 'radius': 35.918785545899944, 'blob_score': 0.52728710770607, 'blob_contrast': 0.06807476282119751, 'blob_brightness': 0.6514119505882263, 'blob_response': -0.01611989736557007, 'vessel_centre': [372.0, 423.0]}, {'vessel_blob_score': -1.4523784692110633, 'centre': [473.0, 377.0], 'radius': 45.254833995939045, 'blob_score': 0.49634271413087844, 'blob_contrast': 0.061831891536712646, 'blob_brightness': 0.6185166239738464, 'blob_response': -0.007745929062366486, 'vessel_centre': [372.0, 423.0]}]"
normal/normal_2224_RFM.png,normal,0,[]
normal/normal_2225_RFM.png,normal,0,[]
normal/normal_2226_RFM.png,normal,0,[]
normal/normal_2227_RFM.png,normal,1,"[{'vessel_blob_score': -2.1605275845755276, 'centre': [366.0, 181.0], 'radius': 57.01751796098172, 'blob_score': 0.4777312092483043, 'blob_contrast': 0.027138054370880127, 'blob_brightness': 0.6404241919517517, 'blob_response': -0.011481102555990219, 'vessel_centre': [191.0, 224.0]}]"
normal/normal_2228_RFM.png,normal,0,[]
normal/normal_2229_RFM.png,normal,4,"[{'vessel_blob_score': -3.407701853426862, 'centre': [513.0, 146.0], 'radius': 35.918785545899944, 'blob_score': 0.4943971812725067, 'blob_contrast': 0.02740687131881714, 'blob_brightness': 0.6607781052589417, 'blob_response': -0.0222281813621521, 'vessel_centre': [585.0, 287.0]}, {'vessel_blob_score': -5.3125111417632604, 'centre': [392.0, 168.0], 'radius': 35.918785545899944, 'blob_score': 0.4902267634868621, 'blob_contrast': 0.02424752712249756, 'blob_brightness': 0.6596237421035767, 'blob_response': -0.02121308445930481, 'vessel_centre': [585.0, 287.0]}, {'vessel_blob_score': -2.053656584008475, 'centre': [424.0, 138.0], 'radius': 71.83757109179989, 'blob_score': 0.5041190713644027, 'blob_contrast': 0.04158008098602295, 'blob_brightness': 0.653825581073761, 'blob_response': -0.024305418133735657, 'vessel_centre': [585.0, 287.0]}, {'vessel_blob_score': -1.3289637750778778, 'centre': [432.0, 142.0], 'radius': 90.50966799187809, 'blob_score': 0.5186963379383087, 'blob_contrast': 0.06016874313354492, 'blob_brightness': 0.6480951905250549, 'blob_response': -0.02430480718612671, 'vessel_centre': [585.0, 287.0]}]"
normal/normal_2230_RFM.png,normal,0,[]
normal/normal_2231_RFM.png,normal,0,[]
normal/normal_2232_RFM.png,normal,1,"[{'vessel_blob_score': -1.501184988338356, 'centre': [484.0, 351.0], 'radius': 57.01751796098172, 'blob_score': 0.4755250096321106, 'blob_contrast': 0.042696237564086914, 'blob_brightness': 0.6102302074432373, 'blob_response': -0.028338134288787842, 'vessel_centre': [571.0, 238.0]}]"
normal/normal_2233_RFM.png,normal,0,[]
normal/normal_2234_RFM.png,normal,1,"[{'vessel_blob_score': -1.3133444404152184, 'centre': [576.0, 356.0], 'radius': 45.254833995939045, 'blob_score': 0.8364042639732361, 'blob_contrast': 0.14914798736572266, 'blob_brightness': 0.9434020519256592, 'blob_response': -0.13437420129776, 'vessel_centre': [588.0, 252.0]}]"
normal/normal_2235_RFM.png,normal,0,[]
normal/normal_2236_RFM.png,normal,1,"[{'vessel_blob_score': -1.831526018102064, 'centre': [388.0, 152.0], 'radius': 57.01751796098172, 'blob_score': 0.45702131092548365, 'blob_contrast': 0.039506733417510986, 'blob_brightness': 0.5913532376289368, 'blob_response': -0.0178365558385849, 'vessel_centre': [524.0, 239.0]}]"
normal/normal_2237_RFM.png,normal,2,"[{'vessel_blob_score': -3.753134245553138, 'centre': [393.0, 216.0], 'radius': 45.254833995939045, 'blob_score': 0.6112973302602768, 'blob_contrast': 0.043535590171813965, 'blob_brightness': 0.8043395280838013, 'blob_response': -0.023620352149009705, 'vessel_centre': [180.0, 246.0]}, {'vessel_blob_score': -2.7022375645287666, 'centre': [388.0, 210.0], 'radius': 57.01751796098172, 'blob_score': 0.6150661244988441, 'blob_contrast': 0.05155843496322632, 'blob_brightness': 0.7983264923095703, 'blob_response': -0.023395724594593048, 'vessel_centre': [180.0, 246.0]}]"
normal/normal_2238_RFM.png,normal,0,[]
normal/normal_2239_RFM.png,normal,1,"[{'vessel_blob_score': -2.071309936779459, 'centre': [282.0, 328.0], 'radius': 35.918785545899944, 'blob_score': 0.41189331561326975, 'blob_contrast': 0.027824759483337402, 'blob_brightness': 0.5446926355361938, 'blob_response': -0.013918556272983551, 'vessel_centre': [205.0, 249.0]}]"
normal/normal_2240_RFM.png,normal,1,"[{'vessel_blob_score': -3.449422803156607, 'centre': [334.0, 169.0], 'radius': 45.254833995939045, 'blob_score': 0.46071531698107715, 'blob_contrast': 0.025873899459838867, 'blob_brightness': 0.6187028288841248, 'blob_response': -0.00874718651175499, 'vessel_centre': [151.0, 253.0]}]"
normal/normal_2241_RFM.png,normal,0,[]
normal/normal_2242_RFM.png,normal,0,[]
normal/normal_2243_RFM.png,normal,3,"[{'vessel_blob_score': -4.023200754810744, 'centre': [368.0, 205.0], 'radius': 35.918785545899944, 'blob_score': 0.5762093424797058, 'blob_contrast': 0.023916184902191162, 'blob_brightness': 0.7843117713928223, 'blob_response': -0.016374588012695312, 'vessel_centre': [203.0, 278.0]}, {'vessel_blob_score': -2.085026258055182, 'centre': [357.0, 193.0], 'radius': 57.01751796098172, 'blob_score': 0.5845441102981567, 'blob_contrast': 0.0361139178276062, 'blob_brightness': 0.7788064479827881, 'blob_response': -0.016328394412994385, 'vessel_centre': [203.0, 278.0]}, {'vessel_blob_score': -1.4288816244723996, 'centre': [350.0, 184.0], 'radius': 71.83757109179989, 'blob_score': 0.5975014016032218, 'blob_contrast': 0.05202305316925049, 'blob_brightness': 0.7744865417480469, 'blob_response': -0.016688846051692963, 'vessel_centre': [203.0, 278.0]}]"
normal/normal_2244_RFM.png,normal,1,"[{'vessel_blob_score': -2.444098779978588, 'centre': [479.0, 342.0], 'radius': 45.254833995939045, 'blob_score': 0.4481379687786102, 'blob_contrast': 0.0359378457069397, 'blob_brightness': 0.584139883518219, 'blob_response': -0.01651102304458618, 'vessel_centre': [576.0, 220.0]}]"
normal/normal_2245_RFM.png,normal,0,[]
normal/normal_2246_RFM.png,normal,0,[]
normal/normal_2247_RFM.png,normal,0,[]
normal/normal_2248_RFM.png,normal,2,"[{'vessel_blob_score': -2.990493244692863, 'centre': [368.0, 151.0], 'radius': 57.01751796098172, 'blob_score': 0.5087027743458747, 'blob_contrast': 0.03574645519256592, 'blob_brightness': 0.6690834164619446, 'blob_response': -0.022989638149738312, 'vessel_centre': [155.0, 231.0]}, {'vessel_blob_score': -2.187777369352691, 'centre': [366.0, 142.0], 'radius': 71.83757109179989, 'blob_score': 0.5189547494053841, 'blob_contrast': 0.04955422878265381, 'blob_brightness': 0.6639000773429871, 'blob_response': -0.023352332413196564, 'vessel_centre': [155.0, 231.0]}]"
normal/normal_2249_RFM.png,normal,0,[]
normal/normal_2250_RFM.png,normal,1,"[{'vessel_blob_score': -2.0049781495726293, 'centre': [450.0, 141.0], 'radius': 35.918785545899944, 'blob_score': 0.5104085087776183, 'blob_contrast': 0.02896273136138916, 'blob_brightness': 0.6821255683898926, 'blob_response': -0.019789397716522217, 'vessel_centre': [533.0, 210.0]}]"
normal/normal_2251_RFM.png,normal,2,"[{'vessel_blob_score': -2.509680913723022, 'centre': [296.0, 328.0], 'radius': 35.918785545899944, 'blob_score': 0.608195573091507, 'blob_contrast': 0.03951072692871094, 'blob_brightness': 0.8049414157867432, 'blob_response': -0.02612927556037903, 'vessel_centre': [202.0, 244.0]}, {'vessel_blob_score': -1.6612162592383006, 'centre': [344.0, 116.0], 'radius': 71.83757109179989, 'blob_score': 0.6010365322232245, 'blob_contrast': 0.05195426940917969, 'blob_brightness': 0.781554102897644, 'blob_response': -0.009971953928470612, 'vessel_centre': [202.0, 244.0]}]"
normal/normal_2252_RFM.png,normal,0,[]
normal/normal_2253_RFM.png,normal,1,"[{'vessel_blob_score': -6.679410410788345, 'centre': [381.0, 172.0], 'radius': 35.918785545899944, 'blob_score': 0.389107696712017, 'blob_contrast': 0.03364613652229309, 'blob_brightness': 0.5043662190437317, 'blob_response': -0.01202603429555893, 'vessel_centre': [115.0, 245.0]}]"
normal/normal_2254_RFM.png,normal,0,[]
normal/normal_2255_RFM.png,normal,0,[]
normal/normal_2256_RFM.png,normal,0,[]
normal/normal_2257_RFM.png,normal,0,[]
normal/normal_2258_RFM.png,normal,1,"[{'vessel_blob_score': -2.3425815715551352, 'centre': [489.0, 347.0], 'radius': 45.254833995939045, 'blob_score': 0.6091413140296935, 'blob_contrast': 0.040999412536621094, 'blob_brightness': 0.8007645010948181, 'blob_response': -0.038033753633499146, 'vessel_centre': [568.0, 218.0]}]"
normal/normal_2259_RFM.png,normal,0,[]
normal/normal_2260_RFM.png,normal,0,[]
normal/normal_2261_RFM.png,normal,2,"[{'vessel_blob_score': -3.695046009492345, 'centre': [352.0, 166.0], 'radius': 45.254833995939045, 'blob_score': 0.4896413713693618, 'blob_contrast': 0.03906738758087158, 'blob_brightness': 0.6385505199432373, 'blob_response': -0.01794309914112091, 'vessel_centre': [164.0, 265.0]}, {'vessel_blob_score': -2.9069868711559583, 'centre': [361.0, 161.0], 'radius': 57.01751796098172, 'blob_score': 0.4868815198540687, 'blob_contrast': 0.041526734828948975, 'blob_brightness': 0.6310654282569885, 'blob_response': -0.01804492622613907, 'vessel_centre': [164.0, 265.0]}]"
normal/normal_2262_RFM.png,normal,0,[]
normal/normal_2263_RFM.png,normal,1,"[{'vessel_blob_score': -1.557130506144607, 'centre': [275.0, 356.0], 'radius': 57.01751796098172, 'blob_score': 0.7651957392692565, 'blob_contrast': 0.09556782245635986, 'blob_brightness': 0.9273672699928284, 'blob_response': -0.10235413908958435, 'vessel_centre': [188.0, 239.0]}]"
normal/normal_2264_RFM.png,normal,0,[]
normal/normal_2265_RFM.png,normal,1,"[{'vessel_blob_score': -3.702504735502994, 'centre': [332.0, 158.0], 'radius': 35.918785545899944, 'blob_score': 0.5483196325600147, 'blob_contrast': 0.023478329181671143, 'blob_brightness': 0.749065101146698, 'blob_response': -0.0024786628782749176, 'vessel_centre': [191.0, 251.0]}]"
normal/normal_2266_RFM.png,normal,1,"[{'vessel_blob_score': -2.4053547985436174, 'centre': [358.0, 166.0], 'radius': 57.01751796098172, 'blob_score': 0.48172416687011715, 'blob_contrast': 0.05243748426437378, 'blob_brightness': 0.6091741323471069, 'blob_response': -0.014323949813842773, 'vessel_centre': [198.0, 276.0]}]"
normal/normal_2267_RFM.png,normal,0,[]
normal/normal_2268_RFM.png,normal,3,"[{'vessel_blob_score': -5.474836663105449, 'centre': [315.0, 84.0], 'radius': 35.918785545899944, 'blob_score': 0.49782749414443966, 'blob_contrast': 0.027613461017608643, 'blob_brightness': 0.6582633852958679, 'blob_response': -0.047148317098617554, 'vessel_centre': [193.0, 282.0]}, {'vessel_blob_score': -5.505171764389233, 'centre': [383.0, 146.0], 'radius': 35.918785545899944, 'blob_score': 0.5028222739696503, 'blob_contrast': 0.025023221969604492, 'blob_brightness': 0.6660687327384949, 'blob_response': -0.057754695415496826, 'vessel_centre': [193.0, 282.0]}, {'vessel_blob_score': -1.461545063890259, 'centre': [354.0, 128.0], 'radius': 90.50966799187809, 'blob_score': 0.5246801793575286, 'blob_contrast': 0.059479713439941406, 'blob_brightness': 0.6486541032791138, 'blob_response': -0.05571296811103821, 'vessel_centre': [193.0, 282.0]}]"
normal/normal_2269_RFM.png,normal,0,[]
normal/normal_2270_RFM.png,normal,3,"[{'vessel_blob_score': -3.2551490278264366, 'centre': [456.0, 374.0], 'radius': 35.918785545899944, 'blob_score': 0.7544647276401519, 'blob_contrast': 0.04116576910018921, 'blob_brightness': 0.9841967225074768, 'blob_response': -0.12180626392364502, 'vessel_centre': [560.0, 262.0]}, {'vessel_blob_score': -1.9912218374594115, 'centre': [428.0, 154.0], 'radius': 57.01751796098172, 'blob_score': 0.7798114776611327, 'blob_contrast': 0.06160581111907959, 'blob_brightness': 0.9892137050628662, 'blob_response': -0.12878036499023438, 'vessel_centre': [560.0, 262.0]}, {'vessel_blob_score': 0.7719998964371586, 'centre': [547.0, 262.0], 'radius': 57.01751796098172, 'blob_score': 0.8215918421745301, 'blob_contrast': 0.10067230463027954, 'blob_brightness': 0.9888553619384766, 'blob_response': -0.14360392093658447, 'vessel_centre': [560.0, 262.0]}]"
normal/normal_2271_RFM.png,normal,0,[]
normal/normal_2272_RFM.png,normal,4,"[{'vessel_blob_score': -2.4307237880697827, 'centre': [411.0, 209.0], 'radius': 35.918785545899944, 'blob_score': 0.44540912508964536, 'blob_contrast': 0.031478285789489746, 'blob_brightness': 0.5878047347068787, 'blob_response': -0.01233762502670288, 'vessel_centre': [530.0, 241.0]}, {'vessel_blob_score': -2.224206539987784, 'centre': [433.0, 132.0], 'radius': 45.254833995939045, 'blob_score': 0.42724657207727434, 'blob_contrast': 0.028938770294189453, 'blob_brightness': 0.5667668581008911, 'blob_response': -0.00785500556230545, 'vessel_centre': [530.0, 241.0]}, {'vessel_blob_score': -2.237430621843501, 'centre': [431.0, 133.0], 'radius': 45.254833995939045, 'blob_score': 0.42674447596073145, 'blob_contrast': 0.02810150384902954, 'blob_brightness': 0.5672458410263062, 'blob_response': -0.007854416966438293, 'vessel_centre': [530.0, 241.0]}, {'vessel_blob_score': -2.1191351215120515, 'centre': [400.0, 186.0], 'radius': 45.254833995939045, 'blob_score': 0.44621637761592864, 'blob_contrast': 0.038947105407714844, 'blob_brightness': 0.5784557461738586, 'blob_response': -0.011751249432563782, 'vessel_centre': [530.0, 241.0]}]"
normal/normal_2273_RFM.png,normal,1,"[{'vessel_blob_score': -2.451895735095467, 'centre': [250.0, 365.0], 'radius': 35.918785545899944, 'blob_score': 0.4498292505741119, 'blob_contrast': 0.031039893627166748, 'blob_brightness': 0.5954301953315735, 'blob_response': -0.00994110107421875, 'vessel_centre': [168.0, 272.0]}]"
normal/normal_2274_RFM.png,normal,0,[]
normal/normal_2275_RFM.png,normal,1,"[{'vessel_blob_score': -2.1901031037413192, 'centre': [330.0, 167.0], 'radius': 45.254833995939045, 'blob_score': 0.4591659247875214, 'blob_contrast': 0.03100419044494629, 'blob_brightness': 0.6043297052383423, 'blob_response': -0.025654703378677368, 'vessel_centre': [189.0, 198.0]}]"
normal/normal_2276_RFM.png,normal,3,"[{'vessel_blob_score': -2.706250095052988, 'centre': [469.0, 338.0], 'radius': 35.918785545899944, 'blob_score': 0.5763311550021172, 'blob_contrast': 0.029661834239959717, 'blob_brightness': 0.7750134468078613, 'blob_response': -0.020799539983272552, 'vessel_centre': [558.0, 239.0]}, {'vessel_blob_score': -2.2112645513840774, 'centre': [408.0, 134.0], 'radius': 57.01751796098172, 'blob_score': 0.6178745150566101, 'blob_contrast': 0.04966360330581665, 'blob_brightness': 0.7996139526367188, 'blob_response': -0.04240572452545166, 'vessel_centre': [558.0, 239.0]}, {'vessel_blob_score': -1.4484286839926876, 'centre': [414.0, 138.0], 'radius': 71.83757109179989, 'blob_score': 0.6311873197555542, 'blob_contrast': 0.06734377145767212, 'blob_brightness': 0.7933238744735718, 'blob_response': -0.04258418083190918, 'vessel_centre': [558.0, 239.0]}]"
normal/normal_2277_RFM.png,normal,1,"[{'vessel_blob_score': -1.8607132419055374, 'centre': [328.0, 146.0], 'radius': 71.83757109179989, 'blob_score': 0.6087417483329772, 'blob_contrast': 0.05534416437149048, 'blob_brightness': 0.7781550884246826, 'blob_response': -0.04344511032104492, 'vessel_centre': [140.0, 229.0]}]"
normal/normal_2278_RFM.png,normal,0,[]
normal/normal_2279_RFM.png,normal,2,"[{'vessel_blob_score': -2.322257957995794, 'centre': [394.0, 207.0], 'radius': 35.918785545899944, 'blob_score': 0.48970285952091214, 'blob_contrast': 0.017115354537963867, 'blob_brightness': 0.6727110743522644, 'blob_response': -0.008448764681816101, 'vessel_centre': [510.0, 235.0]}, {'vessel_blob_score': -2.0943812487313194, 'centre': [383.0, 176.0], 'radius': 45.254833995939045, 'blob_score': 0.48872565925121303, 'blob_contrast': 0.027450144290924072, 'blob_brightness': 0.6565332412719727, 'blob_response': -0.00851123034954071, 'vessel_centre': [510.0, 235.0]}]"
normal/normal_2280_RFM.png,normal,2,"[{'vessel_blob_score': -3.3000378743131433, 'centre': [405.0, 206.0], 'radius': 57.01751796098172, 'blob_score': 0.6170772910118103, 'blob_contrast': 0.03847783803939819, 'blob_brightness': 0.818668007850647, 'blob_response': -0.027659237384796143, 'vessel_centre': [621.0, 322.0]}, {'vessel_blob_score': -1.581266674146132, 'centre': [460.0, 230.0], 'radius': 71.83757109179989, 'blob_score': 0.6427076190710067, 'blob_contrast': 0.05690419673919678, 'blob_brightness': 0.826686441898346, 'blob_response': -0.03561456501483917, 'vessel_centre': [621.0, 322.0]}]"
normal/normal_2281_RFM.png,normal,3,"[{'vessel_blob_score': -2.288136915036178, 'centre': [436.0, 243.0], 'radius': 35.918785545899944, 'blob_score': 0.5222696840763091, 'blob_contrast': 0.023070871829986572, 'blob_brightness': 0.7047067284584045, 'blob_response': -0.029520511627197266, 'vessel_centre': [546.0, 286.0]}, {'vessel_blob_score': -2.5526982909566756, 'centre': [389.0, 158.0], 'radius': 57.01751796098172, 'blob_score': 0.5292778313159942, 'blob_contrast': 0.040023207664489746, 'blob_brightness': 0.688642680644989, 'blob_response': -0.036023736000061035, 'vessel_centre': [546.0, 286.0]}, {'vessel_blob_score': -0.8877172888173694, 'centre': [412.0, 180.0], 'radius': 90.50966799187809, 'blob_score': 0.5499905467033386, 'blob_contrast': 0.06662893295288086, 'blob_brightness': 0.6811032891273499, 'blob_response': -0.03294655680656433, 'vessel_centre': [546.0, 286.0]}]"
normal/normal_2282_RFM.png,normal,1,"[{'vessel_blob_score': -3.1213288588148362, 'centre': [386.0, 165.0], 'radius': 45.254833995939045, 'blob_score': 0.4984351262450218, 'blob_contrast': 0.03619164228439331, 'blob_brightness': 0.6555628180503845, 'blob_response': -0.016747556626796722, 'vessel_centre': [205.0, 210.0]}]"
normal/normal_2283_RFM.png,normal,0,[]
normal/normal_2284_RFM.png,normal,0,[]
normal/normal_2285_RFM.png,normal,1,"[{'vessel_blob_score': -3.5147266333663225, 'centre': [383.0, 173.0], 'radius': 35.918785545899944, 'blob_score': 0.4285900637507438, 'blob_contrast': 0.02765744924545288, 'blob_brightness': 0.5691779851913452, 'blob_response': -0.012540124356746674, 'vessel_centre': [532.0, 237.0]}]"
normal/normal_2286_RFM.png,normal,3,"[{'vessel_blob_score': -4.434621952287147, 'centre': [360.0, 194.0], 'radius': 35.918785545899944, 'blob_score': 0.4602753043174744, 'blob_contrast': 0.03387129306793213, 'blob_brightness': 0.6054416298866272, 'blob_response': -0.012974351644515991, 'vessel_centre': [173.0, 250.0]}, {'vessel_blob_score': -2.323757404091038, 'centre': [313.0, 195.0], 'radius': 45.254833995939045, 'blob_score': 0.46317598074674604, 'blob_contrast': 0.03159534931182861, 'blob_brightness': 0.6126154661178589, 'blob_response': -0.013749025762081146, 'vessel_centre': [173.0, 250.0]}, {'vessel_blob_score': -1.9949215566687624, 'centre': [335.0, 196.0], 'radius': 57.01751796098172, 'blob_score': 0.47335238158702847, 'blob_contrast': 0.04891765117645264, 'blob_brightness': 0.6025067567825317, 'blob_response': -0.01340000331401825, 'vessel_centre': [173.0, 250.0]}]"
normal/normal_2287_RFM.png,normal,1,"[{'vessel_blob_score': -5.7305729726507275, 'centre': [366.0, 161.0], 'radius': 35.918785545899944, 'blob_score': 0.39459665119647974, 'blob_contrast': 0.03197023272514343, 'blob_brightness': 0.5135358572006226, 'blob_response': -0.01575659215450287, 'vessel_centre': [145.0, 259.0]}]"
normal/normal_2288_RFM.png,normal,0,[]
normal/normal_2289_RFM.png,normal,1,"[{'vessel_blob_score': -3.250114888153025, 'centre': [366.0, 172.0], 'radius': 45.254833995939045, 'blob_score': 0.4439932078123093, 'blob_contrast': 0.03248089551925659, 'blob_brightness': 0.5843168497085571, 'blob_response': -0.012452587485313416, 'vessel_centre': [179.0, 217.0]}]"
normal/normal_2290_RFM.png,normal,1,"[{'vessel_blob_score': -4.102944156317998, 'centre': [383.0, 155.0], 'radius': 45.254833995939045, 'blob_score': 0.5366007819771768, 'blob_contrast': 0.042495548725128174, 'blob_brightness': 0.700623631477356, 'blob_response': -0.018343456089496613, 'vessel_centre': [166.0, 234.0]}]"
normal/normal_2291_RFM.png,normal,2,"[{'vessel_blob_score': -4.397527283974579, 'centre': [391.0, 156.0], 'radius': 45.254833995939045, 'blob_score': 0.5214644059538841, 'blob_contrast': 0.026888012886047363, 'blob_brightness': 0.7016260027885437, 'blob_response': -0.017190955579280853, 'vessel_centre': [583.0, 307.0]}, {'vessel_blob_score': -3.253756834499045, 'centre': [394.0, 155.0], 'radius': 57.01751796098172, 'blob_score': 0.5240652158856391, 'blob_contrast': 0.03381699323654175, 'blob_brightness': 0.6954432129859924, 'blob_response': -0.017189867794513702, 'vessel_centre': [583.0, 307.0]}]"
normal/normal_2292_RFM.png,normal,2,"[{'vessel_blob_score': -3.8369761482379765, 'centre': [383.0, 177.0], 'radius': 35.918785545899944, 'blob_score': 0.5044031545519828, 'blob_contrast': 0.02114182710647583, 'blob_brightness': 0.6877161860466003, 'blob_response': -0.009299986064434052, 'vessel_centre': [531.0, 268.0]}, {'vessel_blob_score': -2.6352898139281824, 'centre': [392.0, 180.0], 'radius': 45.254833995939045, 'blob_score': 0.5091438204050064, 'blob_contrast': 0.025410592555999756, 'blob_brightness': 0.68836510181427, 'blob_response': -0.009388282895088196, 'vessel_centre': [531.0, 268.0]}]"
normal/normal_2293_RFM.png,normal,0,[]
normal/normal_2294_RFM.png,normal,3,"[{'vessel_blob_score': -4.442674145811117, 'centre': [424.0, 201.0], 'radius': 35.918785545899944, 'blob_score': 0.582075461745262, 'blob_contrast': 0.02137988805770874, 'blob_brightness': 0.7956634163856506, 'blob_response': -0.018655911087989807, 'vessel_centre': [507.0, 378.0]}, {'vessel_blob_score': -3.5069390943299865, 'centre': [419.0, 194.0], 'radius': 45.254833995939045, 'blob_score': 0.580797091126442, 'blob_contrast': 0.02524268627166748, 'blob_brightness': 0.7883203625679016, 'blob_response': -0.018650755286216736, 'vessel_centre': [507.0, 378.0]}, {'vessel_blob_score': -2.812429220962888, 'centre': [413.0, 182.0], 'radius': 57.01751796098172, 'blob_score': 0.5832169353961943, 'blob_contrast': 0.03476637601852417, 'blob_brightness': 0.7780682444572449, 'blob_response': -0.019013941287994385, 'vessel_centre': [507.0, 378.0]}]"
normal/normal_2295_RFM.png,normal,1,"[{'vessel_blob_score': -3.499679365720806, 'centre': [420.0, 129.0], 'radius': 35.918785545899944, 'blob_score': 0.47749416232109065, 'blob_contrast': 0.038737475872039795, 'blob_brightness': 0.61525958776474, 'blob_response': -0.04037487506866455, 'vessel_centre': [499.0, 270.0]}]"
normal/normal_2296_RFM.png,normal,0,[]
normal/normal_2297_RFM.png,normal,0,[]
normal/normal_2298_RFM.png,normal,1,"[{'vessel_blob_score': -2.966719460870657, 'centre': [365.0, 175.0], 'radius': 45.254833995939045, 'blob_score': 0.44500470310449597, 'blob_contrast': 0.04059946537017822, 'blob_brightness': 0.5714091062545776, 'blob_response': -0.02209431678056717, 'vessel_centre': [190.0, 215.0]}]"
normal/normal_2299_RFM.png,normal,0,[]
normal/normal_2300_RFM.png,normal,0,[]
normal/normal_2301_RFM.png,normal,1,"[{'vessel_blob_score': -1.1232416270069434, 'centre': [434.0, 155.0], 'radius': 57.01751796098172, 'blob_score': 0.5434894502162934, 'blob_contrast': 0.03428030014038086, 'blob_brightness': 0.723724365234375, 'blob_response': -0.013010472059249878, 'vessel_centre': [554.0, 171.0]}]"
normal/normal_2302_RFM.png,normal,2,"[{'vessel_blob_score': -2.411536635885126, 'centre': [425.0, 143.0], 'radius': 57.01751796098172, 'blob_score': 0.4577784493565559, 'blob_contrast': 0.0380551815032959, 'blob_brightness': 0.5955461859703064, 'blob_response': -0.014204688370227814, 'vessel_centre': [559.0, 284.0]}, {'vessel_blob_score': -1.5690766223090784, 'centre': [428.0, 154.0], 'radius': 71.83757109179989, 'blob_score': 0.4732939645648003, 'blob_contrast': 0.05404692888259888, 'blob_brightness': 0.5949339270591736, 'blob_response': -0.013966433703899384, 'vessel_centre': [559.0, 284.0]}]"
normal/normal_2303_RFM.png,normal,1,"[{'vessel_blob_score': -1.78419769363337, 'centre': [257.0, 232.0], 'radius': 35.918785545899944, 'blob_score': 0.5429192811250686, 'blob_contrast': 0.027302443981170654, 'blob_brightness': 0.7313188314437866, 'blob_response': -0.018468275666236877, 'vessel_centre': [357.0, 233.0]}]"
normal/normal_2304_RFM.png,normal,3,"[{'vessel_blob_score': -3.405239253428264, 'centre': [312.0, 193.0], 'radius': 35.918785545899944, 'blob_score': 0.4056497484445572, 'blob_contrast': 0.0182497501373291, 'blob_brightness': 0.5510892868041992, 'blob_response': -0.008187487721443176, 'vessel_centre': [166.0, 254.0]}, {'vessel_blob_score': -2.45111448300219, 'centre': [342.0, 166.0], 'radius': 57.01751796098172, 'blob_score': 0.42571601718664165, 'blob_contrast': 0.04149281978607178, 'blob_brightness': 0.5458347201347351, 'blob_response': -0.010694466531276703, 'vessel_centre': [166.0, 254.0]}, {'vessel_blob_score': -1.793646984281838, 'centre': [340.0, 154.0], 'radius': 71.83757109179989, 'blob_score': 0.4388032346963882, 'blob_contrast': 0.0586065948009491, 'blob_brightness': 0.5401365160942078, 'blob_response': -0.010505393147468567, 'vessel_centre': [166.0, 254.0]}]"
normal/normal_2305_RFM.png,normal,0,[]
normal/normal_2306_RFM.png,normal,0,[]
normal/normal_2307_RFM.png,normal,2,"[{'vessel_blob_score': -4.48266087885253, 'centre': [368.0, 147.0], 'radius': 45.254833995939045, 'blob_score': 0.5451408743858338, 'blob_contrast': 0.03317636251449585, 'blob_brightness': 0.7255451083183289, 'blob_response': -0.020414680242538452, 'vessel_centre': [127.0, 206.0]}, {'vessel_blob_score': -3.479182274423321, 'centre': [375.0, 145.0], 'radius': 57.01751796098172, 'blob_score': 0.5484784498810767, 'blob_contrast': 0.04142540693283081, 'blob_brightness': 0.7184760570526123, 'blob_response': -0.020599015057086945, 'vessel_centre': [127.0, 206.0]}]"
normal/normal_2308_RFM.png,normal,0,[]
normal/normal_2309_RFM.png,normal,1,"[{'vessel_blob_score': -2.5568085341020006, 'centre': [391.0, 170.0], 'radius': 57.01751796098172, 'blob_score': 0.5578445717692375, 'blob_contrast': 0.037150025367736816, 'blob_brightness': 0.7380027770996094, 'blob_response': -0.020463012158870697, 'vessel_centre': [553.0, 292.0]}]"
normal/normal_2310_RFM.png,normal,1,"[{'vessel_blob_score': -3.6054925273511396, 'centre': [328.0, 313.0], 'radius': 35.918785545899944, 'blob_score': 0.5518905460834503, 'blob_contrast': 0.05283510684967041, 'blob_brightness': 0.7066341638565063, 'blob_response': -0.02205762267112732, 'vessel_centre': [194.0, 216.0]}]"
normal/normal_2311_RFM.png,normal,2,"[{'vessel_blob_score': -2.315251430777461, 'centre': [220.0, 157.0], 'radius': 35.918785545899944, 'blob_score': 0.34239127486944193, 'blob_contrast': 0.026767879724502563, 'blob_brightness': 0.4488256275653839, 'blob_response': -0.007227279245853424, 'vessel_centre': [162.0, 261.0]}, {'vessel_blob_score': -4.66212067194495, 'centre': [363.0, 230.0], 'radius': 35.918785545899944, 'blob_score': 0.37556511014699934, 'blob_contrast': 0.041454702615737915, 'blob_brightness': 0.470856249332428, 'blob_response': -0.022555164992809296, 'vessel_centre': [162.0, 261.0]}]"
normal/normal_2312_RFM.png,normal,0,[]
normal/normal_2313_RFM.png,normal,0,[]
normal/normal_2314_RFM.png,normal,1,"[{'vessel_blob_score': -2.686749450054574, 'centre': [327.0, 303.0], 'radius': 35.918785545899944, 'blob_score': 0.43032690435647963, 'blob_contrast': 0.030616044998168945, 'blob_brightness': 0.5664988160133362, 'blob_response': -0.01580844074487686, 'vessel_centre': [207.0, 247.0]}]"
normal/normal_2315_RFM.png,normal,0,[]
normal/normal_2316_RFM.png,normal,1,"[{'vessel_blob_score': -2.9264109055774137, 'centre': [370.0, 299.0], 'radius': 35.918785545899944, 'blob_score': 0.5898260861635207, 'blob_contrast': 0.06631976366043091, 'blob_brightness': 0.7389355301856995, 'blob_response': -0.031257256865501404, 'vessel_centre': [481.0, 212.0]}]"
normal/normal_2317_RFM.png,normal,0,[]
normal/normal_2318_RFM.png,normal,0,[]
normal/normal_2319_RFM.png,normal,0,[]
normal/normal_2320_RFM.png,normal,0,[]
normal/normal_2321_RFM.png,normal,0,[]
normal/normal_2322_RFM.png,normal,1,"[{'vessel_blob_score': -0.9845084533188939, 'centre': [416.0, 174.0], 'radius': 71.83757109179989, 'blob_score': 0.49019541740417477, 'blob_contrast': 0.063465416431427, 'blob_brightness': 0.5980871319770813, 'blob_response': -0.04034504294395447, 'vessel_centre': [534.0, 254.0]}]"
normal/normal_2323_RFM.png,normal,0,[]
normal/normal_2324_RFM.png,normal,0,[]
normal/normal_2325_RFM.png,normal,0,[]
normal/normal_2326_RFM.png,normal,3,"[{'vessel_blob_score': -3.960079738370882, 'centre': [319.0, 196.0], 'radius': 35.918785545899944, 'blob_score': 0.3292997520416975, 'blob_contrast': 0.01629728078842163, 'blob_brightness': 0.4465750455856323, 'blob_response': -0.0019996967166662216, 'vessel_centre': [148.0, 246.0]}, {'vessel_blob_score': -5.7760231914259474, 'centre': [389.0, 212.0], 'radius': 35.918785545899944, 'blob_score': 0.3415043234825134, 'blob_contrast': 0.02314823865890503, 'blob_brightness': 0.45360249280929565, 'blob_response': -0.004171699285507202, 'vessel_centre': [148.0, 246.0]}, {'vessel_blob_score': -4.391191093464411, 'centre': [389.0, 208.0], 'radius': 45.254833995939045, 'blob_score': 0.34900462180376046, 'blob_contrast': 0.032738834619522095, 'blob_brightness': 0.45061296224594116, 'blob_response': -0.004183568060398102, 'vessel_centre': [148.0, 246.0]}]"
normal/normal_2327_RFM.png,normal,0,[]
normal/normal_2328_RFM.png,normal,0,[]
normal/normal_2329_RFM.png,normal,1,"[{'vessel_blob_score': -2.6601875165420146, 'centre': [387.0, 237.0], 'radius': 45.254833995939045, 'blob_score': 0.5013372957706451, 'blob_contrast': 0.05413156747817993, 'blob_brightness': 0.6314946413040161, 'blob_response': -0.025797396898269653, 'vessel_centre': [541.0, 298.0]}]"
normal/normal_2330_RFM.png,normal,0,[]
normal/normal_2331_RFM.png,normal,1,"[{'vessel_blob_score': -2.4374949600286344, 'centre': [362.0, 306.0], 'radius': 35.918785545899944, 'blob_score': 0.5702990472316742, 'blob_contrast': 0.04882705211639404, 'blob_brightness': 0.735506534576416, 'blob_response': -0.0330871045589447, 'vessel_centre': [471.0, 248.0]}]"
normal/normal_2332_RFM.png,normal,0,[]
normal/normal_2333_RFM.png,normal,1,"[{'vessel_blob_score': -3.0507811909454414, 'centre': [371.0, 298.0], 'radius': 35.918785545899944, 'blob_score': 0.5204880118370057, 'blob_contrast': 0.03870350122451782, 'blob_brightness': 0.683668851852417, 'blob_response': -0.016081571578979492, 'vessel_centre': [498.0, 227.0]}]"
normal/normal_2334_RFM.png,normal,0,[]
normal/normal_2335_RFM.png,normal,0,[]
normal/normal_2336_RFM.png,normal,0,[]
normal/normal_2337_RFM.png,normal,1,"[{'vessel_blob_score': 0.650614378515658, 'centre': [454.0, 240.0], 'radius': 45.254833995939045, 'blob_score': 0.8330275297164917, 'blob_contrast': 0.19273829460144043, 'blob_brightness': 0.8759826421737671, 'blob_response': -0.13550692796707153, 'vessel_centre': [469.0, 235.0]}]"
normal/normal_2338_RFM.png,normal,1,"[{'vessel_blob_score': -1.5561086452359572, 'centre': [482.0, 352.0], 'radius': 45.254833995939045, 'blob_score': 0.5815726667642593, 'blob_contrast': 0.06619542837142944, 'blob_brightness': 0.7210034132003784, 'blob_response': -0.05337424576282501, 'vessel_centre': [577.0, 286.0]}]"
normal/normal_2339_RFM.png,normal,0,[]
normal/normal_2340_RFM.png,normal,0,[]
normal/normal_2341_RFM.png,normal,0,[]
normal/normal_2342_RFM.png,normal,1,"[{'vessel_blob_score': -1.7285193644081884, 'centre': [376.0, 232.0], 'radius': 35.918785545899944, 'blob_score': 0.5385829389095307, 'blob_contrast': 0.035150110721588135, 'blob_brightness': 0.7143641710281372, 'blob_response': -0.0168895423412323, 'vessel_centre': [473.0, 246.0]}]"
normal/normal_2343_RFM.png,normal,0,[]
normal/normal_2344_RFM.png,normal,0,[]
normal/normal_2345_RFM.png,normal,1,"[{'vessel_blob_score': -2.5790460059211306, 'centre': [337.0, 303.0], 'radius': 45.254833995939045, 'blob_score': 0.5487498730421067, 'blob_contrast': 0.04870200157165527, 'blob_brightness': 0.706342339515686, 'blob_response': -0.028041169047355652, 'vessel_centre': [212.0, 200.0]}]"
normal/normal_2346_RFM.png,normal,0,[]
normal/normal_2347_RFM.png,normal,1,"[{'vessel_blob_score': -2.782499399532139, 'centre': [353.0, 223.0], 'radius': 57.01751796098172, 'blob_score': 0.6201170802116394, 'blob_contrast': 0.07312726974487305, 'blob_brightness': 0.7691766619682312, 'blob_response': -0.04283073544502258, 'vessel_centre': [145.0, 280.0]}]"
normal/normal_2348_RFM.png,normal,1,"[{'vessel_blob_score': -2.5736945232555737, 'centre': [315.0, 293.0], 'radius': 35.918785545899944, 'blob_score': 0.45577345490455623, 'blob_contrast': 0.039872944355010986, 'blob_brightness': 0.5889610648155212, 'blob_response': -0.0181388258934021, 'vessel_centre': [201.0, 234.0]}]"
normal/normal_2349_RFM.png,normal,0,[]
normal/normal_2350_RFM.png,normal,0,[]
normal/normal_2351_RFM.png,normal,1,"[{'vessel_blob_score': -3.0464736301218593, 'centre': [340.0, 312.0], 'radius': 35.918785545899944, 'blob_score': 0.5239642024040222, 'blob_contrast': 0.03715115785598755, 'blob_brightness': 0.6864331960678101, 'blob_response': -0.031549036502838135, 'vessel_centre': [218.0, 233.0]}]"
normal/normal_2352_RFM.png,normal,0,[]
normal/normal_2353_RFM.png,normal,4,"[{'vessel_blob_score': -7.161138752652867, 'centre': [307.0, 116.0], 'radius': 35.918785545899944, 'blob_score': 0.5385544538497924, 'blob_contrast': 0.030810177326202393, 'blob_brightness': 0.7196277976036072, 'blob_response': -0.020024091005325317, 'vessel_centre': [574.0, 237.0]}, {'vessel_blob_score': -2.0207996878819063, 'centre': [537.0, 339.0], 'radius': 35.918785545899944, 'blob_score': 0.5768365740776062, 'blob_contrast': 0.05247014760971069, 'blob_brightness': 0.7401363253593445, 'blob_response': -0.03135499358177185, 'vessel_centre': [574.0, 237.0]}, {'vessel_blob_score': -1.8675174367386154, 'centre': [512.0, 351.0], 'radius': 45.254833995939045, 'blob_score': 0.5856362968683242, 'blob_contrast': 0.06219285726547241, 'blob_brightness': 0.7383788228034973, 'blob_response': -0.03289131820201874, 'vessel_centre': [574.0, 237.0]}, {'vessel_blob_score': -1.4934868371053502, 'centre': [501.0, 359.0], 'radius': 57.01751796098172, 'blob_score': 0.5889362663030624, 'blob_contrast': 0.07422542572021484, 'blob_brightness': 0.7259747982025146, 'blob_response': -0.03264240920543671, 'vessel_centre': [574.0, 237.0]}]"
normal/normal_2354_RFM.png,normal,2,"[{'vessel_blob_score': -2.2400508658370724, 'centre': [361.0, 288.0], 'radius': 35.918785545899944, 'blob_score': 0.5667716532945632, 'blob_contrast': 0.0534784197807312, 'blob_brightness': 0.7272792458534241, 'blob_response': -0.02098880708217621, 'vessel_centre': [471.0, 250.0]}, {'vessel_blob_score': -1.9348392204684735, 'centre': [345.0, 208.0], 'radius': 45.254833995939045, 'blob_score': 0.5710668146610259, 'blob_contrast': 0.053409457206726074, 'blob_brightness': 0.731880247592926, 'blob_response': -0.026705920696258545, 'vessel_centre': [471.0, 250.0]}]"
normal/normal_2355_RFM.png,normal,0,[]
normal/normal_2356_RFM.png,normal,3,"[{'vessel_blob_score': -5.325390701811679, 'centre': [295.0, 390.0], 'radius': 35.918785545899944, 'blob_score': 0.5780037343502044, 'blob_contrast': 0.04357391595840454, 'blob_brightness': 0.7527428269386292, 'blob_response': -0.03754919767379761, 'vessel_centre': [191.0, 188.0]}, {'vessel_blob_score': -1.7985766471547637, 'centre': [309.0, 142.0], 'radius': 45.254833995939045, 'blob_score': 0.5572749629616737, 'blob_contrast': 0.04882967472076416, 'blob_brightness': 0.71993488073349, 'blob_response': -0.022454358637332916, 'vessel_centre': [191.0, 188.0]}, {'vessel_blob_score': -2.9268830077110777, 'centre': [257.0, 353.0], 'radius': 45.254833995939045, 'blob_score': 0.5699617892503739, 'blob_contrast': 0.04887354373931885, 'blob_brightness': 0.7369145750999451, 'blob_response': -0.026240214705467224, 'vessel_centre': [191.0, 188.0]}]"
normal/normal_2357_RFM.png,normal,2,"[{'vessel_blob_score': -2.723775806842371, 'centre': [326.0, 261.0], 'radius': 35.918785545899944, 'blob_score': 0.38402743786573407, 'blob_contrast': 0.030699163675308228, 'blob_brightness': 0.49836239218711853, 'blob_response': -0.022372998297214508, 'vessel_centre': [195.0, 288.0]}, {'vessel_blob_score': -3.4269612381067027, 'centre': [442.0, 340.0], 'radius': 57.01751796098172, 'blob_score': 0.36897438764572144, 'blob_contrast': 0.02825719118118286, 'blob_brightness': 0.4832039177417755, 'blob_response': -0.012372270226478577, 'vessel_centre': [195.0, 288.0]}]"
normal/normal_2358_RFM.png,normal,0,[]
normal/normal_2359_RFM.png,normal,0,[]
normal/normal_2360_RFM.png,normal,2,"[{'vessel_blob_score': -2.4775108406558313, 'centre': [377.0, 297.0], 'radius': 35.918785545899944, 'blob_score': 0.531921398639679, 'blob_contrast': 0.03645002841949463, 'blob_brightness': 0.7012873291969299, 'blob_response': -0.02285119891166687, 'vessel_centre': [486.0, 236.0]}, {'vessel_blob_score': -1.7165621059858602, 'centre': [446.0, 325.0], 'radius': 35.918785545899944, 'blob_score': 0.525578972697258, 'blob_contrast': 0.04039651155471802, 'blob_brightness': 0.6885744333267212, 'blob_response': -0.01590178906917572, 'vessel_centre': [486.0, 236.0]}]"
normal/normal_2361_RFM.png,normal,0,[]
normal/normal_2362_RFM.png,normal,0,[]
normal/normal_2363_RFM.png,normal,1,"[{'vessel_blob_score': -3.693925923761241, 'centre': [333.0, 312.0], 'radius': 35.918785545899944, 'blob_score': 0.5219836235046387, 'blob_contrast': 0.050378262996673584, 'blob_brightness': 0.6598917245864868, 'blob_response': -0.04840576648712158, 'vessel_centre': [232.0, 177.0]}]"
normal/normal_2364_RFM.png,normal,0,[]
normal/normal_2365_RFM.png,normal,0,[]
normal/normal_2366_RFM.png,normal,0,[]
normal/normal_2367_RFM.png,normal,0,[]
normal/normal_2368_RFM.png,normal,0,[]
normal/normal_2369_RFM.png,normal,1,"[{'vessel_blob_score': -1.8957302889340362, 'centre': [360.0, 324.0], 'radius': 45.254833995939045, 'blob_score': 0.6036743372678756, 'blob_contrast': 0.06003016233444214, 'blob_brightness': 0.7689961194992065, 'blob_response': -0.026734456419944763, 'vessel_centre': [478.0, 267.0]}]"
normal/normal_2370_RFM.png,normal,2,"[{'vessel_blob_score': -2.953461090761042, 'centre': [328.0, 307.0], 'radius': 35.918785545899944, 'blob_score': 0.44557358920574186, 'blob_contrast': 0.023795783519744873, 'blob_brightness': 0.5992578864097595, 'blob_response': -0.011486425995826721, 'vessel_centre': [210.0, 228.0]}, {'vessel_blob_score': -1.9331750075643286, 'centre': [324.0, 296.0], 'radius': 45.254833995939045, 'blob_score': 0.4514689490199089, 'blob_contrast': 0.0288926362991333, 'blob_brightness': 0.6005197167396545, 'blob_response': -0.011062555015087128, 'vessel_centre': [210.0, 228.0]}]"
normal/normal_2371_RFM.png,normal,1,"[{'vessel_blob_score': -2.1456994210256224, 'centre': [351.0, 224.0], 'radius': 57.01751796098172, 'blob_score': 0.6113920509815216, 'blob_contrast': 0.06246817111968994, 'blob_brightness': 0.7750265598297119, 'blob_response': -0.032026439905166626, 'vessel_centre': [174.0, 195.0]}]"
normal/normal_2372_RFM.png,normal,2,"[{'vessel_blob_score': -2.702902459644769, 'centre': [325.0, 212.0], 'radius': 35.918785545899944, 'blob_score': 0.5346342697739601, 'blob_contrast': 0.03223836421966553, 'blob_brightness': 0.7136326432228088, 'blob_response': -0.014265276491641998, 'vessel_centre': [192.0, 211.0]}, {'vessel_blob_score': -2.5011856250775963, 'centre': [321.0, 303.0], 'radius': 45.254833995939045, 'blob_score': 0.5453370898962021, 'blob_contrast': 0.04048478603363037, 'blob_brightness': 0.7165922522544861, 'blob_response': -0.016188636422157288, 'vessel_centre': [192.0, 211.0]}]"
normal/normal_2373_RFM.png,normal,0,[]
normal/normal_2374_RFM.png,normal,1,"[{'vessel_blob_score': -3.069870746215245, 'centre': [368.0, 293.0], 'radius': 35.918785545899944, 'blob_score': 0.3737766310572624, 'blob_contrast': 0.030327528715133667, 'blob_brightness': 0.48747527599334717, 'blob_response': -0.01108204573392868, 'vessel_centre': [491.0, 214.0]}]"
normal/normal_2375_RFM.png,normal,1,"[{'vessel_blob_score': -1.8471802520954372, 'centre': [376.0, 227.0], 'radius': 57.01751796098172, 'blob_score': 0.6180931389331817, 'blob_contrast': 0.06756389141082764, 'blob_brightness': 0.7754260301589966, 'blob_response': -0.03865513205528259, 'vessel_centre': [521.0, 300.0]}]"
normal/normal_2376_RFM.png,normal,0,[]
normal/normal_2377_RFM.png,normal,0,[]
normal/normal_2378_RFM.png,normal,0,[]
normal/normal_2379_RFM.png,normal,1,"[{'vessel_blob_score': -2.861720962083889, 'centre': [354.0, 303.0], 'radius': 35.918785545899944, 'blob_score': 0.3747697442770004, 'blob_contrast': 0.036591678857803345, 'blob_brightness': 0.4791802763938904, 'blob_response': -0.01375935971736908, 'vessel_centre': [480.0, 245.0]}]"
normal/normal_2380_RFM.png,normal,0,[]
normal/normal_2381_RFM.png,normal,1,"[{'vessel_blob_score': -1.642889192011273, 'centre': [314.0, 319.0], 'radius': 45.254833995939045, 'blob_score': 0.47483932673931123, 'blob_contrast': 0.053884148597717285, 'blob_brightness': 0.5932456254959106, 'blob_response': -0.02841620147228241, 'vessel_centre': [226.0, 238.0]}]"
normal/normal_2382_RFM.png,normal,1,"[{'vessel_blob_score': -2.955519138839998, 'centre': [330.0, 307.0], 'radius': 35.918785545899944, 'blob_score': 0.39202646315097806, 'blob_contrast': 0.03137487173080444, 'blob_brightness': 0.5122838020324707, 'blob_response': -0.010264649987220764, 'vessel_centre': [199.0, 252.0]}]"
normal/normal_2383_RFM.png,normal,3,"[{'vessel_blob_score': -1.7907322356720243, 'centre': [408.0, 349.0], 'radius': 35.918785545899944, 'blob_score': 0.56262778788805, 'blob_contrast': 0.04456532001495361, 'blob_brightness': 0.7344045042991638, 'blob_response': -0.019896574318408966, 'vessel_centre': [456.0, 261.0]}, {'vessel_blob_score': -1.5316569212584046, 'centre': [443.0, 351.0], 'radius': 35.918785545899944, 'blob_score': 0.5538946345448494, 'blob_contrast': 0.03901547193527222, 'blob_brightness': 0.7303668260574341, 'blob_response': -0.018111921846866608, 'vessel_centre': [456.0, 261.0]}, {'vessel_blob_score': -2.098953763516022, 'centre': [321.0, 147.0], 'radius': 57.01751796098172, 'blob_score': 0.5727531179785729, 'blob_contrast': 0.056238770484924316, 'blob_brightness': 0.7313820719718933, 'blob_response': -0.02273448556661606, 'vessel_centre': [456.0, 261.0]}]"
normal/normal_2384_RFM.png,normal,0,[]
normal/normal_2385_RFM.png,normal,0,[]
normal/normal_2386_RFM.png,normal,0,[]
normal/normal_2387_RFM.png,normal,0,[]
normal/normal_2388_RFM.png,normal,2,"[{'vessel_blob_score': -1.8747452332772023, 'centre': [302.0, 148.0], 'radius': 45.254833995939045, 'blob_score': 0.5551454782485962, 'blob_contrast': 0.02638179063796997, 'blob_brightness': 0.7502347230911255, 'blob_response': -0.017996907234191895, 'vessel_centre': [195.0, 222.0]}, {'vessel_blob_score': -1.402962341527933, 'centre': [309.0, 146.0], 'radius': 57.01751796098172, 'blob_score': 0.5619061291217804, 'blob_contrast': 0.03786969184875488, 'blob_brightness': 0.7435576915740967, 'blob_response': -0.017730265855789185, 'vessel_centre': [195.0, 222.0]}]"
normal/normal_2389_RFM.png,normal,0,[]
normal/normal_2390_RFM.png,normal,1,"[{'vessel_blob_score': -3.1168308907668507, 'centre': [338.0, 304.0], 'radius': 35.918785545899944, 'blob_score': 0.5918717503547668, 'blob_contrast': 0.06207960844039917, 'blob_brightness': 0.7400830984115601, 'blob_response': -0.058669865131378174, 'vessel_centre': [213.0, 225.0]}]"
normal/normal_2391_RFM.png,normal,0,[]
normal/normal_2392_RFM.png,normal,0,[]
normal/normal_2393_RFM.png,normal,1,"[{'vessel_blob_score': -3.294345846575471, 'centre': [349.0, 95.0], 'radius': 45.254833995939045, 'blob_score': 0.46929087676107883, 'blob_contrast': 0.01774120330810547, 'blob_brightness': 0.643921434879303, 'blob_response': -0.004023345187306404, 'vessel_centre': [171.0, 173.0]}]"
normal/normal_2394_RFM.png,normal,3,"[{'vessel_blob_score': -8.96727935453834, 'centre': [444.0, 237.0], 'radius': 35.918785545899944, 'blob_score': 0.47824200391769406, 'blob_contrast': 0.024736762046813965, 'blob_brightness': 0.6402499675750732, 'blob_response': -0.026651322841644287, 'vessel_centre': [86.0, 234.0]}, {'vessel_blob_score': -5.734026910428176, 'centre': [243.0, 418.0], 'radius': 35.918785545899944, 'blob_score': 0.4358338357880711, 'blob_contrast': 0.013835489749908447, 'blob_brightness': 0.6023319363594055, 'blob_response': -0.0018299529328942299, 'vessel_centre': [86.0, 234.0]}, {'vessel_blob_score': -4.162969107015845, 'centre': [230.0, 418.0], 'radius': 45.254833995939045, 'blob_score': 0.44765914920717476, 'blob_contrast': 0.027508556842803955, 'blob_brightness': 0.5997114777565002, 'blob_response': -0.00176278967410326, 'vessel_centre': [86.0, 234.0]}]"
normal/normal_2395_RFM.png,normal,1,"[{'vessel_blob_score': -2.9161323253647833, 'centre': [330.0, 304.0], 'radius': 35.918785545899944, 'blob_score': 0.38717465251684186, 'blob_contrast': 0.02849888801574707, 'blob_brightness': 0.5086098909378052, 'blob_response': -0.013244204223155975, 'vessel_centre': [215.0, 223.0]}]"
normal/normal_2396_RFM.png,normal,0,[]
normal/normal_2397_RFM.png,normal,1,"[{'vessel_blob_score': -2.673480520986807, 'centre': [320.0, 297.0], 'radius': 35.918785545899944, 'blob_score': 0.34653223454952237, 'blob_contrast': 0.03346964716911316, 'blob_brightness': 0.4426708519458771, 'blob_response': -0.01596495509147644, 'vessel_centre': [203.0, 236.0]}]"
normal/normal_2398_RFM.png,normal,0,[]
normal/normal_2399_RFM.png,normal,0,[]
normal/normal_2400_RFM.png,normal,1,"[{'vessel_blob_score': -2.1820120188541416, 'centre': [327.0, 310.0], 'radius': 57.01751796098172, 'blob_score': 0.24072068929672238, 'blob_contrast': 0.05034717917442322, 'blob_brightness': 0.2688162624835968, 'blob_response': -0.011010631918907166, 'vessel_centre': [158.0, 244.0]}]"
normal/normal_2401_RFM.png,normal,0,[]
normal/normal_2402_RFM.png,normal,0,[]
normal/normal_2403_RFM.png,normal,1,"[{'vessel_blob_score': -3.6335968001549093, 'centre': [396.0, 168.0], 'radius': 35.918785545899944, 'blob_score': 0.3671305626630783, 'blob_contrast': 0.05778616666793823, 'blob_brightness': 0.43412238359451294, 'blob_response': -0.02729363739490509, 'vessel_centre': [486.0, 308.0]}]"
normal/normal_2404_RFM.png,normal,1,"[{'vessel_blob_score': -1.4829681519171936, 'centre': [351.0, 319.0], 'radius': 35.918785545899944, 'blob_score': 0.2815893471240998, 'blob_contrast': 0.03240758180618286, 'blob_brightness': 0.3480636775493622, 'blob_response': -0.02768595516681671, 'vessel_centre': [274.0, 274.0]}]"
normal/normal_2405_RFM.png,normal,1,"[{'vessel_blob_score': -1.4842945030489618, 'centre': [408.0, 154.0], 'radius': 71.83757109179989, 'blob_score': 0.5405902802944184, 'blob_contrast': 0.06041133403778076, 'blob_brightness': 0.6723311543464661, 'blob_response': -0.04773569107055664, 'vessel_centre': [541.0, 273.0]}]"
normal/normal_2406_RFM.png,normal,0,[]
normal/normal_2407_RFM.png,normal,1,"[{'vessel_blob_score': -2.4529482420824094, 'centre': [379.0, 176.0], 'radius': 45.254833995939045, 'blob_score': 0.5868837594985962, 'blob_contrast': 0.033882856369018555, 'blob_brightness': 0.7822083830833435, 'blob_response': -0.027275174856185913, 'vessel_centre': [232.0, 229.0]}]"
normal/normal_2408_RFM.png,normal,1,"[{'vessel_blob_score': -2.5811694066701754, 'centre': [367.0, 298.0], 'radius': 35.918785545899944, 'blob_score': 0.3757265850901603, 'blob_contrast': 0.028406739234924316, 'blob_brightness': 0.493223637342453, 'blob_response': -0.010316498577594757, 'vessel_centre': [478.0, 233.0]}]"
normal/normal_2409_RFM.png,normal,1,"[{'vessel_blob_score': -2.3612603780084056, 'centre': [352.0, 167.0], 'radius': 57.01751796098172, 'blob_score': 0.5187543854117393, 'blob_contrast': 0.029246807098388672, 'blob_brightness': 0.6937773823738098, 'blob_response': -0.019317053258419037, 'vessel_centre': [193.0, 274.0]}]"
normal/normal_2410_RFM.png,normal,0,[]
normal/normal_2411_RFM.png,normal,1,"[{'vessel_blob_score': -2.6192760424451276, 'centre': [377.0, 176.0], 'radius': 35.918785545899944, 'blob_score': 0.5491831749677658, 'blob_contrast': 0.024747371673583984, 'blob_brightness': 0.744469165802002, 'blob_response': -0.016536936163902283, 'vessel_centre': [497.0, 226.0]}]"
normal/normal_2412_RFM.png,normal,2,"[{'vessel_blob_score': -3.2089955774958314, 'centre': [329.0, 167.0], 'radius': 35.918785545899944, 'blob_score': 0.3611894279718399, 'blob_contrast': 0.01886311173439026, 'blob_brightness': 0.4868096113204956, 'blob_response': -0.007797941565513611, 'vessel_centre': [195.0, 237.0]}, {'vessel_blob_score': -1.715972301292652, 'centre': [304.0, 127.0], 'radius': 57.01751796098172, 'blob_score': 0.3781808689236641, 'blob_contrast': 0.039164215326309204, 'blob_brightness': 0.4825631082057953, 'blob_response': -0.006112389266490936, 'vessel_centre': [195.0, 237.0]}]"
normal/normal_2413_RFM.png,normal,1,"[{'vessel_blob_score': -4.399743194125069, 'centre': [356.0, 316.0], 'radius': 45.254833995939045, 'blob_score': 0.4116267383098602, 'blob_contrast': 0.057690978050231934, 'blob_brightness': 0.49759966135025024, 'blob_response': -0.028079986572265625, 'vessel_centre': [151.0, 183.0]}]"
normal/normal_2414_RFM.png,normal,1,"[{'vessel_blob_score': -2.7320692757734686, 'centre': [324.0, 184.0], 'radius': 57.01751796098172, 'blob_score': 0.3112265586853027, 'blob_contrast': 0.046725958585739136, 'blob_brightness': 0.36638858914375305, 'blob_response': -0.04014293849468231, 'vessel_centre': [533.0, 224.0]}]"
normal/normal_2415_RFM.png,normal,0,[]
normal/normal_2416_RFM.png,normal,1,"[{'vessel_blob_score': -2.9404018246320947, 'centre': [361.0, 311.0], 'radius': 35.918785545899944, 'blob_score': 0.5093198761343956, 'blob_contrast': 0.028797149658203125, 'blob_brightness': 0.6824014186859131, 'blob_response': -0.014208666980266571, 'vessel_centre': [265.0, 207.0]}]"
normal/normal_2417_RFM.png,normal,1,"[{'vessel_blob_score': -1.8431494533269426, 'centre': [471.0, 351.0], 'radius': 35.918785545899944, 'blob_score': 0.5258573114871978, 'blob_contrast': 0.06065160036087036, 'blob_brightness': 0.6568941473960876, 'blob_response': -0.02689903974533081, 'vessel_centre': [476.0, 249.0]}]"
normal/normal_2418_RFM.png,normal,1,"[{'vessel_blob_score': -1.444700901950993, 'centre': [370.0, 175.0], 'radius': 45.254833995939045, 'blob_score': 0.5574194729328155, 'blob_contrast': 0.03457748889923096, 'blob_brightness': 0.7393399477005005, 'blob_response': -0.026520103216171265, 'vessel_centre': [442.0, 259.0]}]"
normal/normal_2419_RFM.png,normal,0,[]
normal/normal_2420_RFM.png,normal,0,[]
normal/normal_2421_RFM.png,normal,1,"[{'vessel_blob_score': 0.6796752664409467, 'centre': [512.0, 96.0], 'radius': 456.14014368785377, 'blob_score': 0.3807086173444986, 'blob_contrast': 0.08752986788749695, 'blob_brightness': 0.41810551285743713, 'blob_response': -0.0025244522839784622, 'vessel_centre': [482.0, 239.0]}]"
normal/normal_2422_RFM.png,normal,1,"[{'vessel_blob_score': -2.963948867606644, 'centre': [424.0, 128.0], 'radius': 45.254833995939045, 'blob_score': 0.633110785484314, 'blob_contrast': 0.052866339683532715, 'blob_brightness': 0.8203180432319641, 'blob_response': -0.03010907769203186, 'vessel_centre': [516.0, 282.0]}]"
normal/normal_2423_RFM.png,normal,0,[]
normal/normal_2424_RFM.png,normal,1,"[{'vessel_blob_score': -2.2959726149203648, 'centre': [365.0, 162.0], 'radius': 57.01751796098172, 'blob_score': 0.4676672965288162, 'blob_contrast': 0.05467420816421509, 'blob_brightness': 0.5833565592765808, 'blob_response': -0.02321748435497284, 'vessel_centre': [191.0, 233.0]}]"
normal/normal_2425_RFM.png,normal,0,[]
normal/normal_2426_RFM.png,normal,1,"[{'vessel_blob_score': -2.7610919695429805, 'centre': [369.0, 155.0], 'radius': 57.01751796098172, 'blob_score': 0.5591376349329947, 'blob_contrast': 0.04192698001861572, 'blob_brightness': 0.7319062352180481, 'blob_response': -0.024381451308727264, 'vessel_centre': [167.0, 227.0]}]"
normal/normal_2427_RFM.png,normal,3,"[{'vessel_blob_score': -3.4865687861067993, 'centre': [330.0, 156.0], 'radius': 35.918785545899944, 'blob_score': 0.5040772140026093, 'blob_contrast': 0.02320963144302368, 'blob_brightness': 0.6839513778686523, 'blob_response': -0.010508090257644653, 'vessel_centre': [169.0, 163.0]}, {'vessel_blob_score': -5.909907551074825, 'centre': [293.0, 378.0], 'radius': 35.918785545899944, 'blob_score': 0.4927574887871742, 'blob_contrast': 0.02008908987045288, 'blob_brightness': 0.6734580993652344, 'blob_response': -0.0062386468052864075, 'vessel_centre': [169.0, 163.0]}, {'vessel_blob_score': -4.593662708816112, 'centre': [301.0, 379.0], 'radius': 45.254833995939045, 'blob_score': 0.5011040527373553, 'blob_contrast': 0.029332220554351807, 'blob_brightness': 0.6721609234809875, 'blob_response': -0.006295928731560707, 'vessel_centre': [169.0, 163.0]}]"
normal/normal_2428_RFM.png,normal,0,[]
normal/normal_2429_RFM.png,normal,2,"[{'vessel_blob_score': -2.9037424503325897, 'centre': [303.0, 186.0], 'radius': 35.918785545899944, 'blob_score': 0.5072621658444404, 'blob_contrast': 0.015488624572753906, 'blob_brightness': 0.700579047203064, 'blob_response': -0.006841041147708893, 'vessel_centre': [172.0, 236.0]}, {'vessel_blob_score': -3.7867105256376217, 'centre': [377.0, 166.0], 'radius': 45.254833995939045, 'blob_score': 0.5447667524218559, 'blob_contrast': 0.03595995903015137, 'blob_brightness': 0.7204847931861877, 'blob_response': -0.022337190806865692, 'vessel_centre': [172.0, 236.0]}]"
normal/normal_2430_RFM.png,normal,1,"[{'vessel_blob_score': -1.7182735060543863, 'centre': [447.0, 214.0], 'radius': 35.918785545899944, 'blob_score': 0.607408595085144, 'blob_contrast': 0.03470432758331299, 'blob_brightness': 0.8093718886375427, 'blob_response': -0.030719727277755737, 'vessel_centre': [500.0, 296.0]}]"
normal/normal_2431_RFM.png,normal,0,[]
normal/normal_2432_RFM.png,normal,0,[]
normal/normal_2433_RFM.png,normal,1,"[{'vessel_blob_score': -1.411226113923684, 'centre': [551.0, 353.0], 'radius': 35.918785545899944, 'blob_score': 0.617671811580658, 'blob_contrast': 0.0471150279045105, 'blob_brightness': 0.7983851432800293, 'blob_response': -0.058435916900634766, 'vessel_centre': [602.0, 283.0]}]"
normal/normal_2434_RFM.png,normal,1,"[{'vessel_blob_score': -3.7898753458965793, 'centre': [282.0, 111.0], 'radius': 35.918785545899944, 'blob_score': 0.48298815488815305, 'blob_contrast': 0.03253573179244995, 'blob_brightness': 0.6393559575080872, 'blob_response': -0.014516264200210571, 'vessel_centre': [182.0, 251.0]}]"
normal/normal_2435_RFM.png,normal,0,[]
normal/normal_2436_RFM.png,normal,1,"[{'vessel_blob_score': -2.6283658942422, 'centre': [279.0, 380.0], 'radius': 45.254833995939045, 'blob_score': 0.6285980999469757, 'blob_contrast': 0.07654833793640137, 'blob_brightness': 0.7769384980201721, 'blob_response': -0.04096406698226929, 'vessel_centre': [158.0, 269.0]}]"
normal/normal_2437_RFM.png,normal,1,"[{'vessel_blob_score': -2.5278536412649286, 'centre': [544.0, 352.0], 'radius': 35.918785545899944, 'blob_score': 0.6213303923606872, 'blob_contrast': 0.06852531433105469, 'blob_brightness': 0.7718765735626221, 'blob_response': -0.062457382678985596, 'vessel_centre': [595.0, 236.0]}]"
normal/normal_2438_RFM.png,normal,1,"[{'vessel_blob_score': -2.4378331685426473, 'centre': [478.0, 240.0], 'radius': 35.918785545899944, 'blob_score': 0.716807895898819, 'blob_contrast': 0.051424622535705566, 'blob_brightness': 0.9299594163894653, 'blob_response': -0.07205840945243835, 'vessel_centre': [590.0, 292.0]}]"
normal/normal_2439_RFM.png,normal,1,"[{'vessel_blob_score': -2.4788001927748016, 'centre': [286.0, 360.0], 'radius': 45.254833995939045, 'blob_score': 0.4883525222539901, 'blob_contrast': 0.038517892360687256, 'blob_brightness': 0.640403687953949, 'blob_response': -0.007760241627693176, 'vessel_centre': [189.0, 236.0]}]"
normal/normal_2440_RFM.png,normal,0,[]
normal/normal_2441_RFM.png,normal,0,[]
normal/normal_2442_RFM.png,normal,1,"[{'vessel_blob_score': -2.915241564225358, 'centre': [250.0, 368.0], 'radius': 35.918785545899944, 'blob_score': 0.6402667343616485, 'blob_contrast': 0.06603807210922241, 'blob_brightness': 0.8030449748039246, 'blob_response': -0.060485899448394775, 'vessel_centre': [194.0, 239.0]}]"
normal/normal_2443_RFM.png,normal,2,"[{'vessel_blob_score': -2.4243919478519285, 'centre': [543.0, 344.0], 'radius': 35.918785545899944, 'blob_score': 0.6003258466720581, 'blob_contrast': 0.05987042188644409, 'blob_brightness': 0.7595854997634888, 'blob_response': -0.043727874755859375, 'vessel_centre': [570.0, 224.0]}, {'vessel_blob_score': -1.4847746982664232, 'centre': [524.0, 358.0], 'radius': 57.01751796098172, 'blob_score': 0.5858682185411453, 'blob_contrast': 0.06274837255477905, 'blob_brightness': 0.7366175651550293, 'blob_response': -0.03743775188922882, 'vessel_centre': [570.0, 224.0]}]"
normal/normal_2444_RFM.png,normal,0,[]
normal/normal_2445_RFM.png,normal,0,[]
normal/normal_2446_RFM.png,normal,1,"[{'vessel_blob_score': -1.4079494703963413, 'centre': [606.0, 194.0], 'radius': 57.01751796098172, 'blob_score': 0.8446612000465393, 'blob_contrast': 0.1773090958595276, 'blob_brightness': 0.9211719036102295, 'blob_response': -0.11265885829925537, 'vessel_centre': [581.0, 329.0]}]"
normal/normal_2447_RFM.png,normal,0,[]
normal/normal_2448_RFM.png,normal,2,"[{'vessel_blob_score': -4.118429265197921, 'centre': [344.0, 150.0], 'radius': 35.918785545899944, 'blob_score': 0.46348570138216016, 'blob_contrast': 0.02926558256149292, 'blob_brightness': 0.6166664361953735, 'blob_response': -0.012768067419528961, 'vessel_centre': [174.0, 220.0]}, {'vessel_blob_score': -2.8823015886198227, 'centre': [336.0, 152.0], 'radius': 45.254833995939045, 'blob_score': 0.466574627161026, 'blob_contrast': 0.03513413667678833, 'blob_brightness': 0.6126647591590881, 'blob_response': -0.012875795364379883, 'vessel_centre': [174.0, 220.0]}]"
normal/normal_2449_RFM.png,normal,0,[]
normal/normal_2450_RFM.png,normal,0,[]
normal/normal_2451_RFM.png,normal,1,"[{'vessel_blob_score': -2.8827386474856187, 'centre': [489.0, 341.0], 'radius': 35.918785545899944, 'blob_score': 0.45111089050769804, 'blob_contrast': 0.04214555025100708, 'blob_brightness': 0.5788131356239319, 'blob_response': -0.0189807265996933, 'vessel_centre': [542.0, 212.0]}]"
normal/normal_2452_RFM.png,normal,0,[]
normal/normal_2453_RFM.png,normal,0,[]
normal/normal_2454_RFM.png,normal,0,[]
normal/normal_2455_RFM.png,normal,0,[]
normal/normal_2456_RFM.png,normal,2,"[{'vessel_blob_score': -3.7176444175765138, 'centre': [267.0, 372.0], 'radius': 35.918785545899944, 'blob_score': 0.5687047213315963, 'blob_contrast': 0.05285698175430298, 'blob_brightness': 0.7251912355422974, 'blob_response': -0.04106937348842621, 'vessel_centre': [162.0, 239.0]}, {'vessel_blob_score': -2.7895054509130865, 'centre': [275.0, 368.0], 'radius': 45.254833995939045, 'blob_score': 0.5758752495050431, 'blob_contrast': 0.06541168689727783, 'blob_brightness': 0.7174609303474426, 'blob_response': -0.041204556822776794, 'vessel_centre': [162.0, 239.0]}]"
normal/normal_2457_RFM.png,normal,0,[]
normal/normal_2458_RFM.png,normal,0,[]
normal/normal_2459_RFM.png,normal,0,[]
normal/normal_2460_RFM.png,normal,2,"[{'vessel_blob_score': -3.49924870433321, 'centre': [334.0, 165.0], 'radius': 35.918785545899944, 'blob_score': 0.41175329610705375, 'blob_contrast': 0.029409408569335938, 'blob_brightness': 0.543222963809967, 'blob_response': -0.010439064353704453, 'vessel_centre': [180.0, 214.0]}, {'vessel_blob_score': -3.479826092072675, 'centre': [266.0, 350.0], 'radius': 35.918785545899944, 'blob_score': 0.4427900597453117, 'blob_contrast': 0.04594546556472778, 'blob_brightness': 0.5609439611434937, 'blob_response': -0.020919106900691986, 'vessel_centre': [180.0, 214.0]}]"
normal/normal_2461_RFM.png,normal,0,[]
normal/normal_2462_RFM.png,normal,0,[]
normal/normal_2463_RFM.png,normal,1,"[{'vessel_blob_score': -4.246011401121309, 'centre': [443.0, 137.0], 'radius': 35.918785545899944, 'blob_score': 0.5771338239312171, 'blob_contrast': 0.038072288036346436, 'blob_brightness': 0.7644727230072021, 'blob_response': -0.01965314894914627, 'vessel_centre': [584.0, 262.0]}]"
normal/normal_2464_RFM.png,normal,0,[]
normal/normal_2465_RFM.png,normal,0,[]
normal/normal_2466_RFM.png,normal,3,"[{'vessel_blob_score': -3.599766814082379, 'centre': [432.0, 212.0], 'radius': 35.918785545899944, 'blob_score': 0.4690775066614151, 'blob_contrast': 0.03881943225860596, 'blob_brightness': 0.6088310480117798, 'blob_response': -0.020381703972816467, 'vessel_centre': [576.0, 293.0]}, {'vessel_blob_score': -1.054174879841089, 'centre': [536.0, 355.0], 'radius': 35.918785545899944, 'blob_score': 0.4711271464824677, 'blob_contrast': 0.04097390174865723, 'blob_brightness': 0.6115102767944336, 'blob_response': -0.010480254888534546, 'vessel_centre': [576.0, 293.0]}, {'vessel_blob_score': -2.348749068264899, 'centre': [494.0, 381.0], 'radius': 35.918785545899944, 'blob_score': 0.4633203878998756, 'blob_contrast': 0.03579932451248169, 'blob_brightness': 0.605843186378479, 'blob_response': -0.017154164612293243, 'vessel_centre': [576.0, 293.0]}]"
normal/normal_2467_RFM.png,normal,0,[]
normal/normal_2468_RFM.png,normal,1,"[{'vessel_blob_score': -2.427220107720072, 'centre': [355.0, 200.0], 'radius': 35.918785545899944, 'blob_score': 0.5695065498352051, 'blob_contrast': 0.04392439126968384, 'blob_brightness': 0.7441005110740662, 'blob_response': -0.023559004068374634, 'vessel_centre': [350.0, 77.0]}]"
normal/normal_2469_RFM.png,normal,0,[]
normal/normal_2470_RFM.png,normal,0,[]
normal/normal_2471_RFM.png,normal,1,"[{'vessel_blob_score': -1.7712222334977192, 'centre': [541.0, 337.0], 'radius': 35.918785545899944, 'blob_score': 0.5151967257261276, 'blob_contrast': 0.05034679174423218, 'blob_brightness': 0.6568110585212708, 'blob_response': -0.025410965085029602, 'vessel_centre': [579.0, 245.0]}]"
normal/normal_2472_RFM.png,normal,2,"[{'vessel_blob_score': -2.82238152239342, 'centre': [313.0, 173.0], 'radius': 35.918785545899944, 'blob_score': 0.43953746408224104, 'blob_contrast': 0.03445577621459961, 'blob_brightness': 0.5725771188735962, 'blob_response': -0.021388523280620575, 'vessel_centre': [190.0, 234.0]}, {'vessel_blob_score': -2.9633495318129626, 'centre': [265.0, 355.0], 'radius': 35.918785545899944, 'blob_score': 0.4149135410785675, 'blob_contrast': 0.028658926486968994, 'blob_brightness': 0.5490477085113525, 'blob_response': -0.009606093168258667, 'vessel_centre': [190.0, 234.0]}]"
normal/normal_2473_RFM.png,normal,2,"[{'vessel_blob_score': -4.303832376726385, 'centre': [309.0, 130.0], 'radius': 35.918785545899944, 'blob_score': 0.44057013839483256, 'blob_contrast': 0.02437448501586914, 'blob_brightness': 0.592166543006897, 'blob_response': -0.008395366370677948, 'vessel_centre': [182.0, 272.0]}, {'vessel_blob_score': -8.247140379719458, 'centre': [502.0, 361.0], 'radius': 35.918785545899944, 'blob_score': 0.43089322261512275, 'blob_contrast': 0.027703702449798584, 'blob_brightness': 0.574873149394989, 'blob_response': -0.0038915779441595078, 'vessel_centre': [182.0, 272.0]}]"
normal/normal_2474_RFM.png,normal,0,[]
normal/normal_2475_RFM.png,normal,0,[]
normal/normal_2476_RFM.png,normal,0,[]
normal/normal_2477_RFM.png,normal,0,[]
normal/normal_2478_RFM.png,normal,0,[]
normal/normal_2479_RFM.png,normal,0,[]
normal/normal_2480_RFM.png,normal,0,[]
normal/normal_2481_RFM.png,normal,0,[]
normal/normal_2482_RFM.png,normal,2,"[{'vessel_blob_score': -3.0507811909454414, 'centre': [322.0, 161.0], 'radius': 35.918785545899944, 'blob_score': 0.4731936946511268, 'blob_contrast': 0.02881765365600586, 'blob_brightness': 0.633048415184021, 'blob_response': -0.006210751831531525, 'vessel_centre': [195.0, 232.0]}, {'vessel_blob_score': -2.9227571894205617, 'centre': [272.0, 350.0], 'radius': 35.918785545899944, 'blob_score': 0.5034371495246887, 'blob_contrast': 0.040199220180511475, 'blob_brightness': 0.6565642952919006, 'blob_response': -0.01821461319923401, 'vessel_centre': [195.0, 232.0]}]"
normal/normal_2483_RFM.png,normal,0,[]
normal/normal_2484_RFM.png,normal,0,[]
normal/normal_2485_RFM.png,normal,0,[]
normal/normal_2486_RFM.png,normal,0,[]
normal/normal_2487_RFM.png,normal,1,"[{'vessel_blob_score': -2.5799534951325813, 'centre': [303.0, 336.0], 'radius': 57.01751796098172, 'blob_score': 0.5849603757262231, 'blob_contrast': 0.058162152767181396, 'blob_brightness': 0.7485715746879578, 'blob_response': -0.013990603387355804, 'vessel_centre': [231.0, 145.0]}]"
normal/normal_2488_RFM.png,normal,1,"[{'vessel_blob_score': -3.188782313772103, 'centre': [500.0, 345.0], 'radius': 35.918785545899944, 'blob_score': 0.44775574058294293, 'blob_contrast': 0.047543346881866455, 'blob_brightness': 0.5668820142745972, 'blob_response': -0.01697491854429245, 'vessel_centre': [574.0, 214.0]}]"
normal/normal_2489_RFM.png,normal,3,"[{'vessel_blob_score': -3.4091963323933525, 'centre': [290.0, 147.0], 'radius': 35.918785545899944, 'blob_score': 0.40822806805372236, 'blob_contrast': 0.033988386392593384, 'blob_brightness': 0.5320977568626404, 'blob_response': -0.008856259286403656, 'vessel_centre': [201.0, 278.0]}, {'vessel_blob_score': -2.9612955519317152, 'centre': [320.0, 200.0], 'radius': 35.918785545899944, 'blob_score': 0.3798603564500808, 'blob_contrast': 0.014643728733062744, 'blob_brightness': 0.5209658741950989, 'blob_response': -0.002702578902244568, 'vessel_centre': [201.0, 278.0]}, {'vessel_blob_score': -2.006912062558122, 'centre': [265.0, 365.0], 'radius': 35.918785545899944, 'blob_score': 0.4487023800611496, 'blob_contrast': 0.05757579207420349, 'blob_brightness': 0.5533756613731384, 'blob_response': -0.018818125128746033, 'vessel_centre': [201.0, 278.0]}]"
normal/normal_2490_RFM.png,normal,0,[]
normal/normal_2491_RFM.png,normal,0,[]
normal/normal_2492_RFM.png,normal,0,[]
normal/normal_2493_RFM.png,normal,1,"[{'vessel_blob_score': -8.736565460412901, 'centre': [490.0, 409.0], 'radius': 35.918785545899944, 'blob_score': 0.42395945861935613, 'blob_contrast': 0.025628507137298584, 'blob_brightness': 0.5669806599617004, 'blob_response': -0.007222447544336319, 'vessel_centre': [178.0, 251.0]}]"
normal/normal_2494_RFM.png,normal,0,[]
normal/normal_2495_RFM.png,normal,0,[]
normal/normal_2496_RFM.png,normal,0,[]
normal/normal_2497_RFM.png,normal,0,[]
normal/normal_2498_RFM.png,normal,0,[]
normal/normal_2499_RFM.png,normal,0,[]
normal/normal_2500_RFM.png,normal,0,[]
normal/normal_2501_RFM.png,normal,0,[]
normal/normal_2502_RFM.png,normal,2,"[{'vessel_blob_score': -3.596732666777233, 'centre': [540.0, 331.0], 'radius': 35.918785545899944, 'blob_score': 0.620134899020195, 'blob_contrast': 0.05288422107696533, 'blob_brightness': 0.8006899356842041, 'blob_response': -0.03383861482143402, 'vessel_centre': [390.0, 400.0]}, {'vessel_blob_score': -1.3817748765364035, 'centre': [487.0, 353.0], 'radius': 45.254833995939045, 'blob_score': 0.6448397934436798, 'blob_contrast': 0.08601123094558716, 'blob_brightness': 0.7868081331253052, 'blob_response': -0.04031434655189514, 'vessel_centre': [390.0, 400.0]}]"
normal/normal_2503_RFM.png,normal,0,[]
normal/normal_2504_RFM.png,normal,0,[]
normal/normal_2505_RFM.png,normal,0,[]
normal/normal_2506_RFM.png,normal,1,"[{'vessel_blob_score': -3.4524920990041785, 'centre': [497.0, 353.0], 'radius': 35.918785545899944, 'blob_score': 0.5023539438843727, 'blob_contrast': 0.04958122968673706, 'blob_brightness': 0.6412630081176758, 'blob_response': -0.01944304257631302, 'vessel_centre': [598.0, 229.0]}]"
normal/normal_2507_RFM.png,normal,0,[]
normal/normal_2508_RFM.png,normal,1,"[{'vessel_blob_score': -2.6500907444226915, 'centre': [306.0, 208.0], 'radius': 35.918785545899944, 'blob_score': 0.4954807907342911, 'blob_contrast': 0.03914332389831543, 'blob_brightness': 0.6474177837371826, 'blob_response': -0.015725091099739075, 'vessel_centre': [176.0, 191.0]}]"
normal/normal_2509_RFM.png,normal,1,"[{'vessel_blob_score': -2.6039311915074985, 'centre': [240.0, 388.0], 'radius': 35.918785545899944, 'blob_score': 0.7190102636814117, 'blob_contrast': 0.042959392070770264, 'blob_brightness': 0.9450903534889221, 'blob_response': -0.07243812084197998, 'vessel_centre': [194.0, 267.0]}]"
normal/normal_2510_RFM.png,normal,0,[]
papilledema/papilledema_0001_EDD.jpg,papilledema,0,[]
papilledema/papilledema_0002_EDD.jpg,papilledema,0,[]
papilledema/papilledema_0003_EDD.jpg,papilledema,0,[]
papilledema/papilledema_0004_EDD.jpg,papilledema,1,"[{'vessel_blob_score': -2.367329970103903, 'centre': [200.0, 327.0], 'radius': 35.918785545899944, 'blob_score': 0.6783526986837386, 'blob_contrast': 0.04228544235229492, 'blob_brightness': 0.8970513343811035, 'blob_response': -0.04065661132335663, 'vessel_centre': [135.0, 225.0]}]"
papilledema/papilledema_0005_EDD.jpg,papilledema,4,"[{'vessel_blob_score': -0.46156442083881233, 'centre': [380.0, 153.0], 'radius': 35.918785545899944, 'blob_score': 0.739530062675476, 'blob_contrast': 0.02838766574859619, 'blob_brightness': 0.994051456451416, 'blob_response': -0.07653188705444336, 'vessel_centre': [346.0, 193.0]}, {'vessel_blob_score': -1.3949376729482896, 'centre': [260.0, 195.0], 'radius': 35.918785545899944, 'blob_score': 0.7309660732746124, 'blob_contrast': 0.020578384399414062, 'blob_brightness': 0.994764506816864, 'blob_response': -0.07026267051696777, 'vessel_centre': [346.0, 193.0]}, {'vessel_blob_score': -1.1852642459878862, 'centre': [291.0, 249.0], 'radius': 35.918785545899944, 'blob_score': 0.7151180267333984, 'blob_contrast': 0.007597088813781738, 'blob_brightness': 0.9966115951538086, 'blob_response': -0.04946410655975342, 'vessel_centre': [346.0, 193.0]}, {'vessel_blob_score': -1.1059704955682825, 'centre': [377.0, 262.0], 'radius': 35.918785545899944, 'blob_score': 0.732621544599533, 'blob_contrast': 0.022362351417541504, 'blob_brightness': 0.995029628276825, 'blob_response': -0.06869226694107056, 'vessel_centre': [346.0, 193.0]}]"
papilledema/papilledema_0006_EDD.jpg,papilledema,0,[]
papilledema/papilledema_0007_EDD.jpg,papilledema,4,"[{'vessel_blob_score': 0.552568091772614, 'centre': [418.0, 178.0], 'radius': 45.254833995939045, 'blob_score': 0.800824075937271, 'blob_contrast': 0.09623855352401733, 'blob_brightness': 0.9713284373283386, 'blob_response': -0.12327808141708374, 'vessel_centre': [435.0, 189.0]}, {'vessel_blob_score': -2.3345375428985653, 'centre': [349.0, 313.0], 'radius': 45.254833995939045, 'blob_score': 0.7228294730186462, 'blob_contrast': 0.04483640193939209, 'blob_brightness': 0.9477224946022034, 'blob_response': -0.07293662428855896, 'vessel_centre': [435.0, 189.0]}, {'vessel_blob_score': -1.6098751265135576, 'centre': [347.0, 309.0], 'radius': 57.01751796098172, 'blob_score': 0.7274755775928498, 'blob_contrast': 0.05600237846374512, 'blob_brightness': 0.9384718537330627, 'blob_response': -0.07271450757980347, 'vessel_centre': [435.0, 189.0]}, {'vessel_blob_score': 0.5271196535930245, 'centre': [412.0, 214.0], 'radius': 71.83757109179989, 'blob_score': 0.8003322243690489, 'blob_contrast': 0.11138284206390381, 'blob_brightness': 0.9480885863304138, 'blob_response': -0.12643685936927795, 'vessel_centre': [435.0, 189.0]}]"
papilledema/papilledema_0008_EDD.jpg,papilledema,0,[]
papilledema/papilledema_0009_EDD.jpg,papilledema,1,"[{'vessel_blob_score': -2.4870818874082627, 'centre': [214.0, 300.0], 'radius': 35.918785545899944, 'blob_score': 0.6880480945110321, 'blob_contrast': 0.032541632652282715, 'blob_brightness': 0.9237959980964661, 'blob_response': -0.04424631595611572, 'vessel_centre': [136.0, 202.0]}]"
papilledema/papilledema_0010_EDD.jpg,papilledema,0,[]
papilledema/papilledema_0011_EDD.jpg,papilledema,1,"[{'vessel_blob_score': -2.6387122637466436, 'centre': [234.0, 320.0], 'radius': 35.918785545899944, 'blob_score': 0.6610680013895034, 'blob_contrast': 0.042362868785858154, 'blob_brightness': 0.8732761144638062, 'blob_response': -0.03705926239490509, 'vessel_centre': [165.0, 209.0]}]"
papilledema/papilledema_0012_EDD.jpg,papilledema,0,[]
papilledema/papilledema_0013_EDD.jpg,papilledema,3,"[{'vessel_blob_score': -2.1817537926663655, 'centre': [240.0, 165.0], 'radius': 35.918785545899944, 'blob_score': 0.6725123763084411, 'blob_contrast': 0.039159536361694336, 'blob_brightness': 0.8943953514099121, 'blob_response': -0.03638046979904175, 'vessel_centre': [130.0, 196.0]}, {'vessel_blob_score': -3.3105281960561346, 'centre': [266.0, 270.0], 'radius': 35.918785545899944, 'blob_score': 0.6457570374011993, 'blob_contrast': 0.02290797233581543, 'blob_brightness': 0.8830640912055969, 'blob_response': -0.023521006107330322, 'vessel_centre': [130.0, 196.0]}, {'vessel_blob_score': -1.4803141437003116, 'centre': [254.0, 264.0], 'radius': 57.01751796098172, 'blob_score': 0.6540574312210082, 'blob_contrast': 0.03478860855102539, 'blob_brightness': 0.878089189529419, 'blob_response': -0.023031949996948242, 'vessel_centre': [130.0, 196.0]}]"
papilledema/papilledema_0014_EDD.jpg,papilledema,0,[]
papilledema/papilledema_0015_EDD.jpg,papilledema,1,"[{'vessel_blob_score': -3.0045950026641046, 'centre': [352.0, 319.0], 'radius': 35.918785545899944, 'blob_score': 0.7038930594921112, 'blob_contrast': 0.061893343925476074, 'blob_brightness': 0.8990823030471802, 'blob_response': -0.06321051716804504, 'vessel_centre': [441.0, 206.0]}]"
papilledema/papilledema_0016_EDD.jpg,papilledema,1,"[{'vessel_blob_score': -2.5754292212635654, 'centre': [248.0, 318.0], 'radius': 35.918785545899944, 'blob_score': 0.6805794119834899, 'blob_contrast': 0.031764864921569824, 'blob_brightness': 0.9182392358779907, 'blob_response': -0.0302354097366333, 'vessel_centre': [150.0, 235.0]}]"
papilledema/papilledema_0017_EDD.jpg,papilledema,0,[]
papilledema/papilledema_0018_EDD.jpg,papilledema,1,"[{'vessel_blob_score': -2.2239830115005437, 'centre': [177.0, 270.0], 'radius': 35.918785545899944, 'blob_score': 0.7059431493282318, 'blob_contrast': 0.030086100101470947, 'blob_brightness': 0.9499882459640503, 'blob_response': -0.054326385259628296, 'vessel_centre': [144.0, 159.0]}]"
papilledema/papilledema_0019_EDD.jpg,papilledema,0,[]
papilledema/papilledema_0020_EDD.jpg,papilledema,0,[]
papilledema/papilledema_0021_EDD.jpg,papilledema,0,[]
papilledema/papilledema_0022_EDD.jpg,papilledema,0,[]
papilledema/papilledema_0023_EDD.jpg,papilledema,0,[]
papilledema/papilledema_0024_EDD.jpg,papilledema,0,[]
papilledema/papilledema_0025_EDD.jpg,papilledema,0,[]
papilledema/papilledema_0026_EDD.jpg,papilledema,1,"[{'vessel_blob_score': -3.325670558566613, 'centre': [319.0, 160.0], 'radius': 45.254833995939045, 'blob_score': 0.6343790084123612, 'blob_contrast': 0.03796124458312988, 'blob_brightness': 0.8436383605003357, 'blob_response': -0.029354557394981384, 'vessel_centre': [134.0, 224.0]}]"
papilledema/papilledema_0027_EDD.jpg,papilledema,0,[]
papilledema/papilledema_0028_EDD.jpg,papilledema,0,[]
papilledema/papilledema_0029_EDD.jpg,papilledema,0,[]
papilledema/papilledema_0030_EDD.jpg,papilledema,0,[]
papilledema/papilledema_0031_EDD.jpg,papilledema,3,"[{'vessel_blob_score': -2.7879568795468486, 'centre': [359.0, 167.0], 'radius': 35.918785545899944, 'blob_score': 0.6403084725141525, 'blob_contrast': 0.032897233963012695, 'blob_brightness': 0.8594980239868164, 'blob_response': -0.028813108801841736, 'vessel_centre': [483.0, 223.0]}, {'vessel_blob_score': -2.3635298256375012, 'centre': [369.0, 263.0], 'radius': 35.918785545899944, 'blob_score': 0.6484067738056183, 'blob_contrast': 0.03386390209197998, 'blob_brightness': 0.8670411109924316, 'blob_response': -0.038070470094680786, 'vessel_centre': [483.0, 223.0]}, {'vessel_blob_score': -4.275699023178542, 'centre': [305.0, 288.0], 'radius': 35.918785545899944, 'blob_score': 0.6354246467351914, 'blob_contrast': 0.027295708656311035, 'blob_brightness': 0.8606281876564026, 'blob_response': -0.028446033596992493, 'vessel_centre': [483.0, 223.0]}]"
papilledema/papilledema_0032_EDD.jpg,papilledema,1,"[{'vessel_blob_score': -2.5519393169880606, 'centre': [254.0, 152.0], 'radius': 35.918785545899944, 'blob_score': 0.6693098902702331, 'blob_contrast': 0.023649096488952637, 'blob_brightness': 0.9136316776275635, 'blob_response': -0.03059309720993042, 'vessel_centre': [135.0, 198.0]}]"
papilledema/papilledema_0033_EDD.jpg,papilledema,0,[]
papilledema/papilledema_0034_EDD.jpg,papilledema,0,[]
papilledema/papilledema_0035_EDD.jpg,papilledema,0,[]
papilledema/papilledema_0036_EDD.jpg,papilledema,0,[]
papilledema/papilledema_0037_EDD.jpg,papilledema,0,[]
papilledema/papilledema_0038_EDD.jpg,papilledema,0,[]
papilledema/papilledema_0039_EDD.jpg,papilledema,2,"[{'vessel_blob_score': -1.8285134401748913, 'centre': [227.0, 287.0], 'radius': 45.254833995939045, 'blob_score': 0.7298685193061829, 'blob_contrast': 0.03577005863189697, 'blob_brightness': 0.9695509076118469, 'blob_response': -0.07706412672996521, 'vessel_centre': [135.0, 198.0]}, {'vessel_blob_score': 0.6823648078005007, 'centre': [153.0, 200.0], 'radius': 57.01751796098172, 'blob_score': 0.7659375250339507, 'blob_contrast': 0.05850154161453247, 'blob_brightness': 0.9757793545722961, 'blob_response': -0.12195217609405518, 'vessel_centre': [135.0, 198.0]}]"
papilledema/papilledema_0040_EDD.jpg,papilledema,0,[]
papilledema/papilledema_0041_EDD.jpg,papilledema,2,"[{'vessel_blob_score': -0.3653245396698783, 'centre': [349.0, 142.0], 'radius': 35.918785545899944, 'blob_score': 0.7462740242481232, 'blob_contrast': 0.03804171085357666, 'blob_brightness': 0.9921249747276306, 'blob_response': -0.06872415542602539, 'vessel_centre': [332.0, 188.0]}, {'vessel_blob_score': -2.6909518331013147, 'centre': [258.0, 298.0], 'radius': 35.918785545899944, 'blob_score': 0.7486763715744018, 'blob_contrast': 0.0361972451210022, 'blob_brightness': 0.9921859502792358, 'blob_response': -0.08974480628967285, 'vessel_centre': [332.0, 188.0]}]"
papilledema/papilledema_0042_EDD.jpg,papilledema,0,[]
papilledema/papilledema_0043_EDD.jpg,papilledema,1,"[{'vessel_blob_score': -1.983106733130747, 'centre': [207.0, 309.0], 'radius': 45.254833995939045, 'blob_score': 0.7036745846271515, 'blob_contrast': 0.05008465051651001, 'blob_brightness': 0.9263009428977966, 'blob_response': -0.02589637041091919, 'vessel_centre': [126.0, 201.0]}]"
papilledema/papilledema_0044_EDD.jpg,papilledema,1,"[{'vessel_blob_score': -1.839540153132193, 'centre': [260.0, 295.0], 'radius': 45.254833995939045, 'blob_score': 0.7575396180152892, 'blob_contrast': 0.07210147380828857, 'blob_brightness': 0.957839846611023, 'blob_response': -0.07475125789642334, 'vessel_centre': [323.0, 183.0]}]"
papilledema/papilledema_0045_EDD.jpg,papilledema,4,"[{'vessel_blob_score': -0.9798160129710027, 'centre': [143.0, 157.0], 'radius': 35.918785545899944, 'blob_score': 0.7402019262313843, 'blob_contrast': 0.031295597553253174, 'blob_brightness': 0.9916034936904907, 'blob_response': -0.07391941547393799, 'vessel_centre': [112.0, 221.0]}, {'vessel_blob_score': -1.500233337169691, 'centre': [124.0, 310.0], 'radius': 35.918785545899944, 'blob_score': 0.7393934607505799, 'blob_contrast': 0.034513235092163086, 'blob_brightness': 0.9879499673843384, 'blob_response': -0.06657624244689941, 'vessel_centre': [112.0, 221.0]}, {'vessel_blob_score': -0.9588042430268522, 'centre': [129.0, 308.0], 'radius': 45.254833995939045, 'blob_score': 0.7437446534633636, 'blob_contrast': 0.04127734899520874, 'blob_brightness': 0.9847872257232666, 'blob_response': -0.06558123230934143, 'vessel_centre': [112.0, 221.0]}, {'vessel_blob_score': 0.2858590201897385, 'centre': [129.0, 184.0], 'radius': 57.01751796098172, 'blob_score': 0.7681567192077636, 'blob_contrast': 0.057259559631347656, 'blob_brightness': 0.991847038269043, 'blob_response': -0.08302116394042969, 'vessel_centre': [112.0, 221.0]}]"
papilledema/papilledema_0046_EDD.jpg,papilledema,3,"[{'vessel_blob_score': -1.6606336812411189, 'centre': [294.0, 125.0], 'radius': 35.918785545899944, 'blob_score': 0.7253599405288695, 'blob_contrast': 0.020680725574493408, 'blob_brightness': 0.9937244057655334, 'blob_response': -0.04536065459251404, 'vessel_centre': [316.0, 218.0]}, {'vessel_blob_score': -2.6299681663077843, 'centre': [206.0, 148.0], 'radius': 35.918785545899944, 'blob_score': 0.7260674476623534, 'blob_contrast': 0.021044790744781494, 'blob_brightness': 0.995174765586853, 'blob_response': -0.04200160503387451, 'vessel_centre': [316.0, 218.0]}, {'vessel_blob_score': -2.3500233208143486, 'centre': [226.0, 340.0], 'radius': 45.254833995939045, 'blob_score': 0.7418846726417541, 'blob_contrast': 0.040673673152923584, 'blob_brightness': 0.9926482439041138, 'blob_response': -0.03178614377975464, 'vessel_centre': [316.0, 218.0]}]"
papilledema/papilledema_0047_EDD.jpg,papilledema,0,[]
papilledema/papilledema_0048_EDD.jpg,papilledema,0,[]
papilledema/papilledema_0049_EDD.jpg,papilledema,0,[]
papilledema/papilledema_0050_EDD.jpg,papilledema,0,[]
papilledema/papilledema_0051_EDD.jpg,papilledema,0,[]
papilledema/papilledema_0052_EDD.jpg,papilledema,0,[]
papilledema/papilledema_0053_EDD.jpg,papilledema,0,[]
papilledema/papilledema_0054_EDD.jpg,papilledema,0,[]
papilledema/papilledema_0055_EDD.jpg,papilledema,1,"[{'vessel_blob_score': -4.646218887737886, 'centre': [472.0, 173.0], 'radius': 35.918785545899944, 'blob_score': 0.7774203658103943, 'blob_contrast': 0.07752937078475952, 'blob_brightness': 0.9771507978439331, 'blob_response': -0.07942718267440796, 'vessel_centre': [373.0, 350.0]}]"
papilledema/papilledema_0056_EDD.jpg,papilledema,2,"[{'vessel_blob_score': -1.4532911138555868, 'centre': [361.0, 194.0], 'radius': 35.918785545899944, 'blob_score': 0.7359510838985442, 'blob_contrast': 0.02563786506652832, 'blob_brightness': 0.9919421076774597, 'blob_response': -0.07976871728897095, 'vessel_centre': [283.0, 235.0]}, {'vessel_blob_score': -0.8500950144519603, 'centre': [356.0, 194.0], 'radius': 45.254833995939045, 'blob_score': 0.733226978778839, 'blob_contrast': 0.025662779808044434, 'blob_brightness': 0.9880695343017578, 'blob_response': -0.07957762479782104, 'vessel_centre': [283.0, 235.0]}]"
papilledema/papilledema_0057_EDD.jpg,papilledema,0,[]
papilledema/papilledema_0058_EDD.jpg,papilledema,1,"[{'vessel_blob_score': -3.3702624640474736, 'centre': [298.0, 205.0], 'radius': 35.918785545899944, 'blob_score': 0.6559718340635299, 'blob_contrast': 0.030306875705718994, 'blob_brightness': 0.8883402347564697, 'blob_response': -0.019133970141410828, 'vessel_centre': [438.0, 134.0]}]"
papilledema/papilledema_0059_EDD.jpg,papilledema,1,"[{'vessel_blob_score': -2.9474081686595315, 'centre': [412.0, 263.0], 'radius': 45.254833995939045, 'blob_score': 0.7588049173355103, 'blob_contrast': 0.05055886507034302, 'blob_brightness': 0.9842890501022339, 'blob_response': -0.09621858596801758, 'vessel_centre': [346.0, 97.0]}]"
papilledema/papilledema_0060_EDD.jpg,papilledema,4,"[{'vessel_blob_score': -0.6085016913722494, 'centre': [371.0, 175.0], 'radius': 35.918785545899944, 'blob_score': 0.7370950758457183, 'blob_contrast': 0.028172731399536133, 'blob_brightness': 0.9912938475608826, 'blob_response': -0.07508325576782227, 'vessel_centre': [318.0, 198.0]}, {'vessel_blob_score': -1.4882693144456653, 'centre': [376.0, 266.0], 'radius': 35.918785545899944, 'blob_score': 0.7370455384254455, 'blob_contrast': 0.02775508165359497, 'blob_brightness': 0.9900659322738647, 'blob_response': -0.08122152090072632, 'vessel_centre': [318.0, 198.0]}, {'vessel_blob_score': -0.7712162576179116, 'centre': [370.0, 259.0], 'radius': 45.254833995939045, 'blob_score': 0.7415139019489287, 'blob_contrast': 0.03226262331008911, 'blob_brightness': 0.9902303814888, 'blob_response': -0.08045005798339844, 'vessel_centre': [318.0, 198.0]}, {'vessel_blob_score': -0.8667788517256134, 'centre': [294.0, 279.0], 'radius': 45.254833995939045, 'blob_score': 0.7388316571712493, 'blob_contrast': 0.02809274196624756, 'blob_brightness': 0.9913850426673889, 'blob_response': -0.08384692668914795, 'vessel_centre': [318.0, 198.0]}]"
papilledema/papilledema_0061_EDD.jpg,papilledema,5,"[{'vessel_blob_score': -2.222059106801986, 'centre': [365.0, 195.0], 'radius': 35.918785545899944, 'blob_score': 0.7265351772308348, 'blob_contrast': 0.0429997444152832, 'blob_brightness': 0.9587408304214478, 'blob_response': -0.06208425760269165, 'vessel_centre': [480.0, 208.0]}, {'vessel_blob_score': -2.258656920836705, 'centre': [382.0, 272.0], 'radius': 35.918785545899944, 'blob_score': 0.6967564702033996, 'blob_contrast': 0.02168351411819458, 'blob_brightness': 0.953797459602356, 'blob_response': -0.03707367181777954, 'vessel_centre': [480.0, 208.0]}, {'vessel_blob_score': -1.4647911295888743, 'centre': [369.0, 197.0], 'radius': 45.254833995939045, 'blob_score': 0.724357098340988, 'blob_contrast': 0.04490256309509277, 'blob_brightness': 0.9528721570968628, 'blob_response': -0.06222012639045715, 'vessel_centre': [480.0, 208.0]}, {'vessel_blob_score': -1.7154254098115085, 'centre': [379.0, 278.0], 'radius': 45.254833995939045, 'blob_score': 0.6933787584304809, 'blob_contrast': 0.023914992809295654, 'blob_brightness': 0.9458445906639099, 'blob_response': -0.03686276078224182, 'vessel_centre': [480.0, 208.0]}, {'vessel_blob_score': 0.6659129806973728, 'centre': [456.0, 208.0], 'radius': 71.83757109179989, 'blob_score': 0.8213802814483643, 'blob_contrast': 0.12577033042907715, 'blob_brightness': 0.9574830532073975, 'blob_response': -0.12685906887054443, 'vessel_centre': [480.0, 208.0]}]"
papilledema/papilledema_0062_EDD.jpg,papilledema,0,[]
papilledema/papilledema_0063_EDD.jpg,papilledema,0,[]
papilledema/papilledema_0064_EDD.jpg,papilledema,0,[]
papilledema/papilledema_0065_EDD.jpg,papilledema,0,[]
papilledema/papilledema_0066_EDD.jpg,papilledema,3,"[{'vessel_blob_score': -6.794021354222102, 'centre': [219.0, 271.0], 'radius': 35.918785545899944, 'blob_score': 0.7006573498249054, 'blob_contrast': 0.036666154861450195, 'blob_brightness': 0.9359409213066101, 'blob_response': -0.044162750244140625, 'vessel_centre': [492.0, 209.0]}, {'vessel_blob_score': -5.214430032191205, 'centre': [216.0, 263.0], 'radius': 45.254833995939045, 'blob_score': 0.7053397446870804, 'blob_contrast': 0.044619202613830566, 'blob_brightness': 0.9314973950386047, 'blob_response': -0.04336182773113251, 'vessel_centre': [492.0, 209.0]}, {'vessel_blob_score': -3.958178372211517, 'centre': [212.0, 248.0], 'radius': 57.01751796098172, 'blob_score': 0.7105011910200119, 'blob_contrast': 0.05369371175765991, 'blob_brightness': 0.9259989857673645, 'blob_response': -0.04304094612598419, 'vessel_centre': [492.0, 209.0]}]"
papilledema/papilledema_0067_EDD.jpg,papilledema,0,[]
papilledema/papilledema_0068_EDD.jpg,papilledema,0,[]
papilledema/papilledema_0069_EDD.jpg,papilledema,0,[]
papilledema/papilledema_0070_EDD.jpg,papilledema,0,[]
papilledema/papilledema_0071_EDD.jpg,papilledema,0,[]
papilledema/papilledema_0072_EDD.jpg,papilledema,0,[]
papilledema/papilledema_0073_EDD.jpg,papilledema,0,[]
papilledema/papilledema_0074_EDD.jpg,papilledema,0,[]
papilledema/papilledema_0075_EDD.jpg,papilledema,1,"[{'vessel_blob_score': -3.528012454749069, 'centre': [261.0, 317.0], 'radius': 35.918785545899944, 'blob_score': 0.6598144441843032, 'blob_contrast': 0.0312345027923584, 'blob_brightness': 0.8869063258171082, 'blob_response': -0.038727566599845886, 'vessel_centre': [147.0, 201.0]}]"
papilledema/papilledema_0076_EDD.jpg,papilledema,4,"[{'vessel_blob_score': 0.8217332757743043, 'centre': [292.0, 248.0], 'radius': 35.918785545899944, 'blob_score': 0.7382649958133697, 'blob_contrast': 0.037081003189086914, 'blob_brightness': 0.9775455594062805, 'blob_response': -0.08451050519943237, 'vessel_centre': [288.0, 243.0]}, {'vessel_blob_score': -0.6447121708675958, 'centre': [250.0, 179.0], 'radius': 45.254833995939045, 'blob_score': 0.7516937911510467, 'blob_contrast': 0.05357426404953003, 'blob_brightness': 0.9743818640708923, 'blob_response': -0.08026111125946045, 'vessel_centre': [288.0, 243.0]}, {'vessel_blob_score': 0.8023576462394764, 'centre': [280.0, 247.0], 'radius': 45.254833995939045, 'blob_score': 0.7466984510421752, 'blob_contrast': 0.045395612716674805, 'blob_brightness': 0.9768781661987305, 'blob_response': -0.0874406099319458, 'vessel_centre': [288.0, 243.0]}, {'vessel_blob_score': 0.7003025017271229, 'centre': [272.0, 237.0], 'radius': 57.01751796098172, 'blob_score': 0.7459187626838684, 'blob_contrast': 0.04871070384979248, 'blob_brightness': 0.9720513820648193, 'blob_response': -0.08386045694351196, 'vessel_centre': [288.0, 243.0]}]"
papilledema/papilledema_0077_EDD.jpg,papilledema,0,[]
papilledema/papilledema_0078_EDD.jpg,papilledema,3,"[{'vessel_blob_score': -1.3473757453514383, 'centre': [391.0, 169.0], 'radius': 35.918785545899944, 'blob_score': 0.7322317063808441, 'blob_contrast': 0.02506619691848755, 'blob_brightness': 0.9948670864105225, 'blob_response': -0.053792744874954224, 'vessel_centre': [344.0, 239.0]}, {'vessel_blob_score': -2.4243919478519285, 'centre': [221.0, 239.0], 'radius': 35.918785545899944, 'blob_score': 0.7431929707527161, 'blob_contrast': 0.032676100730895996, 'blob_brightness': 0.9944800138473511, 'blob_response': -0.07190430164337158, 'vessel_centre': [344.0, 239.0]}, {'vessel_blob_score': -0.0946697084852639, 'centre': [383.0, 244.0], 'radius': 35.918785545899944, 'blob_score': 0.726802134513855, 'blob_contrast': 0.018307924270629883, 'blob_brightness': 0.9945845603942871, 'blob_response': -0.061425089836120605, 'vessel_centre': [344.0, 239.0]}]"
papilledema/papilledema_0079_EDD.jpg,papilledema,0,[]
papilledema/papilledema_0080_EDD.jpg,papilledema,0,[]
papilledema/papilledema_0081_EDD.jpg,papilledema,1,"[{'vessel_blob_score': -2.4380586224018628, 'centre': [226.0, 325.0], 'radius': 35.918785545899944, 'blob_score': 0.5996563732624054, 'blob_contrast': 0.026790082454681396, 'blob_brightness': 0.813014805316925, 'blob_response': -0.018779635429382324, 'vessel_centre': [161.0, 220.0]}]"
papilledema/papilledema_0082_EDD.jpg,papilledema,0,[]
papilledema/papilledema_0083_EDD.jpg,papilledema,1,"[{'vessel_blob_score': -0.9612526345967622, 'centre': [345.0, 268.0], 'radius': 57.01751796098172, 'blob_score': 0.6724332273006439, 'blob_contrast': 0.06428050994873047, 'blob_brightness': 0.8550894260406494, 'blob_response': -0.04795059561729431, 'vessel_centre': [414.0, 180.0]}]"
papilledema/papilledema_0084_EDD.jpg,papilledema,0,[]
papilledema/papilledema_0085_EDD.jpg,papilledema,0,[]
papilledema/papilledema_0086_EDD.jpg,papilledema,1,"[{'vessel_blob_score': -1.6884550274045287, 'centre': [221.0, 311.0], 'radius': 35.918785545899944, 'blob_score': 0.6309871375560759, 'blob_contrast': 0.026546359062194824, 'blob_brightness': 0.8575667142868042, 'blob_response': -0.02072039246559143, 'vessel_centre': [170.0, 229.0]}]"
papilledema/papilledema_0087_EDD.jpg,papilledema,0,[]
papilledema/papilledema_0088_EDD.jpg,papilledema,1,"[{'vessel_blob_score': -3.7740718140907905, 'centre': [267.0, 323.0], 'radius': 35.918785545899944, 'blob_score': 0.6311487600207328, 'blob_contrast': 0.02384728193283081, 'blob_brightness': 0.861066460609436, 'blob_response': -0.022774778306484222, 'vessel_centre': [160.0, 189.0]}]"
papilledema/papilledema_0089_EDD.jpg,papilledema,0,[]
papilledema/papilledema_0090_EDD.jpg,papilledema,0,[]
papilledema/papilledema_0091_EDD.jpg,papilledema,0,[]
papilledema/papilledema_0092_EDD.jpg,papilledema,1,"[{'vessel_blob_score': -2.1401909046343897, 'centre': [272.0, 197.0], 'radius': 35.918785545899944, 'blob_score': 0.6571025699377059, 'blob_contrast': 0.04378354549407959, 'blob_brightness': 0.8657958507537842, 'blob_response': -0.03630964457988739, 'vessel_centre': [163.0, 226.0]}]"
papilledema/papilledema_0093_EDD.jpg,papilledema,0,[]
papilledema/papilledema_0094_EDD.jpg,papilledema,0,[]
papilledema/papilledema_0095_EDD.jpg,papilledema,0,[]
papilledema/papilledema_0096_EDD.jpg,papilledema,2,"[{'vessel_blob_score': -2.3627231822978976, 'centre': [315.0, 180.0], 'radius': 35.918785545899944, 'blob_score': 0.6504670798778533, 'blob_contrast': 0.04173851013183594, 'blob_brightness': 0.8601239919662476, 'blob_response': -0.033208876848220825, 'vessel_centre': [432.0, 210.0]}, {'vessel_blob_score': -1.75822754167292, 'centre': [334.0, 333.0], 'radius': 57.01751796098172, 'blob_score': 0.646872118115425, 'blob_contrast': 0.05407238006591797, 'blob_brightness': 0.8417786359786987, 'blob_response': -0.01777346432209015, 'vessel_centre': [432.0, 210.0]}]"
papilledema/papilledema_0097_EDD.jpg,papilledema,2,"[{'vessel_blob_score': -5.8295173674487675, 'centre': [214.0, 298.0], 'radius': 35.918785545899944, 'blob_score': 0.7077861815690994, 'blob_contrast': 0.03738671541213989, 'blob_brightness': 0.9460094571113586, 'blob_response': -0.04096423089504242, 'vessel_centre': [438.0, 198.0]}, {'vessel_blob_score': -2.033826224835562, 'centre': [345.0, 299.0], 'radius': 45.254833995939045, 'blob_score': 0.7425376296043396, 'blob_contrast': 0.04178816080093384, 'blob_brightness': 0.9715749621391296, 'blob_response': -0.10323497653007507, 'vessel_centre': [438.0, 198.0]}]"
papilledema/papilledema_0098_EDD.jpg,papilledema,6,"[{'vessel_blob_score': -1.610639425119162, 'centre': [224.0, 236.0], 'radius': 35.918785545899944, 'blob_score': 0.7375609517097472, 'blob_contrast': 0.02881985902786255, 'blob_brightness': 0.9934921264648438, 'blob_response': -0.0664830207824707, 'vessel_centre': [317.0, 224.0]}, {'vessel_blob_score': 0.0020014286935797765, 'centre': [348.0, 242.0], 'radius': 35.918785545899944, 'blob_score': 0.7409730434417724, 'blob_contrast': 0.03278070688247681, 'blob_brightness': 0.991997241973877, 'blob_response': -0.06897133588790894, 'vessel_centre': [317.0, 224.0]}, {'vessel_blob_score': -1.4501296549212777, 'centre': [316.0, 312.0], 'radius': 35.918785545899944, 'blob_score': 0.7353001296520233, 'blob_contrast': 0.027059614658355713, 'blob_brightness': 0.9921075701713562, 'blob_response': -0.06882607936859131, 'vessel_centre': [317.0, 224.0]}, {'vessel_blob_score': -2.861018402158784, 'centre': [230.0, 332.0], 'radius': 35.918785545899944, 'blob_score': 0.7331755638122558, 'blob_contrast': 0.02299731969833374, 'blob_brightness': 0.9910722970962524, 'blob_response': -0.08213818073272705, 'vessel_centre': [317.0, 224.0]}, {'vessel_blob_score': -0.7690094774336287, 'centre': [314.0, 304.0], 'radius': 45.254833995939045, 'blob_score': 0.740186321735382, 'blob_contrast': 0.032574474811553955, 'blob_brightness': 0.9915589094161987, 'blob_response': -0.06760305166244507, 'vessel_centre': [317.0, 224.0]}, {'vessel_blob_score': -1.8480393475161119, 'centre': [231.0, 320.0], 'radius': 45.254833995939045, 'blob_score': 0.7387248277664183, 'blob_contrast': 0.02869957685470581, 'blob_brightness': 0.9909917116165161, 'blob_response': -0.08165526390075684, 'vessel_centre': [317.0, 224.0]}]"
papilledema/papilledema_0099_EDD.jpg,papilledema,0,[]
papilledema/papilledema_0100_EDD.jpg,papilledema,1,"[{'vessel_blob_score': 0.3821522447407647, 'centre': [322.0, 200.0], 'radius': 71.83757109179989, 'blob_score': 0.7610976636409759, 'blob_contrast': 0.07990306615829468, 'blob_brightness': 0.9355366826057434, 'blob_response': -0.13159459829330444, 'vessel_centre': [279.0, 211.0]}]"
papilledema/papilledema_0101_EDD.jpg,papilledema,4,"[{'vessel_blob_score': -1.6896080048467912, 'centre': [211.0, 267.0], 'radius': 35.918785545899944, 'blob_score': 0.7962167501449584, 'blob_contrast': 0.09193652868270874, 'blob_brightness': 0.9791566133499146, 'blob_response': -0.09435296058654785, 'vessel_centre': [154.0, 189.0]}, {'vessel_blob_score': -1.0828775543103824, 'centre': [216.0, 260.0], 'radius': 45.254833995939045, 'blob_score': 0.7810231983661652, 'blob_contrast': 0.08266770839691162, 'blob_brightness': 0.9715034365653992, 'blob_response': -0.0915154218673706, 'vessel_centre': [154.0, 189.0]}, {'vessel_blob_score': 0.4977746638121169, 'centre': [182.0, 183.0], 'radius': 57.01751796098172, 'blob_score': 0.7879671156406401, 'blob_contrast': 0.08706337213516235, 'blob_brightness': 0.9692798256874084, 'blob_response': -0.11203932762145996, 'vessel_centre': [154.0, 189.0]}, {'vessel_blob_score': 0.2623907655048645, 'centre': [218.0, 208.0], 'radius': 90.50966799187809, 'blob_score': 0.7937774062156677, 'blob_contrast': 0.10562622547149658, 'blob_brightness': 0.9441223740577698, 'blob_response': -0.1363275945186615, 'vessel_centre': [154.0, 189.0]}]"
papilledema/papilledema_0102_EDD.jpg,papilledema,1,"[{'vessel_blob_score': -1.728609994117884, 'centre': [271.0, 174.0], 'radius': 45.254833995939045, 'blob_score': 0.7083268046379089, 'blob_contrast': 0.0447046160697937, 'blob_brightness': 0.9303938746452332, 'blob_response': -0.06173238158226013, 'vessel_centre': [159.0, 226.0]}]"
papilledema/papilledema_0103_EDD.jpg,papilledema,0,[]
papilledema/papilledema_0104_EDD.jpg,papilledema,2,"[{'vessel_blob_score': -3.455363524034997, 'centre': [313.0, 315.0], 'radius': 35.918785545899944, 'blob_score': 0.6857401967048644, 'blob_contrast': 0.03657960891723633, 'blob_brightness': 0.9131033420562744, 'blob_response': -0.04994124174118042, 'vessel_centre': [432.0, 208.0]}, {'vessel_blob_score': -1.4198639345287543, 'centre': [338.0, 309.0], 'radius': 57.01751796098172, 'blob_score': 0.7168429195880889, 'blob_contrast': 0.06642264127731323, 'blob_brightness': 0.9127829670906067, 'blob_response': -0.05736100673675537, 'vessel_centre': [432.0, 208.0]}]"
papilledema/papilledema_0105_EDD.jpg,papilledema,1,"[{'vessel_blob_score': 0.8823483698976526, 'centre': [329.0, 252.0], 'radius': 57.01751796098172, 'blob_score': 0.7711252868175507, 'blob_contrast': 0.0875861644744873, 'blob_brightness': 0.9403628706932068, 'blob_response': -0.12642556428909302, 'vessel_centre': [335.0, 255.0]}]"
papilledema/papilledema_0106_EDD.jpg,papilledema,1,"[{'vessel_blob_score': -2.3110403976930534, 'centre': [347.0, 164.0], 'radius': 35.918785545899944, 'blob_score': 0.7251863479614257, 'blob_contrast': 0.04189717769622803, 'blob_brightness': 0.9585153460502625, 'blob_response': -0.06164214015007019, 'vessel_centre': [459.0, 204.0]}]"
papilledema/papilledema_0107_EDD.jpg,papilledema,0,[]
papilledema/papilledema_0108_EDD.jpg,papilledema,0,[]
papilledema/papilledema_0109_EDD.jpg,papilledema,0,[]
papilledema/papilledema_0110_EDD.jpg,papilledema,1,"[{'vessel_blob_score': 0.6695349438740723, 'centre': [464.0, 72.0], 'radius': 362.03867196751236, 'blob_score': 0.5674315862357615, 'blob_contrast': 0.06575953960418701, 'blob_brightness': 0.7136474251747131, 'blob_response': -0.010594245046377182, 'vessel_centre': [431.0, 187.0]}]"
papilledema/papilledema_0111_EDD.jpg,papilledema,0,[]
papilledema/papilledema_0112_EDD.jpg,papilledema,1,"[{'vessel_blob_score': -2.1083112276415656, 'centre': [236.0, 283.0], 'radius': 35.918785545899944, 'blob_score': 0.6986127793788909, 'blob_contrast': 0.03771442174911499, 'blob_brightness': 0.9281520247459412, 'blob_response': -0.05595970153808594, 'vessel_centre': [140.0, 226.0]}]"
papilledema/papilledema_0113_EDD.jpg,papilledema,0,[]
papilledema/papilledema_0114_EDD.jpg,papilledema,0,[]
papilledema/papilledema_0115_EDD.jpg,papilledema,0,[]
papilledema/papilledema_0116_EDD.jpg,papilledema,0,[]
papilledema/papilledema_0117_EDD.jpg,papilledema,1,"[{'vessel_blob_score': -3.383013591255315, 'centre': [380.0, 331.0], 'radius': 35.918785545899944, 'blob_score': 0.6350716512650251, 'blob_contrast': 0.02502274513244629, 'blob_brightness': 0.87079918384552, 'blob_response': -0.0024473872035741806, 'vessel_centre': [504.0, 234.0]}]"
papilledema/papilledema_0118_EDD.jpg,papilledema,0,[]
papilledema/papilledema_0119_EDD.jpg,papilledema,0,[]
papilledema/papilledema_0120_EDD.jpg,papilledema,1,"[{'vessel_blob_score': -2.539697997928086, 'centre': [342.0, 181.0], 'radius': 35.918785545899944, 'blob_score': 0.6710073709487915, 'blob_contrast': 0.0532497763633728, 'blob_brightness': 0.8693507313728333, 'blob_response': -0.046060413122177124, 'vessel_centre': [469.0, 187.0]}]"
papilledema/papilledema_0121_EDD.jpg,papilledema,1,"[{'vessel_blob_score': -1.477812059827818, 'centre': [210.0, 295.0], 'radius': 35.918785545899944, 'blob_score': 0.6337110459804535, 'blob_contrast': 0.0313572883605957, 'blob_brightness': 0.8519518971443176, 'blob_response': -0.029937148094177246, 'vessel_centre': [249.0, 215.0]}]"
papilledema/papilledema_0122_EDD.jpg,papilledema,0,[]
papilledema/papilledema_0123_EDD.jpg,papilledema,0,[]
papilledema/papilledema_0124_EDD.jpg,papilledema,0,[]
papilledema/papilledema_0125_EDD.jpg,papilledema,0,[]
papilledema/papilledema_0126_EDD.jpg,papilledema,2,"[{'vessel_blob_score': -2.877744769345081, 'centre': [210.0, 314.0], 'radius': 35.918785545899944, 'blob_score': 0.6345162242650986, 'blob_contrast': 0.03650182485580444, 'blob_brightness': 0.8481414914131165, 'blob_response': -0.02157677710056305, 'vessel_centre': [136.0, 196.0]}, {'vessel_blob_score': -2.3199356403776865, 'centre': [229.0, 314.0], 'radius': 45.254833995939045, 'blob_score': 0.647892764210701, 'blob_contrast': 0.0508541464805603, 'blob_brightness': 0.8457666635513306, 'blob_response': -0.025009766221046448, 'vessel_centre': [136.0, 196.0]}]"
papilledema/papilledema_0127_EDD.jpg,papilledema,0,[]
papilledema/papilledema_0128_IFD.jpg,papilledema,0,[]
papilledema/papilledema_0129_IFD.jpg,papilledema,1,"[{'vessel_blob_score': -2.6527092898627997, 'centre': [291.0, 179.0], 'radius': 45.254833995939045, 'blob_score': 0.5211782157421112, 'blob_contrast': 0.03986912965774536, 'blob_brightness': 0.6779592037200928, 'blob_response': -0.03368821740150452, 'vessel_centre': [153.0, 270.0]}]"
papilledema/papilledema_0130_IFD.jpg,papilledema,0,[]
papilledema/papilledema_0131_IFD.jpg,papilledema,1,"[{'vessel_blob_score': -3.8067558026946093, 'centre': [332.0, 167.0], 'radius': 35.918785545899944, 'blob_score': 0.4874967634677887, 'blob_contrast': 0.031049489974975586, 'blob_brightness': 0.6443853974342346, 'blob_response': -0.026887476444244385, 'vessel_centre': [485.0, 247.0]}]"
papilledema/papilledema_0132_IFD.jpg,papilledema,0,[]
papilledema/papilledema_0133_IFD.jpg,papilledema,0,[]
papilledema/papilledema_0134_IFD.jpg,papilledema,0,[]
papilledema/papilledema_0135_IFD.jpg,papilledema,0,[]
papilledema/papilledema_0136_IFD.jpg,papilledema,0,[]
papilledema/papilledema_0137_IFD.jpg,papilledema,3,"[{'vessel_blob_score': -0.12608197124666898, 'centre': [132.0, 267.0], 'radius': 35.918785545899944, 'blob_score': 0.5593409836292267, 'blob_contrast': 0.055199623107910156, 'blob_brightness': 0.6929343342781067, 'blob_response': -0.09543663263320923, 'vessel_centre': [126.0, 307.0]}, {'vessel_blob_score': -1.8658141295275934, 'centre': [242.0, 249.0], 'radius': 45.254833995939045, 'blob_score': 0.4941923320293426, 'blob_contrast': 0.029688775539398193, 'blob_brightness': 0.6550381779670715, 'blob_response': -0.029884159564971924, 'vessel_centre': [126.0, 307.0]}, {'vessel_blob_score': -1.3722155231054693, 'centre': [246.0, 186.0], 'radius': 71.83757109179989, 'blob_score': 0.520475122332573, 'blob_contrast': 0.05199611186981201, 'blob_brightness': 0.6560602188110352, 'blob_response': -0.04618428647518158, 'vessel_centre': [126.0, 307.0]}]"
papilledema/papilledema_0138_IFD.jpg,papilledema,2,"[{'vessel_blob_score': -3.269372209412058, 'centre': [489.0, 295.0], 'radius': 45.254833995939045, 'blob_score': 0.6027124464511872, 'blob_contrast': 0.08410406112670898, 'blob_brightness': 0.7063990235328674, 'blob_response': -0.12064534425735474, 'vessel_centre': [366.0, 146.0]}, {'vessel_blob_score': 0.07693650390430162, 'centre': [379.0, 197.0], 'radius': 57.01751796098172, 'blob_score': 0.5402467668056489, 'blob_contrast': 0.05350673198699951, 'blob_brightness': 0.6745197772979736, 'blob_response': -0.07288095355033875, 'vessel_centre': [366.0, 146.0]}]"
papilledema/papilledema_0139_IFD.jpg,papilledema,1,"[{'vessel_blob_score': -4.578408493952376, 'centre': [353.0, 204.0], 'radius': 35.918785545899944, 'blob_score': 0.5895639359951019, 'blob_contrast': 0.020735502243041992, 'blob_brightness': 0.7942381501197815, 'blob_response': -0.06430864334106445, 'vessel_centre': [531.0, 296.0]}]"
papilledema/papilledema_0140_IFD.jpg,papilledema,0,[]
papilledema/papilledema_0141_PPE.jpg,papilledema,0,[]
papilledema/papilledema_0142_PPE.jpg,papilledema,0,[]
papilledema/papilledema_0143_PPE.jpg,papilledema,0,[]
papilledema/papilledema_0144_PPE.jpg,papilledema,0,[]
papilledema/papilledema_0145_PPE.jpg,papilledema,0,[]
papilledema/papilledema_0146_PPE.jpg,papilledema,0,[]
papilledema/papilledema_0147_PPE.jpg,papilledema,0,[]
papilledema/papilledema_0148_PPE.jpg,papilledema,0,[]
papilledema/papilledema_0149_PPE.jpg,papilledema,0,[]
papilledema/papilledema_0150_PPE.jpg,papilledema,0,[]
papilledema/papilledema_0151_PPE.jpg,papilledema,1,"[{'vessel_blob_score': -1.9633173977824243, 'centre': [7.0, 100.0], 'radius': 45.254833995939045, 'blob_score': 0.581837722659111, 'blob_contrast': 0.024330317974090576, 'blob_brightness': 0.7937860488891602, 'blob_response': -0.009285852313041687, 'vessel_centre': [135.0, 140.0]}]"
papilledema/papilledema_0152_PPE.jpg,papilledema,0,[]
papilledema/papilledema_0153_PPE.jpg,papilledema,0,[]
papilledema/papilledema_0154_PPE.jpg,papilledema,0,[]
papilledema/papilledema_0155_PPE.jpg,papilledema,0,[]
papilledema/papilledema_0156_PPE.jpg,papilledema,0,[]
papilledema/papilledema_0157_PPE.jpg,papilledema,0,[]
papilledema/papilledema_0158_PPE.jpg,papilledema,0,[]
papilledema/papilledema_0159_PPE.jpg,papilledema,0,[]
papilledema/papilledema_0160_PPE.jpg,papilledema,0,[]
papilledema/papilledema_0161_PPE.jpg,papilledema,0,[]
papilledema/papilledema_0162_PPE.jpg,papilledema,0,[]
papilledema/papilledema_0163_PPE.jpg,papilledema,0,[]
papilledema/papilledema_0164_PPE.jpg,papilledema,0,[]
papilledema/papilledema_0165_PPE.jpg,papilledema,0,[]
papilledema/papilledema_0166_PPE.jpg,papilledema,0,[]
papilledema/papilledema_0167_PPE.jpg,papilledema,0,[]
papilledema/papilledema_0168_PPE.jpg,papilledema,0,[]
papilledema/papilledema_0169_PPE.jpg,papilledema,0,[]
papilledema/papilledema_0170_PPE.jpg,papilledema,0,[]
papilledema/papilledema_0171_PPE.jpg,papilledema,0,[]
papilledema/papilledema_0172_PPE.jpg,papilledema,0,[]
papilledema/papilledema_0173_PPE.jpg,papilledema,0,[]
papilledema/papilledema_0174_PPE.jpg,papilledema,0,[]
papilledema/papilledema_0175_PPE.jpg,papilledema,1,"[{'vessel_blob_score': -0.8149840831538921, 'centre': [80.0, 140.0], 'radius': 35.918785545899944, 'blob_score': 0.7304710209369659, 'blob_contrast': 0.03334212303161621, 'blob_brightness': 0.9886804819107056, 'blob_response': -0.025262802839279175, 'vessel_centre': [145.0, 145.0]}]"
papilledema/papilledema_0176_PPE.jpg,papilledema,0,[]
papilledema/papilledema_0177_PPE.jpg,papilledema,1,"[{'vessel_blob_score': 0.893317654857218, 'centre': [86.0, 107.0], 'radius': 57.01751796098172, 'blob_score': 0.4166892290115356, 'blob_contrast': 0.11370441317558289, 'blob_brightness': 0.4224171042442322, 'blob_response': -0.03646421432495117, 'vessel_centre': [80.0, 108.0]}]"
papilledema/papilledema_0178_PPE.jpg,papilledema,0,[]
papilledema/papilledema_0179_PPE.jpg,papilledema,0,[]
papilledema/papilledema_0180_PPE.jpg,papilledema,0,[]
papilledema/papilledema_0181_PPE.jpg,papilledema,0,[]
papilledema/papilledema_0182_PPE.jpg,papilledema,0,[]
papilledema/papilledema_0183_PPE.jpg,papilledema,0,[]
papilledema/papilledema_0184_PPE.jpg,papilledema,0,[]
papilledema/papilledema_0185_PPE.jpg,papilledema,0,[]
papilledema/papilledema_0186_PPE.jpg,papilledema,0,[]
papilledema/papilledema_0187_PPE.jpg,papilledema,0,[]
papilledema/papilledema_0188_PPE.jpg,papilledema,0,[]
papilledema/papilledema_0189_PPE.jpg,papilledema,0,[]
papilledema/papilledema_0190_PPE.jpg,papilledema,0,[]
papilledema/papilledema_0191_PPE.jpg,papilledema,0,[]
papilledema/papilledema_0192_PPE.jpg,papilledema,0,[]
papilledema/papilledema_0193_PPE.jpg,papilledema,0,[]
papilledema/papilledema_0194_PPE.jpg,papilledema,0,[]
papilledema/papilledema_0195_PPE.jpg,papilledema,0,[]
papilledema/papilledema_0196_PPE.jpg,papilledema,0,[]
papilledema/papilledema_0197_PPE.jpg,papilledema,0,[]
papilledema/papilledema_0198_PPE.jpg,papilledema,0,[]
papilledema/papilledema_0199_PPE.jpg,papilledema,0,[]
papilledema/papilledema_0200_PPE.jpg,papilledema,0,[]
papilledema/papilledema_0201_PPE.jpg,papilledema,1,"[{'vessel_blob_score': -0.022170403129417426, 'centre': [146.0, 134.0], 'radius': 35.918785545899944, 'blob_score': 0.7370728552341461, 'blob_contrast': 0.11359679698944092, 'blob_brightness': 0.8592367172241211, 'blob_response': -0.11005178093910217, 'vessel_centre': [128.0, 102.0]}]"
papilledema/papilledema_0202_PPE.jpg,papilledema,0,[]
papilledema/papilledema_0203_PPE.jpg,papilledema,0,[]
papilledema/papilledema_0204_PPE.jpg,papilledema,0,[]
papilledema/papilledema_0205_PPE.jpg,papilledema,0,[]
papilledema/papilledema_0206_PPE.jpg,papilledema,0,[]
papilledema/papilledema_0207_PPE.jpg,papilledema,0,[]
papilledema/papilledema_0208_PPE.jpg,papilledema,0,[]
papilledema/papilledema_0209_PPE.jpg,papilledema,0,[]
papilledema/papilledema_0210_PPE.jpg,papilledema,0,[]
papilledema/papilledema_0211_PPE.jpg,papilledema,0,[]
papilledema/papilledema_0212_PPE.jpg,papilledema,0,[]
papilledema/papilledema_0213_PPE.jpg,papilledema,0,[]
papilledema/papilledema_0214_PPE.jpg,papilledema,0,[]
papilledema/papilledema_0215_PPE.jpg,papilledema,0,[]
papilledema/papilledema_0216_PPE.jpg,papilledema,0,[]
papilledema/papilledema_0217_PPE.jpg,papilledema,0,[]
papilledema/papilledema_0218_PPE.jpg,papilledema,1,"[{'vessel_blob_score': -0.059406508392501056, 'centre': [118.0, 89.0], 'radius': 35.918785545899944, 'blob_score': 0.7251806497573853, 'blob_contrast': 0.07448375225067139, 'blob_brightness': 0.8940963745117188, 'blob_response': -0.12414717674255371, 'vessel_centre': [80.0, 87.0]}]"
papilledema/papilledema_0219_PPE.jpg,papilledema,0,[]
papilledema/papilledema_0220_PPE.jpg,papilledema,0,[]
papilledema/papilledema_0221_PPE.jpg,papilledema,0,[]
papilledema/papilledema_0222_PPE.jpg,papilledema,1,"[{'vessel_blob_score': -0.0601378902596601, 'centre': [49.0, 141.0], 'radius': 35.918785545899944, 'blob_score': 0.39181779623031615, 'blob_contrast': 0.05632951855659485, 'blob_brightness': 0.47312718629837036, 'blob_response': -0.021496236324310303, 'vessel_centre': [82.0, 160.0]}]"
papilledema/papilledema_0223_PPE.jpg,papilledema,0,[]
papilledema/papilledema_0224_PPE.jpg,papilledema,1,"[{'vessel_blob_score': -2.2307076556009937, 'centre': [165.0, 50.0], 'radius': 35.918785545899944, 'blob_score': 0.6140164256095886, 'blob_contrast': 0.0444219708442688, 'blob_brightness': 0.8097076416015625, 'blob_response': -0.013995528221130371, 'vessel_centre': [80.0, 129.0]}]"
papilledema/papilledema_0225_PPE.jpg,papilledema,0,[]
papilledema/papilledema_0226_PPE.jpg,papilledema,0,[]
papilledema/papilledema_0227_PPE.jpg,papilledema,1,"[{'vessel_blob_score': -2.8853329274459885, 'centre': [32.0, 193.0], 'radius': 35.918785545899944, 'blob_score': 0.7411873519420623, 'blob_contrast': 0.061900317668914795, 'blob_brightness': 0.9643052220344543, 'blob_response': -0.021366894245147705, 'vessel_centre': [158.0, 133.0]}]"
papilledema/papilledema_0228_PPE.jpg,papilledema,0,[]
papilledema/papilledema_0229_PPE.jpg,papilledema,0,[]
papilledema/papilledema_0230_PPE.jpg,papilledema,0,[]
papilledema/papilledema_0231_PPE.jpg,papilledema,0,[]
papilledema/papilledema_0232_PPE.jpg,papilledema,0,[]
papilledema/papilledema_0233_PPE.jpg,papilledema,0,[]
papilledema/papilledema_0234_PPE.jpg,papilledema,0,[]
papilledema/papilledema_0235_PPE.jpg,papilledema,0,[]
papilledema/papilledema_0236_PPE.jpg,papilledema,0,[]
papilledema/papilledema_0237_PPE.jpg,papilledema,0,[]
papilledema/papilledema_0238_PPE.jpg,papilledema,0,[]
papilledema/papilledema_0239_PPE.jpg,papilledema,0,[]
papilledema/papilledema_0240_PPE.jpg,papilledema,0,[]
papilledema/papilledema_0241_PPE.jpg,papilledema,0,[]
papilledema/papilledema_0242_PPE.jpg,papilledema,0,[]
papilledema/papilledema_0243_PPE.jpg,papilledema,0,[]
papilledema/papilledema_0244_PPE.jpg,papilledema,0,[]
papilledema/papilledema_0245_PPE.jpg,papilledema,0,[]
papilledema/papilledema_0246_PPE.jpg,papilledema,0,[]
papilledema/papilledema_0247_PPE.jpg,papilledema,0,[]
papilledema/papilledema_0248_PPE.jpg,papilledema,0,[]
papilledema/papilledema_0249_PPE.jpg,papilledema,0,[]
papilledema/papilledema_0250_PPE.jpg,papilledema,0,[]
papilledema/papilledema_0251_PPE.jpg,papilledema,3,"[{'vessel_blob_score': 0.08421824661185384, 'centre': [190.0, 170.0], 'radius': 35.918785545899944, 'blob_score': 0.6898743569850921, 'blob_contrast': 0.044940412044525146, 'blob_brightness': 0.9158048033714294, 'blob_response': -0.01935291290283203, 'vessel_centre': [179.0, 139.0]}, {'vessel_blob_score': -3.4636194346564366, 'centre': [47.0, 230.0], 'radius': 35.918785545899944, 'blob_score': 0.6508893013000489, 'blob_contrast': 0.03194230794906616, 'blob_brightness': 0.8816295862197876, 'blob_response': -0.009031414985656738, 'vessel_centre': [179.0, 139.0]}, {'vessel_blob_score': 0.7260403484679439, 'centre': [167.0, 149.0], 'radius': 57.01751796098172, 'blob_score': 0.7543390393257141, 'blob_contrast': 0.10031020641326904, 'blob_brightness': 0.9275012016296387, 'blob_response': -0.02388995885848999, 'vessel_centre': [179.0, 139.0]}]"
papilledema/papilledema_0252_PPE.jpg,papilledema,0,[]
papilledema/papilledema_0253_PPE.jpg,papilledema,1,"[{'vessel_blob_score': -2.1749254636340742, 'centre': [52.0, 132.0], 'radius': 35.918785545899944, 'blob_score': 0.6885586678981781, 'blob_contrast': 0.022589564323425293, 'blob_brightness': 0.9489092230796814, 'blob_response': -0.00866323709487915, 'vessel_centre': [166.0, 129.0]}]"
papilledema/papilledema_0254_PPE.jpg,papilledema,1,"[{'vessel_blob_score': 0.5994998244382408, 'centre': [188.0, 208.0], 'radius': 181.01933598375618, 'blob_score': 0.609719243645668, 'blob_contrast': 0.03423792123794556, 'blob_brightness': 0.8195878267288208, 'blob_response': -0.008849218487739563, 'vessel_centre': [158.0, 142.0]}]"
papilledema/papilledema_0255_PPE.jpg,papilledema,0,[]
papilledema/papilledema_0256_PPE.jpg,papilledema,0,[]
papilledema/papilledema_0257_PPE.jpg,papilledema,0,[]
papilledema/papilledema_0258_PPE.jpg,papilledema,0,[]
papilledema/papilledema_0259_PPE.jpg,papilledema,1,"[{'vessel_blob_score': 0.40060500345424577, 'centre': [164.0, 110.0], 'radius': 57.01751796098172, 'blob_score': 0.5776862680912018, 'blob_contrast': 0.10673844814300537, 'blob_brightness': 0.6641333699226379, 'blob_response': -0.030272305011749268, 'vessel_centre': [196.0, 122.0]}]"
papilledema/papilledema_0260_PPE.jpg,papilledema,0,[]
papilledema/papilledema_0261_PPE.jpg,papilledema,0,[]
papilledema/papilledema_0262_PPE.jpg,papilledema,0,[]
papilledema/papilledema_0263_PPE.jpg,papilledema,1,"[{'vessel_blob_score': -1.866363654703862, 'centre': [192.0, 175.0], 'radius': 35.918785545899944, 'blob_score': 0.6730639040470122, 'blob_contrast': 0.05925184488296509, 'blob_brightness': 0.872532069683075, 'blob_response': -0.015198051929473877, 'vessel_centre': [102.0, 125.0]}]"
papilledema/papilledema_0264_PPE.jpg,papilledema,0,[]
papilledema/papilledema_0265_PPE.jpg,papilledema,0,[]
papilledema/papilledema_0266_PPE.jpg,papilledema,0,[]
papilledema/papilledema_0267_PPE.jpg,papilledema,0,[]
papilledema/papilledema_0268_PPE.jpg,papilledema,1,"[{'vessel_blob_score': 0.42605163802812585, 'centre': [136.0, 122.0], 'radius': 35.918785545899944, 'blob_score': 0.738165670633316, 'blob_contrast': 0.11709761619567871, 'blob_brightness': 0.8539276719093323, 'blob_response': -0.11659342050552368, 'vessel_centre': [156.0, 127.0]}]"
papilledema/papilledema_0269_PPE.jpg,papilledema,0,[]
papilledema/papilledema_0270_PPE.jpg,papilledema,0,[]
papilledema/papilledema_0271_PPE.jpg,papilledema,0,[]
papilledema/papilledema_0272_PPE.jpg,papilledema,0,[]
papilledema/papilledema_0273_PPE.jpg,papilledema,0,[]
papilledema/papilledema_0274_PPE.jpg,papilledema,0,[]
papilledema/papilledema_0275_PPE.jpg,papilledema,0,[]
papilledema/papilledema_0276_PPE.jpg,papilledema,1,"[{'vessel_blob_score': 0.7254489172787835, 'centre': [94.0, 150.0], 'radius': 71.83757109179989, 'blob_score': 0.5689315021038056, 'blob_contrast': 0.1289314329624176, 'blob_brightness': 0.6193205118179321, 'blob_response': -0.032378554344177246, 'vessel_centre': [77.0, 140.0]}]"
papilledema/papilledema_0277_PPE.jpg,papilledema,0,[]
papilledema/papilledema_0278_PPE.jpg,papilledema,0,[]
papilledema/papilledema_0279_PPE.jpg,papilledema,0,[]
papilledema/papilledema_0280_PPE.jpg,papilledema,0,[]
papilledema/papilledema_0281_PPE.jpg,papilledema,0,[]
papilledema/papilledema_0282_PPE.jpg,papilledema,0,[]
papilledema/papilledema_0283_PPE.jpg,papilledema,0,[]
papilledema/papilledema_0284_PPE.jpg,papilledema,0,[]
papilledema/papilledema_0285_PPE.jpg,papilledema,0,[]
papilledema/papilledema_0286_PPE.jpg,papilledema,0,[]
papilledema/papilledema_0287_PPE.jpg,papilledema,0,[]
papilledema/papilledema_0288_PPE.jpg,papilledema,0,[]
papilledema/papilledema_0289_PPE.jpg,papilledema,0,[]
papilledema/papilledema_0290_PPE.jpg,papilledema,0,[]
papilledema/papilledema_0291_PPE.jpg,papilledema,0,[]
papilledema/papilledema_0292_PPE.jpg,papilledema,1,"[{'vessel_blob_score': 0.4127022172625504, 'centre': [116.0, 157.0], 'radius': 35.918785545899944, 'blob_score': 0.6142171800136565, 'blob_contrast': 0.05254417657852173, 'blob_brightness': 0.7683197855949402, 'blob_response': -0.11924576759338379, 'vessel_centre': [105.0, 175.0]}]"
papilledema/papilledema_0293_PPE.jpg,papilledema,0,[]
papilledema/papilledema_0294_PPE.jpg,papilledema,0,[]
papilledema/papilledema_0295_PPE.jpg,papilledema,1,"[{'vessel_blob_score': 0.7777896460417517, 'centre': [56.0, 192.0], 'radius': 181.01933598375618, 'blob_score': 0.40761936753988265, 'blob_contrast': 0.017462551593780518, 'blob_brightness': 0.5549936890602112, 'blob_response': -0.008306168019771576, 'vessel_centre': [89.0, 169.0]}]"
papilledema/papilledema_0296_PPE.jpg,papilledema,0,[]
papilledema/papilledema_0297_PPE.jpg,papilledema,0,[]
papilledema/papilledema_0298_PPE.jpg,papilledema,0,[]
papilledema/papilledema_0299_PPE.jpg,papilledema,0,[]
papilledema/papilledema_0300_PPE.jpg,papilledema,1,"[{'vessel_blob_score': -1.6686329805912834, 'centre': [73.0, 70.0], 'radius': 35.918785545899944, 'blob_score': 0.4846819937229156, 'blob_contrast': 0.01558762788772583, 'blob_brightness': 0.6673217415809631, 'blob_response': -0.009845733642578125, 'vessel_centre': [111.0, 158.0]}]"
papilledema/papilledema_0301_PPE.jpg,papilledema,0,[]
papilledema/papilledema_0302_PPE.jpg,papilledema,0,[]
papilledema/papilledema_0303_PPE.jpg,papilledema,0,[]
papilledema/papilledema_0304_PPE.jpg,papilledema,0,[]
papilledema/papilledema_0305_PPE.jpg,papilledema,0,[]
papilledema/papilledema_0306_PPE.jpg,papilledema,1,"[{'vessel_blob_score': 0.8091925821590654, 'centre': [196.0, 176.0], 'radius': 181.01933598375618, 'blob_score': 0.4530826732516289, 'blob_contrast': 0.041565001010894775, 'blob_brightness': 0.585691511631012, 'blob_response': -0.007668070495128632, 'vessel_centre': [183.0, 144.0]}]"
papilledema/papilledema_0307_PPE.jpg,papilledema,0,[]
papilledema/papilledema_0308_PPE.jpg,papilledema,0,[]
papilledema/papilledema_0309_PPE.jpg,papilledema,0,[]
papilledema/papilledema_0310_PPE.jpg,papilledema,0,[]
papilledema/papilledema_0311_PPE.jpg,papilledema,11,"[{'vessel_blob_score': -3.544160026283735, 'centre': [26.0, 47.0], 'radius': 35.918785545899944, 'blob_score': 0.6993901073932647, 'blob_contrast': 0.006136417388916016, 'blob_brightness': 0.9889600872993469, 'blob_response': -0.004908144474029541, 'vessel_centre': [155.0, 147.0]}, {'vessel_blob_score': -1.674000863385435, 'centre': [152.0, 51.0], 'radius': 35.918785545899944, 'blob_score': 0.7134223103523254, 'blob_contrast': 0.025065898895263672, 'blob_brightness': 0.9800574779510498, 'blob_response': -0.011580884456634521, 'vessel_centre': [155.0, 147.0]}, {'vessel_blob_score': -0.17492546172223356, 'centre': [165.0, 188.0], 'radius': 35.918785545899944, 'blob_score': 0.713916790485382, 'blob_contrast': 0.02407735586166382, 'blob_brightness': 0.9827715158462524, 'blob_response': -0.009496867656707764, 'vessel_centre': [155.0, 147.0]}, {'vessel_blob_score': -2.314563036811941, 'centre': [35.0, 57.0], 'radius': 45.254833995939045, 'blob_score': 0.6998741030693053, 'blob_contrast': 0.0057795047760009766, 'blob_brightness': 0.9902651309967041, 'blob_response': -0.004545032978057861, 'vessel_centre': [155.0, 147.0]}, {'vessel_blob_score': -0.7920451392891863, 'centre': [159.0, 66.0], 'radius': 45.254833995939045, 'blob_score': 0.7204131066799163, 'blob_contrast': 0.031498610973358154, 'blob_brightness': 0.980692446231842, 'blob_response': -0.012148916721343994, 'vessel_centre': [155.0, 147.0]}, {'vessel_blob_score': 0.4166201655439229, 'centre': [166.0, 171.0], 'radius': 45.254833995939045, 'blob_score': 0.7164024710655212, 'blob_contrast': 0.02609074115753174, 'blob_brightness': 0.9834204912185669, 'blob_response': -0.009586930274963379, 'vessel_centre': [155.0, 147.0]}, {'vessel_blob_score': -1.4320853320761584, 'centre': [50.0, 180.0], 'radius': 45.254833995939045, 'blob_score': 0.6985683262348175, 'blob_contrast': 0.0030342936515808105, 'blob_brightness': 0.9930705428123474, 'blob_response': -0.0019232630729675293, 'vessel_centre': [155.0, 147.0]}, {'vessel_blob_score': -0.1433683257948679, 'centre': [160.0, 82.0], 'radius': 57.01751796098172, 'blob_score': 0.7176444172859192, 'blob_contrast': 0.028568923473358154, 'blob_brightness': 0.9807759523391724, 'blob_response': -0.012661635875701904, 'vessel_centre': [155.0, 147.0]}, {'vessel_blob_score': 0.31436376988362147, 'centre': [150.0, 98.0], 'radius': 71.83757109179989, 'blob_score': 0.7196815490722656, 'blob_contrast': 0.028207719326019287, 'blob_brightness': 0.9842345714569092, 'blob_response': -0.01254814863204956, 'vessel_centre': [155.0, 147.0]}, {'vessel_blob_score': 0.5490353221980684, 'centre': [134.0, 112.0], 'radius': 90.50966799187809, 'blob_score': 0.7262491941452026, 'blob_contrast': 0.03382241725921631, 'blob_brightness': 0.9857355356216431, 'blob_response': -0.012059509754180908, 'vessel_centre': [155.0, 147.0]}, {'vessel_blob_score': 0.567833853564396, 'centre': [134.0, 114.0], 'radius': 90.50966799187809, 'blob_score': 0.726968878507614, 'blob_contrast': 0.034323930740356445, 'blob_brightness': 0.9860472083091736, 'blob_response': -0.012059509754180908, 'vessel_centre': [155.0, 147.0]}]"
papilledema/papilledema_0312_PPE.jpg,papilledema,1,"[{'vessel_blob_score': 0.17364566456786124, 'centre': [107.0, 126.0], 'radius': 35.918785545899944, 'blob_score': 0.7027281641960144, 'blob_contrast': 0.1157764196395874, 'blob_brightness': 0.8033120632171631, 'blob_response': -0.12316650152206421, 'vessel_centre': [91.0, 101.0]}]"
papilledema/papilledema_0313_PPE.jpg,papilledema,0,[]
papilledema/papilledema_0314_PPE.jpg,papilledema,0,[]
papilledema/papilledema_0315_PPE.jpg,papilledema,0,[]
papilledema/papilledema_0316_PPE.jpg,papilledema,0,[]
papilledema/papilledema_0317_PPE.jpg,papilledema,0,[]
papilledema/papilledema_0318_PPE.jpg,papilledema,0,[]
papilledema/papilledema_0319_PPE.jpg,papilledema,0,[]
papilledema/papilledema_0320_PPE.jpg,papilledema,0,[]
papilledema/papilledema_0321_PPE.jpg,papilledema,0,[]
papilledema/papilledema_0322_PPE.jpg,papilledema,0,[]
papilledema/papilledema_0323_PPE.jpg,papilledema,9,"[{'vessel_blob_score': -0.6927899852444086, 'centre': [191.0, 68.0], 'radius': 35.918785545899944, 'blob_score': 0.7107450067996979, 'blob_contrast': 0.021873891353607178, 'blob_brightness': 0.9813055396080017, 'blob_response': -0.00978618860244751, 'vessel_centre': [155.0, 117.0]}, {'vessel_blob_score': -0.9930825674743202, 'centre': [189.0, 180.0], 'radius': 35.918785545899944, 'blob_score': 0.7074995577335357, 'blob_contrast': 0.018353760242462158, 'blob_brightness': 0.9820418953895569, 'blob_response': -0.008582353591918945, 'vessel_centre': [155.0, 117.0]}, {'vessel_blob_score': -0.1977354935460498, 'centre': [182.0, 70.0], 'radius': 45.254833995939045, 'blob_score': 0.7115376651287079, 'blob_contrast': 0.02123856544494629, 'blob_brightness': 0.9832558035850525, 'blob_response': -0.010100185871124268, 'vessel_centre': [155.0, 117.0]}, {'vessel_blob_score': -0.4247052875068582, 'centre': [181.0, 176.0], 'radius': 45.254833995939045, 'blob_score': 0.7067189931869506, 'blob_contrast': 0.016034424304962158, 'blob_brightness': 0.9842921495437622, 'blob_response': -0.008400321006774902, 'vessel_centre': [155.0, 117.0]}, {'vessel_blob_score': 0.2538416912241057, 'centre': [172.0, 78.0], 'radius': 57.01751796098172, 'blob_score': 0.7083679556846618, 'blob_contrast': 0.01680600643157959, 'blob_brightness': 0.9852694272994995, 'blob_response': -0.009366750717163086, 'vessel_centre': [155.0, 117.0]}, {'vessel_blob_score': 0.06255280883765157, 'centre': [171.0, 168.0], 'radius': 57.01751796098172, 'blob_score': 0.7036539137363433, 'blob_contrast': 0.011913418769836426, 'blob_brightness': 0.9860473275184631, 'blob_response': -0.007536828517913818, 'vessel_centre': [155.0, 117.0]}, {'vessel_blob_score': 0.6494959915633546, 'centre': [158.0, 92.0], 'radius': 71.83757109179989, 'blob_score': 0.7077418982982635, 'blob_contrast': 0.014698624610900879, 'blob_brightness': 0.9877544045448303, 'blob_response': -0.008075952529907227, 'vessel_centre': [155.0, 117.0]}, {'vessel_blob_score': 0.6771212242150257, 'centre': [158.0, 94.0], 'radius': 71.83757109179989, 'blob_score': 0.7083209455013275, 'blob_contrast': 0.015105605125427246, 'blob_brightness': 0.988000214099884, 'blob_response': -0.008075952529907227, 'vessel_centre': [155.0, 117.0]}, {'vessel_blob_score': 0.8525940448116156, 'centre': [142.0, 114.0], 'radius': 90.50966799187809, 'blob_score': 0.7110886871814728, 'blob_contrast': 0.017281293869018555, 'blob_brightness': 0.9891226887702942, 'blob_response': -0.007107555866241455, 'vessel_centre': [155.0, 117.0]}]"
papilledema/papilledema_0324_PPE.jpg,papilledema,1,"[{'vessel_blob_score': -0.09147876165597268, 'centre': [111.0, 186.0], 'radius': 35.918785545899944, 'blob_score': 0.6716706275939941, 'blob_contrast': 0.04737448692321777, 'blob_brightness': 0.8875013589859009, 'blob_response': -0.01522594690322876, 'vessel_centre': [80.0, 162.0]}]"
papilledema/papilledema_0325_PPE.jpg,papilledema,2,"[{'vessel_blob_score': -2.940106755540289, 'centre': [40.0, 196.0], 'radius': 35.918785545899944, 'blob_score': 0.6161199271678924, 'blob_contrast': 0.028625190258026123, 'blob_brightness': 0.8375882506370544, 'blob_response': -0.005914807319641113, 'vessel_centre': [163.0, 126.0]}, {'vessel_blob_score': 0.706001677840282, 'centre': [147.0, 131.0], 'radius': 57.01751796098172, 'blob_score': 0.6824268102645873, 'blob_contrast': 0.11031967401504517, 'blob_brightness': 0.809773325920105, 'blob_response': -0.02632904052734375, 'vessel_centre': [163.0, 126.0]}]"
papilledema/papilledema_0326_PPE.jpg,papilledema,1,"[{'vessel_blob_score': 0.5655465858092635, 'centre': [232.0, 188.0], 'radius': 228.07007184392688, 'blob_score': 0.5021887496113777, 'blob_contrast': -0.050659775733947754, 'blob_brightness': 0.7894781231880188, 'blob_response': -0.001069195568561554, 'vessel_centre': [159.0, 121.0]}]"
papilledema/papilledema_0327_PPE.jpg,papilledema,0,[]
papilledema/papilledema_0328_PPE.jpg,papilledema,0,[]
papilledema/papilledema_0329_PPE.jpg,papilledema,0,[]
papilledema/papilledema_0330_PPE.jpg,papilledema,0,[]
papilledema/papilledema_0331_PPE.jpg,papilledema,0,[]
papilledema/papilledema_0332_PPE.jpg,papilledema,0,[]
papilledema/papilledema_0333_PPE.jpg,papilledema,0,[]
papilledema/papilledema_0334_PPE.jpg,papilledema,0,[]
papilledema/papilledema_0335_PPE.jpg,papilledema,0,[]
papilledema/papilledema_0336_PPE.jpg,papilledema,0,[]
papilledema/papilledema_0337_PPE.jpg,papilledema,0,[]
papilledema/papilledema_0338_PPE.jpg,papilledema,0,[]
papilledema/papilledema_0339_PPE.jpg,papilledema,0,[]
papilledema/papilledema_0340_PPE.jpg,papilledema,0,[]
papilledema/papilledema_0341_PPE.jpg,papilledema,0,[]
papilledema/papilledema_0342_PPE.jpg,papilledema,0,[]
papilledema/papilledema_0343_PPE.jpg,papilledema,0,[]
papilledema/papilledema_0344_PPE.jpg,papilledema,0,[]
papilledema/papilledema_0345_PPE.jpg,papilledema,0,[]
papilledema/papilledema_0346_PPE.jpg,papilledema,0,[]
papilledema/papilledema_0347_PPE.jpg,papilledema,0,[]
papilledema/papilledema_0348_PPE.jpg,papilledema,0,[]
papilledema/papilledema_0349_PPE.jpg,papilledema,0,[]
papilledema/papilledema_0350_PPE.jpg,papilledema,0,[]
papilledema/papilledema_0351_PPE.jpg,papilledema,0,[]
papilledema/papilledema_0352_PPE.jpg,papilledema,0,[]
papilledema/papilledema_0353_PPE.jpg,papilledema,0,[]
papilledema/papilledema_0354_PPE.jpg,papilledema,0,[]
papilledema/papilledema_0355_PPE.jpg,papilledema,0,[]
papilledema/papilledema_0356_PPE.jpg,papilledema,0,[]
papilledema/papilledema_0357_PPE.jpg,papilledema,0,[]
papilledema/papilledema_0358_PPE.jpg,papilledema,0,[]
papilledema/papilledema_0359_PPE.jpg,papilledema,0,[]
papilledema/papilledema_0360_PPE.jpg,papilledema,0,[]
papilledema/papilledema_0361_PPE.jpg,papilledema,0,[]
papilledema/papilledema_0362_PPE.jpg,papilledema,0,[]
papilledema/papilledema_0363_PPE.jpg,papilledema,0,[]
papilledema/papilledema_0364_PPE.jpg,papilledema,0,[]
papilledema/papilledema_0365_PPE.jpg,papilledema,1,"[{'vessel_blob_score': 0.812093539518661, 'centre': [172.0, 36.0], 'radius': 181.01933598375618, 'blob_score': 0.705014531314373, 'blob_contrast': 0.0662570595741272, 'blob_brightness': 0.9101577997207642, 'blob_response': -0.008235059678554535, 'vessel_centre': [171.0, 70.0]}]"
papilledema/papilledema_0366_PPE.jpg,papilledema,0,[]
papilledema/papilledema_0367_PPE.jpg,papilledema,0,[]
papilledema/papilledema_0368_PPE.jpg,papilledema,0,[]
papilledema/papilledema_0369_PPE.jpg,papilledema,0,[]
papilledema/papilledema_0370_PPE.jpg,papilledema,0,[]
papilledema/papilledema_0371_PPE.jpg,papilledema,0,[]
papilledema/papilledema_0372_PPE.jpg,papilledema,0,[]
papilledema/papilledema_0373_PPE.jpg,papilledema,0,[]
papilledema/papilledema_0374_PPE.jpg,papilledema,1,"[{'vessel_blob_score': 0.560204126717576, 'centre': [28.0, 216.0], 'radius': 181.01933598375618, 'blob_score': 0.6371378853917121, 'blob_contrast': 0.06189364194869995, 'blob_brightness': 0.8190457820892334, 'blob_response': -0.009560979902744293, 'vessel_centre': [71.0, 149.0]}]"
papilledema/papilledema_0375_PPE.jpg,papilledema,0,[]
papilledema/papilledema_0376_PPE.jpg,papilledema,0,[]
papilledema/papilledema_0377_PPE.jpg,papilledema,0,[]
papilledema/papilledema_0378_PPE.jpg,papilledema,0,[]
papilledema/papilledema_0379_PPE.jpg,papilledema,0,[]
papilledema/papilledema_0380_PPE.jpg,papilledema,0,[]
papilledema/papilledema_0381_PPE.jpg,papilledema,0,[]
papilledema/papilledema_0382_PPE.jpg,papilledema,0,[]
papilledema/papilledema_0383_PPE.jpg,papilledema,1,"[{'vessel_blob_score': 0.29513268843705875, 'centre': [88.0, 198.0], 'radius': 35.918785545899944, 'blob_score': 0.604793781042099, 'blob_contrast': 0.032162368297576904, 'blob_brightness': 0.8149877190589905, 'blob_response': -0.010700047016143799, 'vessel_centre': [92.0, 173.0]}]"
papilledema/papilledema_0384_PPE.jpg,papilledema,0,[]
papilledema/papilledema_0385_PPE.jpg,papilledema,1,"[{'vessel_blob_score': 0.5195153711973453, 'centre': [16.0, 184.0], 'radius': 181.01933598375618, 'blob_score': 0.7304675459861755, 'blob_contrast': 0.08499807119369507, 'blob_brightness': 0.9186910390853882, 'blob_response': -0.011928737163543701, 'vessel_centre': [45.0, 102.0]}]"
papilledema/papilledema_0386_PPE.jpg,papilledema,0,[]
papilledema/papilledema_0387_PPE.jpg,papilledema,0,[]
papilledema/papilledema_0388_PPE.jpg,papilledema,0,[]
papilledema/papilledema_0389_PPE.jpg,papilledema,0,[]
papilledema/papilledema_0390_PPE.jpg,papilledema,0,[]
papilledema/papilledema_0391_PPE.jpg,papilledema,1,"[{'vessel_blob_score': 0.6384351885994768, 'centre': [95.0, 84.0], 'radius': 57.01751796098172, 'blob_score': 0.6436749279499054, 'blob_contrast': 0.1424674391746521, 'blob_brightness': 0.7071313261985779, 'blob_response': -0.031077802181243896, 'vessel_centre': [103.0, 65.0]}]"
papilledema/papilledema_0392_PPE.jpg,papilledema,0,[]
papilledema/papilledema_0393_PPE.jpg,papilledema,0,[]
papilledema/papilledema_0394_PPE.jpg,papilledema,0,[]
papilledema/papilledema_0395_PPE.jpg,papilledema,0,[]
papilledema/papilledema_0396_PPE.jpg,papilledema,0,[]
papilledema/papilledema_0397_PPE.jpg,papilledema,0,[]
papilledema/papilledema_0398_PPE.jpg,papilledema,0,[]
papilledema/papilledema_0399_PPE.jpg,papilledema,0,[]
papilledema/papilledema_0400_PPE.jpg,papilledema,0,[]
papilledema/papilledema_0401_PPE.jpg,papilledema,0,[]
papilledema/papilledema_0402_PPE.jpg,papilledema,0,[]
papilledema/papilledema_0403_PPE.jpg,papilledema,0,[]
papilledema/papilledema_0404_PPE.jpg,papilledema,0,[]
papilledema/papilledema_0405_PPE.jpg,papilledema,0,[]
papilledema/papilledema_0406_PPE.jpg,papilledema,0,[]
papilledema/papilledema_0407_PPE.jpg,papilledema,0,[]
papilledema/papilledema_0408_PPE.jpg,papilledema,0,[]
papilledema/papilledema_0409_PPE.jpg,papilledema,0,[]
papilledema/papilledema_0410_PPE.jpg,papilledema,0,[]
papilledema/papilledema_0411_PPE.jpg,papilledema,0,[]
papilledema/papilledema_0412_PPE.jpg,papilledema,0,[]
papilledema/papilledema_0413_PPE.jpg,papilledema,0,[]
papilledema/papilledema_0414_PPE.jpg,papilledema,0,[]
papilledema/papilledema_0415_PPE.jpg,papilledema,0,[]
papilledema/papilledema_0416_PPE.jpg,papilledema,1,"[{'vessel_blob_score': 0.4817479328761679, 'centre': [36.0, 52.0], 'radius': 181.01933598375618, 'blob_score': 0.7189694613218307, 'blob_contrast': 0.16702383756637573, 'blob_brightness': 0.7860372066497803, 'blob_response': -0.008597895503044128, 'vessel_centre': [112.0, 107.0]}]"
papilledema/papilledema_0417_PPE.jpg,papilledema,0,[]
papilledema/papilledema_0418_PPE.jpg,papilledema,0,[]
papilledema/papilledema_0419_PPE.jpg,papilledema,0,[]
papilledema/papilledema_0420_PPE.jpg,papilledema,0,[]
papilledema/papilledema_0421_PPE.jpg,papilledema,0,[]
papilledema/papilledema_0422_PPE.jpg,papilledema,0,[]
papilledema/papilledema_0423_PPE.jpg,papilledema,0,[]
papilledema/papilledema_0424_PPE.jpg,papilledema,0,[]
papilledema/papilledema_0425_PPE.jpg,papilledema,0,[]
papilledema/papilledema_0426_PPE.jpg,papilledema,0,[]
papilledema/papilledema_0427_PPE.jpg,papilledema,0,[]
papilledema/papilledema_0428_PPE.jpg,papilledema,0,[]
papilledema/papilledema_0429_PPE.jpg,papilledema,0,[]
papilledema/papilledema_0430_PPE.jpg,papilledema,0,[]
papilledema/papilledema_0431_PPE.jpg,papilledema,1,"[{'vessel_blob_score': 0.21402720058811286, 'centre': [135.0, 119.0], 'radius': 35.918785545899944, 'blob_score': 0.7784009933471678, 'blob_contrast': 0.10265207290649414, 'blob_brightness': 0.9368969202041626, 'blob_response': -0.09960538148880005, 'vessel_centre': [161.0, 108.0]}]"
papilledema/papilledema_0432_PPE.jpg,papilledema,0,[]
papilledema/papilledema_0433_PPE.jpg,papilledema,0,[]
papilledema/papilledema_0434_PPE.jpg,papilledema,0,[]
papilledema/papilledema_0435_PPE.jpg,papilledema,0,[]
papilledema/papilledema_0436_RFM.png,papilledema,0,[]
papilledema/papilledema_0437_RFM.png,papilledema,0,[]
papilledema/papilledema_0438_RFM.png,papilledema,0,[]
papilledema/papilledema_0439_RFM.png,papilledema,1,"[{'vessel_blob_score': -2.8993689393285162, 'centre': [284.0, 359.0], 'radius': 45.254833995939045, 'blob_score': 0.43695410937070844, 'blob_contrast': 0.046913981437683105, 'blob_brightness': 0.5521601438522339, 'blob_response': -0.017640136182308197, 'vessel_centre': [182.0, 215.0]}]"
papilledema/papilledema_0440_RFM.png,papilledema,1,"[{'vessel_blob_score': -3.066542927079804, 'centre': [293.0, 211.0], 'radius': 57.01751796098172, 'blob_score': 0.3038267999887466, 'blob_contrast': 0.04748332500457764, 'blob_brightness': 0.35685503482818604, 'blob_response': -0.03272475302219391, 'vessel_centre': [518.0, 267.0]}]"
papilledema/papilledema_0441_RFM.png,papilledema,0,[]
papilledema/papilledema_0442_RFM.png,papilledema,0,[]
papilledema/papilledema_0443_RFM.png,papilledema,1,"[{'vessel_blob_score': -1.855798127276258, 'centre': [331.0, 198.0], 'radius': 35.918785545899944, 'blob_score': 0.41522215902805326, 'blob_contrast': 0.017616987228393555, 'blob_brightness': 0.5661427974700928, 'blob_response': -0.006526067852973938, 'vessel_centre': [382.0, 287.0]}]"
papilledema/papilledema_0444_RFM.png,papilledema,0,[]
papilledema/papilledema_0445_RFM.png,papilledema,0,[]
papilledema/papilledema_0446_RFM.png,papilledema,1,"[{'vessel_blob_score': -9.119928166323895, 'centre': [557.0, 352.0], 'radius': 35.918785545899944, 'blob_score': 0.3354811400175094, 'blob_contrast': 0.03074166178703308, 'blob_brightness': 0.42733004689216614, 'blob_response': -0.028042227029800415, 'vessel_centre': [209.0, 247.0]}]"
papilledema/papilledema_0447_RFM.png,papilledema,0,[]
papilledema/papilledema_0448_RFM.png,papilledema,0,[]
papilledema/papilledema_0449_RFM.png,papilledema,0,[]
papilledema/papilledema_0450_RFM.png,papilledema,1,"[{'vessel_blob_score': -0.5651539960176442, 'centre': [274.0, 373.0], 'radius': 45.254833995939045, 'blob_score': 0.6200311183929443, 'blob_contrast': 0.048826515674591064, 'blob_brightness': 0.8052853345870972, 'blob_response': -0.03752434253692627, 'vessel_centre': [335.0, 409.0]}]"
papilledema/papilledema_0451_RFM.png,papilledema,3,"[{'vessel_blob_score': -2.155948586922252, 'centre': [304.0, 230.0], 'radius': 35.918785545899944, 'blob_score': 0.6044176220893859, 'blob_contrast': 0.05223202705383301, 'blob_brightness': 0.765338659286499, 'blob_response': -0.08224266767501831, 'vessel_centre': [191.0, 239.0]}, {'vessel_blob_score': -3.335003475128871, 'centre': [312.0, 337.0], 'radius': 35.918785545899944, 'blob_score': 0.5923831343650817, 'blob_contrast': 0.053109943866729736, 'blob_brightness': 0.746649980545044, 'blob_response': -0.08309102058410645, 'vessel_centre': [191.0, 239.0]}, {'vessel_blob_score': -1.9805079625928, 'centre': [343.0, 163.0], 'radius': 57.01751796098172, 'blob_score': 0.6107961893081664, 'blob_contrast': 0.06537759304046631, 'blob_brightness': 0.7531855702400208, 'blob_response': -0.09094348549842834, 'vessel_centre': [191.0, 239.0]}]"
papilledema/papilledema_0452_RFM.png,papilledema,0,[]
papilledema/papilledema_0453_RFM.png,papilledema,0,[]
papilledema/papilledema_0454_RFM.png,papilledema,1,"[{'vessel_blob_score': -2.7995004164371022, 'centre': [340.0, 163.0], 'radius': 35.918785545899944, 'blob_score': 0.575543439388275, 'blob_contrast': 0.03741544485092163, 'blob_brightness': 0.760775625705719, 'blob_response': -0.0279252827167511, 'vessel_centre': [405.0, 283.0]}]"
papilledema/papilledema_0455_RFM.png,papilledema,0,[]
papilledema/papilledema_0456_RFM.png,papilledema,0,[]
papilledema/papilledema_0457_RFM.png,papilledema,0,[]
papilledema/papilledema_0458_RFM.png,papilledema,0,[]
papilledema/papilledema_0459_RFM.png,papilledema,1,"[{'vessel_blob_score': -2.1021958154760645, 'centre': [303.0, 325.0], 'radius': 35.918785545899944, 'blob_score': 0.47565630972385403, 'blob_contrast': 0.03873264789581299, 'blob_brightness': 0.6192817687988281, 'blob_response': -0.017132118344306946, 'vessel_centre': [263.0, 221.0]}]"
papilledema/papilledema_0460_RFM.png,papilledema,0,[]
papilledema/papilledema_0461_RFM.png,papilledema,0,[]
papilledema/papilledema_0462_RFM.png,papilledema,0,[]
papilledema/papilledema_0463_RFM.png,papilledema,0,[]
papilledema/papilledema_0464_RFM.png,papilledema,0,[]
papilledema/papilledema_0465_RFM.png,papilledema,0,[]
papilledema/papilledema_0466_RFM.png,papilledema,2,"[{'vessel_blob_score': -2.8228598996693557, 'centre': [349.0, 264.0], 'radius': 45.254833995939045, 'blob_score': 0.6684013277292251, 'blob_contrast': 0.01953434944152832, 'blob_brightness': 0.9180756211280823, 'blob_response': -0.031070217490196228, 'vessel_centre': [180.0, 227.0]}, {'vessel_blob_score': -2.2280314258521012, 'centre': [354.0, 287.0], 'radius': 57.01751796098172, 'blob_score': 0.6823613613843917, 'blob_contrast': 0.0332409143447876, 'blob_brightness': 0.9178930521011353, 'blob_response': -0.032976552844047546, 'vessel_centre': [180.0, 227.0]}]"
papilledema/papilledema_0467_RFM.png,papilledema,4,"[{'vessel_blob_score': -2.6606928660447373, 'centre': [281.0, 135.0], 'radius': 35.918785545899944, 'blob_score': 0.7349213898181916, 'blob_contrast': 0.02403205633163452, 'blob_brightness': 0.9915472865104675, 'blob_response': -0.08403116464614868, 'vessel_centre': [164.0, 195.0]}, {'vessel_blob_score': -2.775043701985197, 'centre': [295.0, 230.0], 'radius': 35.918785545899944, 'blob_score': 0.7394226074218749, 'blob_contrast': 0.030496656894683838, 'blob_brightness': 0.9871922731399536, 'blob_response': -0.08945679664611816, 'vessel_centre': [164.0, 195.0]}, {'vessel_blob_score': -2.043066530040051, 'centre': [301.0, 209.0], 'radius': 45.254833995939045, 'blob_score': 0.7408753395080566, 'blob_contrast': 0.03204864263534546, 'blob_brightness': 0.9889042377471924, 'blob_response': -0.08296865224838257, 'vessel_centre': [164.0, 195.0]}, {'vessel_blob_score': -1.321352246370938, 'centre': [324.0, 148.0], 'radius': 71.83757109179989, 'blob_score': 0.7838809549808502, 'blob_contrast': 0.06349128484725952, 'blob_brightness': 0.988878071308136, 'blob_response': -0.14087510108947754, 'vessel_centre': [164.0, 195.0]}]"
papilledema/papilledema_0468_RFM.png,papilledema,0,[]
papilledema/papilledema_0469_RFM.png,papilledema,0,[]
papilledema/papilledema_0470_RFM.png,papilledema,1,"[{'vessel_blob_score': -5.56342999362757, 'centre': [280.0, 235.0], 'radius': 45.254833995939045, 'blob_score': 0.4774388693273067, 'blob_contrast': 0.018673419952392578, 'blob_brightness': 0.652839183807373, 'blob_response': -0.008890103548765182, 'vessel_centre': [577.0, 239.0]}]"
papilledema/papilledema_0471_RFM.png,papilledema,1,"[{'vessel_blob_score': -2.787894472031923, 'centre': [467.0, 363.0], 'radius': 45.254833995939045, 'blob_score': 0.5018850922584533, 'blob_contrast': 0.03395944833755493, 'blob_brightness': 0.6663030385971069, 'blob_response': -0.00756758451461792, 'vessel_centre': [374.0, 219.0]}]"
papilledema/papilledema_0472_RFM.png,papilledema,0,[]
papilledema/papilledema_0473_RFM.png,papilledema,0,[]
papilledema/papilledema_0474_RFM.png,papilledema,1,"[{'vessel_blob_score': -2.7455676305875034, 'centre': [457.0, 360.0], 'radius': 35.918785545899944, 'blob_score': 0.5616163700819016, 'blob_contrast': 0.041866958141326904, 'blob_brightness': 0.7389249205589294, 'blob_response': -0.012509837746620178, 'vessel_centre': [483.0, 228.0]}]"
papilledema/papilledema_0475_RFM.png,papilledema,0,[]
papilledema/papilledema_0476_RFM.png,papilledema,0,[]
papilledema/papilledema_0477_RFM.png,papilledema,0,[]
papilledema/papilledema_0478_RFM.png,papilledema,0,[]
papilledema/papilledema_0479_RFM.png,papilledema,0,[]
papilledema/papilledema_0480_RFM.png,papilledema,0,[]
papilledema/papilledema_0481_RFM.png,papilledema,0,[]
papilledema/papilledema_0482_RFM.png,papilledema,1,"[{'vessel_blob_score': -2.551105681685635, 'centre': [276.0, 132.0], 'radius': 45.254833995939045, 'blob_score': 0.4914421923458576, 'blob_contrast': 0.037899672985076904, 'blob_brightness': 0.6452032327651978, 'blob_response': -0.009501282125711441, 'vessel_centre': [377.0, 257.0]}]"
papilledema/papilledema_0483_RFM.png,papilledema,0,[]
papilledema/papilledema_0484_RFM.png,papilledema,0,[]
papilledema/papilledema_0485_RFM.png,papilledema,1,"[{'vessel_blob_score': -3.767166699587303, 'centre': [263.0, 366.0], 'radius': 35.918785545899944, 'blob_score': 0.4751570411026477, 'blob_contrast': 0.059346675872802734, 'blob_brightness': 0.5909735560417175, 'blob_response': -0.010644380003213882, 'vessel_centre': [197.0, 208.0]}]"
papilledema/papilledema_0486_RFM.png,papilledema,2,"[{'vessel_blob_score': -2.7998064041494843, 'centre': [292.0, 352.0], 'radius': 35.918785545899944, 'blob_score': 0.4494071573019028, 'blob_contrast': 0.034687161445617676, 'blob_brightness': 0.5890268087387085, 'blob_response': -0.01200614869594574, 'vessel_centre': [214.0, 240.0]}, {'vessel_blob_score': -2.328455089264387, 'centre': [322.0, 345.0], 'radius': 45.254833995939045, 'blob_score': 0.4543027892708778, 'blob_contrast': 0.04030442237854004, 'blob_brightness': 0.5873037576675415, 'blob_response': -0.014428682625293732, 'vessel_centre': [214.0, 240.0]}]"
papilledema/papilledema_0487_RFM.png,papilledema,0,[]
papilledema/papilledema_0488_RFM.png,papilledema,0,[]
papilledema/papilledema_0489_RFM.png,papilledema,0,[]
papilledema/papilledema_0490_RFM.png,papilledema,0,[]
papilledema/papilledema_0491_RFM.png,papilledema,0,[]
papilledema/papilledema_0492_RFM.png,papilledema,1,"[{'vessel_blob_score': -3.7572416016269345, 'centre': [458.0, 348.0], 'radius': 45.254833995939045, 'blob_score': 0.6318448543548583, 'blob_contrast': 0.07107073068618774, 'blob_brightness': 0.7813422083854675, 'blob_response': -0.06917288899421692, 'vessel_centre': [276.0, 233.0]}]"
papilledema/papilledema_0493_RFM.png,papilledema,0,[]
papilledema/papilledema_0494_RFM.png,papilledema,0,[]
papilledema/papilledema_0495_RFM.png,papilledema,0,[]
papilledema/papilledema_0496_RFM.png,papilledema,0,[]
papilledema/papilledema_0497_RFM.png,papilledema,3,"[{'vessel_blob_score': -2.964816008829492, 'centre': [481.0, 245.0], 'radius': 35.918785545899944, 'blob_score': 0.7296624481678009, 'blob_contrast': 0.05372971296310425, 'blob_brightness': 0.9471502900123596, 'blob_response': -0.06463766098022461, 'vessel_centre': [565.0, 130.0]}, {'vessel_blob_score': -0.5539123571457063, 'centre': [480.0, 155.0], 'radius': 57.01751796098172, 'blob_score': 0.7466523230075837, 'blob_contrast': 0.06950801610946655, 'blob_brightness': 0.9438133239746094, 'blob_response': -0.08237490057945251, 'vessel_centre': [565.0, 130.0]}, {'vessel_blob_score': 0.23125264909143484, 'centre': [518.0, 204.0], 'radius': 114.03503592196344, 'blob_score': 0.7967943847179413, 'blob_contrast': 0.14207077026367188, 'blob_brightness': 0.9086742997169495, 'blob_response': -0.09325802326202393, 'vessel_centre': [565.0, 130.0]}]"
papilledema/papilledema_0498_RFM.png,papilledema,0,[]
papilledema/papilledema_0499_RFM.png,papilledema,0,[]
papilledema/papilledema_0500_RFM.png,papilledema,0,[]
papilledema/papilledema_0501_RFM.png,papilledema,1,"[{'vessel_blob_score': -2.040875065993787, 'centre': [339.0, 162.0], 'radius': 35.918785545899944, 'blob_score': 0.6418237268924712, 'blob_contrast': 0.04750561714172363, 'blob_brightness': 0.8372253775596619, 'blob_response': -0.041301727294921875, 'vessel_centre': [410.0, 245.0]}]"
papilledema/papilledema_0502_RFM.png,papilledema,3,"[{'vessel_blob_score': -5.521415604344762, 'centre': [375.0, 119.0], 'radius': 35.918785545899944, 'blob_score': 0.5474278420209884, 'blob_contrast': 0.030930519104003906, 'blob_brightness': 0.7323048114776611, 'blob_response': -0.019419774413108826, 'vessel_centre': [565.0, 256.0]}, {'vessel_blob_score': -4.033724158736749, 'centre': [383.0, 119.0], 'radius': 45.254833995939045, 'blob_score': 0.5531283572316169, 'blob_contrast': 0.03836137056350708, 'blob_brightness': 0.7297742962837219, 'blob_response': -0.019624896347522736, 'vessel_centre': [565.0, 256.0]}, {'vessel_blob_score': -2.8703233904198227, 'centre': [392.0, 119.0], 'radius': 57.01751796098172, 'blob_score': 0.5638166174292564, 'blob_contrast': 0.052502989768981934, 'blob_brightness': 0.7248663306236267, 'blob_response': -0.019535981118679047, 'vessel_centre': [565.0, 256.0]}]"
papilledema/papilledema_0503_RFM.png,papilledema,1,"[{'vessel_blob_score': -3.299545482055792, 'centre': [284.0, 366.0], 'radius': 35.918785545899944, 'blob_score': 0.5509182572364807, 'blob_contrast': 0.03732442855834961, 'blob_brightness': 0.7284597158432007, 'blob_response': -0.018360137939453125, 'vessel_centre': [305.0, 213.0]}]"
papilledema/papilledema_0504_RFM.png,papilledema,0,[]
papilledema/papilledema_0505_RFM.png,papilledema,0,[]
papilledema/papilledema_0506_RFM.png,papilledema,1,"[{'vessel_blob_score': -2.7119967896571695, 'centre': [443.0, 192.0], 'radius': 35.918785545899944, 'blob_score': 0.472274549305439, 'blob_contrast': 0.04059237241744995, 'blob_brightness': 0.6098383069038391, 'blob_response': -0.02397681027650833, 'vessel_centre': [564.0, 248.0]}]"
papilledema/papilledema_0507_RFM.png,papilledema,2,"[{'vessel_blob_score': -2.084405118889298, 'centre': [307.0, 239.0], 'radius': 35.918785545899944, 'blob_score': 0.478670072555542, 'blob_contrast': 0.03209477663040161, 'blob_brightness': 0.6323652863502502, 'blob_response': -0.01959797739982605, 'vessel_centre': [402.0, 296.0]}, {'vessel_blob_score': -1.8689644527686289, 'centre': [318.0, 197.0], 'radius': 45.254833995939045, 'blob_score': 0.4866666287183761, 'blob_contrast': 0.040857553482055664, 'blob_brightness': 0.629802942276001, 'blob_response': -0.02473507821559906, 'vessel_centre': [402.0, 296.0]}]"
papilledema/papilledema_0508_RFM.png,papilledema,0,[]
papilledema/papilledema_0509_RFM.png,papilledema,0,[]
papilledema/papilledema_0510_RFM.png,papilledema,0,[]
papilledema/papilledema_0511_RFM.png,papilledema,0,[]
papilledema/papilledema_0512_RFM.png,papilledema,0,[]
papilledema/papilledema_0513_RFM.png,papilledema,1,"[{'vessel_blob_score': -2.30506558308457, 'centre': [293.0, 163.0], 'radius': 35.918785545899944, 'blob_score': 0.5154302030801773, 'blob_contrast': 0.02846139669418335, 'blob_brightness': 0.6899300217628479, 'blob_response': -0.020088955760002136, 'vessel_centre': [195.0, 230.0]}]"
papilledema/papilledema_0514_RFM.png,papilledema,2,"[{'vessel_blob_score': -2.268275979699292, 'centre': [525.0, 339.0], 'radius': 35.918785545899944, 'blob_score': 0.5563854664564133, 'blob_contrast': 0.04860806465148926, 'blob_brightness': 0.7183040380477905, 'blob_response': -0.02482287585735321, 'vessel_centre': [566.0, 229.0]}, {'vessel_blob_score': -1.8073738005919338, 'centre': [512.0, 344.0], 'radius': 45.254833995939045, 'blob_score': 0.5567199483513832, 'blob_contrast': 0.055955588817596436, 'blob_brightness': 0.708733081817627, 'blob_response': -0.023256011307239532, 'vessel_centre': [566.0, 229.0]}]"
papilledema/papilledema_0515_RFM.png,papilledema,1,"[{'vessel_blob_score': -3.4794800393054004, 'centre': [491.0, 359.0], 'radius': 35.918785545899944, 'blob_score': 0.5344573140144347, 'blob_contrast': 0.05369448661804199, 'blob_brightness': 0.6784846186637878, 'blob_response': -0.029117971658706665, 'vessel_centre': [359.0, 451.0]}]"
papilledema/papilledema_0516_RFM.png,papilledema,3,"[{'vessel_blob_score': -4.346624692674434, 'centre': [242.0, 366.0], 'radius': 35.918785545899944, 'blob_score': 0.5424097716808319, 'blob_contrast': 0.036860525608062744, 'blob_brightness': 0.7040401101112366, 'blob_response': -0.06360584497451782, 'vessel_centre': [187.0, 182.0]}, {'vessel_blob_score': -1.52506961537697, 'centre': [300.0, 165.0], 'radius': 45.254833995939045, 'blob_score': 0.5524097979068756, 'blob_contrast': 0.050293564796447754, 'blob_brightness': 0.6986989378929138, 'blob_response': -0.06513488292694092, 'vessel_centre': [187.0, 182.0]}, {'vessel_blob_score': -2.3417573544358534, 'centre': [275.0, 351.0], 'radius': 57.01751796098172, 'blob_score': 0.5700474143028259, 'blob_contrast': 0.06641703844070435, 'blob_brightness': 0.6993012428283691, 'blob_response': -0.07059752941131592, 'vessel_centre': [187.0, 182.0]}]"
papilledema/papilledema_0517_RFM.png,papilledema,0,[]
papilledema/papilledema_0518_RFM.png,papilledema,1,"[{'vessel_blob_score': 0.7260403484679439, 'centre': [372.0, 248.0], 'radius': 57.01751796098172, 'blob_score': 0.8157956898212433, 'blob_contrast': 0.17148619890213013, 'blob_brightness': 0.8880460858345032, 'blob_response': -0.11338615417480469, 'vessel_centre': [362.0, 236.0]}]"
papilledema/papilledema_0519_RFM.png,papilledema,0,[]
papilledema/papilledema_0520_RFM.png,papilledema,1,"[{'vessel_blob_score': -1.8525393227222708, 'centre': [376.0, 329.0], 'radius': 35.918785545899944, 'blob_score': 0.5902709245681762, 'blob_contrast': 0.04742664098739624, 'blob_brightness': 0.767225444316864, 'blob_response': -0.0289323627948761, 'vessel_centre': [419.0, 236.0]}]"
papilledema/papilledema_0521_RFM.png,papilledema,0,[]
papilledema/papilledema_0522_RFM.png,papilledema,0,[]
papilledema/papilledema_0523_RFM.png,papilledema,2,"[{'vessel_blob_score': -1.822766229541024, 'centre': [302.0, 130.0], 'radius': 35.918785545899944, 'blob_score': 0.4462441876530647, 'blob_contrast': 0.057328492403030396, 'blob_brightness': 0.5514869689941406, 'blob_response': -0.014374084770679474, 'vessel_centre': [328.0, 228.0]}, {'vessel_blob_score': -1.1419361860242243, 'centre': [292.0, 138.0], 'radius': 45.254833995939045, 'blob_score': 0.46304247081279754, 'blob_contrast': 0.07565319538116455, 'blob_brightness': 0.5494394302368164, 'blob_response': -0.013908371329307556, 'vessel_centre': [328.0, 228.0]}]"
papilledema/papilledema_0524_RFM.png,papilledema,0,[]
papilledema/papilledema_0525_RFM.png,papilledema,0,[]
papilledema/papilledema_0526_RFM.png,papilledema,0,[]
papilledema/papilledema_0527_RFM.png,papilledema,1,"[{'vessel_blob_score': -2.8247127683843773, 'centre': [268.0, 174.0], 'radius': 35.918785545899944, 'blob_score': 0.45474293828010554, 'blob_contrast': 0.034844815731048584, 'blob_brightness': 0.5940455794334412, 'blob_response': -0.020331084728240967, 'vessel_centre': [385.0, 246.0]}]"
papilledema/papilledema_0528_RFM.png,papilledema,0,[]
papilledema/papilledema_0529_RFM.png,papilledema,0,[]
papilledema/papilledema_0530_RFM.png,papilledema,4,"[{'vessel_blob_score': -8.337559533121867, 'centre': [285.0, 136.0], 'radius': 35.918785545899944, 'blob_score': 0.4908405631780624, 'blob_contrast': 0.04835081100463867, 'blob_brightness': 0.6244360208511353, 'blob_response': -0.026922687888145447, 'vessel_centre': [450.0, 428.0]}, {'vessel_blob_score': -3.80869043532811, 'centre': [293.0, 356.0], 'radius': 35.918785545899944, 'blob_score': 0.48091264516115184, 'blob_contrast': 0.04721266031265259, 'blob_brightness': 0.6123239398002625, 'blob_response': -0.02536613494157791, 'vessel_centre': [450.0, 428.0]}, {'vessel_blob_score': -6.353417838410245, 'centre': [296.0, 133.0], 'radius': 45.254833995939045, 'blob_score': 0.4982437580823898, 'blob_contrast': 0.060986459255218506, 'blob_brightness': 0.6172016859054565, 'blob_response': -0.026080593466758728, 'vessel_centre': [450.0, 428.0]}, {'vessel_blob_score': -2.5630482034348057, 'centre': [302.0, 364.0], 'radius': 45.254833995939045, 'blob_score': 0.4957760781049728, 'blob_contrast': 0.06736129522323608, 'blob_brightness': 0.6046231389045715, 'blob_response': -0.02589292824268341, 'vessel_centre': [450.0, 428.0]}]"
papilledema/papilledema_0531_RFM.png,papilledema,3,"[{'vessel_blob_score': -0.8239301919859874, 'centre': [449.0, 371.0], 'radius': 35.918785545899944, 'blob_score': 0.44111839383840556, 'blob_contrast': 0.03032541275024414, 'blob_brightness': 0.5841938257217407, 'blob_response': -0.009286515414714813, 'vessel_centre': [513.0, 357.0]}, {'vessel_blob_score': -5.256324924626277, 'centre': [304.0, 166.0], 'radius': 45.254833995939045, 'blob_score': 0.48575600683689113, 'blob_contrast': 0.04810696840286255, 'blob_brightness': 0.6157769560813904, 'blob_response': -0.033025845885276794, 'vessel_centre': [513.0, 357.0]}, {'vessel_blob_score': -0.5439524158794531, 'centre': [444.0, 368.0], 'radius': 45.254833995939045, 'blob_score': 0.45423168912529943, 'blob_contrast': 0.04547989368438721, 'blob_brightness': 0.5812664031982422, 'blob_response': -0.009326566010713577, 'vessel_centre': [513.0, 357.0]}]"
papilledema/papilledema_0532_WHC.jpg,papilledema,0,[]
papilledema/papilledema_0533_WHC.jpg,papilledema,3,"[{'vessel_blob_score': -4.3548092120555895, 'centre': [387.0, 127.0], 'radius': 35.918785545899944, 'blob_score': 0.735437422990799, 'blob_contrast': 0.09058207273483276, 'blob_brightness': 0.8917326331138611, 'blob_response': -0.10321253538131714, 'vessel_centre': [250.0, 262.0]}, {'vessel_blob_score': -2.943014491635809, 'centre': [354.0, 407.0], 'radius': 45.254833995939045, 'blob_score': 0.7769324719905852, 'blob_contrast': 0.12226498126983643, 'blob_brightness': 0.9000138640403748, 'blob_response': -0.12328892946243286, 'vessel_centre': [250.0, 262.0]}, {'vessel_blob_score': -0.7525200421832272, 'centre': [280.0, 12.0], 'radius': 143.67514218359977, 'blob_score': 0.5614979237318038, 'blob_contrast': 0.038368821144104004, 'blob_brightness': 0.7339527606964111, 'blob_response': -0.046810850501060486, 'vessel_centre': [250.0, 262.0]}]"
papilledema/papilledema_0534_WHC.jpg,papilledema,2,"[{'vessel_blob_score': -2.953951199371462, 'centre': [463.0, 238.0], 'radius': 35.918785545899944, 'blob_score': 0.7765535235404968, 'blob_contrast': 0.09016436338424683, 'blob_brightness': 0.9490622282028198, 'blob_response': -0.11022800207138062, 'vessel_centre': [322.0, 221.0]}, {'vessel_blob_score': -0.12259905924040604, 'centre': [258.0, 220.0], 'radius': 57.01751796098172, 'blob_score': 0.766905528306961, 'blob_contrast': 0.1457093358039856, 'blob_brightness': 0.8741961717605591, 'blob_response': -0.04629436135292053, 'vessel_centre': [322.0, 221.0]}]"
papilledema/papilledema_0535_WHC.jpg,papilledema,1,"[{'vessel_blob_score': -3.20663770501454, 'centre': [388.0, 146.0], 'radius': 45.254833995939045, 'blob_score': 0.8218705832958222, 'blob_contrast': 0.14212995767593384, 'blob_brightness': 0.9399798512458801, 'blob_response': -0.10877364873886108, 'vessel_centre': [248.0, 275.0]}]"
papilledema/papilledema_0536_WHC.jpg,papilledema,1,"[{'vessel_blob_score': -0.9727564246758311, 'centre': [526.0, 220.0], 'radius': 35.918785545899944, 'blob_score': 0.7644427895545959, 'blob_contrast': 0.10139983892440796, 'blob_brightness': 0.9246425628662109, 'blob_response': -0.07896578311920166, 'vessel_centre': [456.0, 231.0]}]"
papilledema/papilledema_0537_WHC.jpg,papilledema,1,"[{'vessel_blob_score': -1.007613130937583, 'centre': [270.0, 117.0], 'radius': 35.918785545899944, 'blob_score': 0.7579393208026886, 'blob_contrast': 0.10969871282577515, 'blob_brightness': 0.9105557203292847, 'blob_response': -0.05425801873207092, 'vessel_centre': [210.0, 157.0]}]"
papilledema/papilledema_0538_WHC.jpg,papilledema,0,[]
papilledema/papilledema_0539_WHC.jpg,papilledema,0,[]
papilledema/papilledema_0540_WHC.jpg,papilledema,1,"[{'vessel_blob_score': 0.48179832335725925, 'centre': [264.0, 219.0], 'radius': 57.01751796098172, 'blob_score': 0.7086493968963623, 'blob_contrast': 0.054752349853515625, 'blob_brightness': 0.9209320545196533, 'blob_response': -0.04622304439544678, 'vessel_centre': [276.0, 246.0]}]"
papilledema/papilledema_0541_WHC.jpg,papilledema,2,"[{'vessel_blob_score': -4.457393808279862, 'centre': [395.0, 361.0], 'radius': 35.918785545899944, 'blob_score': 0.7575651943683624, 'blob_contrast': 0.04400646686553955, 'blob_brightness': 0.9903243184089661, 'blob_response': -0.10165852308273315, 'vessel_centre': [275.0, 206.0]}, {'vessel_blob_score': -2.6574753067988435, 'centre': [375.0, 389.0], 'radius': 57.01751796098172, 'blob_score': 0.7690673410892487, 'blob_contrast': 0.05831557512283325, 'blob_brightness': 0.9831591248512268, 'blob_response': -0.1127018928527832, 'vessel_centre': [275.0, 206.0]}]"
papilledema/papilledema_0542_WHC.jpg,papilledema,4,"[{'vessel_blob_score': -2.9476732139498343, 'centre': [438.0, 237.0], 'radius': 35.918785545899944, 'blob_score': 0.7604982614517211, 'blob_contrast': 0.04617500305175781, 'blob_brightness': 0.9919024705886841, 'blob_response': -0.09995764493942261, 'vessel_centre': [297.0, 222.0]}, {'vessel_blob_score': -1.8437499999999996, 'centre': [416.0, 173.0], 'radius': 45.254833995939045, 'blob_score': 0.7653636276721955, 'blob_contrast': 0.04927551746368408, 'blob_brightness': 0.9908856749534607, 'blob_response': -0.11234068870544434, 'vessel_centre': [297.0, 222.0]}, {'vessel_blob_score': -2.0533185071737927, 'centre': [435.0, 229.0], 'radius': 45.254833995939045, 'blob_score': 0.7612045586109161, 'blob_contrast': 0.05142241716384888, 'blob_brightness': 0.9856133460998535, 'blob_response': -0.099263995885849, 'vessel_centre': [297.0, 222.0]}, {'vessel_blob_score': -1.5621176889828559, 'centre': [292.0, 76.0], 'radius': 57.01751796098172, 'blob_score': 0.7677639663219452, 'blob_contrast': 0.056704580783843994, 'blob_brightness': 0.9824967384338379, 'blob_response': -0.11655834317207336, 'vessel_centre': [297.0, 222.0]}]"
papilledema/papilledema_0543_WHC.jpg,papilledema,0,[]
papilledema/papilledema_0544_WHC.jpg,papilledema,1,"[{'vessel_blob_score': -1.6005624981867586, 'centre': [294.0, 114.0], 'radius': 71.83757109179989, 'blob_score': 0.7432512760162353, 'blob_contrast': 0.08985346555709839, 'blob_brightness': 0.9214221239089966, 'blob_response': -0.04201161861419678, 'vessel_centre': [404.0, 265.0]}]"
papilledema/papilledema_0545_WHC.jpg,papilledema,0,[]
papilledema/papilledema_0546_WHC.jpg,papilledema,0,[]
papilledema/papilledema_0547_WHC.jpg,papilledema,1,"[{'vessel_blob_score': 0.013938642051083194, 'centre': [278.0, 191.0], 'radius': 57.01751796098172, 'blob_score': 0.7374134361743927, 'blob_contrast': 0.05209857225418091, 'blob_brightness': 0.953052818775177, 'blob_response': -0.09088945388793945, 'vessel_centre': [313.0, 235.0]}]"
papilledema/papilledema_0548_WHC.jpg,papilledema,3,"[{'vessel_blob_score': 0.803913949829421, 'centre': [303.0, 216.0], 'radius': 57.01751796098172, 'blob_score': 0.7806353449821472, 'blob_contrast': 0.08840245008468628, 'blob_brightness': 0.9522325992584229, 'blob_response': -0.1283503770828247, 'vessel_centre': [293.0, 211.0]}, {'vessel_blob_score': -2.259938692897414, 'centre': [311.0, 396.0], 'radius': 57.01751796098172, 'blob_score': 0.6917903125286101, 'blob_contrast': 0.03806358575820923, 'blob_brightness': 0.9222083687782288, 'blob_response': -0.040904343128204346, 'vessel_centre': [293.0, 211.0]}, {'vessel_blob_score': -1.635387476528987, 'centre': [304.0, 400.0], 'radius': 71.83757109179989, 'blob_score': 0.7212716907262802, 'blob_contrast': 0.07135331630706787, 'blob_brightness': 0.9167946577072144, 'blob_response': -0.04081057012081146, 'vessel_centre': [293.0, 211.0]}]"
papilledema/papilledema_0549_WHC.jpg,papilledema,1,"[{'vessel_blob_score': -3.7414894725321917, 'centre': [301.0, 75.0], 'radius': 35.918785545899944, 'blob_score': 0.803940850496292, 'blob_contrast': 0.1121969223022461, 'blob_brightness': 0.9561418890953064, 'blob_response': -0.11222302913665771, 'vessel_centre': [387.0, 222.0]}]"
papilledema/papilledema_0550_WHC.jpg,papilledema,1,"[{'vessel_blob_score': -0.4674196102342367, 'centre': [209.0, 225.0], 'radius': 45.254833995939045, 'blob_score': 0.7161230504512787, 'blob_contrast': 0.07898139953613281, 'blob_brightness': 0.8941589593887329, 'blob_response': -0.056151896715164185, 'vessel_centre': [272.0, 204.0]}]"
papilledema/papilledema_0551_WHC.jpg,papilledema,1,"[{'vessel_blob_score': -2.0712359057910366, 'centre': [325.0, 72.0], 'radius': 57.01751796098172, 'blob_score': 0.8053713798522949, 'blob_contrast': 0.1298431158065796, 'blob_brightness': 0.9384649395942688, 'blob_response': -0.09301403164863586, 'vessel_centre': [233.0, 221.0]}]"
papilledema/papilledema_0552_WHC.jpg,papilledema,4,"[{'vessel_blob_score': -4.490809914288345, 'centre': [423.0, 165.0], 'radius': 35.918785545899944, 'blob_score': 0.7131224632263182, 'blob_contrast': 0.05808514356613159, 'blob_brightness': 0.9282497763633728, 'blob_response': -0.02631238102912903, 'vessel_centre': [247.0, 254.0]}, {'vessel_blob_score': -3.52218864210783, 'centre': [407.0, 282.0], 'radius': 35.918785545899944, 'blob_score': 0.7288700997829437, 'blob_contrast': 0.0459369421005249, 'blob_brightness': 0.9484128952026367, 'blob_response': -0.0952206552028656, 'vessel_centre': [247.0, 254.0]}, {'vessel_blob_score': -4.470444702390671, 'centre': [342.0, 426.0], 'radius': 35.918785545899944, 'blob_score': 0.72943115234375, 'blob_contrast': 0.07388722896575928, 'blob_brightness': 0.9282681941986084, 'blob_response': -0.02878093719482422, 'vessel_centre': [247.0, 254.0]}, {'vessel_blob_score': -3.1901227793765177, 'centre': [416.0, 168.0], 'radius': 45.254833995939045, 'blob_score': 0.7235505908727645, 'blob_contrast': 0.06910890340805054, 'blob_brightness': 0.9273471832275391, 'blob_response': -0.026493296027183533, 'vessel_centre': [247.0, 254.0]}]"
papilledema/papilledema_0553_WHC.jpg,papilledema,1,"[{'vessel_blob_score': -4.1426014386888435, 'centre': [176.0, 432.0], 'radius': 35.918785545899944, 'blob_score': 0.8329320430755615, 'blob_contrast': 0.1522539258003235, 'blob_brightness': 0.9654673337936401, 'blob_response': -0.024254918098449707, 'vessel_centre': [238.0, 258.0]}]"
papilledema/papilledema_0554_WHC.jpg,papilledema,1,"[{'vessel_blob_score': -2.6301821794849354, 'centre': [275.0, 106.0], 'radius': 45.254833995939045, 'blob_score': 0.7226105540990828, 'blob_contrast': 0.03448516130447388, 'blob_brightness': 0.9705860614776611, 'blob_response': -0.043575748801231384, 'vessel_centre': [208.0, 256.0]}]"
papilledema/papilledema_0555_WHC.jpg,papilledema,0,[]
papilledema/papilledema_0556_WHC.jpg,papilledema,0,[]
papilledema/papilledema_0557_WHC.jpg,papilledema,1,"[{'vessel_blob_score': -1.9849884840648881, 'centre': [394.0, 184.0], 'radius': 45.254833995939045, 'blob_score': 0.7017978161573409, 'blob_contrast': 0.07791924476623535, 'blob_brightness': 0.8865352869033813, 'blob_response': -0.016519352793693542, 'vessel_centre': [272.0, 242.0]}]"
papilledema/papilledema_0558_WHC.jpg,papilledema,2,"[{'vessel_blob_score': -2.606940917436552, 'centre': [429.0, 257.0], 'radius': 35.918785545899944, 'blob_score': 0.7280042052268981, 'blob_contrast': 0.0753169059753418, 'blob_brightness': 0.9119925498962402, 'blob_response': -0.07146257162094116, 'vessel_centre': [300.0, 269.0]}, {'vessel_blob_score': 0.39970710274067056, 'centre': [327.0, 272.0], 'radius': 45.254833995939045, 'blob_score': 0.7832062304019928, 'blob_contrast': 0.0901484489440918, 'blob_brightness': 0.9538202881813049, 'blob_response': -0.12691789865493774, 'vessel_centre': [300.0, 269.0]}]"
papilledema/papilledema_0559_WHC.jpg,papilledema,0,[]
papilledema/papilledema_0560_WHC.jpg,papilledema,0,[]
papilledema/papilledema_0561_WHC.jpg,papilledema,1,"[{'vessel_blob_score': -0.4296621538122345, 'centre': [258.0, 335.0], 'radius': 35.918785545899944, 'blob_score': 0.7476866841316222, 'blob_contrast': 0.05309438705444336, 'blob_brightness': 0.9678466320037842, 'blob_response': -0.08549827337265015, 'vessel_centre': [207.0, 341.0]}]"
papilledema/papilledema_0562_WHC.jpg,papilledema,0,[]
papilledema/papilledema_0563_WHC.jpg,papilledema,0,[]
papilledema/papilledema_0564_WHC.jpg,papilledema,0,[]
papilledema/papilledema_0565_WHC.jpg,papilledema,0,[]
papilledema/papilledema_0566_WHC.jpg,papilledema,2,"[{'vessel_blob_score': 0.1573910019266267, 'centre': [245.0, 282.0], 'radius': 35.918785545899944, 'blob_score': 0.7736319541931151, 'blob_contrast': 0.061497390270233154, 'blob_brightness': 0.9885672330856323, 'blob_response': -0.10068750381469727, 'vessel_centre': [275.0, 286.0]}, {'vessel_blob_score': -1.4115877225076838, 'centre': [152.0, 164.0], 'radius': 71.83757109179989, 'blob_score': 0.7412760376930236, 'blob_contrast': 0.03784412145614624, 'blob_brightness': 0.986018717288971, 'blob_response': -0.06609407067298889, 'vessel_centre': [275.0, 286.0]}]"
papilledema/papilledema_0567_WHC.jpg,papilledema,2,"[{'vessel_blob_score': -2.741012236792203, 'centre': [254.0, 53.0], 'radius': 35.918785545899944, 'blob_score': 0.755858963727951, 'blob_contrast': 0.04969203472137451, 'blob_brightness': 0.9792775511741638, 'blob_response': -0.10336321592330933, 'vessel_centre': [244.0, 187.0]}, {'vessel_blob_score': -2.989080774837394, 'centre': [353.0, 94.0], 'radius': 35.918785545899944, 'blob_score': 0.755407154560089, 'blob_contrast': 0.048813462257385254, 'blob_brightness': 0.9793936610221863, 'blob_response': -0.10509064793586731, 'vessel_centre': [244.0, 187.0]}]"
papilledema/papilledema_0568_WHC.jpg,papilledema,2,"[{'vessel_blob_score': -4.9865026586446755, 'centre': [261.0, 183.0], 'radius': 35.918785545899944, 'blob_score': 0.6541941538453102, 'blob_contrast': 0.005120813846588135, 'blob_brightness': 0.9248128533363342, 'blob_response': -0.008521713316440582, 'vessel_centre': [282.0, 397.0]}, {'vessel_blob_score': 0.18915043157003597, 'centre': [294.0, 340.0], 'radius': 71.83757109179989, 'blob_score': 0.6637361854314804, 'blob_contrast': 0.022275805473327637, 'blob_brightness': 0.9133031964302063, 'blob_response': -0.010740712285041809, 'vessel_centre': [282.0, 397.0]}]"
papilledema/papilledema_0569_WHC.jpg,papilledema,2,"[{'vessel_blob_score': -4.659929978562396, 'centre': [54.0, 317.0], 'radius': 35.918785545899944, 'blob_score': 0.6684564888477325, 'blob_contrast': 0.016472578048706055, 'blob_brightness': 0.9220660328865051, 'blob_response': -0.0326884388923645, 'vessel_centre': [257.0, 328.0]}, {'vessel_blob_score': -0.5469685710479335, 'centre': [169.0, 322.0], 'radius': 57.01751796098172, 'blob_score': 0.677254056930542, 'blob_contrast': 0.019248247146606445, 'blob_brightness': 0.9248017072677612, 'blob_response': -0.05322307348251343, 'vessel_centre': [257.0, 328.0]}]"
papilledema/papilledema_0570_WHC.jpg,papilledema,2,"[{'vessel_blob_score': 0.2001227230695073, 'centre': [343.0, 253.0], 'radius': 57.01751796098172, 'blob_score': 0.7699964702129363, 'blob_contrast': 0.11276054382324219, 'blob_brightness': 0.9068707823753357, 'blob_response': -0.11213189363479614, 'vessel_centre': [299.0, 241.0]}, {'vessel_blob_score': 0.15257539897744854, 'centre': [358.0, 256.0], 'radius': 71.83757109179989, 'blob_score': 0.7911691725254059, 'blob_contrast': 0.14650851488113403, 'blob_brightness': 0.8880678415298462, 'blob_response': -0.11506584286689758, 'vessel_centre': [299.0, 241.0]}]"
papilledema/papilledema_0571_WHC.jpg,papilledema,2,"[{'vessel_blob_score': -2.5697883706783307, 'centre': [316.0, 294.0], 'radius': 35.918785545899944, 'blob_score': 0.730321854352951, 'blob_contrast': 0.07694530487060547, 'blob_brightness': 0.9135813117027283, 'blob_response': -0.06934815645217896, 'vessel_centre': [420.0, 219.0]}, {'vessel_blob_score': 0.23901277113213015, 'centre': [389.0, 234.0], 'radius': 45.254833995939045, 'blob_score': 0.7873475968837738, 'blob_contrast': 0.10116958618164062, 'blob_brightness': 0.949888288974762, 'blob_response': -0.10628104209899902, 'vessel_centre': [420.0, 219.0]}]"
papilledema/papilledema_0572_WHC.jpg,papilledema,2,"[{'vessel_blob_score': -2.594132176153123, 'centre': [530.0, 133.0], 'radius': 35.918785545899944, 'blob_score': 0.7217659831047057, 'blob_contrast': 0.07035839557647705, 'blob_brightness': 0.9060748815536499, 'blob_response': -0.08577585220336914, 'vessel_centre': [409.0, 178.0]}, {'vessel_blob_score': -0.007600510650178194, 'centre': [500.0, 184.0], 'radius': 90.50966799187809, 'blob_score': 0.7746091485023499, 'blob_contrast': 0.13920456171035767, 'blob_brightness': 0.8712235689163208, 'blob_response': -0.12774044275283813, 'vessel_centre': [409.0, 178.0]}]"
papilledema/papilledema_0573_WHC.jpg,papilledema,5,"[{'vessel_blob_score': -2.696512631830032, 'centre': [458.0, 103.0], 'radius': 35.918785545899944, 'blob_score': 0.7582935035228728, 'blob_contrast': 0.07060283422470093, 'blob_brightness': 0.9479755759239197, 'blob_response': -0.12053883075714111, 'vessel_centre': [356.0, 188.0]}, {'vessel_blob_score': -0.17447627956038336, 'centre': [316.0, 223.0], 'radius': 45.254833995939045, 'blob_score': 0.7213865637779235, 'blob_contrast': 0.06366026401519775, 'blob_brightness': 0.922360897064209, 'blob_response': -0.060368359088897705, 'vessel_centre': [356.0, 188.0]}, {'vessel_blob_score': 0.5545506409298304, 'centre': [324.0, 188.0], 'radius': 71.83757109179989, 'blob_score': 0.7455866992473602, 'blob_contrast': 0.0932665467262268, 'blob_brightness': 0.910477340221405, 'blob_response': -0.07493007183074951, 'vessel_centre': [356.0, 188.0]}, {'vessel_blob_score': 0.43331470750939904, 'centre': [416.0, 164.0], 'radius': 114.03503592196344, 'blob_score': 0.7662832140922545, 'blob_contrast': 0.1238359808921814, 'blob_brightness': 0.8990557193756104, 'blob_response': -0.06554114818572998, 'vessel_centre': [356.0, 188.0]}, {'vessel_blob_score': 0.8194304047392502, 'centre': [374.0, 178.0], 'radius': 114.03503592196344, 'blob_score': 0.7933336615562439, 'blob_contrast': 0.15065258741378784, 'blob_brightness': 0.8994950652122498, 'blob_response': -0.06517264246940613, 'vessel_centre': [356.0, 188.0]}]"
papilledema/papilledema_0574_WHC.jpg,papilledema,1,"[{'vessel_blob_score': -0.7236447677091207, 'centre': [493.0, 256.0], 'radius': 35.918785545899944, 'blob_score': 0.6909786343574523, 'blob_contrast': 0.031125307083129883, 'blob_brightness': 0.9288438558578491, 'blob_response': -0.048313140869140625, 'vessel_centre': [461.0, 309.0]}]"
papilledema/papilledema_0575_WHC.jpg,papilledema,1,"[{'vessel_blob_score': -1.708854116596167, 'centre': [421.0, 172.0], 'radius': 45.254833995939045, 'blob_score': 0.7017363905906676, 'blob_contrast': 0.026891708374023438, 'blob_brightness': 0.9465326070785522, 'blob_response': -0.061359286308288574, 'vessel_centre': [313.0, 230.0]}]"
papilledema/papilledema_0576_WHC.jpg,papilledema,0,[]
papilledema/papilledema_0577_WHC.jpg,papilledema,1,"[{'vessel_blob_score': -2.08048626077863, 'centre': [371.0, 122.0], 'radius': 57.01751796098172, 'blob_score': 0.7911759376525878, 'blob_contrast': 0.1161150336265564, 'blob_brightness': 0.9339348673820496, 'blob_response': -0.10653248429298401, 'vessel_centre': [278.0, 271.0]}]"
papilledema/papilledema_0578_WHC.jpg,papilledema,1,"[{'vessel_blob_score': -2.0254147299872876, 'centre': [338.0, 185.0], 'radius': 35.918785545899944, 'blob_score': 0.6950312316417694, 'blob_contrast': 0.02610677480697632, 'blob_brightness': 0.9365427494049072, 'blob_response': -0.06672266125679016, 'vessel_centre': [443.0, 213.0]}]"
papilledema/papilledema_0579_WHC.jpg,papilledema,0,[]
papilledema/papilledema_0580_WHC.jpg,papilledema,0,[]
papilledema/papilledema_0581_WHC.jpg,papilledema,0,[]
papilledema/papilledema_0582_WHC.jpg,papilledema,1,"[{'vessel_blob_score': -1.707416368570657, 'centre': [298.0, 221.0], 'radius': 35.918785545899944, 'blob_score': 0.7795768618583679, 'blob_contrast': 0.08068376779556274, 'blob_brightness': 0.9732650518417358, 'blob_response': -0.08803778886795044, 'vessel_centre': [214.0, 270.0]}]"
papilledema/papilledema_0583_WHC.jpg,papilledema,0,[]
papilledema/papilledema_0584_WHC.jpg,papilledema,1,"[{'vessel_blob_score': -3.693953890378558, 'centre': [376.0, 368.0], 'radius': 45.254833995939045, 'blob_score': 0.7552334427833557, 'blob_contrast': 0.07026803493499756, 'blob_brightness': 0.9570920467376709, 'blob_response': -0.07500487565994263, 'vessel_centre': [344.0, 158.0]}]"
papilledema/papilledema_0585_WHC.jpg,papilledema,11,"[{'vessel_blob_score': -2.794907640096123, 'centre': [398.0, 140.0], 'radius': 35.918785545899944, 'blob_score': 0.4806039273738861, 'blob_contrast': 0.08555427193641663, 'blob_brightness': 0.5506519079208374, 'blob_response': -0.047966599464416504, 'vessel_centre': [272.0, 192.0]}, {'vessel_blob_score': -3.0662506268603504, 'centre': [126.0, 188.0], 'radius': 35.918785545899944, 'blob_score': 0.4511347949504852, 'blob_contrast': 0.07120350003242493, 'blob_brightness': 0.5325535535812378, 'blob_response': -0.03571903705596924, 'vessel_centre': [272.0, 192.0]}, {'vessel_blob_score': -2.4180483780950746, 'centre': [385.0, 240.0], 'radius': 35.918785545899944, 'blob_score': 0.5258090257644654, 'blob_contrast': 0.056207239627838135, 'blob_brightness': 0.6634833812713623, 'blob_response': -0.02581709623336792, 'vessel_centre': [272.0, 192.0]}, {'vessel_blob_score': -1.4901376185365294, 'centre': [312.0, 272.0], 'radius': 35.918785545899944, 'blob_score': 0.5048792302608489, 'blob_contrast': 0.05699563026428223, 'blob_brightness': 0.6327406764030457, 'blob_response': -0.024825632572174072, 'vessel_centre': [272.0, 192.0]}, {'vessel_blob_score': -4.139058273966054, 'centre': [144.0, 325.0], 'radius': 35.918785545899944, 'blob_score': 0.31266304254531857, 'blob_contrast': 0.01278764009475708, 'blob_brightness': 0.4264901876449585, 'blob_response': -0.006661355495452881, 'vessel_centre': [272.0, 192.0]}, {'vessel_blob_score': -5.403152965027155, 'centre': [103.0, 348.0], 'radius': 35.918785545899944, 'blob_score': 0.2804139345884323, 'blob_contrast': 0.014781028032302856, 'blob_brightness': 0.3762335479259491, 'blob_response': -0.01134711503982544, 'vessel_centre': [272.0, 192.0]}, {'vessel_blob_score': -5.858340356147883, 'centre': [195.0, 426.0], 'radius': 35.918785545899944, 'blob_score': 0.3214193135499954, 'blob_contrast': 0.025638610124588013, 'blob_brightness': 0.4183296859264374, 'blob_response': -0.014749616384506226, 'vessel_centre': [272.0, 192.0]}, {'vessel_blob_score': -2.2482717760757023, 'centre': [125.0, 192.0], 'radius': 45.254833995939045, 'blob_score': 0.45035972595214846, 'blob_contrast': 0.07694393396377563, 'blob_brightness': 0.5231863260269165, 'blob_response': -0.03592681884765625, 'vessel_centre': [272.0, 192.0]}, {'vessel_blob_score': -2.096195371944413, 'centre': [400.0, 249.0], 'radius': 45.254833995939045, 'blob_score': 0.5669212639331818, 'blob_contrast': 0.06977701187133789, 'blob_brightness': 0.7026143670082092, 'blob_response': -0.02657097578048706, 'vessel_centre': [272.0, 192.0]}, {'vessel_blob_score': -0.7651409734777559, 'centre': [227.0, 258.0], 'radius': 45.254833995939045, 'blob_score': 0.4582282543182373, 'blob_contrast': 0.04988366365432739, 'blob_brightness': 0.5764132738113403, 'blob_response': -0.0242764949798584, 'vessel_centre': [272.0, 192.0]}, {'vessel_blob_score': 0.09357622488113881, 'centre': [224.0, 236.0], 'radius': 71.83757109179989, 'blob_score': 0.4618717074394226, 'blob_contrast': 0.07074791193008423, 'blob_brightness': 0.5511211156845093, 'blob_response': -0.026695072650909424, 'vessel_centre': [272.0, 192.0]}]"
papilledema/papilledema_0586_WHC.jpg,papilledema,2,"[{'vessel_blob_score': -2.4254103544016856, 'centre': [320.0, 423.0], 'radius': 35.918785545899944, 'blob_score': 0.6628130555152892, 'blob_contrast': 0.053534626960754395, 'blob_brightness': 0.8574941158294678, 'blob_response': -0.045162737369537354, 'vessel_centre': [323.0, 300.0]}, {'vessel_blob_score': -1.6078307556281328, 'centre': [325.0, 418.0], 'radius': 45.254833995939045, 'blob_score': 0.6675012111663818, 'blob_contrast': 0.06454241275787354, 'blob_brightness': 0.8483954071998596, 'blob_response': -0.04541006684303284, 'vessel_centre': [323.0, 300.0]}]"
papilledema/papilledema_0587_WHC.jpg,papilledema,0,[]
papilledema/papilledema_0588_WHC.jpg,papilledema,0,[]
papilledema/papilledema_0589_WHC.jpg,papilledema,0,[]
papilledema/papilledema_0590_WHC.jpg,papilledema,3,"[{'vessel_blob_score': -1.974255438448611, 'centre': [268.0, 166.0], 'radius': 35.918785545899944, 'blob_score': 0.7175058662891387, 'blob_contrast': 0.04892820119857788, 'blob_brightness': 0.9394590258598328, 'blob_response': -0.05478173494338989, 'vessel_centre': [206.0, 253.0]}, {'vessel_blob_score': -1.4145990213771604, 'centre': [287.0, 284.0], 'radius': 35.918785545899944, 'blob_score': 0.7552241086959838, 'blob_contrast': 0.08752065896987915, 'blob_brightness': 0.9264607429504395, 'blob_response': -0.0959046483039856, 'vessel_centre': [206.0, 253.0]}, {'vessel_blob_score': -0.913281090496114, 'centre': [290.0, 274.0], 'radius': 45.254833995939045, 'blob_score': 0.7590851306915283, 'blob_contrast': 0.097145676612854, 'blob_brightness': 0.9189978241920471, 'blob_response': -0.09320488572120667, 'vessel_centre': [206.0, 253.0]}]"
papilledema/papilledema_0591_WHC.jpg,papilledema,1,"[{'vessel_blob_score': 0.5648934291468063, 'centre': [314.0, 250.0], 'radius': 71.83757109179989, 'blob_score': 0.7788421630859375, 'blob_contrast': 0.07791155576705933, 'blob_brightness': 0.9662442803382874, 'blob_response': -0.12279805541038513, 'vessel_centre': [345.0, 254.0]}]"
papilledema/papilledema_0592_WHC.jpg,papilledema,1,"[{'vessel_blob_score': -2.915834003339994, 'centre': [350.0, 435.0], 'radius': 57.01751796098172, 'blob_score': 0.7405965276062488, 'blob_contrast': 0.1707276701927185, 'blob_brightness': 0.8137557506561279, 'blob_response': -0.0011991597712039948, 'vessel_centre': [225.0, 250.0]}]"
papilledema/papilledema_0593_WHC.jpg,papilledema,4,"[{'vessel_blob_score': -4.858773118520854, 'centre': [397.0, 124.0], 'radius': 35.918785545899944, 'blob_score': 0.7284328684210777, 'blob_contrast': 0.05586254596710205, 'blob_brightness': 0.9596415758132935, 'blob_response': -0.004106096923351288, 'vessel_centre': [239.0, 263.0]}, {'vessel_blob_score': -0.20521117253554122, 'centre': [282.0, 268.0], 'radius': 35.918785545899944, 'blob_score': 0.7299827575683593, 'blob_contrast': 0.024158895015716553, 'blob_brightness': 0.9796984195709229, 'blob_response': -0.10017484426498413, 'vessel_centre': [239.0, 263.0]}, {'vessel_blob_score': -3.205244586376635, 'centre': [348.0, 419.0], 'radius': 45.254833995939045, 'blob_score': 0.8054446280002594, 'blob_contrast': 0.09738832712173462, 'blob_brightness': 0.982983410358429, 'blob_response': -0.09983956813812256, 'vessel_centre': [239.0, 263.0]}, {'vessel_blob_score': -0.5152351852216996, 'centre': [284.0, 476.0], 'radius': 143.67514218359977, 'blob_score': 0.5767104417085647, 'blob_contrast': -0.032926857471466064, 'blob_brightness': 0.8596689105033875, 'blob_response': -0.039345309138298035, 'vessel_centre': [239.0, 263.0]}]"
papilledema/papilledema_0594_WHC.jpg,papilledema,0,[]
papilledema/papilledema_0595_WHC.jpg,papilledema,1,"[{'vessel_blob_score': -4.748929114609663, 'centre': [347.0, 108.0], 'radius': 35.918785545899944, 'blob_score': 0.8292556226253509, 'blob_contrast': 0.1782248616218567, 'blob_brightness': 0.8962811231613159, 'blob_response': -0.1181698739528656, 'vessel_centre': [199.0, 252.0]}]"
papilledema/papilledema_0596_WHC.jpg,papilledema,0,[]
papilledema/papilledema_0597_WHC.jpg,papilledema,7,"[{'vessel_blob_score': -4.193966865854114, 'centre': [134.0, 49.0], 'radius': 35.918785545899944, 'blob_score': 0.2572526067495346, 'blob_contrast': -0.07688590884208679, 'blob_brightness': 0.4754696786403656, 'blob_response': -0.006548702716827393, 'vessel_centre': [255.0, 191.0]}, {'vessel_blob_score': -1.8895254776919979, 'centre': [161.0, 235.0], 'radius': 35.918785545899944, 'blob_score': 0.6928680300712584, 'blob_contrast': -0.0035459399223327637, 'blob_brightness': 0.9923572540283203, 'blob_response': -0.00881946086883545, 'vessel_centre': [255.0, 191.0]}, {'vessel_blob_score': -2.228067501806759, 'centre': [225.0, 303.0], 'radius': 35.918785545899944, 'blob_score': 0.6937586724758148, 'blob_contrast': -0.002752363681793213, 'blob_brightness': 0.9928178191184998, 'blob_response': -0.007692813873291016, 'vessel_centre': [255.0, 191.0]}, {'vessel_blob_score': -1.4528761816488003, 'centre': [234.0, 300.0], 'radius': 45.254833995939045, 'blob_score': 0.6938883423805237, 'blob_contrast': -0.00288468599319458, 'blob_brightness': 0.993221640586853, 'blob_response': -0.007589399814605713, 'vessel_centre': [255.0, 191.0]}, {'vessel_blob_score': -1.2375815567112385, 'centre': [136.0, 237.0], 'radius': 57.01751796098172, 'blob_score': 0.6944682598114014, 'blob_contrast': -0.0033119916915893555, 'blob_brightness': 0.9936857223510742, 'blob_response': -0.011001229286193848, 'vessel_centre': [255.0, 191.0]}, {'vessel_blob_score': -0.8167348738595452, 'centre': [244.0, 294.0], 'radius': 57.01751796098172, 'blob_score': 0.6955017745494841, 'blob_contrast': -0.0019736886024475098, 'blob_brightness': 0.9942930340766907, 'blob_response': -0.007351696491241455, 'vessel_centre': [255.0, 191.0]}, {'vessel_blob_score': 0.021096555770182324, 'centre': [224.0, 274.0], 'radius': 90.50966799187809, 'blob_score': 0.695163905620575, 'blob_contrast': -0.0025693774223327637, 'blob_brightness': 0.9948275089263916, 'blob_response': -0.006770133972167969, 'vessel_centre': [255.0, 191.0]}]"
papilledema/papilledema_0598_WHC.jpg,papilledema,1,"[{'vessel_blob_score': -2.4930874819062288, 'centre': [320.0, 88.0], 'radius': 45.254833995939045, 'blob_score': 0.7959212064743042, 'blob_contrast': 0.10919713973999023, 'blob_brightness': 0.9494062066078186, 'blob_response': -0.11069861054420471, 'vessel_centre': [325.0, 246.0]}]"
papilledema/papilledema_0599_WHC.jpg,papilledema,1,"[{'vessel_blob_score': -2.998351711174243, 'centre': [288.0, 464.0], 'radius': 45.254833995939045, 'blob_score': 0.7449960470199585, 'blob_contrast': 0.13241183757781982, 'blob_brightness': 0.8546023964881897, 'blob_response': -0.07181265950202942, 'vessel_centre': [193.0, 310.0]}]"
papilledema/papilledema_0600_WHC.jpg,papilledema,1,"[{'vessel_blob_score': -3.6567071519980594, 'centre': [143.0, 299.0], 'radius': 35.918785545899944, 'blob_score': 0.700487932562828, 'blob_contrast': 0.03820151090621948, 'blob_brightness': 0.9301355481147766, 'blob_response': -0.05595768988132477, 'vessel_centre': [274.0, 195.0]}]"
papilledema/papilledema_0601_WHC.jpg,papilledema,1,"[{'vessel_blob_score': -0.34703556588189555, 'centre': [169.0, 321.0], 'radius': 35.918785545899944, 'blob_score': 0.7357852280139923, 'blob_contrast': 0.07330530881881714, 'blob_brightness': 0.9144928455352783, 'blob_response': -0.11167463660240173, 'vessel_centre': [123.0, 306.0]}]"
papilledema/papilledema_0602_WHC.jpg,papilledema,1,"[{'vessel_blob_score': -3.7253601004221943, 'centre': [197.0, 314.0], 'radius': 35.918785545899944, 'blob_score': 0.6606626629829406, 'blob_contrast': 0.015400528907775879, 'blob_brightness': 0.9099693894386292, 'blob_response': -0.04141780734062195, 'vessel_centre': [355.0, 252.0]}]"
papilledema/papilledema_0603_WHC.jpg,papilledema,0,[]
papilledema/papilledema_0604_WHC.jpg,papilledema,1,"[{'vessel_blob_score': -0.08725751606967513, 'centre': [127.0, 206.0], 'radius': 45.254833995939045, 'blob_score': 0.7514878690242767, 'blob_contrast': 0.046395301818847656, 'blob_brightness': 0.9836435914039612, 'blob_response': -0.08271026611328125, 'vessel_centre': [166.0, 176.0]}]"
papilledema/papilledema_0605_WHC.jpg,papilledema,1,"[{'vessel_blob_score': -0.8968775741333437, 'centre': [320.0, 233.0], 'radius': 45.254833995939045, 'blob_score': 0.7580398797988891, 'blob_contrast': 0.05295592546463013, 'blob_brightness': 0.9749632477760315, 'blob_response': -0.11304840445518494, 'vessel_centre': [405.0, 221.0]}]"
papilledema/papilledema_0606_WHC.jpg,papilledema,0,[]
papilledema/papilledema_0607_WHC.jpg,papilledema,1,"[{'vessel_blob_score': -1.7819696667136533, 'centre': [364.0, 236.0], 'radius': 35.918785545899944, 'blob_score': 0.7522193729877471, 'blob_contrast': 0.05636870861053467, 'blob_brightness': 0.9710860848426819, 'blob_response': -0.08045202493667603, 'vessel_centre': [267.0, 212.0]}]"
papilledema/papilledema_0608_WHC.jpg,papilledema,0,[]
papilledema/papilledema_0609_WHC.jpg,papilledema,1,"[{'vessel_blob_score': -0.08292360352349082, 'centre': [108.0, 252.0], 'radius': 35.918785545899944, 'blob_score': 0.7911705076694489, 'blob_contrast': 0.09297746419906616, 'blob_brightness': 0.9707571864128113, 'blob_response': -0.09331506490707397, 'vessel_centre': [145.0, 240.0]}]"
papilledema/papilledema_0610_WHC.jpg,papilledema,1,"[{'vessel_blob_score': -4.0444689207653814, 'centre': [630.0, 4.0], 'radius': 71.83757109179989, 'blob_score': 0.7425292834639549, 'blob_contrast': 0.11031436920166016, 'blob_brightness': 0.9013192057609558, 'blob_response': -0.0064573511481285095, 'vessel_centre': [355.0, 240.0]}]"
papilledema/papilledema_0611_WHC.jpg,papilledema,3,"[{'vessel_blob_score': -1.1034059062030797, 'centre': [455.0, 248.0], 'radius': 45.254833995939045, 'blob_score': 0.7621922969818115, 'blob_contrast': 0.07722407579421997, 'blob_brightness': 0.9550853371620178, 'blob_response': -0.08204242587089539, 'vessel_centre': [365.0, 217.0]}, {'vessel_blob_score': -0.7942462910588537, 'centre': [430.0, 138.0], 'radius': 57.01751796098172, 'blob_score': 0.8027585089206696, 'blob_contrast': 0.10890769958496094, 'blob_brightness': 0.9616845846176147, 'blob_response': -0.10335800051689148, 'vessel_centre': [365.0, 217.0]}, {'vessel_blob_score': -0.12259905924040604, 'centre': [301.0, 218.0], 'radius': 57.01751796098172, 'blob_score': 0.8277495682239532, 'blob_contrast': 0.11982583999633789, 'blob_brightness': 0.9733934998512268, 'blob_response': -0.13274139165878296, 'vessel_centre': [365.0, 217.0]}]"
papilledema/papilledema_0612_WHC.jpg,papilledema,5,"[{'vessel_blob_score': -1.2921401026115311, 'centre': [413.0, 107.0], 'radius': 45.254833995939045, 'blob_score': 0.7804675698280334, 'blob_contrast': 0.10132557153701782, 'blob_brightness': 0.9453501105308533, 'blob_response': -0.08698460459709167, 'vessel_centre': [379.0, 205.0]}, {'vessel_blob_score': -0.24706687120218218, 'centre': [323.0, 212.0], 'radius': 45.254833995939045, 'blob_score': 0.7792011797428131, 'blob_contrast': 0.07423388957977295, 'blob_brightness': 0.9674105048179626, 'blob_response': -0.13889968395233154, 'vessel_centre': [379.0, 205.0]}, {'vessel_blob_score': -0.8551027599569785, 'centre': [461.0, 223.0], 'radius': 45.254833995939045, 'blob_score': 0.7617520689964293, 'blob_contrast': 0.09535950422286987, 'blob_brightness': 0.9322267174720764, 'blob_response': -0.0691693127155304, 'vessel_centre': [379.0, 205.0]}, {'vessel_blob_score': -0.7525310716307783, 'centre': [418.0, 113.0], 'radius': 57.01751796098172, 'blob_score': 0.7891196966171264, 'blob_contrast': 0.12054860591888428, 'blob_brightness': 0.9303823709487915, 'blob_response': -0.08651715517044067, 'vessel_centre': [379.0, 205.0]}, {'vessel_blob_score': 0.48552161972712804, 'centre': [408.0, 154.0], 'radius': 114.03503592196344, 'blob_score': 0.8307602494955062, 'blob_contrast': 0.19321435689926147, 'blob_brightness': 0.893781840801239, 'blob_response': -0.05949302017688751, 'vessel_centre': [379.0, 205.0]}]"
papilledema/papilledema_0613_WHC.jpg,papilledema,0,[]
papilledema/papilledema_0614_WHC.jpg,papilledema,6,"[{'vessel_blob_score': -2.2222996577080516, 'centre': [361.0, 138.0], 'radius': 35.918785545899944, 'blob_score': 0.8022866427898406, 'blob_contrast': 0.08572155237197876, 'blob_brightness': 0.9855280518531799, 'blob_response': -0.13347727060317993, 'vessel_centre': [381.0, 252.0]}, {'vessel_blob_score': -2.313497484037585, 'centre': [262.0, 254.0], 'radius': 35.918785545899944, 'blob_score': 0.8059557795524597, 'blob_contrast': 0.09112483263015747, 'blob_brightness': 0.9915386438369751, 'blob_response': -0.10376948118209839, 'vessel_centre': [381.0, 252.0]}, {'vessel_blob_score': -1.4764515945198684, 'centre': [269.0, 256.0], 'radius': 45.254833995939045, 'blob_score': 0.8090865254402161, 'blob_contrast': 0.09852337837219238, 'blob_brightness': 0.9855424165725708, 'blob_response': -0.1034172773361206, 'vessel_centre': [381.0, 252.0]}, {'vessel_blob_score': -0.7735546943810823, 'centre': [280.0, 257.0], 'radius': 57.01751796098172, 'blob_score': 0.8153307259082794, 'blob_contrast': 0.10796105861663818, 'blob_brightness': 0.981051504611969, 'blob_response': -0.1031680703163147, 'vessel_centre': [381.0, 252.0]}, {'vessel_blob_score': -0.2993681497552956, 'centre': [288.0, 260.0], 'radius': 71.83757109179989, 'blob_score': 0.830071610212326, 'blob_contrast': 0.13022476434707642, 'blob_brightness': 0.9706547856330872, 'blob_response': -0.10194247961044312, 'vessel_centre': [381.0, 252.0]}, {'vessel_blob_score': 0.0330655826533367, 'centre': [450.0, 260.0], 'radius': 71.83757109179989, 'blob_score': 0.8622801184654235, 'blob_contrast': 0.1487414836883545, 'blob_brightness': 0.981122612953186, 'blob_response': -0.13376402854919434, 'vessel_centre': [381.0, 252.0]}]"
papilledema/papilledema_0615_WHC.jpg,papilledema,1,"[{'vessel_blob_score': -3.4019829903872507, 'centre': [228.0, 341.0], 'radius': 35.918785545899944, 'blob_score': 0.6589881241321563, 'blob_contrast': 0.09180206060409546, 'blob_brightness': 0.7834574580192566, 'blob_response': -0.0938292145729065, 'vessel_centre': [318.0, 211.0]}]"
papilledema/papilledema_0616_WHC.jpg,papilledema,1,"[{'vessel_blob_score': -0.7636521640715241, 'centre': [293.0, 246.0], 'radius': 35.918785545899944, 'blob_score': 0.7389112830162048, 'blob_contrast': 0.024153590202331543, 'blob_brightness': 0.9917717576026917, 'blob_response': -0.10258731245994568, 'vessel_centre': [231.0, 259.0]}]"
papilledema/papilledema_0617_WHC.jpg,papilledema,1,"[{'vessel_blob_score': 0.3061373965257963, 'centre': [269.0, 238.0], 'radius': 45.254833995939045, 'blob_score': 0.7821180939674377, 'blob_contrast': 0.1383380889892578, 'blob_brightness': 0.8842363357543945, 'blob_response': -0.1240728497505188, 'vessel_centre': [238.0, 233.0]}]"
papilledema/papilledema_0618_WHC.jpg,papilledema,1,"[{'vessel_blob_score': 0.5962341103273396, 'centre': [370.0, 247.0], 'radius': 57.01751796098172, 'blob_score': 0.7701364040374756, 'blob_contrast': 0.14563757181167603, 'blob_brightness': 0.8603125810623169, 'blob_response': -0.11140012741088867, 'vessel_centre': [393.0, 248.0]}]"
papilledema/papilledema_0619_WHC.jpg,papilledema,0,[]
papilledema/papilledema_0620_WHC.jpg,papilledema,3,"[{'vessel_blob_score': -0.07157034656211003, 'centre': [282.0, 201.0], 'radius': 57.01751796098172, 'blob_score': 0.7359180152416229, 'blob_contrast': 0.15093457698822021, 'blob_brightness': 0.8210049867630005, 'blob_response': -0.05139973759651184, 'vessel_centre': [339.0, 223.0]}, {'vessel_blob_score': 0.27802110885288456, 'centre': [388.0, 206.0], 'radius': 71.83757109179989, 'blob_score': 0.842946720123291, 'blob_contrast': 0.2073691487312317, 'blob_brightness': 0.8743859529495239, 'blob_response': -0.11753702163696289, 'vessel_centre': [339.0, 223.0]}, {'vessel_blob_score': 0.5404549634421019, 'centre': [376.0, 204.0], 'radius': 90.50966799187809, 'blob_score': 0.8483885586261748, 'blob_contrast': 0.2396600842475891, 'blob_brightness': 0.8369575142860413, 'blob_response': -0.11429107189178467, 'vessel_centre': [339.0, 223.0]}]"
papilledema/papilledema_0621_WHC.jpg,papilledema,0,[]
papilledema/papilledema_0622_WHC.jpg,papilledema,0,[]
papilledema/papilledema_0623_WHC.jpg,papilledema,0,[]
papilledema/papilledema_0624_WHC.jpg,papilledema,0,[]
papilledema/papilledema_0625_WHC.jpg,papilledema,0,[]
papilledema/papilledema_0626_WHC.jpg,papilledema,1,"[{'vessel_blob_score': -1.1202757805193202, 'centre': [400.0, 153.0], 'radius': 35.918785545899944, 'blob_score': 0.7292196154594421, 'blob_contrast': 0.03874427080154419, 'blob_brightness': 0.9575873613357544, 'blob_response': -0.10082095861434937, 'vessel_centre': [362.0, 219.0]}]"
papilledema/papilledema_0627_WHC.jpg,papilledema,3,"[{'vessel_blob_score': -1.1740627038079894, 'centre': [341.0, 133.0], 'radius': 35.918785545899944, 'blob_score': 0.7191634893417358, 'blob_contrast': 0.04106193780899048, 'blob_brightness': 0.9413554072380066, 'blob_response': -0.09576383233070374, 'vessel_centre': [328.0, 210.0]}, {'vessel_blob_score': -2.2649540778886905, 'centre': [211.0, 202.0], 'radius': 35.918785545899944, 'blob_score': 0.6977425932884216, 'blob_contrast': 0.03425556421279907, 'blob_brightness': 0.9318065047264099, 'blob_response': -0.0561123788356781, 'vessel_centre': [328.0, 210.0]}, {'vessel_blob_score': -1.650361119262807, 'centre': [209.0, 195.0], 'radius': 45.254833995939045, 'blob_score': 0.7246827960014343, 'blob_contrast': 0.06180387735366821, 'blob_brightness': 0.9308173656463623, 'blob_response': -0.0565338134765625, 'vessel_centre': [328.0, 210.0]}]"
papilledema/papilledema_0628_WHC.jpg,papilledema,1,"[{'vessel_blob_score': -2.2364605154573374, 'centre': [325.0, 432.0], 'radius': 35.918785545899944, 'blob_score': 0.7121904969215392, 'blob_contrast': 0.018484771251678467, 'blob_brightness': 0.9702268838882446, 'blob_response': -0.072734534740448, 'vessel_centre': [342.0, 317.0]}]"
papilledema/papilledema_0629_WHC.jpg,papilledema,3,"[{'vessel_blob_score': -5.240391193862344, 'centre': [285.0, 87.0], 'radius': 35.918785545899944, 'blob_score': 0.6998912572860717, 'blob_contrast': 0.01640796661376953, 'blob_brightness': 0.9623991847038269, 'blob_response': -0.049019306898117065, 'vessel_centre': [366.0, 296.0]}, {'vessel_blob_score': -0.89643231051505, 'centre': [418.0, 252.0], 'radius': 35.918785545899944, 'blob_score': 0.757010531425476, 'blob_contrast': 0.06479215621948242, 'blob_brightness': 0.9653319120407104, 'blob_response': -0.08243018388748169, 'vessel_centre': [366.0, 296.0]}, {'vessel_blob_score': -3.6779068502910572, 'centre': [286.0, 100.0], 'radius': 45.254833995939045, 'blob_score': 0.6992447435855865, 'blob_contrast': 0.020783543586730957, 'blob_brightness': 0.9553634524345398, 'blob_response': -0.04853391647338867, 'vessel_centre': [366.0, 296.0]}]"
papilledema/papilledema_0630_WHC.jpg,papilledema,6,"[{'vessel_blob_score': -5.126510334416719, 'centre': [292.0, 58.0], 'radius': 35.918785545899944, 'blob_score': 0.7183344542980193, 'blob_contrast': 0.014083147048950195, 'blob_brightness': 0.9933141469955444, 'blob_response': -0.04465702176094055, 'vessel_centre': [351.0, 270.0]}, {'vessel_blob_score': -1.3427484160931242, 'centre': [346.0, 186.0], 'radius': 35.918785545899944, 'blob_score': 0.7103491306304931, 'blob_contrast': 0.005035281181335449, 'blob_brightness': 0.9965061545372009, 'blob_response': -0.03879770636558533, 'vessel_centre': [351.0, 270.0]}, {'vessel_blob_score': -0.45678371394094675, 'centre': [304.0, 293.0], 'radius': 35.918785545899944, 'blob_score': 0.7052427232265472, 'blob_contrast': 0.001795351505279541, 'blob_brightness': 0.9972686171531677, 'blob_response': -0.026796698570251465, 'vessel_centre': [351.0, 270.0]}, {'vessel_blob_score': -0.3089610025703593, 'centre': [406.0, 248.0], 'radius': 45.254833995939045, 'blob_score': 0.7202198445796967, 'blob_contrast': 0.011248946189880371, 'blob_brightness': 0.9968897700309753, 'blob_response': -0.055740296840667725, 'vessel_centre': [351.0, 270.0]}, {'vessel_blob_score': 0.12027484517542175, 'centre': [397.0, 250.0], 'radius': 57.01751796098172, 'blob_score': 0.7226651012897491, 'blob_contrast': 0.013873934745788574, 'blob_brightness': 0.9962001442909241, 'blob_response': -0.057255327701568604, 'vessel_centre': [351.0, 270.0]}, {'vessel_blob_score': -1.391027980401529, 'centre': [332.0, 405.0], 'radius': 57.01751796098172, 'blob_score': 0.7323300182819367, 'blob_contrast': 0.01886129379272461, 'blob_brightness': 0.9971149563789368, 'blob_response': -0.0774412751197815, 'vessel_centre': [351.0, 270.0]}]"
papilledema/papilledema_0631_WHC.jpg,papilledema,3,"[{'vessel_blob_score': -0.5443370968806744, 'centre': [202.0, 49.0], 'radius': 35.918785545899944, 'blob_score': 0.7388868868350982, 'blob_contrast': 0.025431156158447266, 'blob_brightness': 0.9938753247261047, 'blob_response': -0.08871501684188843, 'vessel_centre': [228.0, 0.0]}, {'vessel_blob_score': -2.960121370831344, 'centre': [360.0, 53.0], 'radius': 35.918785545899944, 'blob_score': 0.7307687163352966, 'blob_contrast': 0.020457923412322998, 'blob_brightness': 0.9947209358215332, 'blob_response': -0.07003068923950195, 'vessel_centre': [228.0, 0.0]}, {'vessel_blob_score': -2.103677254483784, 'centre': [360.0, 48.0], 'radius': 45.254833995939045, 'blob_score': 0.7377715229988098, 'blob_contrast': 0.028108179569244385, 'blob_brightness': 0.9935237169265747, 'blob_response': -0.07098370790481567, 'vessel_centre': [228.0, 0.0]}]"
papilledema/papilledema_0632_WHC.jpg,papilledema,0,[]
papilledema/papilledema_0633_WHC.jpg,papilledema,1,"[{'vessel_blob_score': 0.3911851803304649, 'centre': [298.0, 234.0], 'radius': 57.01751796098172, 'blob_score': 0.723023247718811, 'blob_contrast': 0.032233476638793945, 'blob_brightness': 0.9644515514373779, 'blob_response': -0.0783684253692627, 'vessel_centre': [291.0, 200.0]}]"
papilledema/papilledema_0634_WHC.jpg,papilledema,0,[]
papilledema/papilledema_0635_WHC.jpg,papilledema,3,"[{'vessel_blob_score': -0.10380946349343012, 'centre': [427.0, 231.0], 'radius': 57.01751796098172, 'blob_score': 0.7727459609508514, 'blob_contrast': 0.054324209690093994, 'blob_brightness': 0.9907035231590271, 'blob_response': -0.12464642524719238, 'vessel_centre': [382.0, 275.0]}, {'vessel_blob_score': -0.6305767376364864, 'centre': [282.0, 214.0], 'radius': 71.83757109179989, 'blob_score': 0.8255813419818877, 'blob_contrast': 0.11567258834838867, 'blob_brightness': 0.9788596034049988, 'blob_response': -0.12353515625, 'vessel_centre': [382.0, 275.0]}, {'vessel_blob_score': 0.4639278501727756, 'centre': [378.0, 214.0], 'radius': 114.03503592196344, 'blob_score': 0.8070885717868805, 'blob_contrast': 0.11054497957229614, 'blob_brightness': 0.9669780731201172, 'blob_response': -0.0982947051525116, 'vessel_centre': [382.0, 275.0]}]"
papilledema/papilledema_0636_WHC.jpg,papilledema,0,[]
papilledema/papilledema_0637_WHC.jpg,papilledema,2,"[{'vessel_blob_score': -4.776166611483667, 'centre': [323.0, 424.0], 'radius': 35.918785545899944, 'blob_score': 0.8041209518909453, 'blob_contrast': 0.13195502758026123, 'blob_brightness': 0.9255627393722534, 'blob_response': -0.12136003375053406, 'vessel_centre': [210.0, 250.0]}, {'vessel_blob_score': 0.26545879540355266, 'centre': [243.0, 254.0], 'radius': 45.254833995939045, 'blob_score': 0.8535877048969268, 'blob_contrast': 0.20088893175125122, 'blob_brightness': 0.8955491781234741, 'blob_response': -0.12907174229621887, 'vessel_centre': [210.0, 250.0]}]"
papilledema/papilledema_0638_WHC.jpg,papilledema,1,"[{'vessel_blob_score': -1.9534970003793806, 'centre': [284.0, 304.0], 'radius': 45.254833995939045, 'blob_score': 0.7112025380134582, 'blob_contrast': 0.016762614250183105, 'blob_brightness': 0.9805431962013245, 'blob_response': -0.04029843211174011, 'vessel_centre': [188.0, 211.0]}]"
papilledema/papilledema_0639_WHC.jpg,papilledema,1,"[{'vessel_blob_score': 0.15769800175352788, 'centre': [271.0, 250.0], 'radius': 45.254833995939045, 'blob_score': 0.8282796442508698, 'blob_contrast': 0.1436498761177063, 'blob_brightness': 0.9402245879173279, 'blob_response': -0.13236278295516968, 'vessel_centre': [309.0, 253.0]}]"
papilledema/papilledema_0640_WHC.jpg,papilledema,0,[]
papilledema/papilledema_0641_WHC.jpg,papilledema,0,[]
papilledema/papilledema_0642_WHC.jpg,papilledema,1,"[{'vessel_blob_score': -3.1108303031443656, 'centre': [380.0, 129.0], 'radius': 45.254833995939045, 'blob_score': 0.6848222762346267, 'blob_contrast': 0.05011343955993652, 'blob_brightness': 0.895776093006134, 'blob_response': -0.03832785785198212, 'vessel_centre': [245.0, 257.0]}]"
papilledema/papilledema_0643_WHC.jpg,papilledema,3,"[{'vessel_blob_score': -2.4290289058973076, 'centre': [217.0, 352.0], 'radius': 35.918785545899944, 'blob_score': 0.55374795794487, 'blob_contrast': 0.05626147985458374, 'blob_brightness': 0.7037991881370544, 'blob_response': -0.024135231971740723, 'vessel_centre': [240.0, 231.0]}, {'vessel_blob_score': -1.9971503392806307, 'centre': [219.0, 365.0], 'radius': 45.254833995939045, 'blob_score': 0.5563252985477447, 'blob_contrast': 0.06409579515457153, 'blob_brightness': 0.6962729692459106, 'blob_response': -0.024192124605178833, 'vessel_centre': [240.0, 231.0]}, {'vessel_blob_score': -1.66503954966662, 'centre': [223.0, 382.0], 'radius': 57.01751796098172, 'blob_score': 0.5951476931571961, 'blob_contrast': 0.10930031538009644, 'blob_brightness': 0.68678218126297, 'blob_response': -0.02549925446510315, 'vessel_centre': [240.0, 231.0]}]"
papilledema/papilledema_0644_WHC.jpg,papilledema,1,"[{'vessel_blob_score': -0.6086922095292187, 'centre': [137.0, 201.0], 'radius': 45.254833995939045, 'blob_score': 0.7332004487514495, 'blob_contrast': 0.03433263301849365, 'blob_brightness': 0.9708622694015503, 'blob_response': -0.09632113575935364, 'vessel_centre': [195.0, 245.0]}]"
papilledema/papilledema_0645_WHC.jpg,papilledema,0,[]
papilledema/papilledema_0646_WHC.jpg,papilledema,0,[]
papilledema/papilledema_0647_WHC.jpg,papilledema,2,"[{'vessel_blob_score': -7.7529754143601295, 'centre': [49.0, 173.0], 'radius': 35.918785545899944, 'blob_score': 0.8515152931213379, 'blob_contrast': 0.1597346067428589, 'blob_brightness': 0.9664998054504395, 'blob_response': -0.07615411281585693, 'vessel_centre': [342.0, 287.0]}, {'vessel_blob_score': -7.784267078629075, 'centre': [30.0, 240.0], 'radius': 35.918785545899944, 'blob_score': 0.8556445240974425, 'blob_contrast': 0.15684205293655396, 'blob_brightness': 0.982501745223999, 'blob_response': -0.05525624752044678, 'vessel_centre': [342.0, 287.0]}]"
papilledema/papilledema_0648_WHC.jpg,papilledema,1,"[{'vessel_blob_score': 0.20144172880121025, 'centre': [221.0, 244.0], 'radius': 45.254833995939045, 'blob_score': 0.804759281873703, 'blob_contrast': 0.14272159337997437, 'blob_brightness': 0.9089815616607666, 'blob_response': -0.12875297665596008, 'vessel_centre': [256.0, 253.0]}]"
papilledema/papilledema_0649_WHC.jpg,papilledema,0,[]
papilledema/papilledema_0650_WHC.jpg,papilledema,1,"[{'vessel_blob_score': -0.126084546670453, 'centre': [386.0, 184.0], 'radius': 45.254833995939045, 'blob_score': 0.7622441232204437, 'blob_contrast': 0.08995926380157471, 'blob_brightness': 0.9319590926170349, 'blob_response': -0.0995674729347229, 'vessel_centre': [337.0, 170.0]}]"
papilledema/papilledema_0651_WHC.jpg,papilledema,4,"[{'vessel_blob_score': -3.441685909497232, 'centre': [334.0, 100.0], 'radius': 35.918785545899944, 'blob_score': 0.7107712417840958, 'blob_contrast': 0.0394442081451416, 'blob_brightness': 0.9483587741851807, 'blob_response': -0.03737945854663849, 'vessel_centre': [396.0, 247.0]}, {'vessel_blob_score': -4.419240173908146, 'centre': [235.0, 62.0], 'radius': 45.254833995939045, 'blob_score': 0.72796431183815, 'blob_contrast': 0.0661199688911438, 'blob_brightness': 0.9385711550712585, 'blob_response': -0.02422267198562622, 'vessel_centre': [396.0, 247.0]}, {'vessel_blob_score': -1.501757194953179, 'centre': [389.0, 360.0], 'radius': 45.254833995939045, 'blob_score': 0.730420833826065, 'blob_contrast': 0.045127809047698975, 'blob_brightness': 0.9588158130645752, 'blob_response': -0.07060977816581726, 'vessel_centre': [396.0, 247.0]}, {'vessel_blob_score': -2.9019842998772285, 'centre': [249.0, 80.0], 'radius': 57.01751796098172, 'blob_score': 0.7344672977924347, 'blob_contrast': 0.07168906927108765, 'blob_brightness': 0.9398809671401978, 'blob_response': -0.02430775761604309, 'vessel_centre': [396.0, 247.0]}]"
papilledema/papilledema_0652_WHC.jpg,papilledema,0,[]
papilledema/papilledema_0653_WHC.jpg,papilledema,0,[]
papilledema/papilledema_0654_WHC.jpg,papilledema,0,[]
papilledema/papilledema_0655_WHC.jpg,papilledema,0,[]
papilledema/papilledema_0656_WHC.jpg,papilledema,1,"[{'vessel_blob_score': 0.6610779380705647, 'centre': [390.0, 208.0], 'radius': 90.50966799187809, 'blob_score': 0.6972758769989013, 'blob_contrast': 0.041041672229766846, 'blob_brightness': 0.9332684874534607, 'blob_response': -0.01473131775856018, 'vessel_centre': [380.0, 237.0]}]"
papilledema/papilledema_0657_WHC.jpg,papilledema,1,"[{'vessel_blob_score': -3.4094600113960345, 'centre': [303.0, 83.0], 'radius': 35.918785545899944, 'blob_score': 0.7292998790740967, 'blob_contrast': 0.037841081619262695, 'blob_brightness': 0.9743835926055908, 'blob_response': -0.04695141315460205, 'vessel_centre': [266.0, 237.0]}]"
papilledema/papilledema_0658_WHC.jpg,papilledema,1,"[{'vessel_blob_score': -0.20231363914551737, 'centre': [223.0, 250.0], 'radius': 35.918785545899944, 'blob_score': 0.736296385526657, 'blob_contrast': 0.024821460247039795, 'blob_brightness': 0.9807647466659546, 'blob_response': -0.12469801306724548, 'vessel_centre': [180.0, 246.0]}]"
papilledema/papilledema_0659_WHC.jpg,papilledema,0,[]
papilledema/papilledema_0660_WHC.jpg,papilledema,2,"[{'vessel_blob_score': -1.3827702563537239, 'centre': [362.0, 177.0], 'radius': 35.918785545899944, 'blob_score': 0.715999287366867, 'blob_contrast': 0.03462529182434082, 'blob_brightness': 0.9574384093284607, 'blob_response': -0.0558355450630188, 'vessel_centre': [421.0, 239.0]}, {'vessel_blob_score': -1.190399863609382, 'centre': [520.0, 234.0], 'radius': 45.254833995939045, 'blob_score': 0.7517782628536224, 'blob_contrast': 0.045439183712005615, 'blob_brightness': 0.9782825112342834, 'blob_response': -0.10770660638809204, 'vessel_centre': [421.0, 239.0]}]"
pseudopapilledema/pseudopapilledema_0001_PPE.jpg,pseudopapilledema,1,"[{'vessel_blob_score': 0.7614510242616451, 'centre': [157.0, 118.0], 'radius': 57.01751796098172, 'blob_score': 0.773350977897644, 'blob_contrast': 0.23982518911361694, 'blob_brightness': 0.7483795881271362, 'blob_response': -0.04830038547515869, 'vessel_centre': [149.0, 129.0]}]"
pseudopapilledema/pseudopapilledema_0002_PPE.jpg,pseudopapilledema,0,[]
pseudopapilledema/pseudopapilledema_0003_PPE.jpg,pseudopapilledema,0,[]
pseudopapilledema/pseudopapilledema_0004_PPE.jpg,pseudopapilledema,0,[]
pseudopapilledema/pseudopapilledema_0005_PPE.jpg,pseudopapilledema,0,[]
pseudopapilledema/pseudopapilledema_0006_PPE.jpg,pseudopapilledema,0,[]
pseudopapilledema/pseudopapilledema_0007_PPE.jpg,pseudopapilledema,0,[]
pseudopapilledema/pseudopapilledema_0008_PPE.jpg,pseudopapilledema,0,[]
pseudopapilledema/pseudopapilledema_0009_PPE.jpg,pseudopapilledema,0,[]
pseudopapilledema/pseudopapilledema_0010_PPE.jpg,pseudopapilledema,0,[]
pseudopapilledema/pseudopapilledema_0011_PPE.jpg,pseudopapilledema,0,[]
pseudopapilledema/pseudopapilledema_0012_PPE.jpg,pseudopapilledema,0,[]
pseudopapilledema/pseudopapilledema_0013_PPE.jpg,pseudopapilledema,0,[]
pseudopapilledema/pseudopapilledema_0014_PPE.jpg,pseudopapilledema,0,[]
pseudopapilledema/pseudopapilledema_0015_PPE.jpg,pseudopapilledema,0,[]
pseudopapilledema/pseudopapilledema_0016_PPE.jpg,pseudopapilledema,1,"[{'vessel_blob_score': -1.5692510978483432, 'centre': [7.0, 138.0], 'radius': 57.01751796098172, 'blob_score': 0.5868359804153442, 'blob_contrast': 0.04926711320877075, 'blob_brightness': 0.7661318778991699, 'blob_response': -0.006382763385772705, 'vessel_centre': [153.0, 126.0]}]"
pseudopapilledema/pseudopapilledema_0017_PPE.jpg,pseudopapilledema,0,[]
pseudopapilledema/pseudopapilledema_0018_PPE.jpg,pseudopapilledema,0,[]
pseudopapilledema/pseudopapilledema_0019_PPE.jpg,pseudopapilledema,0,[]
pseudopapilledema/pseudopapilledema_0020_PPE.jpg,pseudopapilledema,0,[]
pseudopapilledema/pseudopapilledema_0021_PPE.jpg,pseudopapilledema,0,[]
pseudopapilledema/pseudopapilledema_0022_PPE.jpg,pseudopapilledema,0,[]
pseudopapilledema/pseudopapilledema_0023_PPE.jpg,pseudopapilledema,0,[]
pseudopapilledema/pseudopapilledema_0024_PPE.jpg,pseudopapilledema,1,"[{'vessel_blob_score': 0.5842929489931024, 'centre': [216.0, 184.0], 'radius': 228.07007184392688, 'blob_score': 0.3571288265287876, 'blob_contrast': 0.004274159669876099, 'blob_brightness': 0.5037590265274048, 'blob_response': -0.0011167414486408234, 'vessel_centre': [141.0, 126.0]}]"
pseudopapilledema/pseudopapilledema_0025_PPE.jpg,pseudopapilledema,0,[]
pseudopapilledema/pseudopapilledema_0026_PPE.jpg,pseudopapilledema,0,[]
pseudopapilledema/pseudopapilledema_0027_PPE.jpg,pseudopapilledema,0,[]
pseudopapilledema/pseudopapilledema_0028_PPE.jpg,pseudopapilledema,0,[]
pseudopapilledema/pseudopapilledema_0029_PPE.jpg,pseudopapilledema,1,"[{'vessel_blob_score': -2.3590332030699983, 'centre': [66.0, 65.0], 'radius': 35.918785545899944, 'blob_score': 0.457604706287384, 'blob_contrast': 0.008785843849182129, 'blob_brightness': 0.6398087739944458, 'blob_response': -0.004763603210449219, 'vessel_centre': [167.0, 131.0]}]"
pseudopapilledema/pseudopapilledema_0030_PPE.jpg,pseudopapilledema,0,[]
pseudopapilledema/pseudopapilledema_0031_PPE.jpg,pseudopapilledema,0,[]
pseudopapilledema/pseudopapilledema_0032_PPE.jpg,pseudopapilledema,0,[]
pseudopapilledema/pseudopapilledema_0033_PPE.jpg,pseudopapilledema,0,[]
pseudopapilledema/pseudopapilledema_0034_PPE.jpg,pseudopapilledema,0,[]
pseudopapilledema/pseudopapilledema_0035_PPE.jpg,pseudopapilledema,0,[]
pseudopapilledema/pseudopapilledema_0036_PPE.jpg,pseudopapilledema,0,[]
pseudopapilledema/pseudopapilledema_0037_PPE.jpg,pseudopapilledema,0,[]
pseudopapilledema/pseudopapilledema_0038_PPE.jpg,pseudopapilledema,0,[]
pseudopapilledema/pseudopapilledema_0039_PPE.jpg,pseudopapilledema,0,[]
pseudopapilledema/pseudopapilledema_0040_PPE.jpg,pseudopapilledema,0,[]
pseudopapilledema/pseudopapilledema_0041_PPE.jpg,pseudopapilledema,0,[]
pseudopapilledema/pseudopapilledema_0042_PPE.jpg,pseudopapilledema,0,[]
pseudopapilledema/pseudopapilledema_0043_PPE.jpg,pseudopapilledema,0,[]
pseudopapilledema/pseudopapilledema_0044_PPE.jpg,pseudopapilledema,0,[]
pseudopapilledema/pseudopapilledema_0045_PPE.jpg,pseudopapilledema,0,[]
pseudopapilledema/pseudopapilledema_0046_PPE.jpg,pseudopapilledema,0,[]
pseudopapilledema/pseudopapilledema_0047_PPE.jpg,pseudopapilledema,0,[]
pseudopapilledema/pseudopapilledema_0048_PPE.jpg,pseudopapilledema,0,[]
pseudopapilledema/pseudopapilledema_0049_PPE.jpg,pseudopapilledema,0,[]
pseudopapilledema/pseudopapilledema_0050_PPE.jpg,pseudopapilledema,0,[]
pseudopapilledema/pseudopapilledema_0051_PPE.jpg,pseudopapilledema,0,[]
pseudopapilledema/pseudopapilledema_0052_PPE.jpg,pseudopapilledema,0,[]
pseudopapilledema/pseudopapilledema_0053_PPE.jpg,pseudopapilledema,0,[]
pseudopapilledema/pseudopapilledema_0054_PPE.jpg,pseudopapilledema,0,[]
pseudopapilledema/pseudopapilledema_0055_PPE.jpg,pseudopapilledema,0,[]
pseudopapilledema/pseudopapilledema_0056_PPE.jpg,pseudopapilledema,0,[]
pseudopapilledema/pseudopapilledema_0057_PPE.jpg,pseudopapilledema,0,[]
pseudopapilledema/pseudopapilledema_0058_PPE.jpg,pseudopapilledema,0,[]
pseudopapilledema/pseudopapilledema_0059_PPE.jpg,pseudopapilledema,0,[]
pseudopapilledema/pseudopapilledema_0060_PPE.jpg,pseudopapilledema,0,[]
pseudopapilledema/pseudopapilledema_0061_PPE.jpg,pseudopapilledema,0,[]
pseudopapilledema/pseudopapilledema_0062_PPE.jpg,pseudopapilledema,0,[]
pseudopapilledema/pseudopapilledema_0063_PPE.jpg,pseudopapilledema,0,[]
pseudopapilledema/pseudopapilledema_0064_PPE.jpg,pseudopapilledema,0,[]
pseudopapilledema/pseudopapilledema_0065_PPE.jpg,pseudopapilledema,0,[]
pseudopapilledema/pseudopapilledema_0066_PPE.jpg,pseudopapilledema,0,[]
pseudopapilledema/pseudopapilledema_0067_PPE.jpg,pseudopapilledema,0,[]
pseudopapilledema/pseudopapilledema_0068_PPE.jpg,pseudopapilledema,0,[]
pseudopapilledema/pseudopapilledema_0069_PPE.jpg,pseudopapilledema,0,[]
pseudopapilledema/pseudopapilledema_0070_PPE.jpg,pseudopapilledema,0,[]
pseudopapilledema/pseudopapilledema_0071_PPE.jpg,pseudopapilledema,0,[]
pseudopapilledema/pseudopapilledema_0072_PPE.jpg,pseudopapilledema,0,[]
pseudopapilledema/pseudopapilledema_0073_PPE.jpg,pseudopapilledema,0,[]
pseudopapilledema/pseudopapilledema_0074_PPE.jpg,pseudopapilledema,0,[]
pseudopapilledema/pseudopapilledema_0075_PPE.jpg,pseudopapilledema,0,[]
pseudopapilledema/pseudopapilledema_0076_PPE.jpg,pseudopapilledema,0,[]
pseudopapilledema/pseudopapilledema_0077_PPE.jpg,pseudopapilledema,0,[]
pseudopapilledema/pseudopapilledema_0078_PPE.jpg,pseudopapilledema,0,[]
pseudopapilledema/pseudopapilledema_0079_PPE.jpg,pseudopapilledema,0,[]
pseudopapilledema/pseudopapilledema_0080_PPE.jpg,pseudopapilledema,0,[]
pseudopapilledema/pseudopapilledema_0081_PPE.jpg,pseudopapilledema,0,[]
pseudopapilledema/pseudopapilledema_0082_PPE.jpg,pseudopapilledema,0,[]
pseudopapilledema/pseudopapilledema_0083_PPE.jpg,pseudopapilledema,0,[]
pseudopapilledema/pseudopapilledema_0084_PPE.jpg,pseudopapilledema,0,[]
pseudopapilledema/pseudopapilledema_0085_PPE.jpg,pseudopapilledema,0,[]
pseudopapilledema/pseudopapilledema_0086_PPE.jpg,pseudopapilledema,0,[]
pseudopapilledema/pseudopapilledema_0087_PPE.jpg,pseudopapilledema,0,[]
pseudopapilledema/pseudopapilledema_0088_PPE.jpg,pseudopapilledema,0,[]
pseudopapilledema/pseudopapilledema_0089_PPE.jpg,pseudopapilledema,0,[]
pseudopapilledema/pseudopapilledema_0090_PPE.jpg,pseudopapilledema,0,[]
pseudopapilledema/pseudopapilledema_0091_PPE.jpg,pseudopapilledema,0,[]
pseudopapilledema/pseudopapilledema_0092_PPE.jpg,pseudopapilledema,1,"[{'vessel_blob_score': 0.6605388564249481, 'centre': [48.0, 48.0], 'radius': 228.07007184392688, 'blob_score': 0.35334853380918496, 'blob_contrast': -0.01778632402420044, 'blob_brightness': 0.5297503471374512, 'blob_response': -0.001548074185848236, 'vessel_centre': [93.0, 111.0]}]"
pseudopapilledema/pseudopapilledema_0093_PPE.jpg,pseudopapilledema,0,[]
pseudopapilledema/pseudopapilledema_0094_PPE.jpg,pseudopapilledema,0,[]
pseudopapilledema/pseudopapilledema_0095_PPE.jpg,pseudopapilledema,0,[]
pseudopapilledema/pseudopapilledema_0096_PPE.jpg,pseudopapilledema,0,[]
pseudopapilledema/pseudopapilledema_0097_PPE.jpg,pseudopapilledema,0,[]
pseudopapilledema/pseudopapilledema_0098_PPE.jpg,pseudopapilledema,0,[]
pseudopapilledema/pseudopapilledema_0099_PPE.jpg,pseudopapilledema,0,[]
pseudopapilledema/pseudopapilledema_0100_PPE.jpg,pseudopapilledema,1,"[{'vessel_blob_score': 0.6156513334058534, 'centre': [200.0, 192.0], 'radius': 228.07007184392688, 'blob_score': 0.4480650365352631, 'blob_contrast': -0.06171196699142456, 'blob_brightness': 0.7277773022651672, 'blob_response': -0.0016644597053527832, 'vessel_centre': [150.0, 120.0]}]"
pseudopapilledema/pseudopapilledema_0101_PPE.jpg,pseudopapilledema,0,[]
pseudopapilledema/pseudopapilledema_0102_PPE.jpg,pseudopapilledema,0,[]
pseudopapilledema/pseudopapilledema_0103_PPE.jpg,pseudopapilledema,0,[]
pseudopapilledema/pseudopapilledema_0104_PPE.jpg,pseudopapilledema,0,[]
pseudopapilledema/pseudopapilledema_0105_PPE.jpg,pseudopapilledema,0,[]
pseudopapilledema/pseudopapilledema_0106_PPE.jpg,pseudopapilledema,0,[]
pseudopapilledema/pseudopapilledema_0107_PPE.jpg,pseudopapilledema,0,[]
pseudopapilledema/pseudopapilledema_0108_PPE.jpg,pseudopapilledema,0,[]
pseudopapilledema/pseudopapilledema_0109_PPE.jpg,pseudopapilledema,0,[]
pseudopapilledema/pseudopapilledema_0110_PPE.jpg,pseudopapilledema,0,[]
pseudopapilledema/pseudopapilledema_0111_PPE.jpg,pseudopapilledema,0,[]
pseudopapilledema/pseudopapilledema_0112_PPE.jpg,pseudopapilledema,3,"[{'vessel_blob_score': -0.25560729433589624, 'centre': [194.0, 60.0], 'radius': 35.918785545899944, 'blob_score': 0.5980875015258789, 'blob_contrast': 0.03225988149642944, 'blob_brightness': 0.8044934272766113, 'blob_response': -0.013411104679107666, 'vessel_centre': [239.0, 63.0]}, {'vessel_blob_score': -0.9373726765316699, 'centre': [108.0, 110.0], 'radius': 71.83757109179989, 'blob_score': 0.6272587716579437, 'blob_contrast': 0.0676378607749939, 'blob_brightness': 0.7949681878089905, 'blob_response': -0.01571589708328247, 'vessel_centre': [239.0, 63.0]}, {'vessel_blob_score': -0.3726008899621913, 'centre': [124.0, 110.0], 'radius': 90.50966799187809, 'blob_score': 0.6370937287807463, 'blob_contrast': 0.08010232448577881, 'blob_brightness': 0.791215717792511, 'blob_response': -0.015702009201049805, 'vessel_centre': [239.0, 63.0]}]"
pseudopapilledema/pseudopapilledema_0113_PPE.jpg,pseudopapilledema,0,[]
pseudopapilledema/pseudopapilledema_0114_PPE.jpg,pseudopapilledema,0,[]
pseudopapilledema/pseudopapilledema_0115_PPE.jpg,pseudopapilledema,0,[]
pseudopapilledema/pseudopapilledema_0116_PPE.jpg,pseudopapilledema,0,[]
pseudopapilledema/pseudopapilledema_0117_PPE.jpg,pseudopapilledema,0,[]
pseudopapilledema/pseudopapilledema_0118_PPE.jpg,pseudopapilledema,0,[]
pseudopapilledema/pseudopapilledema_0119_PPE.jpg,pseudopapilledema,0,[]
pseudopapilledema/pseudopapilledema_0120_PPE.jpg,pseudopapilledema,0,[]
pseudopapilledema/pseudopapilledema_0121_PPE.jpg,pseudopapilledema,0,[]
pseudopapilledema/pseudopapilledema_0122_PPE.jpg,pseudopapilledema,0,[]
pseudopapilledema/pseudopapilledema_0123_PPE.jpg,pseudopapilledema,0,[]
pseudopapilledema/pseudopapilledema_0124_PPE.jpg,pseudopapilledema,0,[]
pseudopapilledema/pseudopapilledema_0125_PPE.jpg,pseudopapilledema,0,[]
pseudopapilledema/pseudopapilledema_0126_PPE.jpg,pseudopapilledema,0,[]
pseudopapilledema/pseudopapilledema_0127_PPE.jpg,pseudopapilledema,0,[]
pseudopapilledema/pseudopapilledema_0128_PPE.jpg,pseudopapilledema,0,[]
pseudopapilledema/pseudopapilledema_0129_PPE.jpg,pseudopapilledema,0,[]
pseudopapilledema/pseudopapilledema_0130_PPE.jpg,pseudopapilledema,0,[]
pseudopapilledema/pseudopapilledema_0131_PPE.jpg,pseudopapilledema,0,[]
pseudopapilledema/pseudopapilledema_0132_PPE.jpg,pseudopapilledema,0,[]
pseudopapilledema/pseudopapilledema_0133_PPE.jpg,pseudopapilledema,1,"[{'vessel_blob_score': 0.5576097063972482, 'centre': [12.0, 176.0], 'radius': 228.07007184392688, 'blob_score': 0.45765727460384364, 'blob_contrast': -0.03664124011993408, 'blob_brightness': 0.7057209610939026, 'blob_response': -0.0014692097902297974, 'vessel_centre': [90.0, 112.0]}]"
pseudopapilledema/pseudopapilledema_0134_PPE.jpg,pseudopapilledema,0,[]
pseudopapilledema/pseudopapilledema_0135_PPE.jpg,pseudopapilledema,0,[]
pseudopapilledema/pseudopapilledema_0136_PPE.jpg,pseudopapilledema,0,[]
pseudopapilledema/pseudopapilledema_0137_PPE.jpg,pseudopapilledema,0,[]
pseudopapilledema/pseudopapilledema_0138_PPE.jpg,pseudopapilledema,0,[]
pseudopapilledema/pseudopapilledema_0139_PPE.jpg,pseudopapilledema,0,[]
pseudopapilledema/pseudopapilledema_0140_PPE.jpg,pseudopapilledema,0,[]
pseudopapilledema/pseudopapilledema_0141_PPE.jpg,pseudopapilledema,0,[]
pseudopapilledema/pseudopapilledema_0142_PPE.jpg,pseudopapilledema,1,"[{'vessel_blob_score': -0.4517802917883269, 'centre': [110.0, 218.0], 'radius': 90.50966799187809, 'blob_score': 0.46161510348320006, 'blob_contrast': 0.06932562589645386, 'blob_brightness': 0.5556376576423645, 'blob_response': -0.016715586185455322, 'vessel_centre': [135.0, 89.0]}]"
pseudopapilledema/pseudopapilledema_0143_PPE.jpg,pseudopapilledema,0,[]
pseudopapilledema/pseudopapilledema_0144_PPE.jpg,pseudopapilledema,0,[]
pseudopapilledema/pseudopapilledema_0145_PPE.jpg,pseudopapilledema,1,"[{'vessel_blob_score': 0.6442094519770094, 'centre': [184.0, 48.0], 'radius': 181.01933598375618, 'blob_score': 0.6042009606957435, 'blob_contrast': 0.03236985206604004, 'blob_brightness': 0.8144446611404419, 'blob_response': -0.008599229156970978, 'vessel_centre': [156.0, 106.0]}]"
pseudopapilledema/pseudopapilledema_0146_PPE.jpg,pseudopapilledema,0,[]
pseudopapilledema/pseudopapilledema_0147_PPE.jpg,pseudopapilledema,0,[]
pseudopapilledema/pseudopapilledema_0148_PPE.jpg,pseudopapilledema,0,[]
pseudopapilledema/pseudopapilledema_0149_PPE.jpg,pseudopapilledema,0,[]
pseudopapilledema/pseudopapilledema_0150_PPE.jpg,pseudopapilledema,0,[]
pseudopapilledema/pseudopapilledema_0151_PPE.jpg,pseudopapilledema,0,[]
pseudopapilledema/pseudopapilledema_0152_PPE.jpg,pseudopapilledema,0,[]
pseudopapilledema/pseudopapilledema_0153_PPE.jpg,pseudopapilledema,0,[]
pseudopapilledema/pseudopapilledema_0154_PPE.jpg,pseudopapilledema,0,[]
pseudopapilledema/pseudopapilledema_0155_PPE.jpg,pseudopapilledema,0,[]
pseudopapilledema/pseudopapilledema_0156_PPE.jpg,pseudopapilledema,0,[]
pseudopapilledema/pseudopapilledema_0157_PPE.jpg,pseudopapilledema,0,[]
pseudopapilledema/pseudopapilledema_0158_PPE.jpg,pseudopapilledema,0,[]
pseudopapilledema/pseudopapilledema_0159_PPE.jpg,pseudopapilledema,0,[]
pseudopapilledema/pseudopapilledema_0160_PPE.jpg,pseudopapilledema,0,[]
pseudopapilledema/pseudopapilledema_0161_PPE.jpg,pseudopapilledema,0,[]
pseudopapilledema/pseudopapilledema_0162_PPE.jpg,pseudopapilledema,0,[]
pseudopapilledema/pseudopapilledema_0163_PPE.jpg,pseudopapilledema,0,[]
pseudopapilledema/pseudopapilledema_0164_PPE.jpg,pseudopapilledema,0,[]
pseudopapilledema/pseudopapilledema_0165_PPE.jpg,pseudopapilledema,0,[]
pseudopapilledema/pseudopapilledema_0166_PPE.jpg,pseudopapilledema,0,[]
pseudopapilledema/pseudopapilledema_0167_PPE.jpg,pseudopapilledema,0,[]
pseudopapilledema/pseudopapilledema_0168_PPE.jpg,pseudopapilledema,0,[]
pseudopapilledema/pseudopapilledema_0169_PPE.jpg,pseudopapilledema,0,[]
pseudopapilledema/pseudopapilledema_0170_PPE.jpg,pseudopapilledema,0,[]
pseudopapilledema/pseudopapilledema_0171_PPE.jpg,pseudopapilledema,0,[]
pseudopapilledema/pseudopapilledema_0172_PPE.jpg,pseudopapilledema,0,[]
pseudopapilledema/pseudopapilledema_0173_PPE.jpg,pseudopapilledema,0,[]
pseudopapilledema/pseudopapilledema_0174_PPE.jpg,pseudopapilledema,0,[]
pseudopapilledema/pseudopapilledema_0175_PPE.jpg,pseudopapilledema,0,[]
pseudopapilledema/pseudopapilledema_0176_PPE.jpg,pseudopapilledema,1,"[{'vessel_blob_score': -1.5868696394000992, 'centre': [106.0, 141.0], 'radius': 45.254833995939045, 'blob_score': 0.7337949991226196, 'blob_contrast': 0.05882823467254639, 'blob_brightness': 0.9499449729919434, 'blob_response': -0.05002641677856445, 'vessel_centre': [223.0, 145.0]}]"
pseudopapilledema/pseudopapilledema_0177_PPE.jpg,pseudopapilledema,0,[]
pseudopapilledema/pseudopapilledema_0178_PPE.jpg,pseudopapilledema,0,[]
pseudopapilledema/pseudopapilledema_0179_PPE.jpg,pseudopapilledema,0,[]
pseudopapilledema/pseudopapilledema_0180_PPE.jpg,pseudopapilledema,0,[]
pseudopapilledema/pseudopapilledema_0181_PPE.jpg,pseudopapilledema,1,"[{'vessel_blob_score': -3.73494609943356, 'centre': [6.0, 192.0], 'radius': 35.918785545899944, 'blob_score': 0.5511536374688148, 'blob_contrast': 0.02938014268875122, 'blob_brightness': 0.7447404265403748, 'blob_response': -0.0022759810090065002, 'vessel_centre': [155.0, 110.0]}]"
pseudopapilledema/pseudopapilledema_0182_PPE.jpg,pseudopapilledema,0,[]
pseudopapilledema/pseudopapilledema_0183_PPE.jpg,pseudopapilledema,0,[]
pseudopapilledema/pseudopapilledema_0184_PPE.jpg,pseudopapilledema,0,[]
pseudopapilledema/pseudopapilledema_0185_PPE.jpg,pseudopapilledema,0,[]
pseudopapilledema/pseudopapilledema_0186_PPE.jpg,pseudopapilledema,0,[]
pseudopapilledema/pseudopapilledema_0187_PPE.jpg,pseudopapilledema,0,[]
pseudopapilledema/pseudopapilledema_0188_PPE.jpg,pseudopapilledema,0,[]
pseudopapilledema/pseudopapilledema_0189_PPE.jpg,pseudopapilledema,0,[]
pseudopapilledema/pseudopapilledema_0190_PPE.jpg,pseudopapilledema,0,[]
pseudopapilledema/pseudopapilledema_0191_PPE.jpg,pseudopapilledema,0,[]
pseudopapilledema/pseudopapilledema_0192_PPE.jpg,pseudopapilledema,0,[]
pseudopapilledema/pseudopapilledema_0193_PPE.jpg,pseudopapilledema,0,[]
pseudopapilledema/pseudopapilledema_0194_PPE.jpg,pseudopapilledema,0,[]
pseudopapilledema/pseudopapilledema_0195_PPE.jpg,pseudopapilledema,0,[]
pseudopapilledema/pseudopapilledema_0196_PPE.jpg,pseudopapilledema,0,[]
pseudopapilledema/pseudopapilledema_0197_PPE.jpg,pseudopapilledema,0,[]
pseudopapilledema/pseudopapilledema_0198_PPE.jpg,pseudopapilledema,0,[]
pseudopapilledema/pseudopapilledema_0199_PPE.jpg,pseudopapilledema,0,[]
pseudopapilledema/pseudopapilledema_0200_PPE.jpg,pseudopapilledema,0,[]
pseudopapilledema/pseudopapilledema_0201_PPE.jpg,pseudopapilledema,0,[]
pseudopapilledema/pseudopapilledema_0202_PPE.jpg,pseudopapilledema,0,[]
pseudopapilledema/pseudopapilledema_0203_PPE.jpg,pseudopapilledema,0,[]
pseudopapilledema/pseudopapilledema_0204_PPE.jpg,pseudopapilledema,0,[]
pseudopapilledema/pseudopapilledema_0205_PPE.jpg,pseudopapilledema,0,[]
pseudopapilledema/pseudopapilledema_0206_PPE.jpg,pseudopapilledema,0,[]
pseudopapilledema/pseudopapilledema_0207_PPE.jpg,pseudopapilledema,0,[]
pseudopapilledema/pseudopapilledema_0208_PPE.jpg,pseudopapilledema,0,[]
pseudopapilledema/pseudopapilledema_0209_PPE.jpg,pseudopapilledema,0,[]
pseudopapilledema/pseudopapilledema_0210_PPE.jpg,pseudopapilledema,0,[]
pseudopapilledema/pseudopapilledema_0211_PPE.jpg,pseudopapilledema,0,[]
pseudopapilledema/pseudopapilledema_0212_PPE.jpg,pseudopapilledema,0,[]
pseudopapilledema/pseudopapilledema_0213_PPE.jpg,pseudopapilledema,0,[]
pseudopapilledema/pseudopapilledema_0214_PPE.jpg,pseudopapilledema,0,[]
pseudopapilledema/pseudopapilledema_0215_PPE.jpg,pseudopapilledema,1,"[{'vessel_blob_score': 0.7479938888079796, 'centre': [208.0, 164.0], 'radius': 181.01933598375618, 'blob_score': 0.5475379094481467, 'blob_contrast': 0.005482375621795654, 'blob_brightness': 0.771009087562561, 'blob_response': -0.011745862662792206, 'vessel_centre': [167.0, 144.0]}]"
pseudopapilledema/pseudopapilledema_0216_PPE.jpg,pseudopapilledema,0,[]
pseudopapilledema/pseudopapilledema_0217_PPE.jpg,pseudopapilledema,0,[]
pseudopapilledema/pseudopapilledema_0218_PPE.jpg,pseudopapilledema,0,[]
pseudopapilledema/pseudopapilledema_0219_PPE.jpg,pseudopapilledema,0,[]
pseudopapilledema/pseudopapilledema_0220_PPE.jpg,pseudopapilledema,0,[]
pseudopapilledema/pseudopapilledema_0221_PPE.jpg,pseudopapilledema,0,[]
pseudopapilledema/pseudopapilledema_0222_PPE.jpg,pseudopapilledema,1,"[{'vessel_blob_score': 0.3084542163875076, 'centre': [107.0, 119.0], 'radius': 35.918785545899944, 'blob_score': 0.7744557082653045, 'blob_contrast': 0.11621850728988647, 'blob_brightness': 0.9025636315345764, 'blob_response': -0.132213294506073, 'vessel_centre': [88.0, 135.0]}]"
pseudopapilledema/pseudopapilledema_0223_PPE.jpg,pseudopapilledema,0,[]
pseudopapilledema/pseudopapilledema_0224_PPE.jpg,pseudopapilledema,0,[]
pseudopapilledema/pseudopapilledema_0225_PPE.jpg,pseudopapilledema,0,[]
pseudopapilledema/pseudopapilledema_0226_PPE.jpg,pseudopapilledema,0,[]
pseudopapilledema/pseudopapilledema_0227_PPE.jpg,pseudopapilledema,0,[]
pseudopapilledema/pseudopapilledema_0228_PPE.jpg,pseudopapilledema,0,[]
pseudopapilledema/pseudopapilledema_0229_PPE.jpg,pseudopapilledema,1,"[{'vessel_blob_score': -1.7421209576277765, 'centre': [70.0, 51.0], 'radius': 35.918785545899944, 'blob_score': 0.5843047738075255, 'blob_contrast': 0.01568293571472168, 'blob_brightness': 0.8080143928527832, 'blob_response': -0.015058815479278564, 'vessel_centre': [135.0, 125.0]}]"
pseudopapilledema/pseudopapilledema_0230_PPE.jpg,pseudopapilledema,0,[]
pseudopapilledema/pseudopapilledema_0231_PPE.jpg,pseudopapilledema,0,[]
pseudopapilledema/pseudopapilledema_0232_PPE.jpg,pseudopapilledema,0,[]
pseudopapilledema/pseudopapilledema_0233_PPE.jpg,pseudopapilledema,0,[]
pseudopapilledema/pseudopapilledema_0234_PPE.jpg,pseudopapilledema,0,[]
pseudopapilledema/pseudopapilledema_0235_PPE.jpg,pseudopapilledema,0,[]
pseudopapilledema/pseudopapilledema_0236_PPE.jpg,pseudopapilledema,0,[]
pseudopapilledema/pseudopapilledema_0237_PPE.jpg,pseudopapilledema,0,[]
pseudopapilledema/pseudopapilledema_0238_PPE.jpg,pseudopapilledema,0,[]
pseudopapilledema/pseudopapilledema_0239_PPE.jpg,pseudopapilledema,0,[]
pseudopapilledema/pseudopapilledema_0240_PPE.jpg,pseudopapilledema,0,[]
pseudopapilledema/pseudopapilledema_0241_PPE.jpg,pseudopapilledema,0,[]
pseudopapilledema/pseudopapilledema_0242_PPE.jpg,pseudopapilledema,0,[]
pseudopapilledema/pseudopapilledema_0243_PPE.jpg,pseudopapilledema,0,[]
pseudopapilledema/pseudopapilledema_0244_PPE.jpg,pseudopapilledema,0,[]
pseudopapilledema/pseudopapilledema_0245_PPE.jpg,pseudopapilledema,1,"[{'vessel_blob_score': -2.9861651349486404, 'centre': [7.0, 160.0], 'radius': 35.918785545899944, 'blob_score': 0.4431701298803091, 'blob_contrast': 0.02616196870803833, 'blob_brightness': 0.5947303771972656, 'blob_response': -0.0034844856709241867, 'vessel_centre': [147.0, 130.0]}]"
pseudopapilledema/pseudopapilledema_0246_PPE.jpg,pseudopapilledema,0,[]
pseudopapilledema/pseudopapilledema_0247_PPE.jpg,pseudopapilledema,0,[]
pseudopapilledema/pseudopapilledema_0248_PPE.jpg,pseudopapilledema,0,[]
pseudopapilledema/pseudopapilledema_0249_PPE.jpg,pseudopapilledema,0,[]
pseudopapilledema/pseudopapilledema_0250_PPE.jpg,pseudopapilledema,0,[]
pseudopapilledema/pseudopapilledema_0251_PPE.jpg,pseudopapilledema,0,[]
pseudopapilledema/pseudopapilledema_0252_PPE.jpg,pseudopapilledema,0,[]
pseudopapilledema/pseudopapilledema_0253_PPE.jpg,pseudopapilledema,0,[]
pseudopapilledema/pseudopapilledema_0254_PPE.jpg,pseudopapilledema,0,[]
pseudopapilledema/pseudopapilledema_0255_PPE.jpg,pseudopapilledema,0,[]
pseudopapilledema/pseudopapilledema_0256_PPE.jpg,pseudopapilledema,0,[]
pseudopapilledema/pseudopapilledema_0257_PPE.jpg,pseudopapilledema,0,[]
pseudopapilledema/pseudopapilledema_0258_PPE.jpg,pseudopapilledema,0,[]
pseudopapilledema/pseudopapilledema_0259_PPE.jpg,pseudopapilledema,0,[]
pseudopapilledema/pseudopapilledema_0260_PPE.jpg,pseudopapilledema,0,[]
pseudopapilledema/pseudopapilledema_0261_PPE.jpg,pseudopapilledema,0,[]
pseudopapilledema/pseudopapilledema_0262_PPE.jpg,pseudopapilledema,0,[]
pseudopapilledema/pseudopapilledema_0263_PPE.jpg,pseudopapilledema,0,[]
pseudopapilledema/pseudopapilledema_0264_PPE.jpg,pseudopapilledema,0,[]
pseudopapilledema/pseudopapilledema_0265_PPE.jpg,pseudopapilledema,0,[]
pseudopapilledema/pseudopapilledema_0266_PPE.jpg,pseudopapilledema,0,[]
pseudopapilledema/pseudopapilledema_0267_PPE.jpg,pseudopapilledema,0,[]
pseudopapilledema/pseudopapilledema_0268_PPE.jpg,pseudopapilledema,0,[]
pseudopapilledema/pseudopapilledema_0269_PPE.jpg,pseudopapilledema,0,[]
pseudopapilledema/pseudopapilledema_0270_PPE.jpg,pseudopapilledema,0,[]
pseudopapilledema/pseudopapilledema_0271_PPE.jpg,pseudopapilledema,0,[]
pseudopapilledema/pseudopapilledema_0272_PPE.jpg,pseudopapilledema,0,[]
pseudopapilledema/pseudopapilledema_0273_PPE.jpg,pseudopapilledema,0,[]
pseudopapilledema/pseudopapilledema_0274_PPE.jpg,pseudopapilledema,0,[]
pseudopapilledema/pseudopapilledema_0275_PPE.jpg,pseudopapilledema,0,[]
pseudopapilledema/pseudopapilledema_0276_PPE.jpg,pseudopapilledema,0,[]
pseudopapilledema/pseudopapilledema_0277_PPE.jpg,pseudopapilledema,0,[]
pseudopapilledema/pseudopapilledema_0278_PPE.jpg,pseudopapilledema,0,[]
pseudopapilledema/pseudopapilledema_0279_PPE.jpg,pseudopapilledema,0,[]
pseudopapilledema/pseudopapilledema_0280_PPE.jpg,pseudopapilledema,0,[]
pseudopapilledema/pseudopapilledema_0281_PPE.jpg,pseudopapilledema,0,[]
pseudopapilledema/pseudopapilledema_0282_PPE.jpg,pseudopapilledema,2,"[{'vessel_blob_score': -2.2118190396228075, 'centre': [178.0, 202.0], 'radius': 35.918785545899944, 'blob_score': 0.4314723610877991, 'blob_contrast': 0.0357590913772583, 'blob_brightness': 0.5626788139343262, 'blob_response': -0.009190499782562256, 'vessel_centre': [100.0, 117.0]}, {'vessel_blob_score': 0.9301228757031316, 'centre': [103.0, 116.0], 'radius': 45.254833995939045, 'blob_score': 0.5508873343467712, 'blob_contrast': 0.17382463812828064, 'blob_brightness': 0.5275456309318542, 'blob_response': -0.038903772830963135, 'vessel_centre': [100.0, 117.0]}]"
pseudopapilledema/pseudopapilledema_0283_PPE.jpg,pseudopapilledema,0,[]
pseudopapilledema/pseudopapilledema_0284_PPE.jpg,pseudopapilledema,0,[]
pseudopapilledema/pseudopapilledema_0285_PPE.jpg,pseudopapilledema,0,[]
pseudopapilledema/pseudopapilledema_0286_PPE.jpg,pseudopapilledema,0,[]
pseudopapilledema/pseudopapilledema_0287_PPE.jpg,pseudopapilledema,1,"[{'vessel_blob_score': 0.47029674580374947, 'centre': [117.0, 122.0], 'radius': 35.918785545899944, 'blob_score': 0.7360377311706543, 'blob_contrast': 0.07387000322341919, 'blob_brightness': 0.9091875553131104, 'blob_response': -0.1286821961402893, 'vessel_centre': [98.0, 121.0]}]"
pseudopapilledema/pseudopapilledema_0288_PPE.jpg,pseudopapilledema,0,[]
pseudopapilledema/pseudopapilledema_0289_PPE.jpg,pseudopapilledema,0,[]
pseudopapilledema/pseudopapilledema_0290_PPE.jpg,pseudopapilledema,0,[]
pseudopapilledema/pseudopapilledema_0291_PPE.jpg,pseudopapilledema,1,"[{'vessel_blob_score': -2.1083112276415656, 'centre': [136.0, 215.0], 'radius': 35.918785545899944, 'blob_score': 0.4388420045375824, 'blob_contrast': 0.015168249607086182, 'blob_brightness': 0.6028741002082825, 'blob_response': -0.008309423923492432, 'vessel_centre': [79.0, 119.0]}]"
pseudopapilledema/pseudopapilledema_0292_PPE.jpg,pseudopapilledema,1,"[{'vessel_blob_score': 0.96875, 'centre': [145.0, 125.0], 'radius': 45.254833995939045, 'blob_score': 0.709596848487854, 'blob_contrast': 0.15908926725387573, 'blob_brightness': 0.7778947353363037, 'blob_response': -0.02990633249282837, 'vessel_centre': [144.0, 124.0]}]"
pseudopapilledema/pseudopapilledema_0293_PPE.jpg,pseudopapilledema,0,[]
pseudopapilledema/pseudopapilledema_0294_PPE.jpg,pseudopapilledema,0,[]
pseudopapilledema/pseudopapilledema_0295_PPE.jpg,pseudopapilledema,0,[]
pseudopapilledema/pseudopapilledema_0296_WHC.jpg,pseudopapilledema,1,"[{'vessel_blob_score': -3.463185293777654, 'centre': [541.0, 121.0], 'radius': 35.918785545899944, 'blob_score': 0.7141353547573089, 'blob_contrast': 0.03861767053604126, 'blob_brightness': 0.944397509098053, 'blob_response': -0.07219713926315308, 'vessel_centre': [453.0, 255.0]}]"
pseudopapilledema/pseudopapilledema_0297_WHC.jpg,pseudopapilledema,3,"[{'vessel_blob_score': -3.019278051738656, 'centre': [429.0, 155.0], 'radius': 35.918785545899944, 'blob_score': 0.7496056079864502, 'blob_contrast': 0.04691505432128906, 'blob_brightness': 0.976893424987793, 'blob_response': -0.09432578086853027, 'vessel_centre': [398.0, 296.0]}, {'vessel_blob_score': -2.3108781406901704, 'centre': [427.0, 149.0], 'radius': 45.254833995939045, 'blob_score': 0.7361014544963836, 'blob_contrast': 0.04313015937805176, 'blob_brightness': 0.9630992412567139, 'blob_response': -0.09400913119316101, 'vessel_centre': [398.0, 296.0]}, {'vessel_blob_score': -0.3054089151100612, 'centre': [472.0, 304.0], 'radius': 57.01751796098172, 'blob_score': 0.7571236908435821, 'blob_contrast': 0.06166887283325195, 'blob_brightness': 0.964264452457428, 'blob_response': -0.10234850645065308, 'vessel_centre': [398.0, 296.0]}]"
pseudopapilledema/pseudopapilledema_0298_WHC.jpg,pseudopapilledema,1,"[{'vessel_blob_score': -2.1570219453082102, 'centre': [343.0, 419.0], 'radius': 57.01751796098172, 'blob_score': 0.7710427343845367, 'blob_contrast': 0.1040952205657959, 'blob_brightness': 0.9233995079994202, 'blob_response': -0.10283929109573364, 'vessel_centre': [324.0, 240.0]}]"
pseudopapilledema/pseudopapilledema_0299_WHC.jpg,pseudopapilledema,0,[]
pseudopapilledema/pseudopapilledema_0300_WHC.jpg,pseudopapilledema,2,"[{'vessel_blob_score': -4.785935601201417, 'centre': [273.0, 60.0], 'radius': 45.254833995939045, 'blob_score': 0.7841220140457154, 'blob_contrast': 0.08127230405807495, 'blob_brightness': 0.9723430871963501, 'blob_response': -0.11104774475097656, 'vessel_centre': [242.0, 320.0]}, {'vessel_blob_score': -3.468318800973732, 'centre': [272.0, 67.0], 'radius': 57.01751796098172, 'blob_score': 0.7915888249874115, 'blob_contrast': 0.0984528660774231, 'blob_brightness': 0.9582033157348633, 'blob_response': -0.11196818947792053, 'vessel_centre': [242.0, 320.0]}]"
pseudopapilledema/pseudopapilledema_0301_WHC.jpg,pseudopapilledema,0,[]
pseudopapilledema/pseudopapilledema_0302_WHC.jpg,pseudopapilledema,1,"[{'vessel_blob_score': -8.32962883957036, 'centre': [596.0, 10.0], 'radius': 35.918785545899944, 'blob_score': 0.7289375364780426, 'blob_contrast': 0.05927318334579468, 'blob_brightness': 0.9430203437805176, 'blob_response': -0.0477505624294281, 'vessel_centre': [423.0, 297.0]}]"
pseudopapilledema/pseudopapilledema_0303_WHC.jpg,pseudopapilledema,3,"[{'vessel_blob_score': -3.4909719971441655, 'centre': [169.0, 446.0], 'radius': 35.918785545899944, 'blob_score': 0.7486201167106628, 'blob_contrast': 0.03862112760543823, 'blob_brightness': 0.9872145652770996, 'blob_response': -0.09474396705627441, 'vessel_centre': [159.0, 285.0]}, {'vessel_blob_score': -2.615626350475115, 'centre': [182.0, 447.0], 'radius': 45.254833995939045, 'blob_score': 0.7395936250686646, 'blob_contrast': 0.03390657901763916, 'blob_brightness': 0.9802238941192627, 'blob_response': -0.09765160083770752, 'vessel_centre': [159.0, 285.0]}, {'vessel_blob_score': -1.8729918875549916, 'centre': [212.0, 440.0], 'radius': 57.01751796098172, 'blob_score': 0.7697449743747711, 'blob_contrast': 0.05985790491104126, 'blob_brightness': 0.9828557372093201, 'blob_response': -0.10944026708602905, 'vessel_centre': [159.0, 285.0]}]"
pseudopapilledema/pseudopapilledema_0304_WHC.jpg,pseudopapilledema,0,[]
pseudopapilledema/pseudopapilledema_0305_WHC.jpg,pseudopapilledema,0,[]
pseudopapilledema/pseudopapilledema_0306_WHC.jpg,pseudopapilledema,5,"[{'vessel_blob_score': -3.059859921605482, 'centre': [459.0, 81.0], 'radius': 35.918785545899944, 'blob_score': 0.7862294971942901, 'blob_contrast': 0.08193087577819824, 'blob_brightness': 0.9741591811180115, 'blob_response': -0.11193597316741943, 'vessel_centre': [436.0, 225.0]}, {'vessel_blob_score': -1.1824248564554294, 'centre': [364.0, 256.0], 'radius': 35.918785545899944, 'blob_score': 0.7892865657806396, 'blob_contrast': 0.07598185539245605, 'blob_brightness': 0.9850559234619141, 'blob_response': -0.11882781982421875, 'vessel_centre': [436.0, 225.0]}, {'vessel_blob_score': -1.2682635497776706, 'centre': [352.0, 166.0], 'radius': 45.254833995939045, 'blob_score': 0.7741588175296783, 'blob_contrast': 0.07562905550003052, 'blob_brightness': 0.9688889384269714, 'blob_response': -0.10153752565383911, 'vessel_centre': [436.0, 225.0]}, {'vessel_blob_score': -0.7545977548287242, 'centre': [360.0, 248.0], 'radius': 45.254833995939045, 'blob_score': 0.7825237810611725, 'blob_contrast': 0.08040326833724976, 'blob_brightness': 0.9691706299781799, 'blob_response': -0.11850535869598389, 'vessel_centre': [436.0, 225.0]}, {'vessel_blob_score': -0.2793469008816809, 'centre': [500.0, 190.0], 'radius': 57.01751796098172, 'blob_score': 0.8173011660575866, 'blob_contrast': 0.11056715250015259, 'blob_brightness': 0.9743869304656982, 'blob_response': -0.12331581115722656, 'vessel_centre': [436.0, 225.0]}]"
pseudopapilledema/pseudopapilledema_0307_WHC.jpg,pseudopapilledema,4,"[{'vessel_blob_score': -2.5072115598921787, 'centre': [151.0, 152.0], 'radius': 57.01751796098172, 'blob_score': 0.8002911329269409, 'blob_contrast': 0.09080696105957031, 'blob_brightness': 0.9845530986785889, 'blob_response': -0.10148501396179199, 'vessel_centre': [261.0, 319.0]}, {'vessel_blob_score': -1.8266764025051714, 'centre': [158.0, 144.0], 'radius': 71.83757109179989, 'blob_score': 0.846104097366333, 'blob_contrast': 0.1434308886528015, 'blob_brightness': 0.9753466844558716, 'blob_response': -0.09965264797210693, 'vessel_centre': [261.0, 319.0]}, {'vessel_blob_score': -1.3062097726843929, 'centre': [192.0, 122.0], 'radius': 90.50966799187809, 'blob_score': 0.8484195351600646, 'blob_contrast': 0.15961366891860962, 'blob_brightness': 0.9560046195983887, 'blob_response': -0.09801316261291504, 'vessel_centre': [261.0, 319.0]}, {'vessel_blob_score': -1.300486106918492, 'centre': [188.0, 124.0], 'radius': 90.50966799187809, 'blob_score': 0.8472748517990112, 'blob_contrast': 0.15899819135665894, 'blob_brightness': 0.9552468061447144, 'blob_response': -0.09801948070526123, 'vessel_centre': [261.0, 319.0]}]"
pseudopapilledema/pseudopapilledema_0308_WHC.jpg,pseudopapilledema,1,"[{'vessel_blob_score': -2.1043091023556095, 'centre': [248.0, 435.0], 'radius': 57.01751796098172, 'blob_score': 0.7445109188556671, 'blob_contrast': 0.07793653011322021, 'blob_brightness': 0.9443694949150085, 'blob_response': -0.02757871150970459, 'vessel_centre': [248.0, 258.0]}]"
pseudopapilledema/pseudopapilledema_0309_WHC.jpg,pseudopapilledema,2,"[{'vessel_blob_score': -5.30268047799508, 'centre': [170.0, 94.0], 'radius': 35.918785545899944, 'blob_score': 0.7932267367839813, 'blob_contrast': 0.1281713843345642, 'blob_brightness': 0.9348882436752319, 'blob_response': -0.053167909383773804, 'vessel_centre': [285.0, 289.0]}, {'vessel_blob_score': -3.829919771590414, 'centre': [161.0, 109.0], 'radius': 45.254833995939045, 'blob_score': 0.8277425259351731, 'blob_contrast': 0.16311734914779663, 'blob_brightness': 0.933429479598999, 'blob_response': -0.05612270534038544, 'vessel_centre': [285.0, 289.0]}]"
pseudopapilledema/pseudopapilledema_0310_WHC.jpg,pseudopapilledema,1,"[{'vessel_blob_score': 0.3192805965377512, 'centre': [357.0, 269.0], 'radius': 45.254833995939045, 'blob_score': 0.7713436603546142, 'blob_contrast': 0.08331817388534546, 'blob_brightness': 0.9525145888328552, 'blob_response': -0.10632637143135071, 'vessel_centre': [387.0, 262.0]}]"
pseudopapilledema/pseudopapilledema_0311_WHC.jpg,pseudopapilledema,0,[]
pseudopapilledema/pseudopapilledema_0312_WHC.jpg,pseudopapilledema,0,[]
pseudopapilledema/pseudopapilledema_0313_WHC.jpg,pseudopapilledema,0,[]
pseudopapilledema/pseudopapilledema_0314_WHC.jpg,pseudopapilledema,3,"[{'vessel_blob_score': -1.1319417600701054, 'centre': [520.0, 102.0], 'radius': 35.918785545899944, 'blob_score': 0.7757193744182587, 'blob_contrast': 0.07342320680618286, 'blob_brightness': 0.9786786437034607, 'blob_response': -0.0861055850982666, 'vessel_centre': [470.0, 160.0]}, {'vessel_blob_score': -0.9891898243686803, 'centre': [399.0, 168.0], 'radius': 35.918785545899944, 'blob_score': 0.803691017627716, 'blob_contrast': 0.10631692409515381, 'blob_brightness': 0.9684534072875977, 'blob_response': -0.09728354215621948, 'vessel_centre': [470.0, 160.0]}, {'vessel_blob_score': -1.2488920735862168, 'centre': [491.0, 238.0], 'radius': 35.918785545899944, 'blob_score': 0.7915488064289092, 'blob_contrast': 0.08479577302932739, 'blob_brightness': 0.9830791354179382, 'blob_response': -0.09298819303512573, 'vessel_centre': [470.0, 160.0]}]"
pseudopapilledema/pseudopapilledema_0315_WHC.jpg,pseudopapilledema,1,"[{'vessel_blob_score': -3.395110532217134, 'centre': [333.0, 122.0], 'radius': 35.918785545899944, 'blob_score': 0.7152854323387146, 'blob_contrast': 0.049212634563446045, 'blob_brightness': 0.9319777488708496, 'blob_response': -0.06844186782836914, 'vessel_centre': [204.0, 213.0]}]"
pseudopapilledema/pseudopapilledema_0316_WHC.jpg,pseudopapilledema,0,[]
pseudopapilledema/pseudopapilledema_0317_WHC.jpg,pseudopapilledema,1,"[{'vessel_blob_score': -0.4903661987075525, 'centre': [260.0, 213.0], 'radius': 45.254833995939045, 'blob_score': 0.7629558742046356, 'blob_contrast': 0.07344019412994385, 'blob_brightness': 0.9619951248168945, 'blob_response': -0.080595463514328, 'vessel_centre': [195.0, 231.0]}]"
pseudopapilledema/pseudopapilledema_0318_WHC.jpg,pseudopapilledema,1,"[{'vessel_blob_score': -1.6960843157033727, 'centre': [346.0, 271.0], 'radius': 35.918785545899944, 'blob_score': 0.7482773065567015, 'blob_contrast': 0.04296445846557617, 'blob_brightness': 0.980401873588562, 'blob_response': -0.0951576828956604, 'vessel_centre': [253.0, 298.0]}]"
pseudopapilledema/pseudopapilledema_0319_WHC.jpg,pseudopapilledema,0,[]
pseudopapilledema/pseudopapilledema_0320_WHC.jpg,pseudopapilledema,0,[]
pseudopapilledema/pseudopapilledema_0321_WHC.jpg,pseudopapilledema,0,[]
pseudopapilledema/pseudopapilledema_0322_WHC.jpg,pseudopapilledema,1,"[{'vessel_blob_score': -4.702118918108424, 'centre': [244.0, 468.0], 'radius': 45.254833995939045, 'blob_score': 0.7199168026447296, 'blob_contrast': 0.017451584339141846, 'blob_brightness': 0.9773370623588562, 'blob_response': -0.09164637327194214, 'vessel_centre': [249.0, 210.0]}]"
pseudopapilledema/pseudopapilledema_0323_WHC.jpg,pseudopapilledema,2,"[{'vessel_blob_score': 0.2772163764190019, 'centre': [220.0, 252.0], 'radius': 35.918785545899944, 'blob_score': 0.8010689675807953, 'blob_contrast': 0.12202417850494385, 'blob_brightness': 0.9457144141197205, 'blob_response': -0.0852234959602356, 'vessel_centre': [245.0, 245.0]}, {'vessel_blob_score': 0.5238600268825092, 'centre': [424.0, 368.0], 'radius': 456.14014368785377, 'blob_score': 0.49654731228947635, 'blob_contrast': 0.005431830883026123, 'blob_brightness': 0.7010248303413391, 'blob_response': -0.0019905008375644684, 'vessel_centre': [245.0, 245.0]}]"
pseudopapilledema/pseudopapilledema_0324_WHC.jpg,pseudopapilledema,1,"[{'vessel_blob_score': -1.8375619486629713, 'centre': [203.0, 341.0], 'radius': 45.254833995939045, 'blob_score': 0.6841848224401473, 'blob_contrast': 0.04743248224258423, 'blob_brightness': 0.9028146862983704, 'blob_response': -0.023910298943519592, 'vessel_centre': [264.0, 228.0]}]"
pseudopapilledema/pseudopapilledema_0325_WHC.jpg,pseudopapilledema,3,"[{'vessel_blob_score': -3.497449363945079, 'centre': [299.0, 450.0], 'radius': 45.254833995939045, 'blob_score': 0.7449970364570617, 'blob_contrast': 0.05329412221908569, 'blob_brightness': 0.9636528491973877, 'blob_response': -0.08572959899902344, 'vessel_centre': [386.0, 266.0]}, {'vessel_blob_score': -3.4896256281843803, 'centre': [302.0, 451.0], 'radius': 45.254833995939045, 'blob_score': 0.7458533525466918, 'blob_contrast': 0.05396085977554321, 'blob_brightness': 0.9639223217964172, 'blob_response': -0.08573433756828308, 'vessel_centre': [386.0, 266.0]}, {'vessel_blob_score': -1.0453194398379608, 'centre': [298.0, 482.0], 'radius': 114.03503592196344, 'blob_score': 0.7145335137844085, 'blob_contrast': 0.057211875915527344, 'blob_brightness': 0.9249799847602844, 'blob_response': -0.049178242683410645, 'vessel_centre': [386.0, 266.0]}]"
pseudopapilledema/pseudopapilledema_0326_WHC.jpg,pseudopapilledema,3,"[{'vessel_blob_score': -1.3072438603053622, 'centre': [284.0, 264.0], 'radius': 35.918785545899944, 'blob_score': 0.711195582151413, 'blob_contrast': 0.028458833694458008, 'blob_brightness': 0.9569420218467712, 'blob_response': -0.06438666582107544, 'vessel_centre': [362.0, 292.0]}, {'vessel_blob_score': -1.0264366046091844, 'centre': [275.0, 263.0], 'radius': 45.254833995939045, 'blob_score': 0.7042785584926605, 'blob_contrast': 0.026172757148742676, 'blob_brightness': 0.9505731463432312, 'blob_response': -0.06352299451828003, 'vessel_centre': [362.0, 292.0]}, {'vessel_blob_score': 0.021470730509301483, 'centre': [324.0, 212.0], 'radius': 90.50966799187809, 'blob_score': 0.7367405474185944, 'blob_contrast': 0.06399351358413696, 'blob_brightness': 0.9364214539527893, 'blob_response': -0.08626008033752441, 'vessel_centre': [362.0, 292.0]}]"
pseudopapilledema/pseudopapilledema_0327_WHC.jpg,pseudopapilledema,2,"[{'vessel_blob_score': -1.0437720121445309, 'centre': [231.0, 225.0], 'radius': 35.918785545899944, 'blob_score': 0.742413169145584, 'blob_contrast': 0.051529109477996826, 'blob_brightness': 0.9599183201789856, 'blob_response': -0.09470617771148682, 'vessel_centre': [173.0, 270.0]}, {'vessel_blob_score': 0.3745119093359971, 'centre': [206.0, 224.0], 'radius': 90.50966799187809, 'blob_score': 0.7312985897064208, 'blob_contrast': 0.07272905111312866, 'blob_brightness': 0.915920078754425, 'blob_response': -0.08712741732597351, 'vessel_centre': [173.0, 270.0]}]"
pseudopapilledema/pseudopapilledema_0328_WHC.jpg,pseudopapilledema,2,"[{'vessel_blob_score': -0.9907514926724343, 'centre': [454.0, 296.0], 'radius': 57.01751796098172, 'blob_score': 0.7835375070571898, 'blob_contrast': 0.09810107946395874, 'blob_brightness': 0.9503008127212524, 'blob_response': -0.10112929344177246, 'vessel_centre': [344.0, 324.0]}, {'vessel_blob_score': 0.2724176970703619, 'centre': [424.0, 302.0], 'radius': 114.03503592196344, 'blob_score': 0.7981325566768646, 'blob_contrast': 0.14664405584335327, 'blob_brightness': 0.9051693677902222, 'blob_response': -0.08934971690177917, 'vessel_centre': [344.0, 324.0]}]"
pseudopapilledema/pseudopapilledema_0329_WHC.jpg,pseudopapilledema,0,[]
pseudopapilledema/pseudopapilledema_0330_WHC.jpg,pseudopapilledema,5,"[{'vessel_blob_score': -6.57448127177484, 'centre': [646.0, 352.0], 'radius': 35.918785545899944, 'blob_score': 0.7272173881530761, 'blob_contrast': 0.022837579250335693, 'blob_brightness': 0.9878144860267639, 'blob_response': -0.06454834342002869, 'vessel_centre': [432.0, 184.0]}, {'vessel_blob_score': -8.713970676431375, 'centre': [653.0, 454.0], 'radius': 35.918785545899944, 'blob_score': 0.7183486759662628, 'blob_contrast': 0.012310981750488281, 'blob_brightness': 0.9932860732078552, 'blob_response': -0.053687214851379395, 'vessel_centre': [432.0, 184.0]}, {'vessel_blob_score': -6.566663368437239, 'centre': [656.0, 443.0], 'radius': 45.254833995939045, 'blob_score': 0.717419797182083, 'blob_contrast': 0.011587202548980713, 'blob_brightness': 0.9928368926048279, 'blob_response': -0.0542338490486145, 'vessel_centre': [432.0, 184.0]}, {'vessel_blob_score': -4.1014038649329905, 'centre': [646.0, 381.0], 'radius': 57.01751796098172, 'blob_score': 0.7246561229228973, 'blob_contrast': 0.02105712890625, 'blob_brightness': 0.9874232411384583, 'blob_response': -0.06201362609863281, 'vessel_centre': [432.0, 184.0]}, {'vessel_blob_score': -3.2719651696198246, 'centre': [650.0, 400.0], 'radius': 71.83757109179989, 'blob_score': 0.7273602426052094, 'blob_contrast': 0.022772133350372314, 'blob_brightness': 0.9879894852638245, 'blob_response': -0.06497734785079956, 'vessel_centre': [432.0, 184.0]}]"
pseudopapilledema/pseudopapilledema_0331_WHC.jpg,pseudopapilledema,5,"[{'vessel_blob_score': -0.7852741175110616, 'centre': [461.0, 259.0], 'radius': 35.918785545899944, 'blob_score': 0.7897620320320129, 'blob_contrast': 0.10028076171875, 'blob_brightness': 0.9539939165115356, 'blob_response': -0.10842764377593994, 'vessel_centre': [397.0, 255.0]}, {'vessel_blob_score': -0.3716222717096713, 'centre': [459.0, 252.0], 'radius': 45.254833995939045, 'blob_score': 0.785997188091278, 'blob_contrast': 0.10951614379882812, 'blob_brightness': 0.9355682134628296, 'blob_response': -0.10791647434234619, 'vessel_centre': [397.0, 255.0]}, {'vessel_blob_score': -0.046739587758784396, 'centre': [338.0, 246.0], 'radius': 57.01751796098172, 'blob_score': 0.7787514328956604, 'blob_contrast': 0.10956192016601562, 'blob_brightness': 0.9271905422210693, 'blob_response': -0.1007806658744812, 'vessel_centre': [397.0, 255.0]}, {'vessel_blob_score': 0.5404549634421019, 'centre': [360.0, 236.0], 'radius': 90.50966799187809, 'blob_score': 0.7795230865478515, 'blob_contrast': 0.13639861345291138, 'blob_brightness': 0.895054817199707, 'blob_response': -0.08293050527572632, 'vessel_centre': [397.0, 255.0]}, {'vessel_blob_score': 0.5898623516122911, 'centre': [430.0, 238.0], 'radius': 90.50966799187809, 'blob_score': 0.8045459389686584, 'blob_contrast': 0.16219496726989746, 'blob_brightness': 0.8935266733169556, 'blob_response': -0.08441150188446045, 'vessel_centre': [397.0, 255.0]}]"
pseudopapilledema/pseudopapilledema_0332_WHC.jpg,pseudopapilledema,0,[]
pseudopapilledema/pseudopapilledema_0333_WHC.jpg,pseudopapilledema,2,"[{'vessel_blob_score': -3.9472313121836136, 'centre': [364.0, 76.0], 'radius': 45.254833995939045, 'blob_score': 0.752222329378128, 'blob_contrast': 0.05755913257598877, 'blob_brightness': 0.9719732403755188, 'blob_response': -0.07140964269638062, 'vessel_centre': [393.0, 298.0]}, {'vessel_blob_score': -4.609396761796226, 'centre': [214.0, 118.0], 'radius': 45.254833995939045, 'blob_score': 0.7269779682159423, 'blob_contrast': 0.04741978645324707, 'blob_brightness': 0.9492612481117249, 'blob_response': -0.07537654042243958, 'vessel_centre': [393.0, 298.0]}]"
pseudopapilledema/pseudopapilledema_0334_WHC.jpg,pseudopapilledema,0,[]
pseudopapilledema/pseudopapilledema_0335_WHC.jpg,pseudopapilledema,1,"[{'vessel_blob_score': -0.3286993243511678, 'centre': [208.0, 28.0], 'radius': 181.01933598375618, 'blob_score': 0.6531944639980792, 'blob_contrast': 0.08109360933303833, 'blob_brightness': 0.8134753108024597, 'blob_response': -0.01334068551659584, 'vessel_centre': [249.0, 265.0]}]"
pseudopapilledema/pseudopapilledema_0336_WHC.jpg,pseudopapilledema,13,"[{'vessel_blob_score': -2.8745453094196907, 'centre': [270.0, 59.0], 'radius': 35.918785545899944, 'blob_score': 0.7455722093582153, 'blob_contrast': 0.1041145920753479, 'blob_brightness': 0.9033792018890381, 'blob_response': -0.04546087980270386, 'vessel_centre': [288.0, 197.0]}, {'vessel_blob_score': -2.606511110366695, 'centre': [358.0, 88.0], 'radius': 35.918785545899944, 'blob_score': 0.7054828226566314, 'blob_contrast': 0.09460735321044922, 'blob_brightness': 0.8629298806190491, 'blob_response': -0.0341227650642395, 'vessel_centre': [288.0, 197.0]}, {'vessel_blob_score': -3.76602842703182, 'centre': [379.0, 342.0], 'radius': 35.918785545899944, 'blob_score': 0.6131838858127593, 'blob_contrast': 0.030061542987823486, 'blob_brightness': 0.8282666802406311, 'blob_response': -0.016678333282470703, 'vessel_centre': [288.0, 197.0]}, {'vessel_blob_score': 0.7127378701429651, 'centre': [288.0, 184.0], 'radius': 45.254833995939045, 'blob_score': 0.721907615661621, 'blob_contrast': 0.08420461416244507, 'blob_brightness': 0.9018775224685669, 'blob_response': -0.031943678855895996, 'vessel_centre': [288.0, 197.0]}, {'vessel_blob_score': -2.475359693614461, 'centre': [444.0, 217.0], 'radius': 45.254833995939045, 'blob_score': 0.5415970623493194, 'blob_contrast': 0.05082738399505615, 'blob_brightness': 0.6936127543449402, 'blob_response': -0.02620375156402588, 'vessel_centre': [288.0, 197.0]}, {'vessel_blob_score': -4.653270969646687, 'centre': [61.0, 315.0], 'radius': 45.254833995939045, 'blob_score': 0.5985068082809448, 'blob_contrast': 0.03026789426803589, 'blob_brightness': 0.8079103231430054, 'blob_response': -0.013508439064025879, 'vessel_centre': [288.0, 197.0]}, {'vessel_blob_score': -5.290881918499186, 'centre': [143.0, 442.0], 'radius': 45.254833995939045, 'blob_score': 0.7095972180366517, 'blob_contrast': 0.03743499517440796, 'blob_brightness': 0.9564077854156494, 'blob_response': -0.013383865356445312, 'vessel_centre': [288.0, 197.0]}, {'vessel_blob_score': -2.1094079159805976, 'centre': [114.0, 163.0], 'radius': 57.01751796098172, 'blob_score': 0.6324321925640106, 'blob_contrast': 0.06565415859222412, 'blob_brightness': 0.8033403754234314, 'blob_response': -0.022198855876922607, 'vessel_centre': [288.0, 197.0]}, {'vessel_blob_score': 0.7123477125384443, 'centre': [301.0, 187.0], 'radius': 57.01751796098172, 'blob_score': 0.7354260563850402, 'blob_contrast': 0.10426753759384155, 'blob_brightness': 0.8921225070953369, 'blob_response': -0.03336381912231445, 'vessel_centre': [288.0, 197.0]}, {'vessel_blob_score': -3.690122548693238, 'centre': [56.0, 330.0], 'radius': 57.01751796098172, 'blob_score': 0.6103485941886901, 'blob_contrast': 0.033618807792663574, 'blob_brightness': 0.8201148509979248, 'blob_response': -0.01324695348739624, 'vessel_centre': [288.0, 197.0]}, {'vessel_blob_score': -2.5771599297480123, 'centre': [424.0, 349.0], 'radius': 57.01751796098172, 'blob_score': 0.6290408313274383, 'blob_contrast': 0.06399810314178467, 'blob_brightness': 0.8003706336021423, 'blob_response': -0.023916423320770264, 'vessel_centre': [288.0, 197.0]}, {'vessel_blob_score': 0.046682908701149994, 'centre': [334.0, 124.0], 'radius': 90.50966799187809, 'blob_score': 0.7213139116764069, 'blob_contrast': 0.12260878086090088, 'blob_brightness': 0.8473846316337585, 'blob_response': -0.027679443359375, 'vessel_centre': [288.0, 197.0]}, {'vessel_blob_score': 0.37221832976514624, 'centre': [318.0, 132.0], 'radius': 114.03503592196344, 'blob_score': 0.7137320935726165, 'blob_contrast': 0.12435352802276611, 'blob_brightness': 0.8342145085334778, 'blob_response': -0.027142047882080078, 'vessel_centre': [288.0, 197.0]}]"
pseudopapilledema/pseudopapilledema_0337_WHC.jpg,pseudopapilledema,0,[]
pseudopapilledema/pseudopapilledema_0338_WHC.jpg,pseudopapilledema,2,"[{'vessel_blob_score': -2.670102995371179, 'centre': [354.0, 337.0], 'radius': 35.918785545899944, 'blob_score': 0.7230132281780242, 'blob_contrast': 0.017788469791412354, 'blob_brightness': 0.993326723575592, 'blob_response': -0.04948025941848755, 'vessel_centre': [431.0, 230.0]}, {'vessel_blob_score': -1.2246787609438137, 'centre': [366.0, 376.0], 'radius': 71.83757109179989, 'blob_score': 0.7451026856899261, 'blob_contrast': 0.03569060564041138, 'blob_brightness': 0.9918485283851624, 'blob_response': -0.07559055089950562, 'vessel_centre': [431.0, 230.0]}]"
pseudopapilledema/pseudopapilledema_0339_WHC.jpg,pseudopapilledema,0,[]
pseudopapilledema/pseudopapilledema_0340_WHC.jpg,pseudopapilledema,0,[]
pseudopapilledema/pseudopapilledema_0341_WHC.jpg,pseudopapilledema,0,[]
pseudopapilledema/pseudopapilledema_0342_WHC.jpg,pseudopapilledema,2,"[{'vessel_blob_score': 0.0017104471897945173, 'centre': [498.0, 292.0], 'radius': 45.254833995939045, 'blob_score': 0.8191704928874969, 'blob_contrast': 0.12391674518585205, 'blob_brightness': 0.9618842005729675, 'blob_response': -0.10967403650283813, 'vessel_centre': [458.0, 271.0]}, {'vessel_blob_score': 0.3590892405626974, 'centre': [400.0, 272.0], 'radius': 90.50966799187809, 'blob_score': 0.9017633318901062, 'blob_contrast': 0.21716570854187012, 'blob_brightness': 0.9419092535972595, 'blob_response': -0.1263057291507721, 'vessel_centre': [458.0, 271.0]}]"
pseudopapilledema/pseudopapilledema_0343_WHC.jpg,pseudopapilledema,1,"[{'vessel_blob_score': -1.8848337257110677, 'centre': [216.0, 212.0], 'radius': 45.254833995939045, 'blob_score': 0.6796242266893386, 'blob_contrast': 0.10813301801681519, 'blob_brightness': 0.8024653792381287, 'blob_response': -0.048827216029167175, 'vessel_centre': [346.0, 200.0]}]"
pseudopapilledema/pseudopapilledema_0344_WHC.jpg,pseudopapilledema,1,"[{'vessel_blob_score': -4.423271628386895, 'centre': [224.0, 428.0], 'radius': 35.918785545899944, 'blob_score': 0.7610455632209777, 'blob_contrast': 0.13768380880355835, 'blob_brightness': 0.8659603595733643, 'blob_response': -0.08594751358032227, 'vessel_centre': [285.0, 243.0]}]"
pseudopapilledema/pseudopapilledema_0345_WHC.jpg,pseudopapilledema,1,"[{'vessel_blob_score': -4.247193267968434, 'centre': [224.0, 428.0], 'radius': 35.918785545899944, 'blob_score': 0.7602324187755585, 'blob_contrast': 0.1367049217224121, 'blob_brightness': 0.8660222887992859, 'blob_response': -0.0865594744682312, 'vessel_centre': [283.0, 249.0]}]"
pseudopapilledema/pseudopapilledema_0346_WHC.jpg,pseudopapilledema,2,"[{'vessel_blob_score': -5.128597483708794, 'centre': [603.0, 259.0], 'radius': 35.918785545899944, 'blob_score': 0.6152655296027659, 'blob_contrast': 0.021445810794830322, 'blob_brightness': 0.8464328646659851, 'blob_response': -0.006583567708730698, 'vessel_centre': [386.0, 296.0]}, {'vessel_blob_score': -1.2810598445856933, 'centre': [309.0, 268.0], 'radius': 35.918785545899944, 'blob_score': 0.6984327614307404, 'blob_contrast': 0.05727410316467285, 'blob_brightness': 0.892956554889679, 'blob_response': -0.08044534921646118, 'vessel_centre': [386.0, 296.0]}]"
pseudopapilledema/pseudopapilledema_0347_WHC.jpg,pseudopapilledema,1,"[{'vessel_blob_score': 0.21069057025774995, 'centre': [352.0, 24.0], 'radius': 287.35028436719955, 'blob_score': 0.7345558702945709, 'blob_contrast': 0.1052364706993103, 'blob_brightness': 0.8925408124923706, 'blob_response': -0.02270415425300598, 'vessel_centre': [403.0, 245.0]}]"
pseudopapilledema/pseudopapilledema_0348_WHC.jpg,pseudopapilledema,2,"[{'vessel_blob_score': -2.551036930426097, 'centre': [261.0, 108.0], 'radius': 45.254833995939045, 'blob_score': 0.7354625165462493, 'blob_contrast': 0.03775596618652344, 'blob_brightness': 0.9692051410675049, 'blob_response': -0.09631475806236267, 'vessel_centre': [276.0, 268.0]}, {'vessel_blob_score': -2.657451725587092, 'centre': [396.0, 154.0], 'radius': 45.254833995939045, 'blob_score': 0.719729870557785, 'blob_contrast': 0.03295004367828369, 'blob_brightness': 0.9615426063537598, 'blob_response': -0.06850001215934753, 'vessel_centre': [276.0, 268.0]}]"
pseudopapilledema/pseudopapilledema_0349_WHC.jpg,pseudopapilledema,2,"[{'vessel_blob_score': -0.3229405382134647, 'centre': [297.0, 249.0], 'radius': 35.918785545899944, 'blob_score': 0.7483940660953521, 'blob_contrast': 0.03763383626937866, 'blob_brightness': 0.9812959432601929, 'blob_response': -0.1192653477191925, 'vessel_centre': [250.0, 242.0]}, {'vessel_blob_score': -2.708691754682505, 'centre': [375.0, 130.0], 'radius': 45.254833995939045, 'blob_score': 0.760680103302002, 'blob_contrast': 0.0671839714050293, 'blob_brightness': 0.9700873494148254, 'blob_response': -0.07217493653297424, 'vessel_centre': [250.0, 242.0]}]"
pseudopapilledema/pseudopapilledema_0350_WHC.jpg,pseudopapilledema,1,"[{'vessel_blob_score': -2.673503628179779, 'centre': [397.0, 155.0], 'radius': 45.254833995939045, 'blob_score': 0.7187608659267425, 'blob_contrast': 0.032817542552948, 'blob_brightness': 0.961929202079773, 'blob_response': -0.06296440958976746, 'vessel_centre': [276.0, 269.0]}]"
pseudopapilledema/pseudopapilledema_0351_WHC.jpg,pseudopapilledema,0,[]
pseudopapilledema/pseudopapilledema_0352_WHC.jpg,pseudopapilledema,5,"[{'vessel_blob_score': -0.6214601420702048, 'centre': [159.0, 273.0], 'radius': 35.918785545899944, 'blob_score': 0.7566307663917541, 'blob_contrast': 0.062313973903656006, 'blob_brightness': 0.9665801525115967, 'blob_response': -0.08855342864990234, 'vessel_centre': [215.0, 257.0]}, {'vessel_blob_score': -1.1065224951834334, 'centre': [252.0, 323.0], 'radius': 35.918785545899944, 'blob_score': 0.7496151149272918, 'blob_contrast': 0.053080081939697266, 'blob_brightness': 0.9693860411643982, 'blob_response': -0.08982402086257935, 'vessel_centre': [215.0, 257.0]}, {'vessel_blob_score': -0.328768226591831, 'centre': [155.0, 253.0], 'radius': 45.254833995939045, 'blob_score': 0.7796010136604309, 'blob_contrast': 0.0844985842704773, 'blob_brightness': 0.9654894471168518, 'blob_response': -0.09629908204078674, 'vessel_centre': [215.0, 257.0]}, {'vessel_blob_score': -0.6132386873925382, 'centre': [258.0, 316.0], 'radius': 45.254833995939045, 'blob_score': 0.7582829713821411, 'blob_contrast': 0.06272196769714355, 'blob_brightness': 0.9677594900131226, 'blob_response': -0.09064680337905884, 'vessel_centre': [215.0, 257.0]}, {'vessel_blob_score': -0.1797798753955151, 'centre': [265.0, 302.0], 'radius': 57.01751796098172, 'blob_score': 0.7642733812332153, 'blob_contrast': 0.07333654165267944, 'blob_brightness': 0.9611460566520691, 'blob_response': -0.09067299962043762, 'vessel_centre': [215.0, 257.0]}]"
pseudopapilledema/pseudopapilledema_0353_WHC.jpg,pseudopapilledema,2,"[{'vessel_blob_score': -0.7811129333228701, 'centre': [439.0, 150.0], 'radius': 45.254833995939045, 'blob_score': 0.7771082222461699, 'blob_contrast': 0.07526737451553345, 'blob_brightness': 0.9750662446022034, 'blob_response': -0.09647238254547119, 'vessel_centre': [375.0, 199.0]}, {'vessel_blob_score': -0.3030167079434758, 'centre': [446.0, 260.0], 'radius': 71.83757109179989, 'blob_score': 0.7936502516269683, 'blob_contrast': 0.10140246152877808, 'blob_brightness': 0.961231529712677, 'blob_response': -0.09692859649658203, 'vessel_centre': [375.0, 199.0]}]"
pseudopapilledema/pseudopapilledema_0354_WHC.jpg,pseudopapilledema,1,"[{'vessel_blob_score': 0.6414539111194176, 'centre': [448.0, 136.0], 'radius': 362.03867196751236, 'blob_score': 0.7273819670081138, 'blob_contrast': 0.24798208475112915, 'blob_brightness': 0.6805307865142822, 'blob_response': -0.01514165848493576, 'vessel_centre': [345.0, 215.0]}]"
pseudopapilledema/pseudopapilledema_0355_WHC.jpg,pseudopapilledema,1,"[{'vessel_blob_score': -1.0340125445163801, 'centre': [479.0, 210.0], 'radius': 45.254833995939045, 'blob_score': 0.8339625358581543, 'blob_contrast': 0.15635651350021362, 'blob_brightness': 0.9364466667175293, 'blob_response': -0.11046677827835083, 'vessel_centre': [387.0, 213.0]}]"
pseudopapilledema/pseudopapilledema_0356_WHC.jpg,pseudopapilledema,2,"[{'vessel_blob_score': -0.4758136255763581, 'centre': [393.0, 218.0], 'radius': 35.918785545899944, 'blob_score': 0.806830072402954, 'blob_contrast': 0.16856008768081665, 'blob_brightness': 0.8908666372299194, 'blob_response': -0.07331669330596924, 'vessel_centre': [362.0, 261.0]}, {'vessel_blob_score': -0.4136702720154448, 'centre': [411.0, 325.0], 'radius': 57.01751796098172, 'blob_score': 0.8637040317058562, 'blob_contrast': 0.22334402799606323, 'blob_brightness': 0.8876792788505554, 'blob_response': -0.09492254257202148, 'vessel_centre': [362.0, 261.0]}]"
pseudopapilledema/pseudopapilledema_0357_WHC.jpg,pseudopapilledema,2,"[{'vessel_blob_score': -3.622878620584559, 'centre': [260.0, 398.0], 'radius': 35.918785545899944, 'blob_score': 0.5909683994948863, 'blob_contrast': 0.027932286262512207, 'blob_brightness': 0.8020018935203552, 'blob_response': -0.00817393884062767, 'vessel_centre': [286.0, 234.0]}, {'vessel_blob_score': -2.5532363109213545, 'centre': [262.0, 393.0], 'radius': 45.254833995939045, 'blob_score': 0.5967700660228729, 'blob_contrast': 0.034650444984436035, 'blob_brightness': 0.8006935715675354, 'blob_response': -0.008170604705810547, 'vessel_centre': [286.0, 234.0]}]"
pseudopapilledema/pseudopapilledema_0358_WHC.jpg,pseudopapilledema,3,"[{'vessel_blob_score': 0.29568272153804, 'centre': [264.0, 232.0], 'radius': 35.918785545899944, 'blob_score': 0.7606993615627289, 'blob_contrast': 0.06410342454910278, 'blob_brightness': 0.9706080555915833, 'blob_response': -0.08585149049758911, 'vessel_centre': [256.0, 256.0]}, {'vessel_blob_score': 0.02398993303608765, 'centre': [254.0, 291.0], 'radius': 35.918785545899944, 'blob_score': 0.7574930429458617, 'blob_contrast': 0.06086158752441406, 'blob_brightness': 0.9717837572097778, 'blob_response': -0.08191412687301636, 'vessel_centre': [256.0, 256.0]}, {'vessel_blob_score': -0.8752654203778985, 'centre': [205.0, 300.0], 'radius': 35.918785545899944, 'blob_score': 0.7483174443244933, 'blob_contrast': 0.0560380220413208, 'blob_brightness': 0.9668878316879272, 'blob_response': -0.07728970050811768, 'vessel_centre': [256.0, 256.0]}]"
pseudopapilledema/pseudopapilledema_0359_WHC.jpg,pseudopapilledema,0,[]
pseudopapilledema/pseudopapilledema_0360_WHC.jpg,pseudopapilledema,2,"[{'vessel_blob_score': -0.4955990125197327, 'centre': [418.0, 190.0], 'radius': 45.254833995939045, 'blob_score': 0.7911502659320832, 'blob_contrast': 0.11768722534179688, 'blob_brightness': 0.9396358132362366, 'blob_response': -0.07858985662460327, 'vessel_centre': [403.0, 256.0]}, {'vessel_blob_score': 0.09460039926872366, 'centre': [355.0, 275.0], 'radius': 57.01751796098172, 'blob_score': 0.8715232014656067, 'blob_contrast': 0.1977887749671936, 'blob_brightness': 0.9352681636810303, 'blob_response': -0.09523355960845947, 'vessel_centre': [403.0, 256.0]}]"
pseudopapilledema/pseudopapilledema_0361_WHC.jpg,pseudopapilledema,0,[]
pseudopapilledema/pseudopapilledema_0362_WHC.jpg,pseudopapilledema,0,[]
pseudopapilledema/pseudopapilledema_0363_WHC.jpg,pseudopapilledema,1,"[{'vessel_blob_score': -2.479010725048142, 'centre': [110.0, 220.0], 'radius': 45.254833995939045, 'blob_score': 0.5118921741843223, 'blob_contrast': 0.08751505613327026, 'blob_brightness': 0.600457489490509, 'blob_response': -0.02028437703847885, 'vessel_centre': [252.0, 288.0]}]"
pseudopapilledema/pseudopapilledema_0364_WHC.jpg,pseudopapilledema,0,[]
