image,class,rating,vessel_ok,class_index
normal_0001_EDD.jpg,normal,1,9,1
normal_0002_EDD.jpg,normal,1,9,2
normal_0003_EDD.jpg,normal,1,9,3
normal_0004_EDD.jpg,normal,4,9,4
normal_0005_EDD.jpg,normal,1,9,5
normal_0006_EDD.jpg,normal,1,9,6
normal_0007_EDD.jpg,normal,1,9,7
normal_0008_EDD.jpg,normal,1,9,8
normal_0009_EDD.jpg,normal,1,9,9
normal_0010_EDD.jpg,normal,3,9,10
normal_0011_EDD.jpg,normal,1,9,11
normal_0012_EDD.jpg,normal,2,9,12
normal_0013_EDD.jpg,normal,1,9,13
normal_0014_EDD.jpg,normal,3,9,14
normal_0015_EDD.jpg,normal,1,9,15
normal_0016_EDD.jpg,normal,1,9,16
normal_0017_EDD.jpg,normal,1,9,17
normal_0018_EDD.jpg,normal,1,9,18
normal_0019_EDD.jpg,normal,1,9,19
normal_0020_EDD.jpg,normal,2,9,20
normal_0021_EDD.jpg,normal,2,9,21
normal_0022_EDD.jpg,normal,1,9,22
normal_0023_EDD.jpg,normal,3,9,23
normal_0024_EDD.jpg,normal,2,9,24
normal_0025_EDD.jpg,normal,3,0,25
normal_0026_EDD.jpg,normal,3,9,26
normal_0027_EDD.jpg,normal,1,9,27
normal_0028_EDD.jpg,normal,3,9,28
normal_0029_EDD.jpg,normal,1,9,29
normal_0030_EDD.jpg,normal,1,9,30
normal_0031_EDD.jpg,normal,2,9,31
normal_0032_EDD.jpg,normal,3,9,32
normal_0033_EDD.jpg,normal,3,9,33
normal_0034_EDD.jpg,normal,2,9,34
normal_0035_EDD.jpg,normal,1,9,35
normal_0036_EDD.jpg,normal,1,9,36
normal_0037_EDD.jpg,normal,3,9,37
normal_0038_EDD.jpg,normal,3,9,38
normal_0039_EDD.jpg,normal,1,9,39
normal_0040_EDD.jpg,normal,1,9,40
normal_0041_EDD.jpg,normal,2,9,41
normal_0042_EDD.jpg,normal,1,9,42
normal_0043_EDD.jpg,normal,1,0,43
normal_0044_EDD.jpg,normal,3,9,44
normal_0045_EDD.jpg,normal,3,0,45
normal_0046_EDD.jpg,normal,3,9,46
normal_0047_EDD.jpg,normal,2,9,47
normal_0048_EDD.jpg,normal,2,9,48
normal_0049_EDD.jpg,normal,1,9,49
normal_0050_EDD.jpg,normal,2,0,50
normal_0051_EDD.jpg,normal,1,9,51
normal_0052_EDD.jpg,normal,1,9,52
normal_0053_EDD.jpg,normal,1,9,53
normal_0054_EDD.jpg,normal,3,9,54
normal_0055_EDD.jpg,normal,3,9,55
normal_0056_EDD.jpg,normal,3,9,56
normal_0057_EDD.jpg,normal,2,9,57
normal_0058_EDD.jpg,normal,3,9,58
normal_0059_EDD.jpg,normal,1,9,59
normal_0060_EDD.jpg,normal,1,9,60
normal_0061_EDD.jpg,normal,1,9,61
normal_0062_EDD.jpg,normal,3,9,62
normal_0063_EDD.jpg,normal,1,9,63
normal_0064_EDD.jpg,normal,1,9,64
normal_0065_EDD.jpg,normal,1,9,65
normal_0066_EDD.jpg,normal,1,9,66
normal_0067_EDD.jpg,normal,1,9,67
normal_0068_EDD.jpg,normal,2,9,68
normal_0069_EDD.jpg,normal,1,9,69
normal_0070_EDD.jpg,normal,1,9,70
normal_0071_EDD.jpg,normal,1,0,71
normal_0072_EDD.jpg,normal,2,9,72
normal_0073_EDD.jpg,normal,3,9,73
normal_0074_EDD.jpg,normal,3,9,74
normal_0075_EDD.jpg,normal,2,9,75
normal_0076_EDD.jpg,normal,1,9,76
normal_0077_EDD.jpg,normal,2,9,77
normal_0078_EDD.jpg,normal,2,9,78
normal_0079_EDD.jpg,normal,1,9,79
normal_0080_EDD.jpg,normal,1,9,80
normal_0081_EDD.jpg,normal,1,9,81
normal_0082_EDD.jpg,normal,1,9,82
normal_0083_EDD.jpg,normal,2,9,83
normal_0084_EDD.jpg,normal,2,9,84
normal_0085_EDD.jpg,normal,3,9,85
normal_0086_EDD.jpg,normal,3,9,86
normal_0087_EDD.jpg,normal,3,9,87
normal_0088_EDD.jpg,normal,1,9,88
normal_0089_EDD.jpg,normal,3,9,89
normal_0090_EDD.jpg,normal,2,9,90
normal_0091_EDD.jpg,normal,3,9,91
normal_0092_EDD.jpg,normal,1,9,92
normal_0093_EDD.jpg,normal,2,9,93
normal_0094_EDD.jpg,normal,1,9,94
normal_0095_EDD.jpg,normal,1,9,95
normal_0096_EDD.jpg,normal,3,9,96
normal_0097_EDD.jpg,normal,1,9,97
normal_0098_EDD.jpg,normal,1,9,98
normal_0099_EDD.jpg,normal,1,9,99
normal_0100_EDD.jpg,normal,2,9,100
normal_0101_EDD.jpg,normal,1,9,101
normal_0102_EDD.jpg,normal,3,9,102
normal_0103_EDD.jpg,normal,1,9,103
normal_0104_EDD.jpg,normal,2,9,104
normal_0105_EDD.jpg,normal,2,9,105
normal_0106_EDD.jpg,normal,1,9,106
normal_0107_EDD.jpg,normal,2,9,107
normal_0108_EDD.jpg,normal,1,9,108
normal_0109_EDD.jpg,normal,2,9,109
normal_0110_EDD.jpg,normal,2,9,110
normal_0111_EDD.jpg,normal,1,9,111
normal_0112_EDD.jpg,normal,2,9,112
normal_0113_EDD.jpg,normal,1,9,113
normal_0114_EDD.jpg,normal,3,9,114
normal_0115_EDD.jpg,normal,1,9,115
normal_0116_EDD.jpg,normal,4,9,116
normal_0117_EDD.jpg,normal,3,9,117
normal_0118_EDD.jpg,normal,1,9,118
normal_0119_EDD.jpg,normal,1,9,119
normal_0120_EDD.jpg,normal,1,9,120
normal_0121_EDD.jpg,normal,2,9,121
normal_0122_EDD.jpg,normal,2,9,122
normal_0123_EDD.jpg,normal,1,9,123
normal_0124_EDD.jpg,normal,1,9,124
normal_0125_EDD.jpg,normal,1,9,125
normal_0126_EDD.jpg,normal,1,9,126
normal_0127_EDD.jpg,normal,1,9,127
normal_0128_EDD.jpg,normal,2,9,128
normal_0129_EDD.jpg,normal,1,9,129
normal_0130_EDD.jpg,normal,1,9,130
normal_0131_EDD.jpg,normal,2,9,131
normal_0132_EDD.jpg,normal,1,9,132
normal_0133_EDD.jpg,normal,1,9,133
normal_0134_EDD.jpg,normal,2,9,134
normal_0135_EDD.jpg,normal,1,9,135
normal_0136_EDD.jpg,normal,1,9,136
normal_0137_EDD.jpg,normal,2,9,137
normal_0138_EDD.jpg,normal,2,9,138
normal_0139_EDD.jpg,normal,3,9,139
normal_0140_EDD.jpg,normal,3,9,140
normal_0141_EDD.jpg,normal,3,9,141
normal_0142_EDD.jpg,normal,1,9,142
normal_0143_EDD.jpg,normal,1,9,143
normal_0144_EDD.jpg,normal,1,9,144
normal_0145_EDD.jpg,normal,3,9,145
normal_0146_EDD.jpg,normal,3,9,146
normal_0147_EDD.jpg,normal,3,9,147
normal_0148_EDD.jpg,normal,2,9,148
normal_0149_EDD.jpg,normal,1,9,149
normal_0150_EDD.jpg,normal,3,9,150
normal_0151_EDD.jpg,normal,2,9,151
normal_0152_EDD.jpg,normal,1,9,152
normal_0153_EDD.jpg,normal,1,9,153
normal_0154_EDD.jpg,normal,1,9,154
normal_0155_EDD.jpg,normal,1,9,155
normal_0156_EDD.jpg,normal,3,9,156
normal_0157_EDD.jpg,normal,3,9,157
normal_0158_EDD.jpg,normal,1,9,158
normal_0159_EDD.jpg,normal,1,9,159
normal_0160_EDD.jpg,normal,2,9,160
normal_0161_EDD.jpg,normal,1,9,161
normal_0162_EDD.jpg,normal,1,9,162
normal_0163_EDD.jpg,normal,1,9,163
normal_0164_EDD.jpg,normal,2,9,164
normal_0165_EDD.jpg,normal,2,9,165
normal_0166_EDD.jpg,normal,1,9,166
normal_0167_EDD.jpg,normal,1,9,167
normal_0168_EDD.jpg,normal,3,9,168
normal_0169_EDD.jpg,normal,1,9,169
normal_0170_EDD.jpg,normal,1,9,170
normal_0171_EDD.jpg,normal,3,0,171
normal_0172_EDD.jpg,normal,1,9,172
normal_0173_EDD.jpg,normal,1,9,173
normal_0174_EDD.jpg,normal,3,9,174
normal_0175_EDD.jpg,normal,3,9,175
normal_0176_EDD.jpg,normal,1,9,176
normal_0177_EDD.jpg,normal,1,9,177
normal_0178_EDD.jpg,normal,2,9,178
normal_0179_EDD.jpg,normal,3,9,179
normal_0180_EDD.jpg,normal,3,9,180
normal_0181_EDD.jpg,normal,4,9,181
normal_0182_EDD.jpg,normal,1,9,182
normal_0183_EDD.jpg,normal,3,9,183
normal_0184_EDD.jpg,normal,1,9,184
normal_0185_EDD.jpg,normal,4,9,185
normal_0186_EDD.jpg,normal,1,9,186
normal_0187_EDD.jpg,normal,1,9,187
normal_0188_EDD.jpg,normal,1,9,188
normal_0189_EDD.jpg,normal,1,9,189
normal_0190_EDD.jpg,normal,1,9,190
normal_0191_EDD.jpg,normal,1,9,191
normal_0192_EDD.jpg,normal,1,0,192
normal_0193_EDD.jpg,normal,3,9,193
normal_0194_EDD.jpg,normal,1,9,194
normal_0195_EDD.jpg,normal,2,9,195
normal_0196_EDD.jpg,normal,1,9,196
normal_0197_EDD.jpg,normal,1,9,197
normal_0198_EDD.jpg,normal,1,9,198
normal_0199_EDD.jpg,normal,2,9,199
normal_0200_EDD.jpg,normal,1,9,200
normal_0201_EDD.jpg,normal,2,9,201
normal_0202_EDD.jpg,normal,2,9,202
normal_0203_EDD.jpg,normal,1,9,203
normal_0204_EDD.jpg,normal,3,9,204
normal_0205_EDD.jpg,normal,3,9,205
normal_0206_EDD.jpg,normal,1,9,206
normal_0207_EDD.jpg,normal,1,9,207
normal_0208_EDD.jpg,normal,2,9,208
normal_0209_EDD.jpg,normal,2,9,209
normal_0210_EDD.jpg,normal,1,9,210
normal_0211_EDD.jpg,normal,1,9,211
normal_0212_EDD.jpg,normal,1,9,212
normal_0213_EDD.jpg,normal,1,9,213
normal_0214_EDD.jpg,normal,1,9,214
normal_0215_EDD.jpg,normal,3,9,215
normal_0216_EDD.jpg,normal,2,9,216
normal_0217_EDD.jpg,normal,2,9,217
normal_0218_EDD.jpg,normal,3,9,218
normal_0219_EDD.jpg,normal,1,9,219
normal_0220_EDD.jpg,normal,2,9,220
normal_0221_EDD.jpg,normal,3,9,221
normal_0222_EDD.jpg,normal,2,9,222
normal_0223_EDD.jpg,normal,1,9,223
normal_0224_EDD.jpg,normal,1,9,224
normal_0225_EDD.jpg,normal,1,9,225
normal_0226_EDD.jpg,normal,3,9,226
normal_0227_EDD.jpg,normal,1,9,227
normal_0228_EDD.jpg,normal,2,9,228
normal_0229_EDD.jpg,normal,2,9,229
normal_0230_EDD.jpg,normal,1,9,230
normal_0231_EDD.jpg,normal,2,9,231
normal_0232_EDD.jpg,normal,2,9,232
normal_0233_EDD.jpg,normal,3,9,233
normal_0234_EDD.jpg,normal,4,9,234
normal_0235_EDD.jpg,normal,4,9,235
normal_0236_EDD.jpg,normal,1,9,236
normal_0237_EDD.jpg,normal,1,9,237
normal_0238_EDD.jpg,normal,1,9,238
normal_0239_EDD.jpg,normal,1,9,239
normal_0240_EDD.jpg,normal,1,9,240
normal_0241_EDD.jpg,normal,1,9,241
normal_0242_EDD.jpg,normal,1,9,242
normal_0243_EDD.jpg,normal,1,9,243
normal_0244_EDD.jpg,normal,1,9,244
normal_0245_EDD.jpg,normal,2,9,245
normal_0246_EDD.jpg,normal,4,9,246
normal_0247_EDD.jpg,normal,4,9,247
normal_0248_EDD.jpg,normal,3,9,248
normal_0249_EDD.jpg,normal,1,9,249
normal_0250_EDD.jpg,normal,2,9,250
normal_0251_EDD.jpg,normal,3,9,251
normal_0252_EDD.jpg,normal,1,9,252
normal_0253_EDD.jpg,normal,2,9,253
normal_0254_EDD.jpg,normal,1,9,254
normal_0255_EDD.jpg,normal,1,9,255
normal_0256_EDD.jpg,normal,2,9,256
normal_0257_EDD.jpg,normal,1,9,257
normal_0258_EDD.jpg,normal,2,0,258
normal_0259_EDD.jpg,normal,1,9,259
normal_0260_EDD.jpg,normal,4,9,260
normal_0261_EDD.jpg,normal,1,9,261
normal_0262_EDD.jpg,normal,1,0,262
normal_0263_EDD.jpg,normal,2,9,263
normal_0264_EDD.jpg,normal,1,9,264
normal_0265_EDD.jpg,normal,2,9,265
normal_0266_EDD.jpg,normal,1,9,266
normal_0267_EDD.jpg,normal,3,9,267
normal_0268_EDD.jpg,normal,2,9,268
normal_0269_EDD.jpg,normal,1,0,269
normal_0270_EDD.jpg,normal,1,9,270
normal_0271_EDD.jpg,normal,3,9,271
normal_0272_EDD.jpg,normal,3,9,272
normal_0273_EDD.jpg,normal,1,9,273
normal_0274_EDD.jpg,normal,1,0,274
normal_0275_EDD.jpg,normal,1,9,275
normal_0276_EDD.jpg,normal,1,9,276
normal_0277_EDD.jpg,normal,1,9,277
normal_0278_EDD.jpg,normal,3,9,278
normal_0279_EDD.jpg,normal,1,9,279
normal_0280_EDD.jpg,normal,1,9,280
normal_0281_EDD.jpg,normal,1,9,281
normal_0282_EDD.jpg,normal,1,9,282
normal_0283_EDD.jpg,normal,1,9,283
normal_0284_EDD.jpg,normal,2,9,284
normal_0285_EDD.jpg,normal,2,9,285
normal_0286_EDD.jpg,normal,4,9,286
normal_0287_EDD.jpg,normal,1,9,287
normal_0288_EDD.jpg,normal,1,9,288
normal_0289_EDD.jpg,normal,2,9,289
normal_0290_EDD.jpg,normal,3,9,290
normal_0291_EDD.jpg,normal,2,9,291
normal_0292_EDD.jpg,normal,1,9,292
normal_0293_EDD.jpg,normal,1,9,293
normal_0294_EDD.jpg,normal,2,9,294
normal_0295_EDD.jpg,normal,2,9,295
normal_0296_EDD.jpg,normal,2,9,296
normal_0297_EDD.jpg,normal,1,9,297
normal_0298_EDD.jpg,normal,2,9,298
normal_0299_EDD.jpg,normal,3,9,299
normal_0300_EDD.jpg,normal,3,9,300
normal_0301_EDD.jpg,normal,1,9,301
normal_0302_EDD.jpg,normal,1,9,302
normal_0303_EDD.jpg,normal,2,9,303
normal_0304_EDD.jpg,normal,3,9,304
normal_0305_EDD.jpg,normal,1,9,305
normal_0306_EDD.jpg,normal,2,9,306
normal_0307_EDD.jpg,normal,3,9,307
normal_0308_EDD.jpg,normal,3,9,308
normal_0309_EDD.jpg,normal,1,9,309
normal_0310_EDD.jpg,normal,2,9,310
normal_0311_EDD.jpg,normal,3,9,311
normal_0312_EDD.jpg,normal,2,9,312
normal_0313_EDD.jpg,normal,1,9,313
normal_0314_EDD.jpg,normal,2,9,314
normal_0315_EDD.jpg,normal,2,9,315
normal_0316_EDD.jpg,normal,1,9,316
normal_0317_EDD.jpg,normal,1,9,317
normal_0318_EDD.jpg,normal,2,9,318
normal_0319_EDD.jpg,normal,2,9,319
normal_0320_EDD.jpg,normal,3,9,320
normal_0321_EDD.jpg,normal,3,9,321
normal_0322_EDD.jpg,normal,3,9,322
normal_0323_EDD.jpg,normal,3,9,323
normal_0324_EDD.jpg,normal,3,9,324
normal_0325_EDD.jpg,normal,3,9,325
normal_0326_EDD.jpg,normal,2,9,326
normal_0327_EDD.jpg,normal,2,9,327
normal_0328_EDD.jpg,normal,1,9,328
normal_0329_EDD.jpg,normal,2,9,329
normal_0330_EDD.jpg,normal,1,0,330
normal_0331_EDD.jpg,normal,1,9,331
normal_0332_EDD.jpg,normal,1,9,332
normal_0333_EDD.jpg,normal,2,9,333
normal_0334_EDD.jpg,normal,1,9,334
normal_0335_EDD.jpg,normal,3,9,335
normal_0336_EDD.jpg,normal,2,9,336
normal_0337_EDD.jpg,normal,1,9,337
normal_0338_EDD.jpg,normal,1,9,338
normal_0339_EDD.jpg,normal,2,9,339
normal_0340_EDD.jpg,normal,1,9,340
normal_0341_EDD.jpg,normal,2,9,341
normal_0342_EDD.jpg,normal,1,9,342
normal_0343_EDD.jpg,normal,2,9,343
normal_0344_EDD.jpg,normal,1,9,344
normal_0345_EDD.jpg,normal,1,9,345
normal_0346_EDD.jpg,normal,1,9,346
normal_0347_EDD.jpg,normal,3,9,347
normal_0348_EDD.jpg,normal,2,9,348
normal_0349_EDD.jpg,normal,3,9,349
normal_0350_EDD.jpg,normal,3,9,350
normal_0351_EDD.jpg,normal,1,9,351
normal_0352_EDD.jpg,normal,1,9,352
normal_0353_EDD.jpg,normal,1,9,353
normal_0354_EDD.jpg,normal,1,9,354
normal_0355_EDD.jpg,normal,2,9,355
normal_0356_EDD.jpg,normal,1,9,356
normal_0357_EDD.jpg,normal,2,9,357
normal_0358_EDD.jpg,normal,2,9,358
normal_0359_EDD.jpg,normal,3,9,359
normal_0360_EDD.jpg,normal,1,9,360
normal_0361_EDD.jpg,normal,2,9,361
normal_0362_EDD.jpg,normal,2,9,362
normal_0363_EDD.jpg,normal,1,9,363
normal_0364_EDD.jpg,normal,1,9,364
normal_0365_EDD.jpg,normal,1,9,365
normal_0366_EDD.jpg,normal,1,9,366
normal_0367_EDD.jpg,normal,1,9,367
normal_0368_EDD.jpg,normal,1,9,368
normal_0369_EDD.jpg,normal,2,9,369
normal_0370_EDD.jpg,normal,2,0,370
normal_0371_EDD.jpg,normal,4,9,371
normal_0372_EDD.jpg,normal,3,9,372
normal_0373_EDD.jpg,normal,2,9,373
normal_0374_EDD.jpg,normal,1,9,374
normal_0375_EDD.jpg,normal,1,9,375
normal_0376_EDD.jpg,normal,1,9,376
normal_0377_EDD.jpg,normal,1,9,377
normal_0378_EDD.jpg,normal,2,9,378
normal_0379_EDD.jpg,normal,1,9,379
normal_0380_EDD.jpg,normal,2,9,380
normal_0381_EDD.jpg,normal,1,9,381
normal_0382_EDD.jpg,normal,3,9,382
normal_0383_EDD.jpg,normal,3,9,383
normal_0384_EDD.jpg,normal,2,9,384
normal_0385_EDD.jpg,normal,2,9,385
normal_0386_EDD.jpg,normal,2,9,386
normal_0387_EDD.jpg,normal,3,9,387
normal_0388_EDD.jpg,normal,1,9,388
normal_0389_EDD.jpg,normal,1,9,389
normal_0390_EDD.jpg,normal,1,9,390
normal_0391_EDD.jpg,normal,1,9,391
normal_0392_EDD.jpg,normal,2,9,392
normal_0393_EDD.jpg,normal,2,9,393
normal_0394_EDD.jpg,normal,3,9,394
normal_0395_EDD.jpg,normal,2,9,395
normal_0396_EDD.jpg,normal,2,9,396
normal_0397_EDD.jpg,normal,2,9,397
normal_0398_EDD.jpg,normal,3,0,398
normal_0399_EDD.jpg,normal,1,9,399
normal_0400_EDD.jpg,normal,2,0,400
normal_0401_EDD.jpg,normal,1,9,401
normal_0402_EDD.jpg,normal,3,9,402
normal_0403_EDD.jpg,normal,4,9,403
normal_0404_EDD.jpg,normal,1,0,404
normal_0405_EDD.jpg,normal,1,9,405
normal_0406_EDD.jpg,normal,1,9,406
normal_0407_EDD.jpg,normal,3,9,407
normal_0408_EDD.jpg,normal,1,9,408
normal_0409_EDD.jpg,normal,2,9,409
normal_0410_EDD.jpg,normal,1,9,410
normal_0411_EDD.jpg,normal,1,9,411
normal_0412_EDD.jpg,normal,1,9,412
normal_0413_EDD.jpg,normal,1,9,413
normal_0414_EDD.jpg,normal,1,9,414
normal_0415_EDD.jpg,normal,1,9,415
normal_0416_EDD.jpg,normal,1,9,416
normal_0417_EDD.jpg,normal,1,9,417
normal_0418_EDD.jpg,normal,1,9,418
normal_0419_EDD.jpg,normal,1,9,419
normal_0420_EDD.jpg,normal,2,0,420
normal_0421_EDD.jpg,normal,2,9,421
normal_0422_EDD.jpg,normal,1,9,422
normal_0423_EDD.jpg,normal,1,9,423
normal_0424_EDD.jpg,normal,1,9,424
normal_0425_EDD.jpg,normal,1,9,425
normal_0426_EDD.jpg,normal,1,9,426
normal_0427_EDD.jpg,normal,1,9,427
normal_0428_EDD.jpg,normal,1,9,428
normal_0429_EDD.jpg,normal,1,9,429
normal_0430_EDD.jpg,normal,1,9,430
normal_0431_EDD.jpg,normal,1,9,431
normal_0432_EDD.jpg,normal,1,9,432
normal_0433_EDD.jpg,normal,2,9,433
normal_0434_EDD.jpg,normal,1,0,434
normal_0435_EDD.jpg,normal,2,9,435
normal_0436_EDD.jpg,normal,1,9,436
normal_0437_EDD.jpg,normal,3,9,437
normal_0438_EDD.jpg,normal,3,9,438
normal_0439_EDD.jpg,normal,3,9,439
normal_0440_EDD.jpg,normal,1,9,440
normal_0441_EDD.jpg,normal,3,9,441
normal_0442_EDD.jpg,normal,3,9,442
normal_0443_EDD.jpg,normal,2,9,443
normal_0444_EDD.jpg,normal,2,9,444
normal_0445_EDD.jpg,normal,1,9,445
normal_0446_EDD.jpg,normal,2,9,446
normal_0447_EDD.jpg,normal,1,9,447
normal_0448_EDD.jpg,normal,2,9,448
normal_0449_EDD.jpg,normal,1,9,449
normal_0450_EDD.jpg,normal,1,9,450
normal_0451_EDD.jpg,normal,1,9,451
normal_0452_EDD.jpg,normal,2,9,452
normal_0453_EDD.jpg,normal,1,9,453
normal_0454_EDD.jpg,normal,3,9,454
normal_0455_EDD.jpg,normal,2,9,455
normal_0456_EDD.jpg,normal,1,9,456
normal_0457_EDD.jpg,normal,1,9,457
normal_0458_EDD.jpg,normal,1,9,458
normal_0459_EDD.jpg,normal,1,9,459
normal_0460_EDD.jpg,normal,3,9,460
normal_0461_EDD.jpg,normal,4,9,461
normal_0462_EDD.jpg,normal,3,9,462
normal_0463_EDD.jpg,normal,3,9,463
normal_0464_EDD.jpg,normal,3,9,464
normal_0465_EDD.jpg,normal,1,9,465
normal_0466_EDD.jpg,normal,2,9,466
normal_0467_EDD.jpg,normal,4,9,467
normal_0468_EDD.jpg,normal,1,9,468
normal_0469_EDD.jpg,normal,2,9,469
normal_0470_EDD.jpg,normal,1,9,470
normal_0471_EDD.jpg,normal,3,9,471
normal_0472_EDD.jpg,normal,1,9,472
normal_0473_EDD.jpg,normal,2,9,473
normal_0474_EDD.jpg,normal,1,9,474
normal_0475_EDD.jpg,normal,1,9,475
normal_0476_EDD.jpg,normal,1,9,476
normal_0477_EDD.jpg,normal,1,9,477
normal_0478_EDD.jpg,normal,2,9,478
normal_0479_EDD.jpg,normal,2,9,479
normal_0480_EDD.jpg,normal,3,9,480
normal_0481_EDD.jpg,normal,4,9,481
normal_0482_EDD.jpg,normal,2,9,482
normal_0483_EDD.jpg,normal,3,9,483
normal_0484_EDD.jpg,normal,3,9,484
normal_0485_EDD.jpg,normal,1,9,485
normal_0486_EDD.jpg,normal,3,9,486
normal_0487_EDD.jpg,normal,1,9,487
normal_0488_EDD.jpg,normal,1,9,488
normal_0489_EDD.jpg,normal,2,9,489
normal_0490_EDD.jpg,normal,3,9,490
normal_0491_EDD.jpg,normal,1,9,491
normal_0492_EDD.jpg,normal,2,9,492
normal_0493_EDD.jpg,normal,1,9,493
normal_0494_EDD.jpg,normal,1,9,494
normal_0495_EDD.jpg,normal,2,9,495
normal_0496_EDD.jpg,normal,2,9,496
normal_0497_EDD.jpg,normal,1,9,497
normal_0498_EDD.jpg,normal,2,9,498
normal_0499_EDD.jpg,normal,1,9,499
normal_0500_EDD.jpg,normal,1,9,500
normal_0501_EDD.jpg,normal,1,9,501
normal_0502_EDD.jpg,normal,1,0,502
normal_0503_EDD.jpg,normal,2,9,503
normal_0504_EDD.jpg,normal,1,9,504
normal_0505_EDD.jpg,normal,1,9,505
normal_0506_EDD.jpg,normal,1,9,506
normal_0507_EDD.jpg,normal,2,9,507
normal_0508_EDD.jpg,normal,1,9,508
normal_0509_EDD.jpg,normal,1,9,509
normal_0510_EDD.jpg,normal,2,9,510
normal_0511_EDD.jpg,normal,3,9,511
normal_0512_EDD.jpg,normal,1,9,512
normal_0513_EDD.jpg,normal,2,9,513
normal_0514_EDD.jpg,normal,3,9,514
normal_0515_EDD.jpg,normal,1,9,515
normal_0516_EDD.jpg,normal,1,9,516
normal_0517_EDD.jpg,normal,2,9,517
normal_0518_EDD.jpg,normal,2,9,518
normal_0519_EDD.jpg,normal,2,9,519
normal_0520_EDD.jpg,normal,1,9,520
normal_0521_EDD.jpg,normal,2,9,521
normal_0522_EDD.jpg,normal,1,9,522
normal_0523_EDD.jpg,normal,3,9,523
normal_0524_EDD.jpg,normal,1,9,524
normal_0525_EDD.jpg,normal,3,9,525
normal_0526_EDD.jpg,normal,1,9,526
normal_0527_EDD.jpg,normal,1,9,527
normal_0528_EDD.jpg,normal,1,9,528
normal_0529_EDD.jpg,normal,1,9,529
normal_0530_EDD.jpg,normal,1,9,530
normal_0531_EDD.jpg,normal,3,9,531
normal_0532_EDD.jpg,normal,2,9,532
normal_0533_EDD.jpg,normal,1,9,533
normal_0534_EDD.jpg,normal,1,9,534
normal_0535_EDD.jpg,normal,1,9,535
normal_0536_EDD.jpg,normal,1,9,536
normal_0537_EDD.jpg,normal,1,9,537
normal_0538_EDD.jpg,normal,1,9,538
normal_0539_EDD.jpg,normal,1,9,539
normal_0540_EDD.jpg,normal,1,9,540
normal_0541_EDD.jpg,normal,1,9,541
normal_0542_EDD.jpg,normal,1,9,542
normal_0543_EDD.jpg,normal,1,9,543
normal_0544_EDD.jpg,normal,1,9,544
normal_0545_EDD.jpg,normal,1,9,545
normal_0546_EDD.jpg,normal,2,9,546
normal_0547_EDD.jpg,normal,1,9,547
normal_0548_EDD.jpg,normal,1,9,548
normal_0549_EDD.jpg,normal,1,9,549
normal_0550_EDD.jpg,normal,2,9,550
normal_0551_EDD.jpg,normal,1,9,551
normal_0552_EDD.jpg,normal,3,9,552
normal_0553_EDD.jpg,normal,1,9,553
normal_0554_EDD.jpg,normal,1,9,554
normal_0555_EDD.jpg,normal,1,9,555
normal_0556_EDD.jpg,normal,3,9,556
normal_0557_EDD.jpg,normal,2,9,557
normal_0558_EDD.jpg,normal,1,9,558
normal_0559_EDD.jpg,normal,2,9,559
normal_0560_EDD.jpg,normal,1,9,560
normal_0561_EDD.jpg,normal,1,9,561
normal_0562_EDD.jpg,normal,3,9,562
normal_0563_EDD.jpg,normal,1,9,563
normal_0564_EDD.jpg,normal,3,9,564
normal_0565_EDD.jpg,normal,1,9,565
normal_0566_EDD.jpg,normal,1,9,566
normal_0567_EDD.jpg,normal,1,9,567
normal_0568_EDD.jpg,normal,2,9,568
normal_0569_EDD.jpg,normal,3,9,569
normal_0570_EDD.jpg,normal,1,9,570
normal_0571_EDD.jpg,normal,2,9,571
normal_0572_EDD.jpg,normal,1,9,572
normal_0573_EDD.jpg,normal,3,9,573
normal_0574_EDD.jpg,normal,1,9,574
normal_0575_EDD.jpg,normal,2,9,575
normal_0576_EDD.jpg,normal,3,9,576
normal_0577_EDD.jpg,normal,1,9,577
normal_0578_EDD.jpg,normal,1,9,578
normal_0579_EDD.jpg,normal,3,9,579
normal_0580_EDD.jpg,normal,1,9,580
normal_0581_EDD.jpg,normal,3,0,581
normal_0582_EDD.jpg,normal,3,9,582
normal_0583_EDD.jpg,normal,1,9,583
normal_0584_EDD.jpg,normal,2,9,584
normal_0585_EDD.jpg,normal,1,9,585
normal_0586_EDD.jpg,normal,3,9,586
normal_0587_EDD.jpg,normal,4,9,587
normal_0588_EDD.jpg,normal,1,9,588
normal_0589_EDD.jpg,normal,1,9,589
normal_0590_EDD.jpg,normal,1,9,590
normal_0591_EDD.jpg,normal,2,9,591
normal_0592_EDD.jpg,normal,1,9,592
normal_0593_EDD.jpg,normal,3,9,593
normal_0594_EDD.jpg,normal,1,9,594
normal_0595_EDD.jpg,normal,2,9,595
normal_0596_EDD.jpg,normal,2,9,596
normal_0597_EDD.jpg,normal,2,9,597
normal_0598_EDD.jpg,normal,2,9,598
normal_0599_EDD.jpg,normal,2,9,599
normal_0600_EDD.jpg,normal,1,9,600
normal_0601_EDD.jpg,normal,2,9,601
normal_0602_EDD.jpg,normal,1,9,602
normal_0603_EDD.jpg,normal,2,9,603
normal_0604_EDD.jpg,normal,3,9,604
normal_0605_EDD.jpg,normal,1,9,605
normal_0606_EDD.jpg,normal,1,9,606
normal_0607_EDD.jpg,normal,1,0,607
normal_0608_EDD.jpg,normal,1,9,608
normal_0609_EDD.jpg,normal,1,9,609
normal_0610_EDD.jpg,normal,4,9,610
normal_0611_EDD.jpg,normal,3,9,611
normal_0612_EDD.jpg,normal,1,9,612
normal_0613_EDD.jpg,normal,2,9,613
normal_0614_EDD.jpg,normal,1,9,614
normal_0615_EDD.jpg,normal,3,9,615
normal_0616_EDD.jpg,normal,2,9,616
normal_0617_EDD.jpg,normal,2,9,617
normal_0618_EDD.jpg,normal,3,9,618
normal_0619_EDD.jpg,normal,1,9,619
normal_0620_EDD.jpg,normal,3,9,620
normal_0621_EDD.jpg,normal,1,9,621
normal_0622_EDD.jpg,normal,2,0,622
normal_0623_EDD.jpg,normal,1,9,623
normal_0624_EDD.jpg,normal,2,9,624
normal_0625_EDD.jpg,normal,1,9,625
normal_0626_EDD.jpg,normal,3,9,626
normal_0627_EDD.jpg,normal,2,9,627
normal_0628_EDD.jpg,normal,2,9,628
normal_0629_EDD.jpg,normal,3,9,629
normal_0630_EDD.jpg,normal,1,9,630
normal_0631_EDD.jpg,normal,1,9,631
normal_0632_EDD.jpg,normal,1,9,632
normal_0633_EDD.jpg,normal,1,9,633
normal_0634_EDD.jpg,normal,1,9,634
normal_0635_EDD.jpg,normal,3,9,635
normal_0636_EDD.jpg,normal,1,9,636
normal_0637_EDD.jpg,normal,1,9,637
normal_0638_EDD.jpg,normal,1,9,638
normal_0639_EDD.jpg,normal,3,9,639
normal_0640_EDD.jpg,normal,1,9,640
normal_0641_EDD.jpg,normal,1,9,641
normal_0642_EDD.jpg,normal,3,9,642
normal_0643_EDD.jpg,normal,1,9,643
normal_0644_EDD.jpg,normal,1,9,644
normal_0645_EDD.jpg,normal,2,9,645
normal_0646_EDD.jpg,normal,1,9,646
normal_0647_EDD.jpg,normal,2,9,647
normal_0648_EDD.jpg,normal,2,9,648
normal_0649_EDD.jpg,normal,1,9,649
normal_0650_EDD.jpg,normal,1,9,650
normal_0651_EDD.jpg,normal,2,9,651
normal_0652_EDD.jpg,normal,2,9,652
normal_0653_EDD.jpg,normal,1,9,653
normal_0654_EDD.jpg,normal,1,9,654
normal_0655_EDD.jpg,normal,1,9,655
normal_0656_EDD.jpg,normal,1,0,656
normal_0657_EDD.jpg,normal,3,9,657
normal_0658_EDD.jpg,normal,2,9,658
normal_0659_EDD.jpg,normal,1,9,659
normal_0660_EDD.jpg,normal,2,9,660
normal_0661_EDD.jpg,normal,3,0,661
normal_0662_EDD.jpg,normal,2,0,662
normal_0663_EDD.jpg,normal,1,9,663
normal_0664_EDD.jpg,normal,1,0,664
normal_0665_EDD.jpg,normal,1,0,665
normal_0666_EDD.jpg,normal,1,0,666
normal_0667_EDD.jpg,normal,1,0,667
normal_0668_EDD.jpg,normal,1,9,668
normal_0669_EDD.jpg,normal,1,9,669
normal_0670_EDD.jpg,normal,1,9,670
normal_0671_EDD.jpg,normal,1,9,671
normal_0672_EDD.jpg,normal,1,9,672
normal_0673_EDD.jpg,normal,1,9,673
normal_0674_EDD.jpg,normal,3,9,674
normal_0675_EDD.jpg,normal,1,9,675
normal_0676_EDD.jpg,normal,3,9,676
normal_0677_EDD.jpg,normal,1,9,677
normal_0678_EDD.jpg,normal,1,9,678
normal_0679_EDD.jpg,normal,3,9,679
normal_0680_EDD.jpg,normal,3,9,680
normal_0681_EDD.jpg,normal,4,9,681
normal_0682_EDD.jpg,normal,2,9,682
normal_0683_EDD.jpg,normal,1,9,683
normal_0684_EDD.jpg,normal,3,0,684
normal_0685_EDD.jpg,normal,3,0,685
normal_0686_EDD.jpg,normal,1,9,686
normal_0687_EDD.jpg,normal,2,9,687
normal_0688_EDD.jpg,normal,1,0,688
normal_0689_EDD.jpg,normal,1,9,689
normal_0690_EDD.jpg,normal,1,9,690
normal_0691_EDD.jpg,normal,2,9,691
normal_0692_EDD.jpg,normal,1,9,692
normal_0693_EDD.jpg,normal,2,9,693
normal_0694_EDD.jpg,normal,2,0,694
normal_0695_EDD.jpg,normal,2,9,695
normal_0696_EDD.jpg,normal,1,9,696
normal_0697_EDD.jpg,normal,1,9,697
normal_0698_EDD.jpg,normal,1,9,698
normal_0699_EDD.jpg,normal,2,9,699
normal_0700_EDD.jpg,normal,1,9,700
normal_0701_EDD.jpg,normal,1,9,701
normal_0702_EDD.jpg,normal,1,9,702
normal_0703_EDD.jpg,normal,1,9,703
normal_0704_EDD.jpg,normal,2,9,704
normal_0705_EDD.jpg,normal,1,9,705
normal_0706_EDD.jpg,normal,1,9,706
normal_0707_EDD.jpg,normal,1,9,707
normal_0708_EDD.jpg,normal,1,9,708
normal_0709_EDD.jpg,normal,4,9,709
normal_0710_EDD.jpg,normal,1,9,710
normal_0711_EDD.jpg,normal,1,9,711
normal_0712_EDD.jpg,normal,2,9,712
normal_0713_EDD.jpg,normal,4,0,713
normal_0714_EDD.jpg,normal,1,9,714
normal_0715_EDD.jpg,normal,2,9,715
normal_0716_EDD.jpg,normal,2,9,716
normal_0717_EDD.jpg,normal,2,9,717
normal_0718_EDD.jpg,normal,1,9,718
normal_0719_EDD.jpg,normal,4,9,719
normal_0720_EDD.jpg,normal,3,9,720
normal_0721_EDD.jpg,normal,1,9,721
normal_0722_EDD.jpg,normal,1,9,722
normal_0723_EDD.jpg,normal,1,0,723
normal_0724_EDD.jpg,normal,1,9,724
normal_0725_EDD.jpg,normal,1,9,725
normal_0726_EDD.jpg,normal,2,9,726
normal_0727_EDD.jpg,normal,1,9,727
normal_0728_EDD.jpg,normal,1,9,728
normal_0729_EDD.jpg,normal,1,9,729
normal_0730_EDD.jpg,normal,2,9,730
normal_0731_EDD.jpg,normal,4,0,731
normal_0732_EDD.jpg,normal,3,9,732
normal_0733_EDD.jpg,normal,3,9,733
normal_0734_EDD.jpg,normal,3,9,734
normal_0735_EDD.jpg,normal,4,9,735
normal_0736_EDD.jpg,normal,3,9,736
normal_0737_EDD.jpg,normal,1,9,737
normal_0738_EDD.jpg,normal,1,9,738
normal_0739_EDD.jpg,normal,3,9,739
normal_0740_EDD.jpg,normal,1,0,740
normal_0741_EDD.jpg,normal,2,9,741
normal_0742_EDD.jpg,normal,1,9,742
normal_0743_EDD.jpg,normal,1,9,743
normal_0744_EDD.jpg,normal,2,9,744
normal_0745_EDD.jpg,normal,1,0,745
normal_0746_EDD.jpg,normal,2,9,746
normal_0747_EDD.jpg,normal,1,9,747
normal_0748_EDD.jpg,normal,1,9,748
normal_0749_EDD.jpg,normal,1,9,749
normal_0750_EDD.jpg,normal,2,9,750
normal_0751_EDD.jpg,normal,1,9,751
normal_0752_EDD.jpg,normal,1,9,752
normal_0753_EDD.jpg,normal,2,9,753
normal_0754_EDD.jpg,normal,3,9,754
normal_0755_EDD.jpg,normal,1,0,755
normal_0756_EDD.jpg,normal,3,9,756
normal_0757_EDD.jpg,normal,2,9,757
normal_0758_EDD.jpg,normal,3,9,758
normal_0759_EDD.jpg,normal,3,9,759
normal_0760_EDD.jpg,normal,2,0,760
normal_0761_EDD.jpg,normal,3,9,761
normal_0762_EDD.jpg,normal,3,9,762
normal_0763_EDD.jpg,normal,3,9,763
normal_0764_EDD.jpg,normal,3,9,764
normal_0765_EDD.jpg,normal,1,9,765
normal_0766_EDD.jpg,normal,1,9,766
normal_0767_EDD.jpg,normal,1,9,767
normal_0768_EDD.jpg,normal,3,9,768
normal_0769_EDD.jpg,normal,2,9,769
normal_0770_EDD.jpg,normal,1,9,770
normal_0771_EDD.jpg,normal,1,0,771
normal_0772_EDD.jpg,normal,3,9,772
normal_0773_EDD.jpg,normal,3,9,773
normal_0774_EDD.jpg,normal,3,9,774
normal_0775_EDD.jpg,normal,1,9,775
normal_0776_EDD.jpg,normal,2,9,776
normal_0777_EDD.jpg,normal,1,0,777
normal_0778_EDD.jpg,normal,2,9,778
normal_0779_EDD.jpg,normal,3,9,779
normal_0780_EDD.jpg,normal,1,9,780
normal_0781_EDD.jpg,normal,3,9,781
normal_0782_EDD.jpg,normal,2,9,782
normal_0783_EDD.jpg,normal,1,9,783
normal_0784_EDD.jpg,normal,1,9,784
normal_0785_EDD.jpg,normal,2,9,785
normal_0786_EDD.jpg,normal,2,9,786
normal_0787_EDD.jpg,normal,1,9,787
normal_0788_EDD.jpg,normal,1,9,788
normal_0789_EDD.jpg,normal,1,9,789
normal_0790_EDD.jpg,normal,3,9,790
normal_0791_EDD.jpg,normal,4,9,791
normal_0792_EDD.jpg,normal,2,9,792
normal_0793_EDD.jpg,normal,1,9,793
normal_0794_EDD.jpg,normal,2,9,794
normal_0795_EDD.jpg,normal,2,9,795
normal_0796_EDD.jpg,normal,3,9,796
normal_0797_EDD.jpg,normal,3,9,797
normal_0798_EDD.jpg,normal,3,9,798
normal_0799_EDD.jpg,normal,3,0,799
normal_0800_EDD.jpg,normal,3,9,800
normal_0801_EDD.jpg,normal,2,9,801
normal_0802_EDD.jpg,normal,3,9,802
normal_0803_EDD.jpg,normal,1,9,803
normal_0804_EDD.jpg,normal,1,9,804
normal_0805_EDD.jpg,normal,3,9,805
normal_0806_EDD.jpg,normal,3,9,806
normal_0807_EDD.jpg,normal,1,9,807
normal_0808_EDD.jpg,normal,1,9,808
normal_0809_EDD.jpg,normal,2,9,809
normal_0810_EDD.jpg,normal,2,9,810
normal_0811_EDD.jpg,normal,3,9,811
normal_0812_EDD.jpg,normal,3,9,812
normal_0813_EDD.jpg,normal,3,9,813
normal_0814_EDD.jpg,normal,1,9,814
normal_0815_EDD.jpg,normal,2,9,815
normal_0816_EDD.jpg,normal,1,9,816
normal_0817_EDD.jpg,normal,1,9,817
normal_0818_EDD.jpg,normal,3,9,818
normal_0819_EDD.jpg,normal,2,9,819
normal_0820_EDD.jpg,normal,1,9,820
normal_0821_EDD.jpg,normal,3,9,821
normal_0822_EDD.jpg,normal,3,9,822
normal_0823_EDD.jpg,normal,1,9,823
normal_0824_EDD.jpg,normal,1,9,824
normal_0825_EDD.jpg,normal,1,9,825
normal_0826_EDD.jpg,normal,2,9,826
normal_0827_EDD.jpg,normal,1,9,827
normal_0828_EDD.jpg,normal,2,9,828
normal_0829_EDD.jpg,normal,1,9,829
normal_0830_EDD.jpg,normal,1,9,830
normal_0831_EDD.jpg,normal,1,9,831
normal_0832_EDD.jpg,normal,1,9,832
normal_0833_EDD.jpg,normal,1,9,833
normal_0834_EDD.jpg,normal,2,9,834
normal_0835_EDD.jpg,normal,1,9,835
normal_0836_EDD.jpg,normal,1,9,836
normal_0837_EDD.jpg,normal,1,9,837
normal_0838_EDD.jpg,normal,2,9,838
normal_0839_EDD.jpg,normal,1,9,839
normal_0840_EDD.jpg,normal,2,9,840
normal_0841_EDD.jpg,normal,3,9,841
normal_0842_EDD.jpg,normal,4,9,842
normal_0843_EDD.jpg,normal,2,9,843
normal_0844_EDD.jpg,normal,2,9,844
normal_0845_EDD.jpg,normal,3,9,845
normal_0846_EDD.jpg,normal,3,9,846
normal_0847_EDD.jpg,normal,1,9,847
normal_0848_EDD.jpg,normal,3,9,848
normal_0849_EDD.jpg,normal,1,9,849
normal_0850_EDD.jpg,normal,3,9,850
normal_0851_EDD.jpg,normal,2,9,851
normal_0852_EDD.jpg,normal,3,9,852
normal_0853_EDD.jpg,normal,2,9,853
normal_0854_EDD.jpg,normal,3,9,854
normal_0855_EDD.jpg,normal,3,9,855
normal_0856_EDD.jpg,normal,1,9,856
normal_0857_EDD.jpg,normal,3,9,857
normal_0858_EDD.jpg,normal,3,9,858
normal_0859_EDD.jpg,normal,3,9,859
normal_0860_EDD.jpg,normal,2,9,860
normal_0861_EDD.jpg,normal,2,9,861
normal_0862_EDD.jpg,normal,1,9,862
normal_0863_EDD.jpg,normal,2,9,863
normal_0864_EDD.jpg,normal,3,9,864
normal_0865_EDD.jpg,normal,3,9,865
normal_0866_EDD.jpg,normal,4,9,866
normal_0867_EDD.jpg,normal,4,9,867
normal_0868_EDD.jpg,normal,3,9,868
normal_0869_EDD.jpg,normal,3,9,869
normal_0870_EDD.jpg,normal,3,9,870
normal_0871_EDD.jpg,normal,1,9,871
normal_0872_EDD.jpg,normal,3,9,872
normal_0873_EDD.jpg,normal,2,9,873
normal_0874_EDD.jpg,normal,3,9,874
normal_0875_EDD.jpg,normal,3,9,875
normal_0876_EDD.jpg,normal,3,9,876
normal_0877_EDD.jpg,normal,3,9,877
normal_0878_EDD.jpg,normal,3,9,878
normal_0879_EDD.jpg,normal,1,9,879
normal_0880_EDD.jpg,normal,3,9,880
normal_0881_EDD.jpg,normal,2,9,881
normal_0882_EDD.jpg,normal,2,9,882
normal_0883_EDD.jpg,normal,1,9,883
normal_0884_EDD.jpg,normal,1,9,884
normal_0885_EDD.jpg,normal,1,9,885
normal_0886_EDD.jpg,normal,1,9,886
normal_0887_EDD.jpg,normal,3,9,887
normal_0888_EDD.jpg,normal,1,9,888
normal_0889_EDD.jpg,normal,1,9,889
normal_0890_EDD.jpg,normal,1,9,890
normal_0891_EDD.jpg,normal,2,9,891
normal_0892_EDD.jpg,normal,1,9,892
normal_0893_EDD.jpg,normal,2,9,893
normal_0894_EDD.jpg,normal,1,9,894
normal_0895_EDD.jpg,normal,2,9,895
normal_0896_EDD.jpg,normal,2,9,896
normal_0897_EDD.jpg,normal,2,9,897
normal_0898_EDD.jpg,normal,1,9,898
normal_0899_EDD.jpg,normal,3,9,899
normal_0900_EDD.jpg,normal,2,9,900
normal_0901_EDD.jpg,normal,1,9,901
normal_0902_EDD.jpg,normal,1,9,902
normal_0903_EDD.jpg,normal,2,9,903
normal_0904_EDD.jpg,normal,1,9,904
normal_0905_EDD.jpg,normal,3,9,905
normal_0906_EDD.jpg,normal,3,9,906
normal_0907_EDD.jpg,normal,1,9,907
normal_0908_EDD.jpg,normal,3,9,908
normal_0909_EDD.jpg,normal,3,9,909
normal_0910_EDD.jpg,normal,3,9,910
normal_0911_EDD.jpg,normal,2,9,911
normal_0912_EDD.jpg,normal,2,9,912
normal_0913_EDD.jpg,normal,1,9,913
normal_0914_EDD.jpg,normal,1,9,914
normal_0915_EDD.jpg,normal,2,9,915
normal_0916_EDD.jpg,normal,3,9,916
normal_0917_EDD.jpg,normal,2,9,917
normal_0918_EDD.jpg,normal,3,9,918
normal_0919_EDD.jpg,normal,2,9,919
normal_0920_EDD.jpg,normal,3,9,920
normal_0921_EDD.jpg,normal,2,9,921
normal_0922_EDD.jpg,normal,1,9,922
normal_0923_EDD.jpg,normal,2,9,923
normal_0924_EDD.jpg,normal,3,9,924
normal_0925_EDD.jpg,normal,1,9,925
normal_0926_EDD.jpg,normal,1,9,926
normal_0927_EDD.jpg,normal,1,9,927
normal_0928_EDD.jpg,normal,1,9,928
normal_0929_EDD.jpg,normal,3,9,929
normal_0930_EDD.jpg,normal,3,9,930
normal_0931_EDD.jpg,normal,4,9,931
normal_0932_EDD.jpg,normal,1,9,932
normal_0933_EDD.jpg,normal,1,9,933
normal_0934_EDD.jpg,normal,1,9,934
normal_0935_EDD.jpg,normal,3,9,935
normal_0936_EDD.jpg,normal,3,9,936
normal_0937_EDD.jpg,normal,2,9,937
normal_0938_EDD.jpg,normal,2,9,938
normal_0939_EDD.jpg,normal,3,9,939
normal_0940_EDD.jpg,normal,3,9,940
normal_0941_EDD.jpg,normal,3,9,941
normal_0942_EDD.jpg,normal,3,9,942
normal_0943_EDD.jpg,normal,3,9,943
normal_0944_EDD.jpg,normal,3,9,944
normal_0945_EDD.jpg,normal,3,9,945
normal_0946_EDD.jpg,normal,1,9,946
normal_0947_EDD.jpg,normal,2,9,947
normal_0948_EDD.jpg,normal,1,9,948
normal_0949_EDD.jpg,normal,1,9,949
normal_0950_EDD.jpg,normal,3,9,950
normal_0951_EDD.jpg,normal,3,9,951
normal_0952_EDD.jpg,normal,3,9,952
normal_0953_EDD.jpg,normal,3,9,953
normal_0954_EDD.jpg,normal,3,9,954
normal_0955_EDD.jpg,normal,3,9,955
normal_0956_EDD.jpg,normal,3,9,956
normal_0957_EDD.jpg,normal,2,9,957
normal_0958_EDD.jpg,normal,3,9,958
normal_0959_EDD.jpg,normal,3,9,959
normal_0960_EDD.jpg,normal,2,9,960
normal_0961_EDD.jpg,normal,2,9,961
normal_0962_EDD.jpg,normal,1,9,962
normal_0963_EDD.jpg,normal,1,9,963
normal_0964_EDD.jpg,normal,1,9,964
normal_0965_EDD.jpg,normal,2,9,965
normal_0966_EDD.jpg,normal,4,9,966
normal_0967_EDD.jpg,normal,4,9,967
normal_0968_EDD.jpg,normal,3,9,968
normal_0969_EDD.jpg,normal,3,9,969
normal_0970_EDD.jpg,normal,2,9,970
normal_0971_EDD.jpg,normal,2,9,971
normal_0972_EDD.jpg,normal,3,9,972
normal_0973_EDD.jpg,normal,1,9,973
normal_0974_EDD.jpg,normal,2,9,974
normal_0975_EDD.jpg,normal,1,9,975
normal_0976_EDD.jpg,normal,3,9,976
normal_0977_EDD.jpg,normal,3,9,977
normal_0978_EDD.jpg,normal,3,9,978
normal_0979_EDD.jpg,normal,1,9,979
normal_0980_EDD.jpg,normal,2,9,980
normal_0981_EDD.jpg,normal,3,9,981
normal_0982_EDD.jpg,normal,2,9,982
normal_0983_EDD.jpg,normal,1,9,983
normal_0984_EDD.jpg,normal,3,9,984
normal_0985_EDD.jpg,normal,2,9,985
normal_0986_EDD.jpg,normal,1,9,986
normal_0987_EDD.jpg,normal,2,9,987
normal_0988_EDD.jpg,normal,2,9,988
normal_0989_EDD.jpg,normal,1,9,989
normal_0990_EDD.jpg,normal,2,9,990
normal_0991_EDD.jpg,normal,1,0,991
normal_0992_EDD.jpg,normal,4,9,992
normal_0993_EDD.jpg,normal,1,9,993
normal_0994_EDD.jpg,normal,1,9,994
normal_0995_EDD.jpg,normal,2,9,995
normal_0996_EDD.jpg,normal,1,9,996
normal_0997_EDD.jpg,normal,2,9,997
normal_0998_EDD.jpg,normal,1,9,998
normal_0999_EDD.jpg,normal,2,9,999
normal_1000_EDD.jpg,normal,1,9,1000
normal_1001_EDD.jpg,normal,1,9,1001
normal_1002_EDD.jpg,normal,1,9,1002
normal_1003_EDD.jpg,normal,3,9,1003
normal_1004_EDD.jpg,normal,1,9,1004
normal_1005_EDD.jpg,normal,2,9,1005
normal_1006_EDD.jpg,normal,1,9,1006
normal_1007_EDD.jpg,normal,1,9,1007
normal_1008_EDD.jpg,normal,2,9,1008
normal_1009_EDD.jpg,normal,1,9,1009
normal_1010_EDD.jpg,normal,2,9,1010
normal_1011_EDD.jpg,normal,1,9,1011
normal_1012_EDD.jpg,normal,2,9,1012
normal_1013_EDD.jpg,normal,1,9,1013
normal_1014_EDD.jpg,normal,1,9,1014
normal_1015_EDD.jpg,normal,1,9,1015
normal_1016_EDD.jpg,normal,4,9,1016
normal_1017_EDD.jpg,normal,3,9,1017
normal_1018_EDD.jpg,normal,1,9,1018
normal_1019_EDD.jpg,normal,2,9,1019
normal_1020_EDD.jpg,normal,1,9,1020
normal_1021_EDD.jpg,normal,1,9,1021
normal_1022_EDD.jpg,normal,1,0,1022
normal_1023_EDD.jpg,normal,2,9,1023
normal_1024_EDD.jpg,normal,3,9,1024
normal_1025_IFD.jpg,normal,1,9,1025
normal_1026_IFD.jpg,normal,1,9,1026
normal_1027_IFD.jpg,normal,1,9,1027
normal_1028_IFD.jpg,normal,1,0,1028
normal_1029_IFD.jpg,normal,1,9,1029
normal_1030_IFD.jpg,normal,1,9,1030
normal_1031_IFD.jpg,normal,1,9,1031
normal_1032_IFD.jpg,normal,1,9,1032
normal_1033_IFD.jpg,normal,1,9,1033
normal_1034_IFD.jpg,normal,1,9,1034
normal_1035_IFD.jpg,normal,1,9,1035
normal_1036_IFD.jpg,normal,1,9,1036
normal_1037_IFD.jpg,normal,1,0,1037
normal_1038_IFD.jpg,normal,1,9,1038
normal_1039_IFD.jpg,normal,1,0,1039
normal_1040_IFD.jpg,normal,1,9,1040
normal_1041_IFD.jpg,normal,1,9,1041
normal_1042_IFD.jpg,normal,1,9,1042
normal_1043_IFD.jpg,normal,1,9,1043
normal_1044_IFD.jpg,normal,1,9,1044
normal_1045_IFD.jpg,normal,1,9,1045
normal_1046_IFD.jpg,normal,1,9,1046
normal_1047_IFD.jpg,normal,1,9,1047
normal_1048_IFD.jpg,normal,1,9,1048
normal_1049_IFD.jpg,normal,1,9,1049
normal_1050_IFD.jpg,normal,1,9,1050
normal_1051_IFD.jpg,normal,1,9,1051
normal_1052_IFD.jpg,normal,1,9,1052
normal_1053_IFD.jpg,normal,1,9,1053
normal_1054_IFD.jpg,normal,1,9,1054
normal_1055_IFD.jpg,normal,1,9,1055
normal_1056_IFD.jpg,normal,1,9,1056
normal_1057_IFD.jpg,normal,1,9,1057
normal_1058_IFD.jpg,normal,2,9,1058
normal_1059_IFD.jpg,normal,1,9,1059
normal_1060_IFD.jpg,normal,1,9,1060
normal_1061_IFD.jpg,normal,1,9,1061
normal_1062_IFD.jpg,normal,1,9,1062
normal_1063_PPE.jpg,normal,1,9,1063
normal_1064_PPE.jpg,normal,1,9,1064
normal_1065_PPE.jpg,normal,1,9,1065
normal_1066_PPE.jpg,normal,4,9,1066
normal_1067_PPE.jpg,normal,1,9,1067
normal_1068_PPE.jpg,normal,1,9,1068
normal_1069_PPE.jpg,normal,1,9,1069
normal_1070_PPE.jpg,normal,1,9,1070
normal_1071_PPE.jpg,normal,1,9,1071
normal_1072_PPE.jpg,normal,1,9,1072
normal_1073_PPE.jpg,normal,1,9,1073
normal_1074_PPE.jpg,normal,1,9,1074
normal_1075_PPE.jpg,normal,1,9,1075
normal_1076_PPE.jpg,normal,1,9,1076
normal_1077_PPE.jpg,normal,1,9,1077
normal_1078_PPE.jpg,normal,1,9,1078
normal_1079_PPE.jpg,normal,3,9,1079
normal_1080_PPE.jpg,normal,1,9,1080
normal_1081_PPE.jpg,normal,1,9,1081
normal_1082_PPE.jpg,normal,1,9,1082
normal_1083_PPE.jpg,normal,1,9,1083
normal_1084_PPE.jpg,normal,1,9,1084
normal_1085_PPE.jpg,normal,1,9,1085
normal_1086_PPE.jpg,normal,2,9,1086
normal_1087_PPE.jpg,normal,1,9,1087
normal_1088_PPE.jpg,normal,1,9,1088
normal_1089_PPE.jpg,normal,1,9,1089
normal_1090_PPE.jpg,normal,1,9,1090
normal_1091_PPE.jpg,normal,3,9,1091
normal_1092_PPE.jpg,normal,1,9,1092
normal_1093_PPE.jpg,normal,1,9,1093
normal_1094_PPE.jpg,normal,1,9,1094
normal_1095_PPE.jpg,normal,1,9,1095
normal_1096_PPE.jpg,normal,1,9,1096
normal_1097_PPE.jpg,normal,2,9,1097
normal_1098_PPE.jpg,normal,1,9,1098
normal_1099_PPE.jpg,normal,1,9,1099
normal_1100_PPE.jpg,normal,1,9,1100
normal_1101_PPE.jpg,normal,1,9,1101
normal_1102_PPE.jpg,normal,1,9,1102
normal_1103_PPE.jpg,normal,3,9,1103
normal_1104_PPE.jpg,normal,1,9,1104
normal_1105_PPE.jpg,normal,1,9,1105
normal_1106_PPE.jpg,normal,1,9,1106
normal_1107_PPE.jpg,normal,3,9,1107
normal_1108_PPE.jpg,normal,1,9,1108
normal_1109_PPE.jpg,normal,3,9,1109
normal_1110_PPE.jpg,normal,1,9,1110
normal_1111_PPE.jpg,normal,1,9,1111
normal_1112_PPE.jpg,normal,1,9,1112
normal_1113_PPE.jpg,normal,1,9,1113
normal_1114_PPE.jpg,normal,1,9,1114
normal_1115_PPE.jpg,normal,3,9,1115
normal_1116_PPE.jpg,normal,1,9,1116
normal_1117_PPE.jpg,normal,1,0,1117
normal_1118_PPE.jpg,normal,1,9,1118
normal_1119_PPE.jpg,normal,1,9,1119
normal_1120_PPE.jpg,normal,1,9,1120
normal_1121_PPE.jpg,normal,1,9,1121
normal_1122_PPE.jpg,normal,1,9,1122
normal_1123_PPE.jpg,normal,1,9,1123
normal_1124_PPE.jpg,normal,1,9,1124
normal_1125_PPE.jpg,normal,1,9,1125
normal_1126_PPE.jpg,normal,1,9,1126
normal_1127_PPE.jpg,normal,3,9,1127
normal_1128_PPE.jpg,normal,1,9,1128
normal_1129_PPE.jpg,normal,2,9,1129
normal_1130_PPE.jpg,normal,1,9,1130
normal_1131_PPE.jpg,normal,2,9,1131
normal_1132_PPE.jpg,normal,1,9,1132
normal_1133_PPE.jpg,normal,1,9,1133
normal_1134_PPE.jpg,normal,1,9,1134
normal_1135_PPE.jpg,normal,1,9,1135
normal_1136_PPE.jpg,normal,1,9,1136
normal_1137_PPE.jpg,normal,1,9,1137
normal_1138_PPE.jpg,normal,1,9,1138
normal_1139_PPE.jpg,normal,2,9,1139
normal_1140_PPE.jpg,normal,1,9,1140
normal_1141_PPE.jpg,normal,1,9,1141
normal_1142_PPE.jpg,normal,1,9,1142
normal_1143_PPE.jpg,normal,1,9,1143
normal_1144_PPE.jpg,normal,1,9,1144
normal_1145_PPE.jpg,normal,1,9,1145
normal_1146_PPE.jpg,normal,1,9,1146
normal_1147_PPE.jpg,normal,1,9,1147
normal_1148_PPE.jpg,normal,1,9,1148
normal_1149_PPE.jpg,normal,1,9,1149
normal_1150_PPE.jpg,normal,1,9,1150
normal_1151_PPE.jpg,normal,1,9,1151
normal_1152_PPE.jpg,normal,1,9,1152
normal_1153_PPE.jpg,normal,1,9,1153
normal_1154_PPE.jpg,normal,1,9,1154
normal_1155_PPE.jpg,normal,1,9,1155
normal_1156_PPE.jpg,normal,1,9,1156
normal_1157_PPE.jpg,normal,1,9,1157
normal_1158_PPE.jpg,normal,1,9,1158
normal_1159_PPE.jpg,normal,1,9,1159
normal_1160_PPE.jpg,normal,1,9,1160
normal_1161_PPE.jpg,normal,1,9,1161
normal_1162_PPE.jpg,normal,1,9,1162
normal_1163_PPE.jpg,normal,1,9,1163
normal_1164_PPE.jpg,normal,1,9,1164
normal_1165_PPE.jpg,normal,1,9,1165
normal_1166_PPE.jpg,normal,1,9,1166
normal_1167_PPE.jpg,normal,1,9,1167
normal_1168_PPE.jpg,normal,1,9,1168
normal_1169_PPE.jpg,normal,2,9,1169
normal_1170_PPE.jpg,normal,1,9,1170
normal_1171_PPE.jpg,normal,1,9,1171
normal_1172_PPE.jpg,normal,1,9,1172
normal_1173_PPE.jpg,normal,1,9,1173
normal_1174_PPE.jpg,normal,3,9,1174
normal_1175_PPE.jpg,normal,1,9,1175
normal_1176_PPE.jpg,normal,1,9,1176
normal_1177_PPE.jpg,normal,1,9,1177
normal_1178_PPE.jpg,normal,1,9,1178
normal_1179_PPE.jpg,normal,1,9,1179
normal_1180_PPE.jpg,normal,1,9,1180
normal_1181_PPE.jpg,normal,1,9,1181
normal_1182_PPE.jpg,normal,1,9,1182
normal_1183_PPE.jpg,normal,1,9,1183
normal_1184_PPE.jpg,normal,1,9,1184
normal_1185_PPE.jpg,normal,1,9,1185
normal_1186_PPE.jpg,normal,1,9,1186
normal_1187_PPE.jpg,normal,1,9,1187
normal_1188_PPE.jpg,normal,1,9,1188
normal_1189_PPE.jpg,normal,1,9,1189
normal_1190_PPE.jpg,normal,1,9,1190
normal_1191_PPE.jpg,normal,1,9,1191
normal_1192_PPE.jpg,normal,1,9,1192
normal_1193_PPE.jpg,normal,1,9,1193
normal_1194_PPE.jpg,normal,1,9,1194
normal_1195_PPE.jpg,normal,1,9,1195
normal_1196_PPE.jpg,normal,1,9,1196
normal_1197_PPE.jpg,normal,1,9,1197
normal_1198_PPE.jpg,normal,1,9,1198
normal_1199_PPE.jpg,normal,1,9,1199
normal_1200_PPE.jpg,normal,1,9,1200
normal_1201_PPE.jpg,normal,4,9,1201
normal_1202_PPE.jpg,normal,1,9,1202
normal_1203_PPE.jpg,normal,1,9,1203
normal_1204_PPE.jpg,normal,1,9,1204
normal_1205_PPE.jpg,normal,1,9,1205
normal_1206_PPE.jpg,normal,1,9,1206
normal_1207_PPE.jpg,normal,1,9,1207
normal_1208_PPE.jpg,normal,1,9,1208
normal_1209_PPE.jpg,normal,1,9,1209
normal_1210_PPE.jpg,normal,1,9,1210
normal_1211_PPE.jpg,normal,1,9,1211
normal_1212_PPE.jpg,normal,1,9,1212
normal_1213_PPE.jpg,normal,1,9,1213
normal_1214_PPE.jpg,normal,1,9,1214
normal_1215_PPE.jpg,normal,1,9,1215
normal_1216_PPE.jpg,normal,1,0,1216
normal_1217_PPE.jpg,normal,1,9,1217
normal_1218_PPE.jpg,normal,1,9,1218
normal_1219_PPE.jpg,normal,2,9,1219
normal_1220_PPE.jpg,normal,1,9,1220
normal_1221_PPE.jpg,normal,1,9,1221
normal_1222_PPE.jpg,normal,1,9,1222
normal_1223_PPE.jpg,normal,1,9,1223
normal_1224_PPE.jpg,normal,1,9,1224
normal_1225_PPE.jpg,normal,1,9,1225
normal_1226_PPE.jpg,normal,1,9,1226
normal_1227_PPE.jpg,normal,1,9,1227
normal_1228_PPE.jpg,normal,1,9,1228
normal_1229_PPE.jpg,normal,1,9,1229
normal_1230_PPE.jpg,normal,1,9,1230
normal_1231_PPE.jpg,normal,1,9,1231
normal_1232_PPE.jpg,normal,1,9,1232
normal_1233_PPE.jpg,normal,1,9,1233
normal_1234_PPE.jpg,normal,1,9,1234
normal_1235_PPE.jpg,normal,1,9,1235
normal_1236_PPE.jpg,normal,1,9,1236
normal_1237_PPE.jpg,normal,1,9,1237
normal_1238_PPE.jpg,normal,2,9,1238
normal_1239_PPE.jpg,normal,1,9,1239
normal_1240_PPE.jpg,normal,1,9,1240
normal_1241_PPE.jpg,normal,1,9,1241
normal_1242_PPE.jpg,normal,1,9,1242
normal_1243_PPE.jpg,normal,1,9,1243
normal_1244_PPE.jpg,normal,1,9,1244
normal_1245_PPE.jpg,normal,1,9,1245
normal_1246_PPE.jpg,normal,1,9,1246
normal_1247_PPE.jpg,normal,1,9,1247
normal_1248_PPE.jpg,normal,1,9,1248
normal_1249_PPE.jpg,normal,1,9,1249
normal_1250_PPE.jpg,normal,1,9,1250
normal_1251_PPE.jpg,normal,1,9,1251
normal_1252_PPE.jpg,normal,1,9,1252
normal_1253_PPE.jpg,normal,1,9,1253
normal_1254_PPE.jpg,normal,1,9,1254
normal_1255_PPE.jpg,normal,1,9,1255
normal_1256_PPE.jpg,normal,1,9,1256
normal_1257_PPE.jpg,normal,1,9,1257
normal_1258_PPE.jpg,normal,1,9,1258
normal_1259_PPE.jpg,normal,1,9,1259
normal_1260_PPE.jpg,normal,1,9,1260
normal_1261_PPE.jpg,normal,1,9,1261
normal_1262_PPE.jpg,normal,1,9,1262
normal_1263_PPE.jpg,normal,2,9,1263
normal_1264_PPE.jpg,normal,1,9,1264
normal_1265_PPE.jpg,normal,1,9,1265
normal_1266_PPE.jpg,normal,1,9,1266
normal_1267_PPE.jpg,normal,1,9,1267
normal_1268_PPE.jpg,normal,1,9,1268
normal_1269_PPE.jpg,normal,1,9,1269
normal_1270_PPE.jpg,normal,1,9,1270
normal_1271_PPE.jpg,normal,1,9,1271
normal_1272_PPE.jpg,normal,1,9,1272
normal_1273_PPE.jpg,normal,1,9,1273
normal_1274_PPE.jpg,normal,1,9,1274
normal_1275_PPE.jpg,normal,1,9,1275
normal_1276_PPE.jpg,normal,1,9,1276
normal_1277_PPE.jpg,normal,1,9,1277
normal_1278_PPE.jpg,normal,1,9,1278
normal_1279_PPE.jpg,normal,1,9,1279
normal_1280_PPE.jpg,normal,1,9,1280
normal_1281_PPE.jpg,normal,2,9,1281
normal_1282_PPE.jpg,normal,1,9,1282
normal_1283_PPE.jpg,normal,1,9,1283
normal_1284_PPE.jpg,normal,1,9,1284
normal_1285_PPE.jpg,normal,1,9,1285
normal_1286_PPE.jpg,normal,1,9,1286
normal_1287_PPE.jpg,normal,1,9,1287
normal_1288_PPE.jpg,normal,1,9,1288
normal_1289_PPE.jpg,normal,1,9,1289
normal_1290_PPE.jpg,normal,1,9,1290
normal_1291_PPE.jpg,normal,2,9,1291
normal_1292_PPE.jpg,normal,1,9,1292
normal_1293_PPE.jpg,normal,1,9,1293
normal_1294_PPE.jpg,normal,1,9,1294
normal_1295_PPE.jpg,normal,1,9,1295
normal_1296_PPE.jpg,normal,1,9,1296
normal_1297_PPE.jpg,normal,1,9,1297
normal_1298_PPE.jpg,normal,1,9,1298
normal_1299_PPE.jpg,normal,1,9,1299
normal_1300_PPE.jpg,normal,3,9,1300
normal_1301_PPE.jpg,normal,1,9,1301
normal_1302_PPE.jpg,normal,1,9,1302
normal_1303_PPE.jpg,normal,1,9,1303
normal_1304_PPE.jpg,normal,1,9,1304
normal_1305_PPE.jpg,normal,1,9,1305
normal_1306_PPE.jpg,normal,1,9,1306
normal_1307_PPE.jpg,normal,1,9,1307
normal_1308_PPE.jpg,normal,1,9,1308
normal_1309_PPE.jpg,normal,1,9,1309
normal_1310_PPE.jpg,normal,1,9,1310
normal_1311_PPE.jpg,normal,1,9,1311
normal_1312_PPE.jpg,normal,4,9,1312
normal_1313_PPE.jpg,normal,1,9,1313
normal_1314_PPE.jpg,normal,1,9,1314
normal_1315_PPE.jpg,normal,1,9,1315
normal_1316_PPE.jpg,normal,2,9,1316
normal_1317_PPE.jpg,normal,1,9,1317
normal_1318_PPE.jpg,normal,1,9,1318
normal_1319_PPE.jpg,normal,1,9,1319
normal_1320_PPE.jpg,normal,1,9,1320
normal_1321_PPE.jpg,normal,1,9,1321
normal_1322_PPE.jpg,normal,1,9,1322
normal_1323_PPE.jpg,normal,1,9,1323
normal_1324_PPE.jpg,normal,2,9,1324
normal_1325_PPE.jpg,normal,1,9,1325
normal_1326_PPE.jpg,normal,4,0,1326
normal_1327_PPE.jpg,normal,1,9,1327
normal_1328_PPE.jpg,normal,1,9,1328
normal_1329_PPE.jpg,normal,1,9,1329
normal_1330_PPE.jpg,normal,1,9,1330
normal_1331_PPE.jpg,normal,1,9,1331
normal_1332_PPE.jpg,normal,1,9,1332
normal_1333_PPE.jpg,normal,1,9,1333
normal_1334_PPE.jpg,normal,1,9,1334
normal_1335_PPE.jpg,normal,1,9,1335
normal_1336_PPE.jpg,normal,1,9,1336
normal_1337_PPE.jpg,normal,1,9,1337
normal_1338_PPE.jpg,normal,1,9,1338
normal_1339_PPE.jpg,normal,1,9,1339
normal_1340_PPE.jpg,normal,1,9,1340
normal_1341_PPE.jpg,normal,1,9,1341
normal_1342_PPE.jpg,normal,1,9,1342
normal_1343_PPE.jpg,normal,1,9,1343
normal_1344_PPE.jpg,normal,1,9,1344
normal_1345_PPE.jpg,normal,3,9,1345
normal_1346_PPE.jpg,normal,3,9,1346
normal_1347_PPE.jpg,normal,1,9,1347
normal_1348_PPE.jpg,normal,1,9,1348
normal_1349_PPE.jpg,normal,1,9,1349
normal_1350_PPE.jpg,normal,1,9,1350
normal_1351_PPE.jpg,normal,1,9,1351
normal_1352_PPE.jpg,normal,1,9,1352
normal_1353_PPE.jpg,normal,1,9,1353
normal_1354_PPE.jpg,normal,1,9,1354
normal_1355_PPE.jpg,normal,1,9,1355
normal_1356_PPE.jpg,normal,1,9,1356
normal_1357_PPE.jpg,normal,1,9,1357
normal_1358_PPE.jpg,normal,1,9,1358
normal_1359_PPE.jpg,normal,1,9,1359
normal_1360_PPE.jpg,normal,1,9,1360
normal_1361_PPE.jpg,normal,1,9,1361
normal_1362_PPE.jpg,normal,1,9,1362
normal_1363_PPE.jpg,normal,1,9,1363
normal_1364_PPE.jpg,normal,1,9,1364
normal_1365_PPE.jpg,normal,1,9,1365
normal_1366_PPE.jpg,normal,1,9,1366
normal_1367_PPE.jpg,normal,1,9,1367
normal_1368_PPE.jpg,normal,1,9,1368
normal_1369_PPE.jpg,normal,1,9,1369
normal_1370_PPE.jpg,normal,1,9,1370
normal_1371_PPE.jpg,normal,1,9,1371
normal_1372_PPE.jpg,normal,1,9,1372
normal_1373_PPE.jpg,normal,2,9,1373
normal_1374_PPE.jpg,normal,1,9,1374
normal_1375_PPE.jpg,normal,1,9,1375
normal_1376_PPE.jpg,normal,1,9,1376
normal_1377_PPE.jpg,normal,1,9,1377
normal_1378_PPE.jpg,normal,1,9,1378
normal_1379_PPE.jpg,normal,1,9,1379
normal_1380_PPE.jpg,normal,1,9,1380
normal_1381_PPE.jpg,normal,1,9,1381
normal_1382_PPE.jpg,normal,2,9,1382
normal_1383_PPE.jpg,normal,1,9,1383
normal_1384_PPE.jpg,normal,1,9,1384
normal_1385_PPE.jpg,normal,1,9,1385
normal_1386_PPE.jpg,normal,3,9,1386
normal_1387_PPE.jpg,normal,1,9,1387
normal_1388_PPE.jpg,normal,1,9,1388
normal_1389_PPE.jpg,normal,1,9,1389
normal_1390_PPE.jpg,normal,1,9,1390
normal_1391_PPE.jpg,normal,1,9,1391
normal_1392_PPE.jpg,normal,1,9,1392
normal_1393_PPE.jpg,normal,1,9,1393
normal_1394_PPE.jpg,normal,1,9,1394
normal_1395_PPE.jpg,normal,1,9,1395
normal_1396_PPE.jpg,normal,1,9,1396
normal_1397_PPE.jpg,normal,1,9,1397
normal_1398_PPE.jpg,normal,1,9,1398
normal_1399_PPE.jpg,normal,1,9,1399
normal_1400_PPE.jpg,normal,2,9,1400
normal_1401_PPE.jpg,normal,2,9,1401
normal_1402_PPE.jpg,normal,1,9,1402
normal_1403_PPE.jpg,normal,1,9,1403
normal_1404_PPE.jpg,normal,2,9,1404
normal_1405_PPE.jpg,normal,2,9,1405
normal_1406_PPE.jpg,normal,2,9,1406
normal_1407_PPE.jpg,normal,1,9,1407
normal_1408_PPE.jpg,normal,1,9,1408
normal_1409_PPE.jpg,normal,1,9,1409
normal_1410_PPE.jpg,normal,2,9,1410
normal_1411_PPE.jpg,normal,1,9,1411
normal_1412_PPE.jpg,normal,1,9,1412
normal_1413_PPE.jpg,normal,1,9,1413
normal_1414_PPE.jpg,normal,2,9,1414
normal_1415_PPE.jpg,normal,1,9,1415
normal_1416_PPE.jpg,normal,1,9,1416
normal_1417_PPE.jpg,normal,1,9,1417
normal_1418_PPE.jpg,normal,1,9,1418
normal_1419_PPE.jpg,normal,1,9,1419
normal_1420_PPE.jpg,normal,1,9,1420
normal_1421_PPE.jpg,normal,1,9,1421
normal_1422_PPE.jpg,normal,1,9,1422
normal_1423_PPE.jpg,normal,1,9,1423
normal_1424_PPE.jpg,normal,3,9,1424
normal_1425_PPE.jpg,normal,3,9,1425
normal_1426_PPE.jpg,normal,3,9,1426
normal_1427_PPE.jpg,normal,1,9,1427
normal_1428_PPE.jpg,normal,1,9,1428
normal_1429_PPE.jpg,normal,1,9,1429
normal_1430_PPE.jpg,normal,1,9,1430
normal_1431_PPE.jpg,normal,1,9,1431
normal_1432_PPE.jpg,normal,1,9,1432
normal_1433_PPE.jpg,normal,1,9,1433
normal_1434_PPE.jpg,normal,1,9,1434
normal_1435_PPE.jpg,normal,1,9,1435
normal_1436_PPE.jpg,normal,1,9,1436
normal_1437_PPE.jpg,normal,1,9,1437
normal_1438_PPE.jpg,normal,1,9,1438
normal_1439_PPE.jpg,normal,1,9,1439
normal_1440_PPE.jpg,normal,1,9,1440
normal_1441_PPE.jpg,normal,1,9,1441
normal_1442_PPE.jpg,normal,1,9,1442
normal_1443_PPE.jpg,normal,1,9,1443
normal_1444_PPE.jpg,normal,1,9,1444
normal_1445_PPE.jpg,normal,1,9,1445
normal_1446_PPE.jpg,normal,1,9,1446
normal_1447_PPE.jpg,normal,1,9,1447
normal_1448_PPE.jpg,normal,1,9,1448
normal_1449_PPE.jpg,normal,2,9,1449
normal_1450_PPE.jpg,normal,1,9,1450
normal_1451_PPE.jpg,normal,1,9,1451
normal_1452_PPE.jpg,normal,2,9,1452
normal_1453_PPE.jpg,normal,1,9,1453
normal_1454_PPE.jpg,normal,1,9,1454
normal_1455_PPE.jpg,normal,2,9,1455
normal_1456_PPE.jpg,normal,1,9,1456
normal_1457_PPE.jpg,normal,1,9,1457
normal_1458_PPE.jpg,normal,1,9,1458
normal_1459_PPE.jpg,normal,3,9,1459
normal_1460_PPE.jpg,normal,3,9,1460
normal_1461_PPE.jpg,normal,1,9,1461
normal_1462_PPE.jpg,normal,1,9,1462
normal_1463_PPE.jpg,normal,3,9,1463
normal_1464_PPE.jpg,normal,1,9,1464
normal_1465_PPE.jpg,normal,1,9,1465
normal_1466_PPE.jpg,normal,2,9,1466
normal_1467_PPE.jpg,normal,1,9,1467
normal_1468_PPE.jpg,normal,1,9,1468
normal_1469_PPE.jpg,normal,1,9,1469
normal_1470_PPE.jpg,normal,1,9,1470
normal_1471_PPE.jpg,normal,1,9,1471
normal_1472_PPE.jpg,normal,1,9,1472
normal_1473_PPE.jpg,normal,1,9,1473
normal_1474_PPE.jpg,normal,1,9,1474
normal_1475_PPE.jpg,normal,1,9,1475
normal_1476_PPE.jpg,normal,1,9,1476
normal_1477_PPE.jpg,normal,1,9,1477
normal_1478_PPE.jpg,normal,1,9,1478
normal_1479_PPE.jpg,normal,1,9,1479
normal_1480_PPE.jpg,normal,2,9,1480
normal_1481_PPE.jpg,normal,1,9,1481
normal_1482_PPE.jpg,normal,1,9,1482
normal_1483_PPE.jpg,normal,1,9,1483
normal_1484_PPE.jpg,normal,1,9,1484
normal_1485_PPE.jpg,normal,3,9,1485
normal_1486_PPE.jpg,normal,1,9,1486
normal_1487_PPE.jpg,normal,1,9,1487
normal_1488_PPE.jpg,normal,1,9,1488
normal_1489_PPE.jpg,normal,1,9,1489
normal_1490_PPE.jpg,normal,1,9,1490
normal_1491_PPE.jpg,normal,1,9,1491
normal_1492_PPE.jpg,normal,1,9,1492
normal_1493_PPE.jpg,normal,2,9,1493
normal_1494_PPE.jpg,normal,3,9,1494
normal_1495_PPE.jpg,normal,4,9,1495
normal_1496_PPE.jpg,normal,3,9,1496
normal_1497_PPE.jpg,normal,1,9,1497
normal_1498_PPE.jpg,normal,1,9,1498
normal_1499_PPE.jpg,normal,1,9,1499
normal_1500_PPE.jpg,normal,1,9,1500
normal_1501_PPE.jpg,normal,1,9,1501
normal_1502_PPE.jpg,normal,1,9,1502
normal_1503_PPE.jpg,normal,1,9,1503
normal_1504_PPE.jpg,normal,1,9,1504
normal_1505_PPE.jpg,normal,1,9,1505
normal_1506_PPE.jpg,normal,2,9,1506
normal_1507_PPE.jpg,normal,1,9,1507
normal_1508_PPE.jpg,normal,3,9,1508
normal_1509_PPE.jpg,normal,1,9,1509
normal_1510_PPE.jpg,normal,1,9,1510
normal_1511_PPE.jpg,normal,1,9,1511
normal_1512_PPE.jpg,normal,1,9,1512
normal_1513_PPE.jpg,normal,4,9,1513
normal_1514_PPE.jpg,normal,1,9,1514
normal_1515_PPE.jpg,normal,4,9,1515
normal_1516_PPE.jpg,normal,1,9,1516
normal_1517_PPE.jpg,normal,1,9,1517
normal_1518_PPE.jpg,normal,1,9,1518
normal_1519_PPE.jpg,normal,2,9,1519
normal_1520_PPE.jpg,normal,1,9,1520
normal_1521_PPE.jpg,normal,1,9,1521
normal_1522_PPE.jpg,normal,1,9,1522
normal_1523_PPE.jpg,normal,1,9,1523
normal_1524_PPE.jpg,normal,1,9,1524
normal_1525_PPE.jpg,normal,1,9,1525
normal_1526_PPE.jpg,normal,1,9,1526
normal_1527_PPE.jpg,normal,1,9,1527
normal_1528_PPE.jpg,normal,1,9,1528
normal_1529_PPE.jpg,normal,1,9,1529
normal_1530_PPE.jpg,normal,1,9,1530
normal_1531_PPE.jpg,normal,1,9,1531
normal_1532_PPE.jpg,normal,1,9,1532
normal_1533_PPE.jpg,normal,1,9,1533
normal_1534_PPE.jpg,normal,1,9,1534
normal_1535_PPE.jpg,normal,1,9,1535
normal_1536_PPE.jpg,normal,1,9,1536
normal_1537_PPE.jpg,normal,1,9,1537
normal_1538_PPE.jpg,normal,1,9,1538
normal_1539_PPE.jpg,normal,1,9,1539
normal_1540_PPE.jpg,normal,1,9,1540
normal_1541_PPE.jpg,normal,1,9,1541
normal_1542_PPE.jpg,normal,1,9,1542
normal_1543_PPE.jpg,normal,3,9,1543
normal_1544_PPE.jpg,normal,3,9,1544
normal_1545_PPE.jpg,normal,1,9,1545
normal_1546_PPE.jpg,normal,1,9,1546
normal_1547_PPE.jpg,normal,1,9,1547
normal_1548_PPE.jpg,normal,1,9,1548
normal_1549_PPE.jpg,normal,1,9,1549
normal_1550_PPE.jpg,normal,4,9,1550
normal_1551_PPE.jpg,normal,1,9,1551
normal_1552_PPE.jpg,normal,1,9,1552
normal_1553_PPE.jpg,normal,1,9,1553
normal_1554_PPE.jpg,normal,1,9,1554
normal_1555_PPE.jpg,normal,1,9,1555
normal_1556_PPE.jpg,normal,1,9,1556
normal_1557_PPE.jpg,normal,1,9,1557
normal_1558_PPE.jpg,normal,1,9,1558
normal_1559_PPE.jpg,normal,1,9,1559
normal_1560_PPE.jpg,normal,1,9,1560
normal_1561_PPE.jpg,normal,1,9,1561
normal_1562_PPE.jpg,normal,3,9,1562
normal_1563_PPE.jpg,normal,1,9,1563
normal_1564_PPE.jpg,normal,1,9,1564
normal_1565_PPE.jpg,normal,1,9,1565
normal_1566_PPE.jpg,normal,1,9,1566
normal_1567_PPE.jpg,normal,1,9,1567
normal_1568_PPE.jpg,normal,3,9,1568
normal_1569_PPE.jpg,normal,3,9,1569
normal_1570_PPE.jpg,normal,2,9,1570
normal_1571_PPE.jpg,normal,3,9,1571
normal_1572_PPE.jpg,normal,1,9,1572
normal_1573_PPE.jpg,normal,1,9,1573
normal_1574_PPE.jpg,normal,2,9,1574
normal_1575_PPE.jpg,normal,3,9,1575
normal_1576_PPE.jpg,normal,1,9,1576
normal_1577_PPE.jpg,normal,2,9,1577
normal_1578_PPE.jpg,normal,3,9,1578
normal_1579_PPE.jpg,normal,1,9,1579
normal_1580_PPE.jpg,normal,1,9,1580
normal_1581_PPE.jpg,normal,1,9,1581
normal_1582_PPE.jpg,normal,1,9,1582
normal_1583_PPE.jpg,normal,2,9,1583
normal_1584_PPE.jpg,normal,3,9,1584
normal_1585_PPE.jpg,normal,1,9,1585
normal_1586_PPE.jpg,normal,2,9,1586
normal_1587_PPE.jpg,normal,3,9,1587
normal_1588_PPE.jpg,normal,1,9,1588
normal_1589_PPE.jpg,normal,3,9,1589
normal_1590_PPE.jpg,normal,3,9,1590
normal_1591_PPE.jpg,normal,3,9,1591
normal_1592_PPE.jpg,normal,3,9,1592
normal_1593_PPE.jpg,normal,3,9,1593
normal_1594_PPE.jpg,normal,3,9,1594
normal_1595_PPE.jpg,normal,1,9,1595
normal_1596_PPE.jpg,normal,2,9,1596
normal_1597_PPE.jpg,normal,4,9,1597
normal_1598_PPE.jpg,normal,3,9,1598
normal_1599_PPE.jpg,normal,3,9,1599
normal_1600_PPE.jpg,normal,1,9,1600
normal_1601_PPE.jpg,normal,3,9,1601
normal_1602_PPE.jpg,normal,3,9,1602
normal_1603_PPE.jpg,normal,1,9,1603
normal_1604_PPE.jpg,normal,1,9,1604
normal_1605_PPE.jpg,normal,4,9,1605
normal_1606_PPE.jpg,normal,3,9,1606
normal_1607_PPE.jpg,normal,1,9,1607
normal_1608_PPE.jpg,normal,1,9,1608
normal_1609_PPE.jpg,normal,1,9,1609
normal_1610_PPE.jpg,normal,3,9,1610
normal_1611_PPE.jpg,normal,3,9,1611
normal_1612_PPE.jpg,normal,1,9,1612
normal_1613_PPE.jpg,normal,2,9,1613
normal_1614_PPE.jpg,normal,3,9,1614
normal_1615_PPE.jpg,normal,2,9,1615
normal_1616_PPE.jpg,normal,2,9,1616
normal_1617_PPE.jpg,normal,1,9,1617
normal_1618_PPE.jpg,normal,1,9,1618
normal_1619_PPE.jpg,normal,2,9,1619
normal_1620_PPE.jpg,normal,2,9,1620
normal_1621_PPE.jpg,normal,1,9,1621
normal_1622_PPE.jpg,normal,2,9,1622
normal_1623_PPE.jpg,normal,2,9,1623
normal_1624_PPE.jpg,normal,2,9,1624
normal_1625_PPE.jpg,normal,3,9,1625
normal_1626_PPE.jpg,normal,1,9,1626
normal_1627_PPE.jpg,normal,1,9,1627
normal_1628_PPE.jpg,normal,2,9,1628
normal_1629_PPE.jpg,normal,3,9,1629
normal_1630_PPE.jpg,normal,1,9,1630
normal_1631_PPE.jpg,normal,1,9,1631
normal_1632_PPE.jpg,normal,2,9,1632
normal_1633_PPE.jpg,normal,1,9,1633
normal_1634_PPE.jpg,normal,3,9,1634
normal_1635_PPE.jpg,normal,2,9,1635
normal_1636_PPE.jpg,normal,2,9,1636
normal_1637_PPE.jpg,normal,2,9,1637
normal_1638_PPE.jpg,normal,3,9,1638
normal_1639_PPE.jpg,normal,3,9,1639
normal_1640_PPE.jpg,normal,4,9,1640
normal_1641_PPE.jpg,normal,1,9,1641
normal_1642_PPE.jpg,normal,3,9,1642
normal_1643_PPE.jpg,normal,2,9,1643
normal_1644_PPE.jpg,normal,2,9,1644
normal_1645_PPE.jpg,normal,1,9,1645
normal_1646_PPE.jpg,normal,2,9,1646
normal_1647_PPE.jpg,normal,2,9,1647
normal_1648_PPE.jpg,normal,3,9,1648
normal_1649_PPE.jpg,normal,1,9,1649
normal_1650_PPE.jpg,normal,2,9,1650
normal_1651_PPE.jpg,normal,3,9,1651
normal_1652_PPE.jpg,normal,1,9,1652
normal_1653_PPE.jpg,normal,1,9,1653
normal_1654_PPE.jpg,normal,2,9,1654
normal_1655_PPE.jpg,normal,2,9,1655
normal_1656_PPE.jpg,normal,2,9,1656
normal_1657_PPE.jpg,normal,1,9,1657
normal_1658_PPE.jpg,normal,3,9,1658
normal_1659_PPE.jpg,normal,3,9,1659
normal_1660_PPE.jpg,normal,1,9,1660
normal_1661_PPE.jpg,normal,3,9,1661
normal_1662_PPE.jpg,normal,1,9,1662
normal_1663_PPE.jpg,normal,1,9,1663
normal_1664_PPE.jpg,normal,2,9,1664
normal_1665_PPE.jpg,normal,3,9,1665
normal_1666_PPE.jpg,normal,3,9,1666
normal_1667_PPE.jpg,normal,1,9,1667
normal_1668_PPE.jpg,normal,1,9,1668
normal_1669_PPE.jpg,normal,1,9,1669
normal_1670_PPE.jpg,normal,1,9,1670
normal_1671_PPE.jpg,normal,2,9,1671
normal_1672_PPE.jpg,normal,2,9,1672
normal_1673_PPE.jpg,normal,2,9,1673
normal_1674_PPE.jpg,normal,1,9,1674
normal_1675_PPE.jpg,normal,2,9,1675
normal_1676_PPE.jpg,normal,3,9,1676
normal_1677_PPE.jpg,normal,2,9,1677
normal_1678_PPE.jpg,normal,2,9,1678
normal_1679_PPE.jpg,normal,1,9,1679
normal_1680_PPE.jpg,normal,1,9,1680
normal_1681_PPE.jpg,normal,2,9,1681
normal_1682_PPE.jpg,normal,2,9,1682
normal_1683_PPE.jpg,normal,2,9,1683
normal_1684_PPE.jpg,normal,4,9,1684
normal_1685_PPE.jpg,normal,2,9,1685
normal_1686_PPE.jpg,normal,2,9,1686
normal_1687_PPE.jpg,normal,2,9,1687
normal_1688_PPE.jpg,normal,2,9,1688
normal_1689_PPE.jpg,normal,2,9,1689
normal_1690_PPE.jpg,normal,3,9,1690
normal_1691_PPE.jpg,normal,4,9,1691
normal_1692_PPE.jpg,normal,1,9,1692
normal_1693_PPE.jpg,normal,2,9,1693
normal_1694_PPE.jpg,normal,3,9,1694
normal_1695_PPE.jpg,normal,2,9,1695
normal_1696_PPE.jpg,normal,2,9,1696
normal_1697_PPE.jpg,normal,1,9,1697
normal_1698_PPE.jpg,normal,2,9,1698
normal_1699_PPE.jpg,normal,2,9,1699
normal_1700_PPE.jpg,normal,2,9,1700
normal_1701_PPE.jpg,normal,3,9,1701
normal_1702_PPE.jpg,normal,3,9,1702
normal_1703_PPE.jpg,normal,3,9,1703
normal_1704_PPE.jpg,normal,3,9,1704
normal_1705_PPE.jpg,normal,3,9,1705
normal_1706_PPE.jpg,normal,2,9,1706
normal_1707_PPE.jpg,normal,2,9,1707
normal_1708_PPE.jpg,normal,3,9,1708
normal_1709_PPE.jpg,normal,2,9,1709
normal_1710_PPE.jpg,normal,1,9,1710
normal_1711_PPE.jpg,normal,3,9,1711
normal_1712_PPE.jpg,normal,2,9,1712
normal_1713_PPE.jpg,normal,3,9,1713
normal_1714_PPE.jpg,normal,3,9,1714
normal_1715_PPE.jpg,normal,3,9,1715
normal_1716_PPE.jpg,normal,2,9,1716
normal_1717_PPE.jpg,normal,2,9,1717
normal_1718_PPE.jpg,normal,2,9,1718
normal_1719_PPE.jpg,normal,3,9,1719
normal_1720_PPE.jpg,normal,3,9,1720
normal_1721_PPE.jpg,normal,2,9,1721
normal_1722_PPE.jpg,normal,2,9,1722
normal_1723_PPE.jpg,normal,1,9,1723
normal_1724_PPE.jpg,normal,3,9,1724
normal_1725_PPE.jpg,normal,2,9,1725
normal_1726_PPE.jpg,normal,1,0,1726
normal_1727_PPE.jpg,normal,1,9,1727
normal_1728_PPE.jpg,normal,2,9,1728
normal_1729_PPE.jpg,normal,2,9,1729
normal_1730_PPE.jpg,normal,1,9,1730
normal_1731_PPE.jpg,normal,3,9,1731
normal_1732_PPE.jpg,normal,3,9,1732
normal_1733_PPE.jpg,normal,2,9,1733
normal_1734_PPE.jpg,normal,3,9,1734
normal_1735_PPE.jpg,normal,1,9,1735
normal_1736_PPE.jpg,normal,1,9,1736
normal_1737_PPE.jpg,normal,2,9,1737
normal_1738_PPE.jpg,normal,3,9,1738
normal_1739_PPE.jpg,normal,3,9,1739
normal_1740_PPE.jpg,normal,1,9,1740
normal_1741_PPE.jpg,normal,1,9,1741
normal_1742_PPE.jpg,normal,3,9,1742
normal_1743_PPE.jpg,normal,2,9,1743
normal_1744_PPE.jpg,normal,3,9,1744
normal_1745_PPE.jpg,normal,3,9,1745
normal_1746_PPE.jpg,normal,3,9,1746
normal_1747_PPE.jpg,normal,1,9,1747
normal_1748_PPE.jpg,normal,1,9,1748
normal_1749_PPE.jpg,normal,1,9,1749
normal_1750_PPE.jpg,normal,1,9,1750
normal_1751_PPE.jpg,normal,1,9,1751
normal_1752_PPE.jpg,normal,2,9,1752
normal_1753_PPE.jpg,normal,4,9,1753
normal_1754_PPE.jpg,normal,1,9,1754
normal_1755_PPE.jpg,normal,1,9,1755
normal_1756_PPE.jpg,normal,1,9,1756
normal_1757_PPE.jpg,normal,3,9,1757
normal_1758_PPE.jpg,normal,1,9,1758
normal_1759_PPE.jpg,normal,3,9,1759
normal_1760_PPE.jpg,normal,3,9,1760
normal_1761_PPE.jpg,normal,2,9,1761
normal_1762_PPE.jpg,normal,3,9,1762
normal_1763_PPE.jpg,normal,3,9,1763
normal_1764_PPE.jpg,normal,1,9,1764
normal_1765_PPE.jpg,normal,3,9,1765
normal_1766_PPE.jpg,normal,1,9,1766
normal_1767_PPE.jpg,normal,2,9,1767
normal_1768_PPE.jpg,normal,1,9,1768
normal_1769_PPE.jpg,normal,1,9,1769
normal_1770_PPE.jpg,normal,2,9,1770
normal_1771_PPE.jpg,normal,3,9,1771
normal_1772_PPE.jpg,normal,3,9,1772
normal_1773_PPE.jpg,normal,2,9,1773
normal_1774_PPE.jpg,normal,1,9,1774
normal_1775_PPE.jpg,normal,2,9,1775
normal_1776_PPE.jpg,normal,2,9,1776
normal_1777_PPE.jpg,normal,3,9,1777
normal_1778_PPE.jpg,normal,1,9,1778
normal_1779_PPE.jpg,normal,2,9,1779
normal_1780_PPE.jpg,normal,1,9,1780
normal_1781_PPE.jpg,normal,2,9,1781
normal_1782_PPE.jpg,normal,2,9,1782
normal_1783_PPE.jpg,normal,1,9,1783
normal_1784_PPE.jpg,normal,1,9,1784
normal_1785_PPE.jpg,normal,1,9,1785
normal_1786_PPE.jpg,normal,1,9,1786
normal_1787_PPE.jpg,normal,2,9,1787
normal_1788_PPE.jpg,normal,3,9,1788
normal_1789_PPE.jpg,normal,1,9,1789
normal_1790_PPE.jpg,normal,1,9,1790
normal_1791_PPE.jpg,normal,1,9,1791
normal_1792_PPE.jpg,normal,1,9,1792
normal_1793_PPE.jpg,normal,2,9,1793
normal_1794_PPE.jpg,normal,3,9,1794
normal_1795_PPE.jpg,normal,1,9,1795
normal_1796_PPE.jpg,normal,1,9,1796
normal_1797_PPE.jpg,normal,3,9,1797
normal_1798_PPE.jpg,normal,1,9,1798
normal_1799_PPE.jpg,normal,3,9,1799
normal_1800_PPE.jpg,normal,1,9,1800
normal_1801_PPE.jpg,normal,1,9,1801
normal_1802_PPE.jpg,normal,1,9,1802
normal_1803_PPE.jpg,normal,3,9,1803
normal_1804_PPE.jpg,normal,1,9,1804
normal_1805_PPE.jpg,normal,1,9,1805
normal_1806_PPE.jpg,normal,1,9,1806
normal_1807_PPE.jpg,normal,1,9,1807
normal_1808_PPE.jpg,normal,1,9,1808
normal_1809_PPE.jpg,normal,1,9,1809
normal_1810_PPE.jpg,normal,1,9,1810
normal_1811_PPE.jpg,normal,3,9,1811
normal_1812_PPE.jpg,normal,1,9,1812
normal_1813_PPE.jpg,normal,1,9,1813
normal_1814_PPE.jpg,normal,1,9,1814
normal_1815_PPE.jpg,normal,1,9,1815
normal_1816_PPE.jpg,normal,1,9,1816
normal_1817_PPE.jpg,normal,1,9,1817
normal_1818_PPE.jpg,normal,1,9,1818
normal_1819_PPE.jpg,normal,1,9,1819
normal_1820_PPE.jpg,normal,1,9,1820
normal_1821_PPE.jpg,normal,1,9,1821
normal_1822_PPE.jpg,normal,1,9,1822
normal_1823_PPE.jpg,normal,1,9,1823
normal_1824_PPE.jpg,normal,1,9,1824
normal_1825_PPE.jpg,normal,1,9,1825
normal_1826_PPE.jpg,normal,1,9,1826
normal_1827_PPE.jpg,normal,4,9,1827
normal_1828_PPE.jpg,normal,1,9,1828
normal_1829_PPE.jpg,normal,1,9,1829
normal_1830_PPE.jpg,normal,1,9,1830
normal_1831_PPE.jpg,normal,2,9,1831
normal_1832_PPE.jpg,normal,1,9,1832
normal_1833_PPE.jpg,normal,1,9,1833
normal_1834_PPE.jpg,normal,1,9,1834
normal_1835_PPE.jpg,normal,1,9,1835
normal_1836_PPE.jpg,normal,1,9,1836
normal_1837_PPE.jpg,normal,1,9,1837
normal_1838_PPE.jpg,normal,1,9,1838
normal_1839_PPE.jpg,normal,2,9,1839
normal_1840_PPE.jpg,normal,2,9,1840
normal_1841_PPE.jpg,normal,1,9,1841
normal_1842_RFM.png,normal,1,9,1842
normal_1843_RFM.png,normal,1,0,1843
normal_1844_RFM.png,normal,1,9,1844
normal_1845_RFM.png,normal,1,9,1845
normal_1846_RFM.png,normal,1,9,1846
normal_1847_RFM.png,normal,1,9,1847
normal_1848_RFM.png,normal,1,9,1848
normal_1849_RFM.png,normal,1,9,1849
normal_1850_RFM.png,normal,1,0,1850
normal_1851_RFM.png,normal,1,9,1851
normal_1852_RFM.png,normal,1,9,1852
normal_1853_RFM.png,normal,1,9,1853
normal_1854_RFM.png,normal,1,9,1854
normal_1855_RFM.png,normal,1,9,1855
normal_1856_RFM.png,normal,1,9,1856
normal_1857_RFM.png,normal,1,9,1857
normal_1858_RFM.png,normal,1,9,1858
normal_1859_RFM.png,normal,1,9,1859
normal_1860_RFM.png,normal,1,9,1860
normal_1861_RFM.png,normal,1,9,1861
normal_1862_RFM.png,normal,1,0,1862
normal_1863_RFM.png,normal,4,0,1863
normal_1864_RFM.png,normal,1,9,1864
normal_1865_RFM.png,normal,1,9,1865
normal_1866_RFM.png,normal,1,9,1866
normal_1867_RFM.png,normal,1,0,1867
normal_1868_RFM.png,normal,1,9,1868
normal_1869_RFM.png,normal,1,9,1869
normal_1870_RFM.png,normal,1,9,1870
normal_1871_RFM.png,normal,1,9,1871
normal_1872_RFM.png,normal,1,9,1872
normal_1873_RFM.png,normal,1,9,1873
normal_1874_RFM.png,normal,1,9,1874
normal_1875_RFM.png,normal,2,9,1875
normal_1876_RFM.png,normal,1,9,1876
normal_1877_RFM.png,normal,1,9,1877
normal_1878_RFM.png,normal,1,9,1878
normal_1879_RFM.png,normal,1,9,1879
normal_1880_RFM.png,normal,1,9,1880
normal_1881_RFM.png,normal,1,9,1881
normal_1882_RFM.png,normal,1,9,1882
normal_1883_RFM.png,normal,1,0,1883
normal_1884_RFM.png,normal,4,0,1884
normal_1885_RFM.png,normal,1,9,1885
normal_1886_RFM.png,normal,1,9,1886
normal_1887_RFM.png,normal,1,9,1887
normal_1888_RFM.png,normal,1,9,1888
normal_1889_RFM.png,normal,1,9,1889
normal_1890_RFM.png,normal,1,9,1890
normal_1891_RFM.png,normal,1,9,1891
normal_1892_RFM.png,normal,1,0,1892
normal_1893_RFM.png,normal,1,9,1893
normal_1894_RFM.png,normal,1,0,1894
normal_1895_RFM.png,normal,1,9,1895
normal_1896_RFM.png,normal,1,9,1896
normal_1897_RFM.png,normal,1,9,1897
normal_1898_RFM.png,normal,1,9,1898
normal_1899_RFM.png,normal,1,9,1899
normal_1900_RFM.png,normal,1,9,1900
normal_1901_RFM.png,normal,1,9,1901
normal_1902_RFM.png,normal,1,9,1902
normal_1903_RFM.png,normal,1,0,1903
normal_1904_RFM.png,normal,1,9,1904
normal_1905_RFM.png,normal,1,0,1905
normal_1906_RFM.png,normal,1,9,1906
normal_1907_RFM.png,normal,1,0,1907
normal_1908_RFM.png,normal,1,0,1908
normal_1909_RFM.png,normal,1,9,1909
normal_1910_RFM.png,normal,1,9,1910
normal_1911_RFM.png,normal,1,0,1911
normal_1912_RFM.png,normal,1,9,1912
normal_1913_RFM.png,normal,1,9,1913
normal_1914_RFM.png,normal,1,9,1914
normal_1915_RFM.png,normal,1,0,1915
normal_1916_RFM.png,normal,1,0,1916
normal_1917_RFM.png,normal,1,9,1917
normal_1918_RFM.png,normal,1,9,1918
normal_1919_RFM.png,normal,1,0,1919
normal_1920_RFM.png,normal,1,9,1920
normal_1921_RFM.png,normal,1,9,1921
normal_1922_RFM.png,normal,2,9,1922
normal_1923_RFM.png,normal,1,9,1923
normal_1924_RFM.png,normal,1,9,1924
normal_1925_RFM.png,normal,1,9,1925
normal_1926_RFM.png,normal,1,9,1926
normal_1927_RFM.png,normal,2,9,1927
normal_1928_RFM.png,normal,1,9,1928
normal_1929_RFM.png,normal,1,9,1929
normal_1930_RFM.png,normal,1,9,1930
normal_1931_RFM.png,normal,2,9,1931
normal_1932_RFM.png,normal,1,9,1932
normal_1933_RFM.png,normal,1,9,1933
normal_1934_RFM.png,normal,1,9,1934
normal_1935_RFM.png,normal,1,9,1935
normal_1936_RFM.png,normal,4,9,1936
normal_1937_RFM.png,normal,1,9,1937
normal_1938_RFM.png,normal,1,9,1938
normal_1939_RFM.png,normal,1,9,1939
normal_1940_RFM.png,normal,1,9,1940
normal_1941_RFM.png,normal,1,9,1941
normal_1942_RFM.png,normal,1,9,1942
normal_1943_RFM.png,normal,1,9,1943
normal_1944_RFM.png,normal,1,9,1944
normal_1945_RFM.png,normal,1,9,1945
normal_1946_RFM.png,normal,1,9,1946
normal_1947_RFM.png,normal,1,9,1947
normal_1948_RFM.png,normal,1,9,1948
normal_1949_RFM.png,normal,1,9,1949
normal_1950_RFM.png,normal,2,0,1950
normal_1951_RFM.png,normal,1,9,1951
normal_1952_RFM.png,normal,1,9,1952
normal_1953_RFM.png,normal,1,9,1953
normal_1954_RFM.png,normal,1,9,1954
normal_1955_RFM.png,normal,4,9,1955
normal_1956_RFM.png,normal,1,9,1956
normal_1957_RFM.png,normal,1,0,1957
normal_1958_RFM.png,normal,1,9,1958
normal_1959_RFM.png,normal,1,9,1959
normal_1960_RFM.png,normal,1,9,1960
normal_1961_RFM.png,normal,1,9,1961
normal_1962_RFM.png,normal,1,9,1962
normal_1963_RFM.png,normal,1,9,1963
normal_1964_RFM.png,normal,2,9,1964
normal_1965_RFM.png,normal,1,0,1965
normal_1966_RFM.png,normal,1,9,1966
normal_1967_RFM.png,normal,1,9,1967
normal_1968_RFM.png,normal,1,9,1968
normal_1969_RFM.png,normal,1,9,1969
normal_1970_RFM.png,normal,1,9,1970
normal_1971_RFM.png,normal,1,9,1971
normal_1972_RFM.png,normal,1,9,1972
normal_1973_RFM.png,normal,1,9,1973
normal_1974_RFM.png,normal,1,9,1974
normal_1975_RFM.png,normal,1,9,1975
normal_1976_RFM.png,normal,1,9,1976
normal_1977_RFM.png,normal,1,9,1977
normal_1978_RFM.png,normal,1,9,1978
normal_1979_RFM.png,normal,1,9,1979
normal_1980_RFM.png,normal,1,9,1980
normal_1981_RFM.png,normal,1,9,1981
normal_1982_RFM.png,normal,1,9,1982
normal_1983_RFM.png,normal,1,9,1983
normal_1984_RFM.png,normal,1,9,1984
normal_1985_RFM.png,normal,1,9,1985
normal_1986_RFM.png,normal,1,9,1986
normal_1987_RFM.png,normal,2,9,1987
normal_1988_RFM.png,normal,1,9,1988
normal_1989_RFM.png,normal,1,9,1989
normal_1990_RFM.png,normal,1,0,1990
normal_1991_RFM.png,normal,1,0,1991
normal_1992_RFM.png,normal,1,9,1992
normal_1993_RFM.png,normal,1,0,1993
normal_1994_RFM.png,normal,1,9,1994
normal_1995_RFM.png,normal,1,9,1995
normal_1996_RFM.png,normal,1,0,1996
normal_1997_RFM.png,normal,1,9,1997
normal_1998_RFM.png,normal,1,9,1998
normal_1999_RFM.png,normal,1,9,1999
normal_2000_RFM.png,normal,1,9,2000
normal_2001_RFM.png,normal,1,9,2001
normal_2002_RFM.png,normal,1,9,2002
normal_2003_RFM.png,normal,1,9,2003
normal_2004_RFM.png,normal,1,9,2004
normal_2005_RFM.png,normal,1,9,2005
normal_2006_RFM.png,normal,1,9,2006
normal_2007_RFM.png,normal,1,9,2007
normal_2008_RFM.png,normal,1,9,2008
normal_2009_RFM.png,normal,1,9,2009
normal_2010_RFM.png,normal,1,9,2010
normal_2011_RFM.png,normal,1,9,2011
normal_2012_RFM.png,normal,1,9,2012
normal_2013_RFM.png,normal,1,0,2013
normal_2014_RFM.png,normal,1,9,2014
normal_2015_RFM.png,normal,1,9,2015
normal_2016_RFM.png,normal,1,9,2016
normal_2017_RFM.png,normal,1,9,2017
normal_2018_RFM.png,normal,1,9,2018
normal_2019_RFM.png,normal,1,9,2019
normal_2020_RFM.png,normal,1,9,2020
normal_2021_RFM.png,normal,1,9,2021
normal_2022_RFM.png,normal,1,9,2022
normal_2023_RFM.png,normal,1,9,2023
normal_2024_RFM.png,normal,1,9,2024
normal_2025_RFM.png,normal,1,9,2025
normal_2026_RFM.png,normal,1,9,2026
normal_2027_RFM.png,normal,1,9,2027
normal_2028_RFM.png,normal,1,9,2028
normal_2029_RFM.png,normal,1,9,2029
normal_2030_RFM.png,normal,1,9,2030
normal_2031_RFM.png,normal,1,9,2031
normal_2032_RFM.png,normal,1,9,2032
normal_2033_RFM.png,normal,1,9,2033
normal_2034_RFM.png,normal,1,9,2034
normal_2035_RFM.png,normal,1,9,2035
normal_2036_RFM.png,normal,1,9,2036
normal_2037_RFM.png,normal,1,9,2037
normal_2038_RFM.png,normal,1,9,2038
normal_2039_RFM.png,normal,1,9,2039
normal_2040_RFM.png,normal,1,9,2040
normal_2041_RFM.png,normal,1,9,2041
normal_2042_RFM.png,normal,1,0,2042
normal_2043_RFM.png,normal,1,9,2043
normal_2044_RFM.png,normal,1,9,2044
normal_2045_RFM.png,normal,1,9,2045
normal_2046_RFM.png,normal,1,0,2046
normal_2047_RFM.png,normal,1,9,2047
normal_2048_RFM.png,normal,1,9,2048
normal_2049_RFM.png,normal,1,9,2049
normal_2050_RFM.png,normal,1,9,2050
normal_2051_RFM.png,normal,1,9,2051
normal_2052_RFM.png,normal,1,9,2052
normal_2053_RFM.png,normal,1,9,2053
normal_2054_RFM.png,normal,4,0,2054
normal_2055_RFM.png,normal,1,9,2055
normal_2056_RFM.png,normal,1,9,2056
normal_2057_RFM.png,normal,1,9,2057
normal_2058_RFM.png,normal,1,9,2058
normal_2059_RFM.png,normal,1,0,2059
normal_2060_RFM.png,normal,1,9,2060
normal_2061_RFM.png,normal,1,9,2061
normal_2062_RFM.png,normal,1,9,2062
normal_2063_RFM.png,normal,1,9,2063
normal_2064_RFM.png,normal,1,9,2064
normal_2065_RFM.png,normal,1,9,2065
normal_2066_RFM.png,normal,1,9,2066
normal_2067_RFM.png,normal,1,9,2067
normal_2068_RFM.png,normal,1,9,2068
normal_2069_RFM.png,normal,1,9,2069
normal_2070_RFM.png,normal,1,9,2070
normal_2071_RFM.png,normal,1,9,2071
normal_2072_RFM.png,normal,1,9,2072
normal_2073_RFM.png,normal,1,9,2073
normal_2074_RFM.png,normal,1,9,2074
normal_2075_RFM.png,normal,2,9,2075
normal_2076_RFM.png,normal,1,9,2076
normal_2077_RFM.png,normal,1,9,2077
normal_2078_RFM.png,normal,1,9,2078
normal_2079_RFM.png,normal,1,9,2079
normal_2080_RFM.png,normal,1,9,2080
normal_2081_RFM.png,normal,1,9,2081
normal_2082_RFM.png,normal,1,9,2082
normal_2083_RFM.png,normal,3,9,2083
normal_2084_RFM.png,normal,1,0,2084
normal_2085_RFM.png,normal,1,9,2085
normal_2086_RFM.png,normal,1,9,2086
normal_2087_RFM.png,normal,1,9,2087
normal_2088_RFM.png,normal,2,9,2088
normal_2089_RFM.png,normal,1,9,2089
normal_2090_RFM.png,normal,1,9,2090
normal_2091_RFM.png,normal,1,9,2091
normal_2092_RFM.png,normal,1,0,2092
normal_2093_RFM.png,normal,1,9,2093
normal_2094_RFM.png,normal,1,9,2094
normal_2095_RFM.png,normal,1,9,2095
normal_2096_RFM.png,normal,1,9,2096
normal_2097_RFM.png,normal,1,9,2097
normal_2098_RFM.png,normal,1,9,2098
normal_2099_RFM.png,normal,1,9,2099
normal_2100_RFM.png,normal,1,9,2100
normal_2101_RFM.png,normal,1,9,2101
normal_2102_RFM.png,normal,1,9,2102
normal_2103_RFM.png,normal,1,9,2103
normal_2104_RFM.png,normal,1,9,2104
normal_2105_RFM.png,normal,1,9,2105
normal_2106_RFM.png,normal,1,9,2106
normal_2107_RFM.png,normal,1,9,2107
normal_2108_RFM.png,normal,1,9,2108
normal_2109_RFM.png,normal,1,9,2109
normal_2110_RFM.png,normal,1,0,2110
normal_2111_RFM.png,normal,1,9,2111
normal_2112_RFM.png,normal,1,0,2112
normal_2113_RFM.png,normal,1,9,2113
normal_2114_RFM.png,normal,1,0,2114
normal_2115_RFM.png,normal,1,9,2115
normal_2116_RFM.png,normal,1,9,2116
normal_2117_RFM.png,normal,1,9,2117
normal_2118_RFM.png,normal,1,9,2118
normal_2119_RFM.png,normal,1,9,2119
normal_2120_RFM.png,normal,1,9,2120
normal_2121_RFM.png,normal,1,9,2121
normal_2122_RFM.png,normal,1,9,2122
normal_2123_RFM.png,normal,1,9,2123
normal_2124_RFM.png,normal,1,9,2124
normal_2125_RFM.png,normal,1,9,2125
normal_2126_RFM.png,normal,1,9,2126
normal_2127_RFM.png,normal,2,9,2127
normal_2128_RFM.png,normal,1,9,2128
normal_2129_RFM.png,normal,1,0,2129
normal_2130_RFM.png,normal,1,9,2130
normal_2131_RFM.png,normal,1,9,2131
normal_2132_RFM.png,normal,1,9,2132
normal_2133_RFM.png,normal,1,9,2133
normal_2134_RFM.png,normal,1,9,2134
normal_2135_RFM.png,normal,1,9,2135
normal_2136_RFM.png,normal,1,9,2136
normal_2137_RFM.png,normal,1,0,2137
normal_2138_RFM.png,normal,1,9,2138
normal_2139_RFM.png,normal,1,0,2139
normal_2140_RFM.png,normal,1,9,2140
normal_2141_RFM.png,normal,1,9,2141
normal_2142_RFM.png,normal,1,9,2142
normal_2143_RFM.png,normal,1,9,2143
normal_2144_RFM.png,normal,1,9,2144
normal_2145_RFM.png,normal,1,9,2145
normal_2146_RFM.png,normal,1,0,2146
normal_2147_RFM.png,normal,1,9,2147
normal_2148_RFM.png,normal,1,9,2148
normal_2149_RFM.png,normal,1,9,2149
normal_2150_RFM.png,normal,1,9,2150
normal_2151_RFM.png,normal,1,9,2151
normal_2152_RFM.png,normal,1,9,2152
normal_2153_RFM.png,normal,1,9,2153
normal_2154_RFM.png,normal,1,9,2154
normal_2155_RFM.png,normal,4,0,2155
normal_2156_RFM.png,normal,1,9,2156
normal_2157_RFM.png,normal,1,9,2157
normal_2158_RFM.png,normal,1,0,2158
normal_2159_RFM.png,normal,1,9,2159
normal_2160_RFM.png,normal,1,0,2160
normal_2161_RFM.png,normal,1,9,2161
normal_2162_RFM.png,normal,1,9,2162
normal_2163_RFM.png,normal,1,0,2163
normal_2164_RFM.png,normal,1,9,2164
normal_2165_RFM.png,normal,1,9,2165
normal_2166_RFM.png,normal,1,9,2166
normal_2167_RFM.png,normal,1,9,2167
normal_2168_RFM.png,normal,1,9,2168
normal_2169_RFM.png,normal,1,9,2169
normal_2170_RFM.png,normal,1,9,2170
normal_2171_RFM.png,normal,1,0,2171
normal_2172_RFM.png,normal,1,9,2172
normal_2173_RFM.png,normal,1,0,2173
normal_2174_RFM.png,normal,1,9,2174
normal_2175_RFM.png,normal,1,0,2175
normal_2176_RFM.png,normal,1,0,2176
normal_2177_RFM.png,normal,1,9,2177
normal_2178_RFM.png,normal,1,9,2178
normal_2179_RFM.png,normal,1,9,2179
normal_2180_RFM.png,normal,1,9,2180
normal_2181_RFM.png,normal,1,9,2181
normal_2182_RFM.png,normal,1,0,2182
normal_2183_RFM.png,normal,1,9,2183
normal_2184_RFM.png,normal,1,9,2184
normal_2185_RFM.png,normal,1,9,2185
normal_2186_RFM.png,normal,1,0,2186
normal_2187_RFM.png,normal,1,9,2187
normal_2188_RFM.png,normal,1,0,2188
normal_2189_RFM.png,normal,1,0,2189
normal_2190_RFM.png,normal,1,9,2190
normal_2191_RFM.png,normal,1,9,2191
normal_2192_RFM.png,normal,1,9,2192
normal_2193_RFM.png,normal,1,9,2193
normal_2194_RFM.png,normal,1,9,2194
normal_2195_RFM.png,normal,1,9,2195
normal_2196_RFM.png,normal,1,0,2196
normal_2197_RFM.png,normal,1,9,2197
normal_2198_RFM.png,normal,1,9,2198
normal_2199_RFM.png,normal,1,9,2199
normal_2200_RFM.png,normal,1,9,2200
normal_2201_RFM.png,normal,1,9,2201
normal_2202_RFM.png,normal,1,9,2202
normal_2203_RFM.png,normal,1,9,2203
normal_2204_RFM.png,normal,1,9,2204
normal_2205_RFM.png,normal,1,0,2205
normal_2206_RFM.png,normal,1,9,2206
normal_2207_RFM.png,normal,1,9,2207
normal_2208_RFM.png,normal,1,9,2208
normal_2209_RFM.png,normal,1,9,2209
normal_2210_RFM.png,normal,1,9,2210
normal_2211_RFM.png,normal,1,9,2211
normal_2212_RFM.png,normal,1,9,2212
normal_2213_RFM.png,normal,1,9,2213
normal_2214_RFM.png,normal,4,9,2214
normal_2215_RFM.png,normal,1,9,2215
normal_2216_RFM.png,normal,1,9,2216
normal_2217_RFM.png,normal,1,9,2217
normal_2218_RFM.png,normal,1,9,2218
normal_2219_RFM.png,normal,1,9,2219
normal_2220_RFM.png,normal,1,9,2220
normal_2221_RFM.png,normal,1,9,2221
normal_2222_RFM.png,normal,1,0,2222
normal_2223_RFM.png,normal,1,0,2223
normal_2224_RFM.png,normal,1,0,2224
normal_2225_RFM.png,normal,1,9,2225
normal_2226_RFM.png,normal,1,9,2226
normal_2227_RFM.png,normal,1,9,2227
normal_2228_RFM.png,normal,1,9,2228
normal_2229_RFM.png,normal,1,9,2229
normal_2230_RFM.png,normal,1,9,2230
normal_2231_RFM.png,normal,1,9,2231
normal_2232_RFM.png,normal,1,9,2232
normal_2233_RFM.png,normal,4,9,2233
normal_2234_RFM.png,normal,1,0,2234
normal_2235_RFM.png,normal,1,0,2235
normal_2236_RFM.png,normal,1,9,2236
normal_2237_RFM.png,normal,1,9,2237
normal_2238_RFM.png,normal,1,9,2238
normal_2239_RFM.png,normal,1,9,2239
normal_2240_RFM.png,normal,1,9,2240
normal_2241_RFM.png,normal,1,9,2241
normal_2242_RFM.png,normal,1,9,2242
normal_2243_RFM.png,normal,1,9,2243
normal_2244_RFM.png,normal,1,9,2244
normal_2245_RFM.png,normal,1,9,2245
normal_2246_RFM.png,normal,1,9,2246
normal_2247_RFM.png,normal,1,9,2247
normal_2248_RFM.png,normal,1,9,2248
normal_2249_RFM.png,normal,1,9,2249
normal_2250_RFM.png,normal,1,9,2250
normal_2251_RFM.png,normal,1,9,2251
normal_2252_RFM.png,normal,1,9,2252
normal_2253_RFM.png,normal,1,9,2253
normal_2254_RFM.png,normal,1,9,2254
normal_2255_RFM.png,normal,1,0,2255
normal_2256_RFM.png,normal,1,9,2256
normal_2257_RFM.png,normal,1,9,2257
normal_2258_RFM.png,normal,1,9,2258
normal_2259_RFM.png,normal,1,9,2259
normal_2260_RFM.png,normal,1,0,2260
normal_2261_RFM.png,normal,1,9,2261
normal_2262_RFM.png,normal,1,0,2262
normal_2263_RFM.png,normal,1,9,2263
normal_2264_RFM.png,normal,1,9,2264
normal_2265_RFM.png,normal,1,9,2265
normal_2266_RFM.png,normal,1,9,2266
normal_2267_RFM.png,normal,1,9,2267
normal_2268_RFM.png,normal,1,9,2268
normal_2269_RFM.png,normal,1,0,2269
normal_2270_RFM.png,normal,3,9,2270
normal_2271_RFM.png,normal,1,9,2271
normal_2272_RFM.png,normal,1,9,2272
normal_2273_RFM.png,normal,1,9,2273
normal_2274_RFM.png,normal,1,9,2274
normal_2275_RFM.png,normal,1,0,2275
normal_2276_RFM.png,normal,1,9,2276
normal_2277_RFM.png,normal,1,9,2277
normal_2278_RFM.png,normal,1,0,2278
normal_2279_RFM.png,normal,1,9,2279
normal_2280_RFM.png,normal,1,9,2280
normal_2281_RFM.png,normal,1,9,2281
normal_2282_RFM.png,normal,1,0,2282
normal_2283_RFM.png,normal,1,9,2283
normal_2284_RFM.png,normal,1,9,2284
normal_2285_RFM.png,normal,1,9,2285
normal_2286_RFM.png,normal,1,9,2286
normal_2287_RFM.png,normal,1,9,2287
normal_2288_RFM.png,normal,1,9,2288
normal_2289_RFM.png,normal,1,9,2289
normal_2290_RFM.png,normal,1,9,2290
normal_2291_RFM.png,normal,1,9,2291
normal_2292_RFM.png,normal,1,9,2292
normal_2293_RFM.png,normal,1,9,2293
normal_2294_RFM.png,normal,1,0,2294
normal_2295_RFM.png,normal,1,9,2295
normal_2296_RFM.png,normal,1,9,2296
normal_2297_RFM.png,normal,1,9,2297
normal_2298_RFM.png,normal,1,9,2298
normal_2299_RFM.png,normal,1,9,2299
normal_2300_RFM.png,normal,1,9,2300
normal_2301_RFM.png,normal,1,0,2301
normal_2302_RFM.png,normal,1,9,2302
normal_2303_RFM.png,normal,1,9,2303
normal_2304_RFM.png,normal,1,9,2304
normal_2305_RFM.png,normal,1,9,2305
normal_2306_RFM.png,normal,1,9,2306
normal_2307_RFM.png,normal,1,9,2307
normal_2308_RFM.png,normal,1,0,2308
normal_2309_RFM.png,normal,1,9,2309
normal_2310_RFM.png,normal,1,9,2310
normal_2311_RFM.png,normal,1,9,2311
normal_2312_RFM.png,normal,1,9,2312
normal_2313_RFM.png,normal,1,9,2313
normal_2314_RFM.png,normal,1,9,2314
normal_2315_RFM.png,normal,1,9,2315
normal_2316_RFM.png,normal,1,9,2316
normal_2317_RFM.png,normal,1,9,2317
normal_2318_RFM.png,normal,2,9,2318
normal_2319_RFM.png,normal,1,0,2319
normal_2320_RFM.png,normal,1,0,2320
normal_2321_RFM.png,normal,1,9,2321
normal_2322_RFM.png,normal,1,9,2322
normal_2323_RFM.png,normal,1,9,2323
normal_2324_RFM.png,normal,1,9,2324
normal_2325_RFM.png,normal,1,9,2325
normal_2326_RFM.png,normal,1,9,2326
normal_2327_RFM.png,normal,1,9,2327
normal_2328_RFM.png,normal,1,9,2328
normal_2329_RFM.png,normal,1,9,2329
normal_2330_RFM.png,normal,1,9,2330
normal_2331_RFM.png,normal,1,9,2331
normal_2332_RFM.png,normal,1,9,2332
normal_2333_RFM.png,normal,1,9,2333
normal_2334_RFM.png,normal,1,9,2334
normal_2335_RFM.png,normal,1,9,2335
normal_2336_RFM.png,normal,1,9,2336
normal_2337_RFM.png,normal,1,9,2337
normal_2338_RFM.png,normal,1,0,2338
normal_2339_RFM.png,normal,1,9,2339
normal_2340_RFM.png,normal,1,9,2340
normal_2341_RFM.png,normal,1,9,2341
normal_2342_RFM.png,normal,1,9,2342
normal_2343_RFM.png,normal,1,9,2343
normal_2344_RFM.png,normal,1,9,2344
normal_2345_RFM.png,normal,1,9,2345
normal_2346_RFM.png,normal,1,0,2346
normal_2347_RFM.png,normal,1,9,2347
normal_2348_RFM.png,normal,1,9,2348
normal_2349_RFM.png,normal,1,9,2349
normal_2350_RFM.png,normal,1,9,2350
normal_2351_RFM.png,normal,1,9,2351
normal_2352_RFM.png,normal,1,9,2352
normal_2353_RFM.png,normal,1,9,2353
normal_2354_RFM.png,normal,1,9,2354
normal_2355_RFM.png,normal,2,9,2355
normal_2356_RFM.png,normal,1,0,2356
normal_2357_RFM.png,normal,1,9,2357
normal_2358_RFM.png,normal,1,9,2358
normal_2359_RFM.png,normal,1,9,2359
normal_2360_RFM.png,normal,1,9,2360
normal_2361_RFM.png,normal,1,9,2361
normal_2362_RFM.png,normal,1,9,2362
normal_2363_RFM.png,normal,1,0,2363
normal_2364_RFM.png,normal,1,9,2364
normal_2365_RFM.png,normal,1,9,2365
normal_2366_RFM.png,normal,1,9,2366
normal_2367_RFM.png,normal,1,9,2367
normal_2368_RFM.png,normal,1,9,2368
normal_2369_RFM.png,normal,1,9,2369
normal_2370_RFM.png,normal,1,9,2370
normal_2371_RFM.png,normal,1,0,2371
normal_2372_RFM.png,normal,1,9,2372
normal_2373_RFM.png,normal,1,9,2373
normal_2374_RFM.png,normal,1,9,2374
normal_2375_RFM.png,normal,1,9,2375
normal_2376_RFM.png,normal,1,9,2376
normal_2377_RFM.png,normal,1,9,2377
normal_2378_RFM.png,normal,1,9,2378
normal_2379_RFM.png,normal,1,9,2379
normal_2380_RFM.png,normal,1,9,2380
normal_2381_RFM.png,normal,1,9,2381
normal_2382_RFM.png,normal,1,9,2382
normal_2383_RFM.png,normal,1,9,2383
normal_2384_RFM.png,normal,1,9,2384
normal_2385_RFM.png,normal,1,9,2385
normal_2386_RFM.png,normal,1,9,2386
normal_2387_RFM.png,normal,1,9,2387
normal_2388_RFM.png,normal,1,9,2388
normal_2389_RFM.png,normal,1,0,2389
normal_2390_RFM.png,normal,1,9,2390
normal_2391_RFM.png,normal,1,9,2391
normal_2392_RFM.png,normal,1,9,2392
normal_2393_RFM.png,normal,1,9,2393
normal_2394_RFM.png,normal,1,9,2394
normal_2395_RFM.png,normal,1,9,2395
normal_2396_RFM.png,normal,1,9,2396
normal_2397_RFM.png,normal,1,9,2397
normal_2398_RFM.png,normal,1,9,2398
normal_2399_RFM.png,normal,1,9,2399
normal_2400_RFM.png,normal,1,9,2400
normal_2401_RFM.png,normal,1,9,2401
normal_2402_RFM.png,normal,1,0,2402
normal_2403_RFM.png,normal,1,9,2403
normal_2404_RFM.png,normal,1,0,2404
normal_2405_RFM.png,normal,1,9,2405
normal_2406_RFM.png,normal,1,9,2406
normal_2407_RFM.png,normal,1,9,2407
normal_2408_RFM.png,normal,1,9,2408
normal_2409_RFM.png,normal,1,9,2409
normal_2410_RFM.png,normal,1,0,2410
normal_2411_RFM.png,normal,1,9,2411
normal_2412_RFM.png,normal,1,9,2412
normal_2413_RFM.png,normal,1,9,2413
normal_2414_RFM.png,normal,1,9,2414
normal_2415_RFM.png,normal,1,9,2415
normal_2416_RFM.png,normal,1,9,2416
normal_2417_RFM.png,normal,1,9,2417
normal_2418_RFM.png,normal,1,9,2418
normal_2419_RFM.png,normal,1,0,2419
normal_2420_RFM.png,normal,1,9,2420
normal_2421_RFM.png,normal,1,9,2421
normal_2422_RFM.png,normal,1,9,2422
normal_2423_RFM.png,normal,1,9,2423
normal_2424_RFM.png,normal,1,9,2424
normal_2425_RFM.png,normal,1,9,2425
normal_2426_RFM.png,normal,1,9,2426
normal_2427_RFM.png,normal,1,9,2427
normal_2428_RFM.png,normal,1,9,2428
normal_2429_RFM.png,normal,1,9,2429
normal_2430_RFM.png,normal,1,9,2430
normal_2431_RFM.png,normal,1,9,2431
normal_2432_RFM.png,normal,1,9,2432
normal_2433_RFM.png,normal,1,0,2433
normal_2434_RFM.png,normal,1,9,2434
normal_2435_RFM.png,normal,1,9,2435
normal_2436_RFM.png,normal,1,9,2436
normal_2437_RFM.png,normal,1,9,2437
normal_2438_RFM.png,normal,1,9,2438
normal_2439_RFM.png,normal,1,9,2439
normal_2440_RFM.png,normal,1,0,2440
normal_2441_RFM.png,normal,1,0,2441
normal_2442_RFM.png,normal,1,9,2442
normal_2443_RFM.png,normal,1,9,2443
normal_2444_RFM.png,normal,1,9,2444
normal_2445_RFM.png,normal,1,0,2445
normal_2446_RFM.png,normal,1,0,2446
normal_2447_RFM.png,normal,2,9,2447
normal_2448_RFM.png,normal,1,9,2448
normal_2449_RFM.png,normal,1,9,2449
normal_2450_RFM.png,normal,1,9,2450
normal_2451_RFM.png,normal,1,9,2451
normal_2452_RFM.png,normal,1,0,2452
normal_2453_RFM.png,normal,1,0,2453
normal_2454_RFM.png,normal,1,9,2454
normal_2455_RFM.png,normal,4,9,2455
normal_2456_RFM.png,normal,1,9,2456
normal_2457_RFM.png,normal,1,9,2457
normal_2458_RFM.png,normal,1,9,2458
normal_2459_RFM.png,normal,4,9,2459
normal_2460_RFM.png,normal,1,9,2460
normal_2461_RFM.png,normal,1,9,2461
normal_2462_RFM.png,normal,1,9,2462
normal_2463_RFM.png,normal,1,9,2463
normal_2464_RFM.png,normal,1,9,2464
normal_2465_RFM.png,normal,4,0,2465
normal_2466_RFM.png,normal,1,9,2466
normal_2467_RFM.png,normal,1,0,2467
normal_2468_RFM.png,normal,1,0,2468
normal_2469_RFM.png,normal,2,9,2469
normal_2470_RFM.png,normal,1,0,2470
normal_2471_RFM.png,normal,1,9,2471
normal_2472_RFM.png,normal,1,9,2472
normal_2473_RFM.png,normal,1,0,2473
normal_2474_RFM.png,normal,1,9,2474
normal_2475_RFM.png,normal,1,9,2475
normal_2476_RFM.png,normal,1,9,2476
normal_2477_RFM.png,normal,1,9,2477
normal_2478_RFM.png,normal,1,9,2478
normal_2479_RFM.png,normal,1,9,2479
normal_2480_RFM.png,normal,4,9,2480
normal_2481_RFM.png,normal,1,9,2481
normal_2482_RFM.png,normal,1,9,2482
normal_2483_RFM.png,normal,1,9,2483
normal_2484_RFM.png,normal,1,9,2484
normal_2485_RFM.png,normal,1,0,2485
normal_2486_RFM.png,normal,2,9,2486
normal_2487_RFM.png,normal,1,0,2487
normal_2488_RFM.png,normal,1,9,2488
normal_2489_RFM.png,normal,1,9,2489
normal_2490_RFM.png,normal,1,9,2490
normal_2491_RFM.png,normal,1,9,2491
normal_2492_RFM.png,normal,1,9,2492
normal_2493_RFM.png,normal,1,9,2493
normal_2494_RFM.png,normal,1,0,2494
normal_2495_RFM.png,normal,1,0,2495
normal_2496_RFM.png,normal,1,9,2496
normal_2497_RFM.png,normal,1,9,2497
normal_2498_RFM.png,normal,1,0,2498
normal_2499_RFM.png,normal,1,9,2499
normal_2500_RFM.png,normal,1,9,2500
normal_2501_RFM.png,normal,1,9,2501
normal_2502_RFM.png,normal,1,0,2502
normal_2503_RFM.png,normal,1,0,2503
normal_2504_RFM.png,normal,1,9,2504
normal_2505_RFM.png,normal,1,9,2505
normal_2506_RFM.png,normal,1,9,2506
normal_2507_RFM.png,normal,1,9,2507
normal_2508_RFM.png,normal,1,9,2508
normal_2509_RFM.png,normal,1,9,2509
normal_2510_RFM.png,normal,2,9,2510
papilledema_0001_EDD.jpg,papilledema,1,9,1
papilledema_0002_EDD.jpg,papilledema,2,9,2
papilledema_0003_EDD.jpg,papilledema,1,9,3
papilledema_0004_EDD.jpg,papilledema,1,9,4
papilledema_0005_EDD.jpg,papilledema,2,9,5
papilledema_0006_EDD.jpg,papilledema,2,9,6
papilledema_0007_EDD.jpg,papilledema,1,9,7
papilledema_0008_EDD.jpg,papilledema,1,9,8
papilledema_0009_EDD.jpg,papilledema,1,9,9
papilledema_0010_EDD.jpg,papilledema,1,9,10
papilledema_0011_EDD.jpg,papilledema,1,9,11
papilledema_0012_EDD.jpg,papilledema,1,9,12
papilledema_0013_EDD.jpg,papilledema,1,9,13
papilledema_0014_EDD.jpg,papilledema,1,9,14
papilledema_0015_EDD.jpg,papilledema,1,9,15
papilledema_0016_EDD.jpg,papilledema,1,9,16
papilledema_0017_EDD.jpg,papilledema,2,9,17
papilledema_0018_EDD.jpg,papilledema,1,9,18
papilledema_0019_EDD.jpg,papilledema,2,9,19
papilledema_0020_EDD.jpg,papilledema,1,9,20
papilledema_0021_EDD.jpg,papilledema,1,9,21
papilledema_0022_EDD.jpg,papilledema,1,9,22
papilledema_0023_EDD.jpg,papilledema,1,9,23
papilledema_0024_EDD.jpg,papilledema,2,9,24
papilledema_0025_EDD.jpg,papilledema,1,9,25
papilledema_0026_EDD.jpg,papilledema,1,9,26
papilledema_0027_EDD.jpg,papilledema,1,0,27
papilledema_0028_EDD.jpg,papilledema,1,9,28
papilledema_0029_EDD.jpg,papilledema,1,9,29
papilledema_0030_EDD.jpg,papilledema,1,9,30
papilledema_0031_EDD.jpg,papilledema,1,9,31
papilledema_0032_EDD.jpg,papilledema,1,9,32
papilledema_0033_EDD.jpg,papilledema,2,9,33
papilledema_0034_EDD.jpg,papilledema,2,9,34
papilledema_0035_EDD.jpg,papilledema,1,9,35
papilledema_0036_EDD.jpg,papilledema,1,9,36
papilledema_0037_EDD.jpg,papilledema,1,9,37
papilledema_0038_EDD.jpg,papilledema,1,9,38
papilledema_0039_EDD.jpg,papilledema,2,9,39
papilledema_0040_EDD.jpg,papilledema,1,9,40
papilledema_0041_EDD.jpg,papilledema,3,9,41
papilledema_0042_EDD.jpg,papilledema,1,9,42
papilledema_0043_EDD.jpg,papilledema,1,9,43
papilledema_0044_EDD.jpg,papilledema,1,9,44
papilledema_0045_EDD.jpg,papilledema,3,9,45
papilledema_0046_EDD.jpg,papilledema,3,9,46
papilledema_0047_EDD.jpg,papilledema,1,9,47
papilledema_0048_EDD.jpg,papilledema,1,9,48
papilledema_0049_EDD.jpg,papilledema,1,9,49
papilledema_0050_EDD.jpg,papilledema,1,9,50
papilledema_0051_EDD.jpg,papilledema,1,9,51
papilledema_0052_EDD.jpg,papilledema,1,9,52
papilledema_0053_EDD.jpg,papilledema,1,9,53
papilledema_0054_EDD.jpg,papilledema,1,9,54
papilledema_0055_EDD.jpg,papilledema,1,0,55
papilledema_0056_EDD.jpg,papilledema,3,9,56
papilledema_0057_EDD.jpg,papilledema,1,9,57
papilledema_0058_EDD.jpg,papilledema,1,9,58
papilledema_0059_EDD.jpg,papilledema,1,0,59
papilledema_0060_EDD.jpg,papilledema,1,9,60
papilledema_0061_EDD.jpg,papilledema,1,9,61
papilledema_0062_EDD.jpg,papilledema,1,9,62
papilledema_0063_EDD.jpg,papilledema,1,9,63
papilledema_0064_EDD.jpg,papilledema,1,9,64
papilledema_0065_EDD.jpg,papilledema,1,0,65
papilledema_0066_EDD.jpg,papilledema,1,9,66
papilledema_0067_EDD.jpg,papilledema,2,9,67
papilledema_0068_EDD.jpg,papilledema,2,0,68
papilledema_0069_EDD.jpg,papilledema,1,9,69
papilledema_0070_EDD.jpg,papilledema,1,9,70
papilledema_0071_EDD.jpg,papilledema,1,9,71
papilledema_0072_EDD.jpg,papilledema,1,9,72
papilledema_0073_EDD.jpg,papilledema,1,9,73
papilledema_0074_EDD.jpg,papilledema,2,9,74
papilledema_0075_EDD.jpg,papilledema,1,9,75
papilledema_0076_EDD.jpg,papilledema,3,9,76
papilledema_0077_EDD.jpg,papilledema,1,9,77
papilledema_0078_EDD.jpg,papilledema,3,9,78
papilledema_0079_EDD.jpg,papilledema,1,9,79
papilledema_0080_EDD.jpg,papilledema,1,9,80
papilledema_0081_EDD.jpg,papilledema,1,9,81
papilledema_0082_EDD.jpg,papilledema,1,9,82
papilledema_0083_EDD.jpg,papilledema,1,9,83
papilledema_0084_EDD.jpg,papilledema,1,9,84
papilledema_0085_EDD.jpg,papilledema,1,9,85
papilledema_0086_EDD.jpg,papilledema,1,9,86
papilledema_0087_EDD.jpg,papilledema,1,9,87
papilledema_0088_EDD.jpg,papilledema,1,9,88
papilledema_0089_EDD.jpg,papilledema,1,9,89
papilledema_0090_EDD.jpg,papilledema,1,9,90
papilledema_0091_EDD.jpg,papilledema,1,9,91
papilledema_0092_EDD.jpg,papilledema,1,9,92
papilledema_0093_EDD.jpg,papilledema,1,9,93
papilledema_0094_EDD.jpg,papilledema,1,9,94
papilledema_0095_EDD.jpg,papilledema,1,9,95
papilledema_0096_EDD.jpg,papilledema,1,9,96
papilledema_0097_EDD.jpg,papilledema,4,9,97
papilledema_0098_EDD.jpg,papilledema,3,9,98
papilledema_0099_EDD.jpg,papilledema,2,9,99
papilledema_0100_EDD.jpg,papilledema,4,9,100
papilledema_0101_EDD.jpg,papilledema,3,9,101
papilledema_0102_EDD.jpg,papilledema,1,9,102
papilledema_0103_EDD.jpg,papilledema,1,9,103
papilledema_0104_EDD.jpg,papilledema,1,9,104
papilledema_0105_EDD.jpg,papilledema,1,9,105
papilledema_0106_EDD.jpg,papilledema,1,9,106
papilledema_0107_EDD.jpg,papilledema,2,9,107
papilledema_0108_EDD.jpg,papilledema,1,9,108
papilledema_0109_EDD.jpg,papilledema,1,9,109
papilledema_0110_EDD.jpg,papilledema,1,9,110
papilledema_0111_EDD.jpg,papilledema,1,0,111
papilledema_0112_EDD.jpg,papilledema,1,9,112
papilledema_0113_EDD.jpg,papilledema,2,9,113
papilledema_0114_EDD.jpg,papilledema,1,9,114
papilledema_0115_EDD.jpg,papilledema,1,9,115
papilledema_0116_EDD.jpg,papilledema,1,9,116
papilledema_0117_EDD.jpg,papilledema,1,9,117
papilledema_0118_EDD.jpg,papilledema,1,0,118
papilledema_0119_EDD.jpg,papilledema,2,9,119
papilledema_0120_EDD.jpg,papilledema,1,9,120
papilledema_0121_EDD.jpg,papilledema,1,9,121
papilledema_0122_EDD.jpg,papilledema,1,9,122
papilledema_0123_EDD.jpg,papilledema,1,9,123
papilledema_0124_EDD.jpg,papilledema,1,9,124
papilledema_0125_EDD.jpg,papilledema,1,0,125
papilledema_0126_EDD.jpg,papilledema,1,9,126
papilledema_0127_EDD.jpg,papilledema,1,9,127
papilledema_0128_IFD.jpg,papilledema,1,9,128
papilledema_0129_IFD.jpg,papilledema,1,9,129
papilledema_0130_IFD.jpg,papilledema,1,9,130
papilledema_0131_IFD.jpg,papilledema,1,9,131
papilledema_0132_IFD.jpg,papilledema,1,9,132
papilledema_0133_IFD.jpg,papilledema,1,9,133
papilledema_0134_IFD.jpg,papilledema,1,9,134
papilledema_0135_IFD.jpg,papilledema,1,9,135
papilledema_0136_IFD.jpg,papilledema,1,9,136
papilledema_0137_IFD.jpg,papilledema,1,9,137
papilledema_0138_IFD.jpg,papilledema,1,0,138
papilledema_0139_IFD.jpg,papilledema,3,9,139
papilledema_0140_IFD.jpg,papilledema,1,0,140
papilledema_0141_PPE.jpg,papilledema,2,9,141
papilledema_0142_PPE.jpg,papilledema,1,9,142
papilledema_0143_PPE.jpg,papilledema,1,9,143
papilledema_0144_PPE.jpg,papilledema,2,9,144
papilledema_0145_PPE.jpg,papilledema,2,9,145
papilledema_0146_PPE.jpg,papilledema,1,9,146
papilledema_0147_PPE.jpg,papilledema,3,9,147
papilledema_0148_PPE.jpg,papilledema,2,9,148
papilledema_0149_PPE.jpg,papilledema,1,9,149
papilledema_0150_PPE.jpg,papilledema,1,9,150
papilledema_0151_PPE.jpg,papilledema,1,9,151
papilledema_0152_PPE.jpg,papilledema,3,9,152
papilledema_0153_PPE.jpg,papilledema,1,9,153
papilledema_0154_PPE.jpg,papilledema,1,9,154
papilledema_0155_PPE.jpg,papilledema,2,9,155
papilledema_0156_PPE.jpg,papilledema,3,9,156
papilledema_0157_PPE.jpg,papilledema,2,9,157
papilledema_0158_PPE.jpg,papilledema,3,9,158
papilledema_0159_PPE.jpg,papilledema,2,9,159
papilledema_0160_PPE.jpg,papilledema,2,9,160
papilledema_0161_PPE.jpg,papilledema,2,9,161
papilledema_0162_PPE.jpg,papilledema,1,9,162
papilledema_0163_PPE.jpg,papilledema,2,9,163
papilledema_0164_PPE.jpg,papilledema,1,9,164
papilledema_0165_PPE.jpg,papilledema,1,9,165
papilledema_0166_PPE.jpg,papilledema,1,9,166
papilledema_0167_PPE.jpg,papilledema,2,0,167
papilledema_0168_PPE.jpg,papilledema,3,9,168
papilledema_0169_PPE.jpg,papilledema,1,9,169
papilledema_0170_PPE.jpg,papilledema,2,9,170
papilledema_0171_PPE.jpg,papilledema,2,9,171
papilledema_0172_PPE.jpg,papilledema,1,9,172
papilledema_0173_PPE.jpg,papilledema,1,9,173
papilledema_0174_PPE.jpg,papilledema,1,9,174
papilledema_0175_PPE.jpg,papilledema,1,9,175
papilledema_0176_PPE.jpg,papilledema,2,9,176
papilledema_0177_PPE.jpg,papilledema,4,9,177
papilledema_0178_PPE.jpg,papilledema,3,9,178
papilledema_0179_PPE.jpg,papilledema,2,9,179
papilledema_0180_PPE.jpg,papilledema,2,9,180
papilledema_0181_PPE.jpg,papilledema,2,9,181
papilledema_0182_PPE.jpg,papilledema,2,9,182
papilledema_0183_PPE.jpg,papilledema,3,9,183
papilledema_0184_PPE.jpg,papilledema,2,9,184
papilledema_0185_PPE.jpg,papilledema,1,9,185
papilledema_0186_PPE.jpg,papilledema,2,9,186
papilledema_0187_PPE.jpg,papilledema,3,9,187
papilledema_0188_PPE.jpg,papilledema,2,9,188
papilledema_0189_PPE.jpg,papilledema,1,9,189
papilledema_0190_PPE.jpg,papilledema,1,9,190
papilledema_0191_PPE.jpg,papilledema,2,9,191
papilledema_0192_PPE.jpg,papilledema,1,9,192
papilledema_0193_PPE.jpg,papilledema,2,9,193
papilledema_0194_PPE.jpg,papilledema,3,9,194
papilledema_0195_PPE.jpg,papilledema,1,9,195
papilledema_0196_PPE.jpg,papilledema,2,0,196
papilledema_0197_PPE.jpg,papilledema,2,9,197
papilledema_0198_PPE.jpg,papilledema,2,9,198
papilledema_0199_PPE.jpg,papilledema,1,9,199
papilledema_0200_PPE.jpg,papilledema,1,9,200
papilledema_0201_PPE.jpg,papilledema,1,9,201
papilledema_0202_PPE.jpg,papilledema,1,9,202
papilledema_0203_PPE.jpg,papilledema,1,9,203
papilledema_0204_PPE.jpg,papilledema,1,9,204
papilledema_0205_PPE.jpg,papilledema,2,9,205
papilledema_0206_PPE.jpg,papilledema,3,9,206
papilledema_0207_PPE.jpg,papilledema,2,9,207
papilledema_0208_PPE.jpg,papilledema,2,9,208
papilledema_0209_PPE.jpg,papilledema,2,9,209
papilledema_0210_PPE.jpg,papilledema,3,9,210
papilledema_0211_PPE.jpg,papilledema,2,9,211
papilledema_0212_PPE.jpg,papilledema,2,9,212
papilledema_0213_PPE.jpg,papilledema,2,9,213
papilledema_0214_PPE.jpg,papilledema,3,9,214
papilledema_0215_PPE.jpg,papilledema,1,9,215
papilledema_0216_PPE.jpg,papilledema,2,9,216
papilledema_0217_PPE.jpg,papilledema,1,9,217
papilledema_0218_PPE.jpg,papilledema,2,9,218
papilledema_0219_PPE.jpg,papilledema,2,9,219
papilledema_0220_PPE.jpg,papilledema,2,9,220
papilledema_0221_PPE.jpg,papilledema,2,9,221
papilledema_0222_PPE.jpg,papilledema,1,9,222
papilledema_0223_PPE.jpg,papilledema,3,9,223
papilledema_0224_PPE.jpg,papilledema,1,9,224
papilledema_0225_PPE.jpg,papilledema,1,9,225
papilledema_0226_PPE.jpg,papilledema,1,9,226
papilledema_0227_PPE.jpg,papilledema,1,9,227
papilledema_0228_PPE.jpg,papilledema,1,9,228
papilledema_0229_PPE.jpg,papilledema,1,9,229
papilledema_0230_PPE.jpg,papilledema,1,9,230
papilledema_0231_PPE.jpg,papilledema,1,9,231
papilledema_0232_PPE.jpg,papilledema,1,9,232
papilledema_0233_PPE.jpg,papilledema,2,9,233
papilledema_0234_PPE.jpg,papilledema,1,9,234
papilledema_0235_PPE.jpg,papilledema,2,9,235
papilledema_0236_PPE.jpg,papilledema,2,9,236
papilledema_0237_PPE.jpg,papilledema,2,9,237
papilledema_0238_PPE.jpg,papilledema,2,9,238
papilledema_0239_PPE.jpg,papilledema,1,9,239
papilledema_0240_PPE.jpg,papilledema,2,9,240
papilledema_0241_PPE.jpg,papilledema,1,9,241
papilledema_0242_PPE.jpg,papilledema,1,9,242
papilledema_0243_PPE.jpg,papilledema,4,9,243
papilledema_0244_PPE.jpg,papilledema,1,9,244
papilledema_0245_PPE.jpg,papilledema,4,0,245
papilledema_0246_PPE.jpg,papilledema,1,9,246
papilledema_0247_PPE.jpg,papilledema,1,9,247
papilledema_0248_PPE.jpg,papilledema,2,9,248
papilledema_0249_PPE.jpg,papilledema,1,9,249
papilledema_0250_PPE.jpg,papilledema,1,9,250
papilledema_0251_PPE.jpg,papilledema,4,9,251
papilledema_0252_PPE.jpg,papilledema,1,9,252
papilledema_0253_PPE.jpg,papilledema,4,9,253
papilledema_0254_PPE.jpg,papilledema,2,9,254
papilledema_0255_PPE.jpg,papilledema,2,9,255
papilledema_0256_PPE.jpg,papilledema,1,9,256
papilledema_0257_PPE.jpg,papilledema,2,9,257
papilledema_0258_PPE.jpg,papilledema,1,9,258
papilledema_0259_PPE.jpg,papilledema,2,9,259
papilledema_0260_PPE.jpg,papilledema,2,9,260
papilledema_0261_PPE.jpg,papilledema,1,9,261
papilledema_0262_PPE.jpg,papilledema,1,9,262
papilledema_0263_PPE.jpg,papilledema,1,9,263
papilledema_0264_PPE.jpg,papilledema,1,9,264
papilledema_0265_PPE.jpg,papilledema,2,9,265
papilledema_0266_PPE.jpg,papilledema,2,9,266
papilledema_0267_PPE.jpg,papilledema,1,9,267
papilledema_0268_PPE.jpg,papilledema,1,9,268
papilledema_0269_PPE.jpg,papilledema,2,9,269
papilledema_0270_PPE.jpg,papilledema,1,9,270
papilledema_0271_PPE.jpg,papilledema,1,9,271
papilledema_0272_PPE.jpg,papilledema,1,9,272
papilledema_0273_PPE.jpg,papilledema,2,9,273
papilledema_0274_PPE.jpg,papilledema,2,9,274
papilledema_0275_PPE.jpg,papilledema,1,9,275
papilledema_0276_PPE.jpg,papilledema,1,9,276
papilledema_0277_PPE.jpg,papilledema,1,9,277
papilledema_0278_PPE.jpg,papilledema,2,9,278
papilledema_0279_PPE.jpg,papilledema,2,9,279
papilledema_0280_PPE.jpg,papilledema,2,9,280
papilledema_0281_PPE.jpg,papilledema,1,9,281
papilledema_0282_PPE.jpg,papilledema,1,9,282
papilledema_0283_PPE.jpg,papilledema,2,9,283
papilledema_0284_PPE.jpg,papilledema,1,9,284
papilledema_0285_PPE.jpg,papilledema,3,9,285
papilledema_0286_PPE.jpg,papilledema,1,9,286
papilledema_0287_PPE.jpg,papilledema,2,9,287
papilledema_0288_PPE.jpg,papilledema,2,9,288
papilledema_0289_PPE.jpg,papilledema,2,9,289
papilledema_0290_PPE.jpg,papilledema,2,9,290
papilledema_0291_PPE.jpg,papilledema,2,9,291
papilledema_0292_PPE.jpg,papilledema,2,9,292
papilledema_0293_PPE.jpg,papilledema,1,9,293
papilledema_0294_PPE.jpg,papilledema,2,9,294
papilledema_0295_PPE.jpg,papilledema,2,9,295
papilledema_0296_PPE.jpg,papilledema,1,9,296
papilledema_0297_PPE.jpg,papilledema,3,9,297
papilledema_0298_PPE.jpg,papilledema,2,9,298
papilledema_0299_PPE.jpg,papilledema,2,9,299
papilledema_0300_PPE.jpg,papilledema,1,9,300
papilledema_0301_PPE.jpg,papilledema,2,9,301
papilledema_0302_PPE.jpg,papilledema,2,9,302
papilledema_0303_PPE.jpg,papilledema,2,9,303
papilledema_0304_PPE.jpg,papilledema,1,9,304
papilledema_0305_PPE.jpg,papilledema,2,9,305
papilledema_0306_PPE.jpg,papilledema,3,9,306
papilledema_0307_PPE.jpg,papilledema,2,9,307
papilledema_0308_PPE.jpg,papilledema,2,9,308
papilledema_0309_PPE.jpg,papilledema,2,9,309
papilledema_0310_PPE.jpg,papilledema,2,9,310
papilledema_0311_PPE.jpg,papilledema,4,9,311
papilledema_0312_PPE.jpg,papilledema,2,9,312
papilledema_0313_PPE.jpg,papilledema,2,9,313
papilledema_0314_PPE.jpg,papilledema,1,9,314
papilledema_0315_PPE.jpg,papilledema,1,9,315
papilledema_0316_PPE.jpg,papilledema,2,9,316
papilledema_0317_PPE.jpg,papilledema,2,9,317
papilledema_0318_PPE.jpg,papilledema,2,9,318
papilledema_0319_PPE.jpg,papilledema,2,9,319
papilledema_0320_PPE.jpg,papilledema,4,0,320
papilledema_0321_PPE.jpg,papilledema,2,9,321
papilledema_0322_PPE.jpg,papilledema,2,9,322
papilledema_0323_PPE.jpg,papilledema,4,9,323
papilledema_0324_PPE.jpg,papilledema,1,9,324
papilledema_0325_PPE.jpg,papilledema,3,9,325
papilledema_0326_PPE.jpg,papilledema,4,9,326
papilledema_0327_PPE.jpg,papilledema,1,9,327
papilledema_0328_PPE.jpg,papilledema,2,0,328
papilledema_0329_PPE.jpg,papilledema,1,0,329
papilledema_0330_PPE.jpg,papilledema,2,9,330
papilledema_0331_PPE.jpg,papilledema,1,9,331
papilledema_0332_PPE.jpg,papilledema,1,9,332
papilledema_0333_PPE.jpg,papilledema,1,9,333
papilledema_0334_PPE.jpg,papilledema,2,9,334
papilledema_0335_PPE.jpg,papilledema,4,9,335
papilledema_0336_PPE.jpg,papilledema,2,9,336
papilledema_0337_PPE.jpg,papilledema,1,9,337
papilledema_0338_PPE.jpg,papilledema,1,9,338
papilledema_0339_PPE.jpg,papilledema,1,9,339
papilledema_0340_PPE.jpg,papilledema,2,9,340
papilledema_0341_PPE.jpg,papilledema,1,9,341
papilledema_0342_PPE.jpg,papilledema,1,9,342
papilledema_0343_PPE.jpg,papilledema,2,9,343
papilledema_0344_PPE.jpg,papilledema,4,9,344
papilledema_0345_PPE.jpg,papilledema,2,9,345
papilledema_0346_PPE.jpg,papilledema,2,9,346
papilledema_0347_PPE.jpg,papilledema,1,9,347
papilledema_0348_PPE.jpg,papilledema,1,9,348
papilledema_0349_PPE.jpg,papilledema,1,9,349
papilledema_0350_PPE.jpg,papilledema,1,9,350
papilledema_0351_PPE.jpg,papilledema,1,9,351
papilledema_0352_PPE.jpg,papilledema,2,9,352
papilledema_0353_PPE.jpg,papilledema,2,9,353
papilledema_0354_PPE.jpg,papilledema,2,9,354
papilledema_0355_PPE.jpg,papilledema,1,9,355
papilledema_0356_PPE.jpg,papilledema,2,9,356
papilledema_0357_PPE.jpg,papilledema,2,9,357
papilledema_0358_PPE.jpg,papilledema,2,9,358
papilledema_0359_PPE.jpg,papilledema,2,9,359
papilledema_0360_PPE.jpg,papilledema,1,9,360
papilledema_0361_PPE.jpg,papilledema,3,9,361
papilledema_0362_PPE.jpg,papilledema,2,9,362
papilledema_0363_PPE.jpg,papilledema,2,9,363
papilledema_0364_PPE.jpg,papilledema,1,9,364
papilledema_0365_PPE.jpg,papilledema,1,9,365
papilledema_0366_PPE.jpg,papilledema,1,9,366
papilledema_0367_PPE.jpg,papilledema,2,9,367
papilledema_0368_PPE.jpg,papilledema,1,9,368
papilledema_0369_PPE.jpg,papilledema,1,9,369
papilledema_0370_PPE.jpg,papilledema,3,9,370
papilledema_0371_PPE.jpg,papilledema,3,9,371
papilledema_0372_PPE.jpg,papilledema,2,9,372
papilledema_0373_PPE.jpg,papilledema,2,9,373
papilledema_0374_PPE.jpg,papilledema,2,9,374
papilledema_0375_PPE.jpg,papilledema,2,9,375
papilledema_0376_PPE.jpg,papilledema,1,9,376
papilledema_0377_PPE.jpg,papilledema,1,9,377
papilledema_0378_PPE.jpg,papilledema,1,9,378
papilledema_0379_PPE.jpg,papilledema,1,9,379
papilledema_0380_PPE.jpg,papilledema,2,9,380
papilledema_0381_PPE.jpg,papilledema,2,9,381
papilledema_0382_PPE.jpg,papilledema,1,9,382
papilledema_0383_PPE.jpg,papilledema,1,9,383
papilledema_0384_PPE.jpg,papilledema,2,9,384
papilledema_0385_PPE.jpg,papilledema,2,9,385
papilledema_0386_PPE.jpg,papilledema,1,9,386
papilledema_0387_PPE.jpg,papilledema,1,9,387
papilledema_0388_PPE.jpg,papilledema,3,9,388
papilledema_0389_PPE.jpg,papilledema,2,9,389
papilledema_0390_PPE.jpg,papilledema,3,9,390
papilledema_0391_PPE.jpg,papilledema,1,9,391
papilledema_0392_PPE.jpg,papilledema,2,9,392
papilledema_0393_PPE.jpg,papilledema,1,0,393
papilledema_0394_PPE.jpg,papilledema,3,9,394
papilledema_0395_PPE.jpg,papilledema,3,9,395
papilledema_0396_PPE.jpg,papilledema,2,9,396
papilledema_0397_PPE.jpg,papilledema,2,9,397
papilledema_0398_PPE.jpg,papilledema,2,9,398
papilledema_0399_PPE.jpg,papilledema,1,9,399
papilledema_0400_PPE.jpg,papilledema,1,9,400
papilledema_0401_PPE.jpg,papilledema,2,9,401
papilledema_0402_PPE.jpg,papilledema,1,9,402
papilledema_0403_PPE.jpg,papilledema,1,9,403
papilledema_0404_PPE.jpg,papilledema,1,9,404
papilledema_0405_PPE.jpg,papilledema,1,9,405
papilledema_0406_PPE.jpg,papilledema,1,9,406
papilledema_0407_PPE.jpg,papilledema,2,9,407
papilledema_0408_PPE.jpg,papilledema,2,9,408
papilledema_0409_PPE.jpg,papilledema,2,9,409
papilledema_0410_PPE.jpg,papilledema,1,9,410
papilledema_0411_PPE.jpg,papilledema,4,9,411
papilledema_0412_PPE.jpg,papilledema,2,9,412
papilledema_0413_PPE.jpg,papilledema,2,9,413
papilledema_0414_PPE.jpg,papilledema,1,9,414
papilledema_0415_PPE.jpg,papilledema,1,9,415
papilledema_0416_PPE.jpg,papilledema,1,9,416
papilledema_0417_PPE.jpg,papilledema,2,9,417
papilledema_0418_PPE.jpg,papilledema,2,9,418
papilledema_0419_PPE.jpg,papilledema,1,9,419
papilledema_0420_PPE.jpg,papilledema,1,9,420
papilledema_0421_PPE.jpg,papilledema,2,9,421
papilledema_0422_PPE.jpg,papilledema,2,9,422
papilledema_0423_PPE.jpg,papilledema,1,9,423
papilledema_0424_PPE.jpg,papilledema,1,9,424
papilledema_0425_PPE.jpg,papilledema,1,9,425
papilledema_0426_PPE.jpg,papilledema,1,9,426
papilledema_0427_PPE.jpg,papilledema,2,9,427
papilledema_0428_PPE.jpg,papilledema,2,9,428
papilledema_0429_PPE.jpg,papilledema,2,9,429
papilledema_0430_PPE.jpg,papilledema,1,9,430
papilledema_0431_PPE.jpg,papilledema,1,9,431
papilledema_0432_PPE.jpg,papilledema,1,9,432
papilledema_0433_PPE.jpg,papilledema,2,9,433
papilledema_0434_PPE.jpg,papilledema,1,9,434
papilledema_0435_PPE.jpg,papilledema,1,9,435
papilledema_0436_RFM.png,papilledema,1,9,436
papilledema_0437_RFM.png,papilledema,1,9,437
papilledema_0438_RFM.png,papilledema,1,0,438
papilledema_0439_RFM.png,papilledema,1,9,439
papilledema_0440_RFM.png,papilledema,1,9,440
papilledema_0441_RFM.png,papilledema,1,9,441
papilledema_0442_RFM.png,papilledema,2,9,442
papilledema_0443_RFM.png,papilledema,1,9,443
papilledema_0444_RFM.png,papilledema,1,9,444
papilledema_0445_RFM.png,papilledema,1,9,445
papilledema_0446_RFM.png,papilledema,1,9,446
papilledema_0447_RFM.png,papilledema,1,9,447
papilledema_0448_RFM.png,papilledema,1,9,448
papilledema_0449_RFM.png,papilledema,1,9,449
papilledema_0450_RFM.png,papilledema,1,0,450
papilledema_0451_RFM.png,papilledema,1,9,451
papilledema_0452_RFM.png,papilledema,1,9,452
papilledema_0453_RFM.png,papilledema,1,9,453
papilledema_0454_RFM.png,papilledema,1,9,454
papilledema_0455_RFM.png,papilledema,1,9,455
papilledema_0456_RFM.png,papilledema,1,9,456
papilledema_0457_RFM.png,papilledema,1,9,457
papilledema_0458_RFM.png,papilledema,1,0,458
papilledema_0459_RFM.png,papilledema,1,9,459
papilledema_0460_RFM.png,papilledema,1,9,460
papilledema_0461_RFM.png,papilledema,1,9,461
papilledema_0462_RFM.png,papilledema,1,9,462
papilledema_0463_RFM.png,papilledema,1,9,463
papilledema_0464_RFM.png,papilledema,1,9,464
papilledema_0465_RFM.png,papilledema,1,9,465
papilledema_0466_RFM.png,papilledema,1,9,466
papilledema_0467_RFM.png,papilledema,1,9,467
papilledema_0468_RFM.png,papilledema,1,9,468
papilledema_0469_RFM.png,papilledema,2,0,469
papilledema_0470_RFM.png,papilledema,1,9,470
papilledema_0471_RFM.png,papilledema,1,9,471
papilledema_0472_RFM.png,papilledema,1,9,472
papilledema_0473_RFM.png,papilledema,1,9,473
papilledema_0474_RFM.png,papilledema,1,9,474
papilledema_0475_RFM.png,papilledema,1,0,475
papilledema_0476_RFM.png,papilledema,2,0,476
papilledema_0477_RFM.png,papilledema,1,9,477
papilledema_0478_RFM.png,papilledema,1,9,478
papilledema_0479_RFM.png,papilledema,1,9,479
papilledema_0480_RFM.png,papilledema,1,9,480
papilledema_0481_RFM.png,papilledema,1,9,481
papilledema_0482_RFM.png,papilledema,2,9,482
papilledema_0483_RFM.png,papilledema,1,0,483
papilledema_0484_RFM.png,papilledema,1,9,484
papilledema_0485_RFM.png,papilledema,1,9,485
papilledema_0486_RFM.png,papilledema,1,9,486
papilledema_0487_RFM.png,papilledema,1,9,487
papilledema_0488_RFM.png,papilledema,1,9,488
papilledema_0489_RFM.png,papilledema,1,9,489
papilledema_0490_RFM.png,papilledema,1,9,490
papilledema_0491_RFM.png,papilledema,1,9,491
papilledema_0492_RFM.png,papilledema,1,9,492
papilledema_0493_RFM.png,papilledema,1,9,493
papilledema_0494_RFM.png,papilledema,4,0,494
papilledema_0495_RFM.png,papilledema,2,9,495
papilledema_0496_RFM.png,papilledema,1,9,496
papilledema_0497_RFM.png,papilledema,1,0,497
papilledema_0498_RFM.png,papilledema,1,9,498
papilledema_0499_RFM.png,papilledema,1,9,499
papilledema_0500_RFM.png,papilledema,1,9,500
papilledema_0501_RFM.png,papilledema,1,9,501
papilledema_0502_RFM.png,papilledema,1,9,502
papilledema_0503_RFM.png,papilledema,1,9,503
papilledema_0504_RFM.png,papilledema,1,0,504
papilledema_0505_RFM.png,papilledema,1,0,505
papilledema_0506_RFM.png,papilledema,1,9,506
papilledema_0507_RFM.png,papilledema,1,9,507
papilledema_0508_RFM.png,papilledema,1,9,508
papilledema_0509_RFM.png,papilledema,1,9,509
papilledema_0510_RFM.png,papilledema,1,9,510
papilledema_0511_RFM.png,papilledema,1,9,511
papilledema_0512_RFM.png,papilledema,1,0,512
papilledema_0513_RFM.png,papilledema,1,9,513
papilledema_0514_RFM.png,papilledema,1,9,514
papilledema_0515_RFM.png,papilledema,1,0,515
papilledema_0516_RFM.png,papilledema,2,9,516
papilledema_0517_RFM.png,papilledema,1,0,517
papilledema_0518_RFM.png,papilledema,4,9,518
papilledema_0519_RFM.png,papilledema,1,9,519
papilledema_0520_RFM.png,papilledema,1,9,520
papilledema_0521_RFM.png,papilledema,1,9,521
papilledema_0522_RFM.png,papilledema,1,9,522
papilledema_0523_RFM.png,papilledema,1,9,523
papilledema_0524_RFM.png,papilledema,1,9,524
papilledema_0525_RFM.png,papilledema,1,9,525
papilledema_0526_RFM.png,papilledema,1,9,526
papilledema_0527_RFM.png,papilledema,1,9,527
papilledema_0528_RFM.png,papilledema,1,9,528
papilledema_0529_RFM.png,papilledema,1,9,529
papilledema_0530_RFM.png,papilledema,1,0,530
papilledema_0531_RFM.png,papilledema,1,0,531
papilledema_0532_WHC.jpg,papilledema,4,9,532
papilledema_0533_WHC.jpg,papilledema,4,9,533
papilledema_0534_WHC.jpg,papilledema,1,9,534
papilledema_0535_WHC.jpg,papilledema,2,9,535
papilledema_0536_WHC.jpg,papilledema,2,9,536
papilledema_0537_WHC.jpg,papilledema,2,9,537
papilledema_0538_WHC.jpg,papilledema,3,9,538
papilledema_0539_WHC.jpg,papilledema,1,9,539
papilledema_0540_WHC.jpg,papilledema,4,9,540
papilledema_0541_WHC.jpg,papilledema,4,9,541
papilledema_0542_WHC.jpg,papilledema,4,9,542
papilledema_0543_WHC.jpg,papilledema,2,9,543
papilledema_0544_WHC.jpg,papilledema,1,9,544
papilledema_0545_WHC.jpg,papilledema,3,9,545
papilledema_0546_WHC.jpg,papilledema,4,9,546
papilledema_0547_WHC.jpg,papilledema,4,9,547
papilledema_0548_WHC.jpg,papilledema,1,9,548
papilledema_0549_WHC.jpg,papilledema,1,9,549
papilledema_0550_WHC.jpg,papilledema,3,9,550
papilledema_0551_WHC.jpg,papilledema,2,9,551
papilledema_0552_WHC.jpg,papilledema,4,9,552
papilledema_0553_WHC.jpg,papilledema,4,9,553
papilledema_0554_WHC.jpg,papilledema,3,9,554
papilledema_0555_WHC.jpg,papilledema,2,9,555
papilledema_0556_WHC.jpg,papilledema,4,9,556
papilledema_0557_WHC.jpg,papilledema,1,9,557
papilledema_0558_WHC.jpg,papilledema,2,9,558
papilledema_0559_WHC.jpg,papilledema,1,9,559
papilledema_0560_WHC.jpg,papilledema,1,9,560
papilledema_0561_WHC.jpg,papilledema,3,9,561
papilledema_0562_WHC.jpg,papilledema,4,0,562
papilledema_0563_WHC.jpg,papilledema,1,9,563
papilledema_0564_WHC.jpg,papilledema,1,0,564
papilledema_0565_WHC.jpg,papilledema,4,0,565
papilledema_0566_WHC.jpg,papilledema,2,9,566
papilledema_0567_WHC.jpg,papilledema,1,9,567
papilledema_0568_WHC.jpg,papilledema,4,9,568
papilledema_0569_WHC.jpg,papilledema,3,9,569
papilledema_0570_WHC.jpg,papilledema,3,9,570
papilledema_0571_WHC.jpg,papilledema,3,9,571
papilledema_0572_WHC.jpg,papilledema,3,9,572
papilledema_0573_WHC.jpg,papilledema,1,9,573
papilledema_0574_WHC.jpg,papilledema,4,9,574
papilledema_0575_WHC.jpg,papilledema,1,9,575
papilledema_0576_WHC.jpg,papilledema,4,9,576
papilledema_0577_WHC.jpg,papilledema,3,9,577
papilledema_0578_WHC.jpg,papilledema,2,9,578
papilledema_0579_WHC.jpg,papilledema,4,9,579
papilledema_0580_WHC.jpg,papilledema,1,9,580
papilledema_0581_WHC.jpg,papilledema,2,9,581
papilledema_0582_WHC.jpg,papilledema,2,9,582
papilledema_0583_WHC.jpg,papilledema,2,9,583
papilledema_0584_WHC.jpg,papilledema,3,0,584
papilledema_0585_WHC.jpg,papilledema,4,0,585
papilledema_0586_WHC.jpg,papilledema,3,0,586
papilledema_0587_WHC.jpg,papilledema,3,0,587
papilledema_0588_WHC.jpg,papilledema,4,9,588
papilledema_0589_WHC.jpg,papilledema,1,9,589
papilledema_0590_WHC.jpg,papilledema,3,9,590
papilledema_0591_WHC.jpg,papilledema,2,9,591
papilledema_0592_WHC.jpg,papilledema,1,9,592
papilledema_0593_WHC.jpg,papilledema,4,9,593
papilledema_0594_WHC.jpg,papilledema,3,9,594
papilledema_0595_WHC.jpg,papilledema,1,9,595
papilledema_0596_WHC.jpg,papilledema,3,9,596
papilledema_0597_WHC.jpg,papilledema,4,9,597
papilledema_0598_WHC.jpg,papilledema,4,9,598
papilledema_0599_WHC.jpg,papilledema,4,9,599
papilledema_0600_WHC.jpg,papilledema,3,9,600
papilledema_0601_WHC.jpg,papilledema,4,9,601
papilledema_0602_WHC.jpg,papilledema,4,9,602
papilledema_0603_WHC.jpg,papilledema,2,9,603
papilledema_0604_WHC.jpg,papilledema,2,9,604
papilledema_0605_WHC.jpg,papilledema,4,9,605
papilledema_0606_WHC.jpg,papilledema,4,9,606
papilledema_0607_WHC.jpg,papilledema,2,9,607
papilledema_0608_WHC.jpg,papilledema,1,9,608
papilledema_0609_WHC.jpg,papilledema,1,9,609
papilledema_0610_WHC.jpg,papilledema,3,9,610
papilledema_0611_WHC.jpg,papilledema,2,9,611
papilledema_0612_WHC.jpg,papilledema,2,9,612
papilledema_0613_WHC.jpg,papilledema,2,9,613
papilledema_0614_WHC.jpg,papilledema,1,9,614
papilledema_0615_WHC.jpg,papilledema,4,0,615
papilledema_0616_WHC.jpg,papilledema,4,9,616
papilledema_0617_WHC.jpg,papilledema,3,9,617
papilledema_0618_WHC.jpg,papilledema,3,9,618
papilledema_0619_WHC.jpg,papilledema,1,9,619
papilledema_0620_WHC.jpg,papilledema,3,9,620
papilledema_0621_WHC.jpg,papilledema,1,9,621
papilledema_0622_WHC.jpg,papilledema,1,9,622
papilledema_0623_WHC.jpg,papilledema,1,9,623
papilledema_0624_WHC.jpg,papilledema,1,9,624
papilledema_0625_WHC.jpg,papilledema,1,9,625
papilledema_0626_WHC.jpg,papilledema,3,9,626
papilledema_0627_WHC.jpg,papilledema,2,9,627
papilledema_0628_WHC.jpg,papilledema,1,9,628
papilledema_0629_WHC.jpg,papilledema,4,9,629
papilledema_0630_WHC.jpg,papilledema,2,9,630
papilledema_0631_WHC.jpg,papilledema,4,0,631
papilledema_0632_WHC.jpg,papilledema,1,9,632
papilledema_0633_WHC.jpg,papilledema,1,9,633
papilledema_0634_WHC.jpg,papilledema,4,9,634
papilledema_0635_WHC.jpg,papilledema,2,9,635
papilledema_0636_WHC.jpg,papilledema,4,9,636
papilledema_0637_WHC.jpg,papilledema,3,9,637
papilledema_0638_WHC.jpg,papilledema,1,9,638
papilledema_0639_WHC.jpg,papilledema,1,9,639
papilledema_0640_WHC.jpg,papilledema,1,9,640
papilledema_0641_WHC.jpg,papilledema,1,9,641
papilledema_0642_WHC.jpg,papilledema,1,9,642
papilledema_0643_WHC.jpg,papilledema,1,9,643
papilledema_0644_WHC.jpg,papilledema,4,9,644
papilledema_0645_WHC.jpg,papilledema,2,9,645
papilledema_0646_WHC.jpg,papilledema,4,9,646
papilledema_0647_WHC.jpg,papilledema,4,9,647
papilledema_0648_WHC.jpg,papilledema,3,9,648
papilledema_0649_WHC.jpg,papilledema,4,9,649
papilledema_0650_WHC.jpg,papilledema,3,9,650
papilledema_0651_WHC.jpg,papilledema,4,9,651
papilledema_0652_WHC.jpg,papilledema,4,9,652
papilledema_0653_WHC.jpg,papilledema,1,9,653
papilledema_0654_WHC.jpg,papilledema,4,9,654
papilledema_0655_WHC.jpg,papilledema,1,9,655
papilledema_0656_WHC.jpg,papilledema,4,9,656
papilledema_0657_WHC.jpg,papilledema,4,9,657
papilledema_0658_WHC.jpg,papilledema,4,9,658
papilledema_0659_WHC.jpg,papilledema,1,9,659
papilledema_0660_WHC.jpg,papilledema,4,9,660
pseudopapilledema_0001_PPE.jpg,pseudopapilledema,1,9,1
pseudopapilledema_0002_PPE.jpg,pseudopapilledema,1,9,2
pseudopapilledema_0003_PPE.jpg,pseudopapilledema,1,9,3
pseudopapilledema_0004_PPE.jpg,pseudopapilledema,1,9,4
pseudopapilledema_0005_PPE.jpg,pseudopapilledema,1,9,5
pseudopapilledema_0006_PPE.jpg,pseudopapilledema,1,9,6
pseudopapilledema_0007_PPE.jpg,pseudopapilledema,1,9,7
pseudopapilledema_0008_PPE.jpg,pseudopapilledema,1,9,8
pseudopapilledema_0009_PPE.jpg,pseudopapilledema,1,9,9
pseudopapilledema_0010_PPE.jpg,pseudopapilledema,1,9,10
pseudopapilledema_0011_PPE.jpg,pseudopapilledema,2,9,11
pseudopapilledema_0012_PPE.jpg,pseudopapilledema,1,9,12
pseudopapilledema_0013_PPE.jpg,pseudopapilledema,1,9,13
pseudopapilledema_0014_PPE.jpg,pseudopapilledema,1,9,14
pseudopapilledema_0015_PPE.jpg,pseudopapilledema,1,9,15
pseudopapilledema_0016_PPE.jpg,pseudopapilledema,1,9,16
pseudopapilledema_0017_PPE.jpg,pseudopapilledema,1,9,17
pseudopapilledema_0018_PPE.jpg,pseudopapilledema,2,9,18
pseudopapilledema_0019_PPE.jpg,pseudopapilledema,1,9,19
pseudopapilledema_0020_PPE.jpg,pseudopapilledema,1,9,20
pseudopapilledema_0021_PPE.jpg,pseudopapilledema,1,9,21
pseudopapilledema_0022_PPE.jpg,pseudopapilledema,1,9,22
pseudopapilledema_0023_PPE.jpg,pseudopapilledema,1,9,23
pseudopapilledema_0024_PPE.jpg,pseudopapilledema,4,9,24
pseudopapilledema_0025_PPE.jpg,pseudopapilledema,2,9,25
pseudopapilledema_0026_PPE.jpg,pseudopapilledema,2,9,26
pseudopapilledema_0027_PPE.jpg,pseudopapilledema,2,9,27
pseudopapilledema_0028_PPE.jpg,pseudopapilledema,1,9,28
pseudopapilledema_0029_PPE.jpg,pseudopapilledema,1,9,29
pseudopapilledema_0030_PPE.jpg,pseudopapilledema,2,9,30
pseudopapilledema_0031_PPE.jpg,pseudopapilledema,1,9,31
pseudopapilledema_0032_PPE.jpg,pseudopapilledema,1,9,32
pseudopapilledema_0033_PPE.jpg,pseudopapilledema,1,9,33
pseudopapilledema_0034_PPE.jpg,pseudopapilledema,2,9,34
pseudopapilledema_0035_PPE.jpg,pseudopapilledema,4,0,35
pseudopapilledema_0036_PPE.jpg,pseudopapilledema,1,9,36
pseudopapilledema_0037_PPE.jpg,pseudopapilledema,1,9,37
pseudopapilledema_0038_PPE.jpg,pseudopapilledema,1,9,38
pseudopapilledema_0039_PPE.jpg,pseudopapilledema,2,9,39
pseudopapilledema_0040_PPE.jpg,pseudopapilledema,1,9,40
pseudopapilledema_0041_PPE.jpg,pseudopapilledema,1,9,41
pseudopapilledema_0042_PPE.jpg,pseudopapilledema,2,9,42
pseudopapilledema_0043_PPE.jpg,pseudopapilledema,1,9,43
pseudopapilledema_0044_PPE.jpg,pseudopapilledema,1,9,44
pseudopapilledema_0045_PPE.jpg,pseudopapilledema,1,9,45
pseudopapilledema_0046_PPE.jpg,pseudopapilledema,1,9,46
pseudopapilledema_0047_PPE.jpg,pseudopapilledema,1,9,47
pseudopapilledema_0048_PPE.jpg,pseudopapilledema,1,9,48
pseudopapilledema_0049_PPE.jpg,pseudopapilledema,1,9,49
pseudopapilledema_0050_PPE.jpg,pseudopapilledema,1,9,50
pseudopapilledema_0051_PPE.jpg,pseudopapilledema,1,9,51
pseudopapilledema_0052_PPE.jpg,pseudopapilledema,1,9,52
pseudopapilledema_0053_PPE.jpg,pseudopapilledema,1,9,53
pseudopapilledema_0054_PPE.jpg,pseudopapilledema,1,9,54
pseudopapilledema_0055_PPE.jpg,pseudopapilledema,1,9,55
pseudopapilledema_0056_PPE.jpg,pseudopapilledema,1,9,56
pseudopapilledema_0057_PPE.jpg,pseudopapilledema,2,9,57
pseudopapilledema_0058_PPE.jpg,pseudopapilledema,2,9,58
pseudopapilledema_0059_PPE.jpg,pseudopapilledema,3,9,59
pseudopapilledema_0060_PPE.jpg,pseudopapilledema,2,9,60
pseudopapilledema_0061_PPE.jpg,pseudopapilledema,3,9,61
pseudopapilledema_0062_PPE.jpg,pseudopapilledema,2,9,62
pseudopapilledema_0063_PPE.jpg,pseudopapilledema,3,9,63
pseudopapilledema_0064_PPE.jpg,pseudopapilledema,2,9,64
pseudopapilledema_0065_PPE.jpg,pseudopapilledema,2,9,65
pseudopapilledema_0066_PPE.jpg,pseudopapilledema,1,9,66
pseudopapilledema_0067_PPE.jpg,pseudopapilledema,2,9,67
pseudopapilledema_0068_PPE.jpg,pseudopapilledema,2,9,68
pseudopapilledema_0069_PPE.jpg,pseudopapilledema,1,9,69
pseudopapilledema_0070_PPE.jpg,pseudopapilledema,2,9,70
pseudopapilledema_0071_PPE.jpg,pseudopapilledema,2,9,71
pseudopapilledema_0072_PPE.jpg,pseudopapilledema,1,9,72
pseudopapilledema_0073_PPE.jpg,pseudopapilledema,1,9,73
pseudopapilledema_0074_PPE.jpg,pseudopapilledema,1,9,74
pseudopapilledema_0075_PPE.jpg,pseudopapilledema,3,9,75
pseudopapilledema_0076_PPE.jpg,pseudopapilledema,3,9,76
pseudopapilledema_0077_PPE.jpg,pseudopapilledema,2,9,77
pseudopapilledema_0078_PPE.jpg,pseudopapilledema,1,9,78
pseudopapilledema_0079_PPE.jpg,pseudopapilledema,1,9,79
pseudopapilledema_0080_PPE.jpg,pseudopapilledema,2,9,80
pseudopapilledema_0081_PPE.jpg,pseudopapilledema,3,9,81
pseudopapilledema_0082_PPE.jpg,pseudopapilledema,2,9,82
pseudopapilledema_0083_PPE.jpg,pseudopapilledema,2,9,83
pseudopapilledema_0084_PPE.jpg,pseudopapilledema,3,9,84
pseudopapilledema_0085_PPE.jpg,pseudopapilledema,3,9,85
pseudopapilledema_0086_PPE.jpg,pseudopapilledema,1,9,86
pseudopapilledema_0087_PPE.jpg,pseudopapilledema,1,9,87
pseudopapilledema_0088_PPE.jpg,pseudopapilledema,2,9,88
pseudopapilledema_0089_PPE.jpg,pseudopapilledema,3,9,89
pseudopapilledema_0090_PPE.jpg,pseudopapilledema,1,9,90
pseudopapilledema_0091_PPE.jpg,pseudopapilledema,2,9,91
pseudopapilledema_0092_PPE.jpg,pseudopapilledema,2,9,92
pseudopapilledema_0093_PPE.jpg,pseudopapilledema,2,9,93
pseudopapilledema_0094_PPE.jpg,pseudopapilledema,1,9,94
pseudopapilledema_0095_PPE.jpg,pseudopapilledema,1,9,95
pseudopapilledema_0096_PPE.jpg,pseudopapilledema,2,9,96
pseudopapilledema_0097_PPE.jpg,pseudopapilledema,2,9,97
pseudopapilledema_0098_PPE.jpg,pseudopapilledema,1,9,98
pseudopapilledema_0099_PPE.jpg,pseudopapilledema,1,9,99
pseudopapilledema_0100_PPE.jpg,pseudopapilledema,1,9,100
pseudopapilledema_0101_PPE.jpg,pseudopapilledema,2,9,101
pseudopapilledema_0102_PPE.jpg,pseudopapilledema,1,9,102
pseudopapilledema_0103_PPE.jpg,pseudopapilledema,3,9,103
pseudopapilledema_0104_PPE.jpg,pseudopapilledema,2,9,104
pseudopapilledema_0105_PPE.jpg,pseudopapilledema,2,9,105
pseudopapilledema_0106_PPE.jpg,pseudopapilledema,2,9,106
pseudopapilledema_0107_PPE.jpg,pseudopapilledema,2,9,107
pseudopapilledema_0108_PPE.jpg,pseudopapilledema,1,9,108
pseudopapilledema_0109_PPE.jpg,pseudopapilledema,1,9,109
pseudopapilledema_0110_PPE.jpg,pseudopapilledema,1,9,110
pseudopapilledema_0111_PPE.jpg,pseudopapilledema,1,9,111
pseudopapilledema_0112_PPE.jpg,pseudopapilledema,4,0,112
pseudopapilledema_0113_PPE.jpg,pseudopapilledema,2,9,113
pseudopapilledema_0114_PPE.jpg,pseudopapilledema,2,9,114
pseudopapilledema_0115_PPE.jpg,pseudopapilledema,1,9,115
pseudopapilledema_0116_PPE.jpg,pseudopapilledema,2,9,116
pseudopapilledema_0117_PPE.jpg,pseudopapilledema,1,9,117
pseudopapilledema_0118_PPE.jpg,pseudopapilledema,1,9,118
pseudopapilledema_0119_PPE.jpg,pseudopapilledema,1,9,119
pseudopapilledema_0120_PPE.jpg,pseudopapilledema,1,9,120
pseudopapilledema_0121_PPE.jpg,pseudopapilledema,2,9,121
pseudopapilledema_0122_PPE.jpg,pseudopapilledema,2,9,122
pseudopapilledema_0123_PPE.jpg,pseudopapilledema,4,9,123
pseudopapilledema_0124_PPE.jpg,pseudopapilledema,1,9,124
pseudopapilledema_0125_PPE.jpg,pseudopapilledema,4,9,125
pseudopapilledema_0126_PPE.jpg,pseudopapilledema,1,9,126
pseudopapilledema_0127_PPE.jpg,pseudopapilledema,2,9,127
pseudopapilledema_0128_PPE.jpg,pseudopapilledema,1,9,128
pseudopapilledema_0129_PPE.jpg,pseudopapilledema,1,9,129
pseudopapilledema_0130_PPE.jpg,pseudopapilledema,1,9,130
pseudopapilledema_0131_PPE.jpg,pseudopapilledema,1,9,131
pseudopapilledema_0132_PPE.jpg,pseudopapilledema,2,9,132
pseudopapilledema_0133_PPE.jpg,pseudopapilledema,1,9,133
pseudopapilledema_0134_PPE.jpg,pseudopapilledema,4,9,134
pseudopapilledema_0135_PPE.jpg,pseudopapilledema,1,9,135
pseudopapilledema_0136_PPE.jpg,pseudopapilledema,1,9,136
pseudopapilledema_0137_PPE.jpg,pseudopapilledema,1,9,137
pseudopapilledema_0138_PPE.jpg,pseudopapilledema,1,9,138
pseudopapilledema_0139_PPE.jpg,pseudopapilledema,1,9,139
pseudopapilledema_0140_PPE.jpg,pseudopapilledema,1,9,140
pseudopapilledema_0141_PPE.jpg,pseudopapilledema,1,9,141
pseudopapilledema_0142_PPE.jpg,pseudopapilledema,4,0,142
pseudopapilledema_0143_PPE.jpg,pseudopapilledema,1,9,143
pseudopapilledema_0144_PPE.jpg,pseudopapilledema,1,9,144
pseudopapilledema_0145_PPE.jpg,pseudopapilledema,1,9,145
pseudopapilledema_0146_PPE.jpg,pseudopapilledema,1,9,146
pseudopapilledema_0147_PPE.jpg,pseudopapilledema,2,9,147
pseudopapilledema_0148_PPE.jpg,pseudopapilledema,1,9,148
pseudopapilledema_0149_PPE.jpg,pseudopapilledema,1,9,149
pseudopapilledema_0150_PPE.jpg,pseudopapilledema,1,9,150
pseudopapilledema_0151_PPE.jpg,pseudopapilledema,1,9,151
pseudopapilledema_0152_PPE.jpg,pseudopapilledema,1,9,152
pseudopapilledema_0153_PPE.jpg,pseudopapilledema,1,9,153
pseudopapilledema_0154_PPE.jpg,pseudopapilledema,1,9,154
pseudopapilledema_0155_PPE.jpg,pseudopapilledema,2,9,155
pseudopapilledema_0156_PPE.jpg,pseudopapilledema,1,9,156
pseudopapilledema_0157_PPE.jpg,pseudopapilledema,2,9,157
pseudopapilledema_0158_PPE.jpg,pseudopapilledema,1,9,158
pseudopapilledema_0159_PPE.jpg,pseudopapilledema,2,9,159
pseudopapilledema_0160_PPE.jpg,pseudopapilledema,1,9,160
pseudopapilledema_0161_PPE.jpg,pseudopapilledema,1,9,161
pseudopapilledema_0162_PPE.jpg,pseudopapilledema,1,9,162
pseudopapilledema_0163_PPE.jpg,pseudopapilledema,1,9,163
pseudopapilledema_0164_PPE.jpg,pseudopapilledema,1,9,164
pseudopapilledema_0165_PPE.jpg,pseudopapilledema,1,9,165
pseudopapilledema_0166_PPE.jpg,pseudopapilledema,1,9,166
pseudopapilledema_0167_PPE.jpg,pseudopapilledema,1,9,167
pseudopapilledema_0168_PPE.jpg,pseudopapilledema,1,9,168
pseudopapilledema_0169_PPE.jpg,pseudopapilledema,1,9,169
pseudopapilledema_0170_PPE.jpg,pseudopapilledema,1,9,170
pseudopapilledema_0171_PPE.jpg,pseudopapilledema,1,9,171
pseudopapilledema_0172_PPE.jpg,pseudopapilledema,4,9,172
pseudopapilledema_0173_PPE.jpg,pseudopapilledema,2,9,173
pseudopapilledema_0174_PPE.jpg,pseudopapilledema,4,9,174
pseudopapilledema_0175_PPE.jpg,pseudopapilledema,1,9,175
pseudopapilledema_0176_PPE.jpg,pseudopapilledema,4,9,176
pseudopapilledema_0177_PPE.jpg,pseudopapilledema,1,9,177
pseudopapilledema_0178_PPE.jpg,pseudopapilledema,1,9,178
pseudopapilledema_0179_PPE.jpg,pseudopapilledema,1,9,179
pseudopapilledema_0180_PPE.jpg,pseudopapilledema,1,9,180
pseudopapilledema_0181_PPE.jpg,pseudopapilledema,1,9,181
pseudopapilledema_0182_PPE.jpg,pseudopapilledema,1,9,182
pseudopapilledema_0183_PPE.jpg,pseudopapilledema,1,9,183
pseudopapilledema_0184_PPE.jpg,pseudopapilledema,1,9,184
pseudopapilledema_0185_PPE.jpg,pseudopapilledema,1,9,185
pseudopapilledema_0186_PPE.jpg,pseudopapilledema,1,9,186
pseudopapilledema_0187_PPE.jpg,pseudopapilledema,1,9,187
pseudopapilledema_0188_PPE.jpg,pseudopapilledema,1,9,188
pseudopapilledema_0189_PPE.jpg,pseudopapilledema,1,9,189
pseudopapilledema_0190_PPE.jpg,pseudopapilledema,1,9,190
pseudopapilledema_0191_PPE.jpg,pseudopapilledema,1,9,191
pseudopapilledema_0192_PPE.jpg,pseudopapilledema,1,9,192
pseudopapilledema_0193_PPE.jpg,pseudopapilledema,1,9,193
pseudopapilledema_0194_PPE.jpg,pseudopapilledema,1,9,194
pseudopapilledema_0195_PPE.jpg,pseudopapilledema,1,9,195
pseudopapilledema_0196_PPE.jpg,pseudopapilledema,1,9,196
pseudopapilledema_0197_PPE.jpg,pseudopapilledema,1,9,197
pseudopapilledema_0198_PPE.jpg,pseudopapilledema,1,9,198
pseudopapilledema_0199_PPE.jpg,pseudopapilledema,2,9,199
pseudopapilledema_0200_PPE.jpg,pseudopapilledema,2,9,200
pseudopapilledema_0201_PPE.jpg,pseudopapilledema,1,9,201
pseudopapilledema_0202_PPE.jpg,pseudopapilledema,1,9,202
pseudopapilledema_0203_PPE.jpg,pseudopapilledema,1,9,203
pseudopapilledema_0204_PPE.jpg,pseudopapilledema,1,9,204
pseudopapilledema_0205_PPE.jpg,pseudopapilledema,1,9,205
pseudopapilledema_0206_PPE.jpg,pseudopapilledema,1,9,206
pseudopapilledema_0207_PPE.jpg,pseudopapilledema,1,9,207
pseudopapilledema_0208_PPE.jpg,pseudopapilledema,1,9,208
pseudopapilledema_0209_PPE.jpg,pseudopapilledema,1,9,209
pseudopapilledema_0210_PPE.jpg,pseudopapilledema,1,9,210
pseudopapilledema_0211_PPE.jpg,pseudopapilledema,1,9,211
pseudopapilledema_0212_PPE.jpg,pseudopapilledema,1,9,212
pseudopapilledema_0213_PPE.jpg,pseudopapilledema,1,9,213
pseudopapilledema_0214_PPE.jpg,pseudopapilledema,1,9,214
pseudopapilledema_0215_PPE.jpg,pseudopapilledema,1,9,215
pseudopapilledema_0216_PPE.jpg,pseudopapilledema,1,9,216
pseudopapilledema_0217_PPE.jpg,pseudopapilledema,2,9,217
pseudopapilledema_0218_PPE.jpg,pseudopapilledema,2,9,218
pseudopapilledema_0219_PPE.jpg,pseudopapilledema,2,9,219
pseudopapilledema_0220_PPE.jpg,pseudopapilledema,1,9,220
pseudopapilledema_0221_PPE.jpg,pseudopapilledema,2,9,221
pseudopapilledema_0222_PPE.jpg,pseudopapilledema,1,9,222
pseudopapilledema_0223_PPE.jpg,pseudopapilledema,1,9,223
pseudopapilledema_0224_PPE.jpg,pseudopapilledema,1,9,224
pseudopapilledema_0225_PPE.jpg,pseudopapilledema,1,9,225
pseudopapilledema_0226_PPE.jpg,pseudopapilledema,2,9,226
pseudopapilledema_0227_PPE.jpg,pseudopapilledema,1,9,227
pseudopapilledema_0228_PPE.jpg,pseudopapilledema,1,9,228
pseudopapilledema_0229_PPE.jpg,pseudopapilledema,1,9,229
pseudopapilledema_0230_PPE.jpg,pseudopapilledema,1,9,230
pseudopapilledema_0231_PPE.jpg,pseudopapilledema,1,9,231
pseudopapilledema_0232_PPE.jpg,pseudopapilledema,1,9,232
pseudopapilledema_0233_PPE.jpg,pseudopapilledema,1,9,233
pseudopapilledema_0234_PPE.jpg,pseudopapilledema,1,9,234
pseudopapilledema_0235_PPE.jpg,pseudopapilledema,1,9,235
pseudopapilledema_0236_PPE.jpg,pseudopapilledema,1,9,236
pseudopapilledema_0237_PPE.jpg,pseudopapilledema,1,9,237
pseudopapilledema_0238_PPE.jpg,pseudopapilledema,1,9,238
pseudopapilledema_0239_PPE.jpg,pseudopapilledema,1,9,239
pseudopapilledema_0240_PPE.jpg,pseudopapilledema,1,9,240
pseudopapilledema_0241_PPE.jpg,pseudopapilledema,1,9,241
pseudopapilledema_0242_PPE.jpg,pseudopapilledema,1,9,242
pseudopapilledema_0243_PPE.jpg,pseudopapilledema,1,9,243
pseudopapilledema_0244_PPE.jpg,pseudopapilledema,1,9,244
pseudopapilledema_0245_PPE.jpg,pseudopapilledema,1,9,245
pseudopapilledema_0246_PPE.jpg,pseudopapilledema,1,9,246
pseudopapilledema_0247_PPE.jpg,pseudopapilledema,1,9,247
pseudopapilledema_0248_PPE.jpg,pseudopapilledema,1,9,248
pseudopapilledema_0249_PPE.jpg,pseudopapilledema,1,9,249
pseudopapilledema_0250_PPE.jpg,pseudopapilledema,1,9,250
pseudopapilledema_0251_PPE.jpg,pseudopapilledema,1,9,251
pseudopapilledema_0252_PPE.jpg,pseudopapilledema,1,9,252
pseudopapilledema_0253_PPE.jpg,pseudopapilledema,1,9,253
pseudopapilledema_0254_PPE.jpg,pseudopapilledema,1,9,254
pseudopapilledema_0255_PPE.jpg,pseudopapilledema,1,9,255
pseudopapilledema_0256_PPE.jpg,pseudopapilledema,1,9,256
pseudopapilledema_0257_PPE.jpg,pseudopapilledema,1,9,257
pseudopapilledema_0258_PPE.jpg,pseudopapilledema,1,9,258
pseudopapilledema_0259_PPE.jpg,pseudopapilledema,1,9,259
pseudopapilledema_0260_PPE.jpg,pseudopapilledema,1,9,260
pseudopapilledema_0261_PPE.jpg,pseudopapilledema,1,9,261
pseudopapilledema_0262_PPE.jpg,pseudopapilledema,2,9,262
pseudopapilledema_0263_PPE.jpg,pseudopapilledema,1,9,263
pseudopapilledema_0264_PPE.jpg,pseudopapilledema,1,9,264
pseudopapilledema_0265_PPE.jpg,pseudopapilledema,2,9,265
pseudopapilledema_0266_PPE.jpg,pseudopapilledema,1,9,266
pseudopapilledema_0267_PPE.jpg,pseudopapilledema,1,9,267
pseudopapilledema_0268_PPE.jpg,pseudopapilledema,1,9,268
pseudopapilledema_0269_PPE.jpg,pseudopapilledema,1,9,269
pseudopapilledema_0270_PPE.jpg,pseudopapilledema,2,9,270
pseudopapilledema_0271_PPE.jpg,pseudopapilledema,2,9,271
pseudopapilledema_0272_PPE.jpg,pseudopapilledema,1,9,272
pseudopapilledema_0273_PPE.jpg,pseudopapilledema,1,9,273
pseudopapilledema_0274_PPE.jpg,pseudopapilledema,1,9,274
pseudopapilledema_0275_PPE.jpg,pseudopapilledema,1,9,275
pseudopapilledema_0276_PPE.jpg,pseudopapilledema,2,9,276
pseudopapilledema_0277_PPE.jpg,pseudopapilledema,2,9,277
pseudopapilledema_0278_PPE.jpg,pseudopapilledema,1,9,278
pseudopapilledema_0279_PPE.jpg,pseudopapilledema,1,9,279
pseudopapilledema_0280_PPE.jpg,pseudopapilledema,1,9,280
pseudopapilledema_0281_PPE.jpg,pseudopapilledema,1,9,281
pseudopapilledema_0282_PPE.jpg,pseudopapilledema,4,9,282
pseudopapilledema_0283_PPE.jpg,pseudopapilledema,3,9,283
pseudopapilledema_0284_PPE.jpg,pseudopapilledema,1,9,284
pseudopapilledema_0285_PPE.jpg,pseudopapilledema,1,9,285
pseudopapilledema_0286_PPE.jpg,pseudopapilledema,1,9,286
pseudopapilledema_0287_PPE.jpg,pseudopapilledema,1,9,287
pseudopapilledema_0288_PPE.jpg,pseudopapilledema,2,9,288
pseudopapilledema_0289_PPE.jpg,pseudopapilledema,1,9,289
pseudopapilledema_0290_PPE.jpg,pseudopapilledema,1,9,290
pseudopapilledema_0291_PPE.jpg,pseudopapilledema,1,9,291
pseudopapilledema_0292_PPE.jpg,pseudopapilledema,4,9,292
pseudopapilledema_0293_PPE.jpg,pseudopapilledema,1,9,293
pseudopapilledema_0294_PPE.jpg,pseudopapilledema,1,9,294
pseudopapilledema_0295_PPE.jpg,pseudopapilledema,1,9,295
pseudopapilledema_0296_WHC.jpg,pseudopapilledema,4,0,296
pseudopapilledema_0297_WHC.jpg,pseudopapilledema,4,9,297
pseudopapilledema_0298_WHC.jpg,pseudopapilledema,1,9,298
pseudopapilledema_0299_WHC.jpg,pseudopapilledema,1,9,299
pseudopapilledema_0300_WHC.jpg,pseudopapilledema,4,9,300
pseudopapilledema_0301_WHC.jpg,pseudopapilledema,4,9,301
pseudopapilledema_0302_WHC.jpg,pseudopapilledema,4,9,302
pseudopapilledema_0303_WHC.jpg,pseudopapilledema,4,9,303
pseudopapilledema_0304_WHC.jpg,pseudopapilledema,4,9,304
pseudopapilledema_0305_WHC.jpg,pseudopapilledema,4,9,305
pseudopapilledema_0306_WHC.jpg,pseudopapilledema,1,9,306
pseudopapilledema_0307_WHC.jpg,pseudopapilledema,4,9,307
pseudopapilledema_0308_WHC.jpg,pseudopapilledema,4,9,308
pseudopapilledema_0309_WHC.jpg,pseudopapilledema,1,9,309
pseudopapilledema_0310_WHC.jpg,pseudopapilledema,1,9,310
pseudopapilledema_0311_WHC.jpg,pseudopapilledema,4,0,311
pseudopapilledema_0312_WHC.jpg,pseudopapilledema,4,9,312
pseudopapilledema_0313_WHC.jpg,pseudopapilledema,2,9,313
pseudopapilledema_0314_WHC.jpg,pseudopapilledema,2,9,314
pseudopapilledema_0315_WHC.jpg,pseudopapilledema,4,9,315
pseudopapilledema_0316_WHC.jpg,pseudopapilledema,4,9,316
pseudopapilledema_0317_WHC.jpg,pseudopapilledema,4,9,317
pseudopapilledema_0318_WHC.jpg,pseudopapilledema,4,9,318
pseudopapilledema_0319_WHC.jpg,pseudopapilledema,4,9,319
pseudopapilledema_0320_WHC.jpg,pseudopapilledema,3,9,320
pseudopapilledema_0321_WHC.jpg,pseudopapilledema,4,9,321
pseudopapilledema_0322_WHC.jpg,pseudopapilledema,3,9,322
pseudopapilledema_0323_WHC.jpg,pseudopapilledema,2,9,323
pseudopapilledema_0324_WHC.jpg,pseudopapilledema,1,9,324
pseudopapilledema_0325_WHC.jpg,pseudopapilledema,4,9,325
pseudopapilledema_0326_WHC.jpg,pseudopapilledema,4,9,326
pseudopapilledema_0327_WHC.jpg,pseudopapilledema,4,9,327
pseudopapilledema_0328_WHC.jpg,pseudopapilledema,3,9,328
pseudopapilledema_0329_WHC.jpg,pseudopapilledema,3,9,329
pseudopapilledema_0330_WHC.jpg,pseudopapilledema,4,9,330
pseudopapilledema_0331_WHC.jpg,pseudopapilledema,1,9,331
pseudopapilledema_0332_WHC.jpg,pseudopapilledema,4,9,332
pseudopapilledema_0333_WHC.jpg,pseudopapilledema,4,9,333
pseudopapilledema_0334_WHC.jpg,pseudopapilledema,4,9,334
pseudopapilledema_0335_WHC.jpg,pseudopapilledema,4,9,335
pseudopapilledema_0336_WHC.jpg,pseudopapilledema,4,9,336
pseudopapilledema_0337_WHC.jpg,pseudopapilledema,3,9,337
pseudopapilledema_0338_WHC.jpg,pseudopapilledema,2,9,338
pseudopapilledema_0339_WHC.jpg,pseudopapilledema,4,9,339
pseudopapilledema_0340_WHC.jpg,pseudopapilledema,2,9,340
pseudopapilledema_0341_WHC.jpg,pseudopapilledema,4,9,341
pseudopapilledema_0342_WHC.jpg,pseudopapilledema,1,9,342
pseudopapilledema_0343_WHC.jpg,pseudopapilledema,1,9,343
pseudopapilledema_0344_WHC.jpg,pseudopapilledema,1,9,344
pseudopapilledema_0345_WHC.jpg,pseudopapilledema,1,9,345
pseudopapilledema_0346_WHC.jpg,pseudopapilledema,4,9,346
pseudopapilledema_0347_WHC.jpg,pseudopapilledema,3,9,347
pseudopapilledema_0348_WHC.jpg,pseudopapilledema,4,9,348
pseudopapilledema_0349_WHC.jpg,pseudopapilledema,4,9,349
pseudopapilledema_0350_WHC.jpg,pseudopapilledema,4,9,350
pseudopapilledema_0351_WHC.jpg,pseudopapilledema,4,9,351
pseudopapilledema_0352_WHC.jpg,pseudopapilledema,1,9,352
pseudopapilledema_0353_WHC.jpg,pseudopapilledema,2,9,353
pseudopapilledema_0354_WHC.jpg,pseudopapilledema,1,9,354
pseudopapilledema_0355_WHC.jpg,pseudopapilledema,3,9,355
pseudopapilledema_0356_WHC.jpg,pseudopapilledema,1,9,356
pseudopapilledema_0357_WHC.jpg,pseudopapilledema,1,9,357
pseudopapilledema_0358_WHC.jpg,pseudopapilledema,1,9,358
pseudopapilledema_0359_WHC.jpg,pseudopapilledema,1,9,359
pseudopapilledema_0360_WHC.jpg,pseudopapilledema,1,9,360
pseudopapilledema_0361_WHC.jpg,pseudopapilledema,1,9,361
pseudopapilledema_0362_WHC.jpg,pseudopapilledema,1,9,362
pseudopapilledema_0363_WHC.jpg,pseudopapilledema,1,9,363
pseudopapilledema_0364_WHC.jpg,pseudopapilledema,1,9,364
